Date,Close
1/1/1999,1.168
1/2/1999,1.168
1/3/1999,1.168
1/4/1999,1.1812
1/5/1999,1.1755
1/6/1999,1.1625
1/7/1999,1.1708
1/8/1999,1.158
1/9/1999,1.158
1/10/1999,1.158
1/11/1999,1.1505
1/12/1999,1.1554
1/13/1999,1.1678
1/14/1999,1.1678
1/15/1999,1.156
1/16/1999,1.156
1/17/1999,1.156
1/18/1999,1.1595
1/19/1999,1.1595
1/20/1999,1.1551
1/21/1999,1.1603
1/22/1999,1.1585
1/23/1999,1.1585
1/24/1999,1.1585
1/25/1999,1.1551
1/26/1999,1.156
1/27/1999,1.1443
1/28/1999,1.1408
1/29/1999,1.1365
1/30/1999,1.1365
1/31/1999,1.1365
2/1/1999,1.132
2/2/1999,1.135
2/3/1999,1.1305
2/4/1999,1.1341
2/5/1999,1.1257
2/6/1999,1.1257
2/7/1999,1.1257
2/8/1999,1.1314
2/9/1999,1.1312
2/10/1999,1.132
2/11/1999,1.1216
2/12/1999,1.1303
2/13/1999,1.1303
2/14/1999,1.1303
2/15/1999,1.1221
2/16/1999,1.1209
2/17/1999,1.124
2/18/1999,1.1196
2/19/1999,1.1055
2/20/1999,1.1055
2/21/1999,1.1055
2/22/1999,1.1021
2/23/1999,1.1008
2/24/1999,1.1003
2/25/1999,1.1021
2/26/1999,1.1022
2/27/1999,1.1022
2/28/1999,1.1022
3/1/1999,1.0896
3/2/1999,1.094
3/3/1999,1.0871
3/4/1999,1.0804
3/5/1999,1.0815
3/6/1999,1.0815
3/7/1999,1.0815
3/8/1999,1.0886
3/9/1999,1.0887
3/10/1999,1.094
3/11/1999,1.1036
3/12/1999,1.09
3/13/1999,1.09
3/14/1999,1.09
3/15/1999,1.0916
3/16/1999,1.1009
3/17/1999,1.1005
3/18/1999,1.097
3/19/1999,1.0887
3/20/1999,1.0887
3/21/1999,1.0887
3/22/1999,1.0913
3/23/1999,1.0887
3/24/1999,1.088
3/25/1999,1.0832
3/26/1999,1.0762
3/27/1999,1.0762
3/28/1999,1.0762
3/29/1999,1.0728
3/30/1999,1.0723
3/31/1999,1.0764
4/1/1999,1.0781
4/2/1999,1.0784
4/3/1999,1.0784
4/4/1999,1.0784
4/5/1999,1.0717
4/6/1999,1.0828
4/7/1999,1.0767
4/8/1999,1.0741
4/9/1999,1.0792
4/10/1999,1.0792
4/11/1999,1.0792
4/12/1999,1.0803
4/13/1999,1.0769
4/14/1999,1.0812
4/15/1999,1.0694
4/16/1999,1.0696
4/17/1999,1.0696
4/18/1999,1.0696
4/19/1999,1.0655
4/20/1999,1.0623
4/21/1999,1.0592
4/22/1999,1.0646
4/23/1999,1.0605
4/24/1999,1.0605
4/25/1999,1.0605
4/26/1999,1.0607
4/27/1999,1.0655
4/28/1999,1.0628
4/29/1999,1.0621
4/30/1999,1.0569
5/1/1999,1.0569
5/2/1999,1.0569
5/3/1999,1.0564
5/4/1999,1.0629
5/5/1999,1.0745
5/6/1999,1.079
5/7/1999,1.0755
5/8/1999,1.0755
5/9/1999,1.0755
5/10/1999,1.0785
5/11/1999,1.0713
5/12/1999,1.0651
5/13/1999,1.066
5/14/1999,1.0655
5/15/1999,1.0655
5/16/1999,1.0655
5/17/1999,1.0665
5/18/1999,1.0687
5/19/1999,1.0701
5/20/1999,1.0614
5/21/1999,1.0588
5/22/1999,1.0588
5/23/1999,1.0588
5/24/1999,1.0607
5/25/1999,1.0613
5/26/1999,1.0448
5/27/1999,1.0425
5/28/1999,1.0428
5/29/1999,1.0428
5/30/1999,1.0428
5/31/1999,1.0418
6/1/1999,1.0447
6/2/1999,1.0355
6/3/1999,1.0323
6/4/1999,1.0373
6/5/1999,1.0373
6/6/1999,1.0373
6/7/1999,1.0293
6/8/1999,1.045
6/9/1999,1.0472
6/10/1999,1.0483
6/11/1999,1.0508
6/12/1999,1.0508
6/13/1999,1.0508
6/14/1999,1.0425
6/15/1999,1.0433
6/16/1999,1.0307
6/17/1999,1.0341
6/18/1999,1.0395
6/19/1999,1.0395
6/20/1999,1.0395
6/21/1999,1.0332
6/22/1999,1.0326
6/23/1999,1.0328
6/24/1999,1.0408
6/25/1999,1.0428
6/26/1999,1.0428
6/27/1999,1.0428
6/28/1999,1.0323
6/29/1999,1.0322
6/30/1999,1.0356
7/1/1999,1.0246
7/2/1999,1.0244
7/3/1999,1.0244
7/4/1999,1.0244
7/5/1999,1.0224
7/6/1999,1.0247
7/7/1999,1.0181
7/8/1999,1.022
7/9/1999,1.0195
7/10/1999,1.0195
7/11/1999,1.0195
7/12/1999,1.0144
7/13/1999,1.0174
7/14/1999,1.0199
7/15/1999,1.0196
7/16/1999,1.0194
7/17/1999,1.0194
7/18/1999,1.0194
7/19/1999,1.0311
7/20/1999,1.0393
7/21/1999,1.0507
7/22/1999,1.0506
7/23/1999,1.0522
7/24/1999,1.0522
7/25/1999,1.0522
7/26/1999,1.0642
7/27/1999,1.0625
7/28/1999,1.0656
7/29/1999,1.0713
7/30/1999,1.0705
7/31/1999,1.0705
8/1/1999,1.0705
8/2/1999,1.0685
8/3/1999,1.0672
8/4/1999,1.0762
8/5/1999,1.0755
8/6/1999,1.0729
8/7/1999,1.0729
8/8/1999,1.0729
8/9/1999,1.0713
8/10/1999,1.0708
8/11/1999,1.0651
8/12/1999,1.0667
8/13/1999,1.0569
8/14/1999,1.0569
8/15/1999,1.0569
8/16/1999,1.0572
8/17/1999,1.0505
8/18/1999,1.0513
8/19/1999,1.0631
8/20/1999,1.0674
8/21/1999,1.0674
8/22/1999,1.0674
8/23/1999,1.0473
8/24/1999,1.0534
8/25/1999,1.0427
8/26/1999,1.0454
8/27/1999,1.0463
8/28/1999,1.0463
8/29/1999,1.0463
8/30/1999,1.0495
8/31/1999,1.0561
9/1/1999,1.0574
9/2/1999,1.0676
9/3/1999,1.0608
9/4/1999,1.0608
9/5/1999,1.0608
9/6/1999,1.0576
9/7/1999,1.0596
9/8/1999,1.0591
9/9/1999,1.0526
9/10/1999,1.0363
9/11/1999,1.0363
9/12/1999,1.0363
9/13/1999,1.0417
9/14/1999,1.034
9/15/1999,1.0397
9/16/1999,1.0389
9/17/1999,1.042
9/18/1999,1.042
9/19/1999,1.042
9/20/1999,1.0368
9/21/1999,1.0491
9/22/1999,1.0438
9/23/1999,1.0514
9/24/1999,1.043
9/25/1999,1.043
9/26/1999,1.043
9/27/1999,1.0464
9/28/1999,1.0517
9/29/1999,1.0636
9/30/1999,1.0634
10/1/1999,1.0729
10/2/1999,1.0729
10/3/1999,1.0729
10/4/1999,1.0737
10/5/1999,1.0727
10/6/1999,1.0693
10/7/1999,1.0709
10/8/1999,1.0626
10/9/1999,1.0626
10/10/1999,1.0626
10/11/1999,1.0635
10/12/1999,1.0766
10/13/1999,1.0811
10/14/1999,1.077
10/15/1999,1.0856
10/16/1999,1.0856
10/17/1999,1.0856
10/18/1999,1.0821
10/19/1999,1.083
10/20/1999,1.0763
10/21/1999,1.0787
10/22/1999,1.0698
10/23/1999,1.0698
10/24/1999,1.0698
10/25/1999,1.0673
10/26/1999,1.0596
10/27/1999,1.0508
10/28/1999,1.0517
10/29/1999,1.0532
10/30/1999,1.0532
10/31/1999,1.0532
11/1/1999,1.0516
11/2/1999,1.0522
11/3/1999,1.0485
11/4/1999,1.0366
11/5/1999,1.0442
11/6/1999,1.0442
11/7/1999,1.0442
11/8/1999,1.0382
11/9/1999,1.0401
11/10/1999,1.0441
11/11/1999,1.0405
11/12/1999,1.0317
11/13/1999,1.0317
11/14/1999,1.0317
11/15/1999,1.0331
11/16/1999,1.0302
11/17/1999,1.0408
11/18/1999,1.0294
11/19/1999,1.0296
11/20/1999,1.0296
11/21/1999,1.0296
11/22/1999,1.0315
11/23/1999,1.0275
11/24/1999,1.0181
11/25/1999,1.018
11/26/1999,1.017
11/27/1999,1.017
11/28/1999,1.017
11/29/1999,1.009
11/30/1999,1.0084
12/1/1999,1.0075
12/2/1999,1.0016
12/3/1999,1.0029
12/4/1999,1.0029
12/5/1999,1.0029
12/6/1999,1.0222
12/7/1999,1.0248
12/8/1999,1.0273
12/9/1999,1.0212
12/10/1999,1.013
12/11/1999,1.013
12/12/1999,1.013
12/13/1999,1.013
12/14/1999,1.0053
12/15/1999,1.007
12/16/1999,1.0189
12/17/1999,1.0072
12/18/1999,1.0072
12/19/1999,1.0072
12/20/1999,1.0136
12/21/1999,1.0081
12/22/1999,1.009
12/23/1999,1.0159
12/24/1999,1.0132
12/25/1999,1.0132
12/26/1999,1.0132
12/27/1999,1.013
12/28/1999,1.0063
12/29/1999,1.0041
12/30/1999,1.0084
12/31/1999,1.0051
1/1/2000,1.0051
1/2/2000,1.0051
1/3/2000,1.0241
1/4/2000,1.0283
1/5/2000,1.0324
1/6/2000,1.0319
1/7/2000,1.0296
1/8/2000,1.0296
1/9/2000,1.0296
1/10/2000,1.025
1/11/2000,1.0334
1/12/2000,1.0299
1/13/2000,1.0253
1/14/2000,1.012
1/15/2000,1.012
1/16/2000,1.012
1/17/2000,1.0117
1/18/2000,1.015
1/19/2000,1.0123
1/20/2000,1.0164
1/21/2000,1.0085
1/22/2000,1.0085
1/23/2000,1.0085
1/24/2000,1.0065
1/25/2000,1.0012
1/26/2000,1.0
1/27/2000,0.988
1/28/2000,0.9755
1/29/2000,0.9755
1/30/2000,0.9755
1/31/2000,0.9712
2/1/2000,0.9717
2/2/2000,0.9765
2/3/2000,0.9897
2/4/2000,0.9822
2/5/2000,0.9822
2/6/2000,0.9822
2/7/2000,0.9806
2/8/2000,0.9858
2/9/2000,0.9931
2/10/2000,0.9856
2/11/2000,0.9879
2/12/2000,0.9879
2/13/2000,0.9879
2/14/2000,0.9788
2/15/2000,0.9814
2/16/2000,0.986
2/17/2000,0.9869
2/18/2000,0.9853
2/19/2000,0.9853
2/20/2000,0.9853
2/21/2000,0.9885
2/22/2000,1.0062
2/23/2000,1.0028
2/24/2000,0.991
2/25/2000,0.9744
2/26/2000,0.9744
2/27/2000,0.9744
2/28/2000,0.9671
2/29/2000,0.9627
3/1/2000,0.9687
3/2/2000,0.9632
3/3/2000,0.9618
3/4/2000,0.9618
3/5/2000,0.9618
3/6/2000,0.958
3/7/2000,0.9583
3/8/2000,0.9609
3/9/2000,0.966
3/10/2000,0.9638
3/11/2000,0.9638
3/12/2000,0.9638
3/13/2000,0.9645
3/14/2000,0.9678
3/15/2000,0.9651
3/16/2000,0.9711
3/17/2000,0.9707
3/18/2000,0.9707
3/19/2000,0.9707
3/20/2000,0.973
3/21/2000,0.9587
3/22/2000,0.9611
3/23/2000,0.9717
3/24/2000,0.977
3/25/2000,0.977
3/26/2000,0.977
3/27/2000,0.9667
3/28/2000,0.959
3/29/2000,0.9529
3/30/2000,0.962
3/31/2000,0.9559
4/1/2000,0.9559
4/2/2000,0.9559
4/3/2000,0.9549
4/4/2000,0.9602
4/5/2000,0.9596
4/6/2000,0.9575
4/7/2000,0.9547
4/8/2000,0.9547
4/9/2000,0.9547
4/10/2000,0.9621
4/11/2000,0.959
4/12/2000,0.9585
4/13/2000,0.9529
4/14/2000,0.9605
4/15/2000,0.9605
4/16/2000,0.9605
4/17/2000,0.9474
4/18/2000,0.9452
4/19/2000,0.9396
4/20/2000,0.9376
4/21/2000,0.9375
4/22/2000,0.9375
4/23/2000,0.9375
4/24/2000,0.9388
4/25/2000,0.9215
4/26/2000,0.9234
4/27/2000,0.911
4/28/2000,0.9112
4/29/2000,0.9112
4/30/2000,0.9112
5/1/2000,0.9157
5/2/2000,0.9097
5/3/2000,0.8946
5/4/2000,0.8911
5/5/2000,0.898
5/6/2000,0.898
5/7/2000,0.898
5/8/2000,0.8975
5/9/2000,0.9072
5/10/2000,0.9041
5/11/2000,0.9013
5/12/2000,0.9192
5/13/2000,0.9192
5/14/2000,0.9192
5/15/2000,0.9082
5/16/2000,0.9005
5/17/2000,0.8949
5/18/2000,0.8947
5/19/2000,0.896
5/20/2000,0.896
5/21/2000,0.896
5/22/2000,0.9027
5/23/2000,0.9069
5/24/2000,0.903
5/25/2000,0.9116
5/26/2000,0.9335
5/27/2000,0.9335
5/28/2000,0.9335
5/29/2000,0.927
5/30/2000,0.9289
5/31/2000,0.9361
6/1/2000,0.9314
6/2/2000,0.9437
6/3/2000,0.9437
6/4/2000,0.9437
6/5/2000,0.9463
6/6/2000,0.954
6/7/2000,0.9587
6/8/2000,0.9538
6/9/2000,0.9526
6/10/2000,0.9526
6/11/2000,0.9526
6/12/2000,0.9535
6/13/2000,0.9588
6/14/2000,0.9574
6/15/2000,0.954
6/16/2000,0.9636
6/17/2000,0.9636
6/18/2000,0.9636
6/19/2000,0.9578
6/20/2000,0.9541
6/21/2000,0.9448
6/22/2000,0.9365
6/23/2000,0.9364
6/24/2000,0.9364
6/25/2000,0.9364
6/26/2000,0.937
6/27/2000,0.9455
6/28/2000,0.9427
6/29/2000,0.9504
6/30/2000,0.9548
7/1/2000,0.9548
7/2/2000,0.9548
7/3/2000,0.9507
7/4/2000,0.951
7/5/2000,0.9526
7/6/2000,0.9496
7/7/2000,0.9471
7/8/2000,0.9471
7/9/2000,0.9471
7/10/2000,0.9543
7/11/2000,0.9524
7/12/2000,0.9421
7/13/2000,0.9358
7/14/2000,0.9377
7/15/2000,0.9377
7/16/2000,0.9377
7/17/2000,0.9359
7/18/2000,0.9242
7/19/2000,0.9243
7/20/2000,0.9323
7/21/2000,0.9372
7/22/2000,0.9372
7/23/2000,0.9372
7/24/2000,0.9323
7/25/2000,0.9389
7/26/2000,0.9432
7/27/2000,0.9314
7/28/2000,0.9232
7/29/2000,0.9232
7/30/2000,0.9232
7/31/2000,0.9266
8/1/2000,0.9148
8/2/2000,0.9148
8/3/2000,0.9062
8/4/2000,0.9074
8/5/2000,0.9074
8/6/2000,0.9074
8/7/2000,0.9066
8/8/2000,0.9025
8/9/2000,0.9
8/10/2000,0.9082
8/11/2000,0.9024
8/12/2000,0.9024
8/13/2000,0.9024
8/14/2000,0.9062
8/15/2000,0.9122
8/16/2000,0.9146
8/17/2000,0.9172
8/18/2000,0.906
8/19/2000,0.906
8/20/2000,0.906
8/21/2000,0.9015
8/22/2000,0.8968
8/23/2000,0.9019
8/24/2000,0.9015
8/25/2000,0.902
8/26/2000,0.902
8/27/2000,0.902
8/28/2000,0.8983
8/29/2000,0.8927
8/30/2000,0.8946
8/31/2000,0.8888
9/1/2000,0.8994
9/2/2000,0.8994
9/3/2000,0.8994
9/4/2000,0.8977
9/5/2000,0.89
9/6/2000,0.871
9/7/2000,0.8716
9/8/2000,0.8694
9/9/2000,0.8694
9/10/2000,0.8694
9/11/2000,0.8591
9/12/2000,0.8626
9/13/2000,0.8594
9/14/2000,0.864
9/15/2000,0.8539
9/16/2000,0.8539
9/17/2000,0.8539
9/18/2000,0.8539
9/19/2000,0.8514
9/20/2000,0.8493
9/21/2000,0.8592
9/22/2000,0.8764
9/23/2000,0.8764
9/24/2000,0.8764
9/25/2000,0.8739
9/26/2000,0.8823
9/27/2000,0.8829
9/28/2000,0.8811
9/29/2000,0.8841
9/30/2000,0.8841
10/1/2000,0.8841
10/2/2000,0.8768
10/3/2000,0.875
10/4/2000,0.8737
10/5/2000,0.8693
10/6/2000,0.8682
10/7/2000,0.8682
10/8/2000,0.8682
10/9/2000,0.8668
10/10/2000,0.8708
10/11/2000,0.8657
10/12/2000,0.8632
10/13/2000,0.8562
10/14/2000,0.8562
10/15/2000,0.8562
10/16/2000,0.8501
10/17/2000,0.8539
10/18/2000,0.8393
10/19/2000,0.843
10/20/2000,0.842
10/21/2000,0.842
10/22/2000,0.842
10/23/2000,0.8361
10/24/2000,0.8369
10/25/2000,0.8279
10/26/2000,0.8307
10/27/2000,0.838
10/28/2000,0.838
10/29/2000,0.838
10/30/2000,0.8396
10/31/2000,0.849
11/1/2000,0.8604
11/2/2000,0.8578
11/3/2000,0.8667
11/4/2000,0.8667
11/5/2000,0.8667
11/6/2000,0.8627
11/7/2000,0.8601
11/8/2000,0.8557
11/9/2000,0.8665
11/10/2000,0.8599
11/11/2000,0.8599
11/12/2000,0.8599
11/13/2000,0.857
11/14/2000,0.8579
11/15/2000,0.8578
11/16/2000,0.8534
11/17/2000,0.8517
11/18/2000,0.8517
11/19/2000,0.8517
11/20/2000,0.8512
11/21/2000,0.8437
11/22/2000,0.8447
11/23/2000,0.8394
11/24/2000,0.8372
11/25/2000,0.8372
11/26/2000,0.8372
11/27/2000,0.8521
11/28/2000,0.8561
11/29/2000,0.857
11/30/2000,0.872
12/1/2000,0.8787
12/2/2000,0.8787
12/3/2000,0.8787
12/4/2000,0.8872
12/5/2000,0.8809
12/6/2000,0.8913
12/7/2000,0.8876
12/8/2000,0.8875
12/9/2000,0.8875
12/10/2000,0.8875
12/11/2000,0.8773
12/12/2000,0.8796
12/13/2000,0.8775
12/14/2000,0.8914
12/15/2000,0.8955
12/16/2000,0.8955
12/17/2000,0.8955
12/18/2000,0.8952
12/19/2000,0.8949
12/20/2000,0.909
12/21/2000,0.9159
12/22/2000,0.9238
12/23/2000,0.9238
12/24/2000,0.9238
12/25/2000,0.9259
12/26/2000,0.9295
12/27/2000,0.9309
12/28/2000,0.9286
12/29/2000,0.9411
12/30/2000,0.9411
12/31/2000,0.9411
1/1/2001,0.9405
1/2/2001,0.9508
1/3/2001,0.9284
1/4/2001,0.953
1/5/2001,0.9558
1/6/2001,0.9558
1/7/2001,0.9558
1/8/2001,0.9466
1/9/2001,0.9435
1/10/2001,0.9365
1/11/2001,0.9509
1/12/2001,0.9539
1/13/2001,0.9539
1/14/2001,0.9539
1/15/2001,0.9419
1/16/2001,0.9421
1/17/2001,0.9375
1/18/2001,0.9427
1/19/2001,0.935
1/20/2001,0.935
1/21/2001,0.935
1/22/2001,0.9387
1/23/2001,0.9355
1/24/2001,0.9231
1/25/2001,0.9244
1/26/2001,0.9241
1/27/2001,0.9241
1/28/2001,0.9241
1/29/2001,0.9178
1/30/2001,0.9263
1/31/2001,0.9367
2/1/2001,0.9375
2/2/2001,0.9355
2/3/2001,0.9355
2/4/2001,0.9355
2/5/2001,0.9374
2/6/2001,0.9308
2/7/2001,0.9288
2/8/2001,0.9186
2/9/2001,0.9243
2/10/2001,0.9243
2/11/2001,0.9243
2/12/2001,0.932
2/13/2001,0.9196
2/14/2001,0.9181
2/15/2001,0.9054
2/16/2001,0.9137
2/17/2001,0.9137
2/18/2001,0.9137
2/19/2001,0.921
2/20/2001,0.909
2/21/2001,0.9102
2/22/2001,0.9045
2/23/2001,0.919
2/24/2001,0.919
2/25/2001,0.919
2/26/2001,0.9088
2/27/2001,0.9178
2/28/2001,0.9226
3/1/2001,0.9307
3/2/2001,0.9354
3/3/2001,0.9354
3/4/2001,0.9354
3/5/2001,0.9268
3/6/2001,0.9334
3/7/2001,0.9283
3/8/2001,0.9327
3/9/2001,0.9332
3/10/2001,0.9332
3/11/2001,0.9332
3/12/2001,0.9291
3/13/2001,0.9138
3/14/2001,0.9109
3/15/2001,0.8986
3/16/2001,0.8965
3/17/2001,0.8965
3/18/2001,0.8965
3/19/2001,0.8989
3/20/2001,0.911
3/21/2001,0.8958
3/22/2001,0.8873
3/23/2001,0.8895
3/24/2001,0.8895
3/25/2001,0.8895
3/26/2001,0.8966
3/27/2001,0.8932
3/28/2001,0.8872
3/29/2001,0.8822
3/30/2001,0.8753
3/31/2001,0.8753
4/1/2001,0.8753
4/2/2001,0.8807
4/3/2001,0.8968
4/4/2001,0.9009
4/5/2001,0.8961
4/6/2001,0.904
4/7/2001,0.904
4/8/2001,0.904
4/9/2001,0.8965
4/10/2001,0.8887
4/11/2001,0.8882
4/12/2001,0.892
4/13/2001,0.888
4/14/2001,0.888
4/15/2001,0.888
4/16/2001,0.8876
4/17/2001,0.8829
4/18/2001,0.8838
4/19/2001,0.8969
4/20/2001,0.9013
4/21/2001,0.9013
4/22/2001,0.9013
4/23/2001,0.8974
4/24/2001,0.8941
4/25/2001,0.8974
4/26/2001,0.9027
4/27/2001,0.8898
4/28/2001,0.8898
4/29/2001,0.8898
4/30/2001,0.8889
5/1/2001,0.8925
5/2/2001,0.8959
5/3/2001,0.8898
5/4/2001,0.892
5/5/2001,0.892
5/6/2001,0.892
5/7/2001,0.89
5/8/2001,0.8845
5/9/2001,0.8858
5/10/2001,0.881
5/11/2001,0.8746
5/12/2001,0.8746
5/13/2001,0.8746
5/14/2001,0.8738
5/15/2001,0.8778
5/16/2001,0.884
5/17/2001,0.8826
5/18/2001,0.878
5/19/2001,0.878
5/20/2001,0.878
5/21/2001,0.8767
5/22/2001,0.864
5/23/2001,0.8555
5/24/2001,0.857
5/25/2001,0.8607
5/26/2001,0.8607
5/27/2001,0.8607
5/28/2001,0.8599
5/29/2001,0.8562
5/30/2001,0.855
5/31/2001,0.8457
6/1/2001,0.8475
6/2/2001,0.8475
6/3/2001,0.8475
6/4/2001,0.8457
6/5/2001,0.8534
6/6/2001,0.8468
6/7/2001,0.8508
6/8/2001,0.851
6/9/2001,0.851
6/10/2001,0.851
6/11/2001,0.8433
6/12/2001,0.853
6/13/2001,0.8546
6/14/2001,0.8622
6/15/2001,0.8618
6/16/2001,0.8618
6/17/2001,0.8618
6/18/2001,0.8595
6/19/2001,0.8532
6/20/2001,0.8546
6/21/2001,0.8539
6/22/2001,0.8569
6/23/2001,0.8569
6/24/2001,0.8569
6/25/2001,0.8584
6/26/2001,0.8631
6/27/2001,0.8597
6/28/2001,0.8453
6/29/2001,0.849
6/30/2001,0.849
7/1/2001,0.849
7/2/2001,0.847
7/3/2001,0.847
7/4/2001,0.846
7/5/2001,0.8355
7/6/2001,0.8473
7/7/2001,0.8473
7/8/2001,0.8473
7/9/2001,0.8503
7/10/2001,0.8549
7/11/2001,0.8567
7/12/2001,0.8535
7/13/2001,0.8541
7/14/2001,0.8541
7/15/2001,0.8541
7/16/2001,0.8521
7/17/2001,0.8596
7/18/2001,0.872
7/19/2001,0.8713
7/20/2001,0.8712
7/21/2001,0.8712
7/22/2001,0.8712
7/23/2001,0.8691
7/24/2001,0.8726
7/25/2001,0.8805
7/26/2001,0.8777
7/27/2001,0.877
7/28/2001,0.877
7/29/2001,0.877
7/30/2001,0.874
7/31/2001,0.8761
8/1/2001,0.8806
8/2/2001,0.883
8/3/2001,0.8838
8/4/2001,0.8838
8/5/2001,0.8838
8/6/2001,0.8801
8/7/2001,0.8762
8/8/2001,0.8812
8/9/2001,0.8917
8/10/2001,0.8927
8/11/2001,0.8927
8/12/2001,0.8927
8/13/2001,0.8968
8/14/2001,0.9022
8/15/2001,0.913
8/16/2001,0.9113
8/17/2001,0.9173
8/18/2001,0.9173
8/19/2001,0.9173
8/20/2001,0.9121
8/21/2001,0.917
8/22/2001,0.9131
8/23/2001,0.9143
8/24/2001,0.9133
8/25/2001,0.9133
8/26/2001,0.9133
8/27/2001,0.9108
8/28/2001,0.912
8/29/2001,0.9072
8/30/2001,0.9157
8/31/2001,0.9122
9/1/2001,0.9122
9/2/2001,0.9122
9/3/2001,0.9067
9/4/2001,0.8877
9/5/2001,0.8868
9/6/2001,0.8953
9/7/2001,0.9039
9/8/2001,0.9039
9/9/2001,0.9039
9/10/2001,0.8978
9/11/2001,0.9087
9/12/2001,0.9067
9/13/2001,0.9116
9/14/2001,0.92
9/15/2001,0.92
9/16/2001,0.92
9/17/2001,0.923
9/18/2001,0.9268
9/19/2001,0.9267
9/20/2001,0.9262
9/21/2001,0.9139
9/22/2001,0.9139
9/23/2001,0.9139
9/24/2001,0.9159
9/25/2001,0.9227
9/26/2001,0.922
9/27/2001,0.9177
9/28/2001,0.9109
9/29/2001,0.9109
9/30/2001,0.9109
10/1/2001,0.9167
10/2/2001,0.9173
10/3/2001,0.9141
10/4/2001,0.9174
10/5/2001,0.9178
10/6/2001,0.9178
10/7/2001,0.9178
10/8/2001,0.9202
10/9/2001,0.9127
10/10/2001,0.9102
10/11/2001,0.9024
10/12/2001,0.9107
10/13/2001,0.9107
10/14/2001,0.9107
10/15/2001,0.9077
10/16/2001,0.9071
10/17/2001,0.9023
10/18/2001,0.9021
10/19/2001,0.8983
10/20/2001,0.8983
10/21/2001,0.8983
10/22/2001,0.8913
10/23/2001,0.8898
10/24/2001,0.8928
10/25/2001,0.8922
10/26/2001,0.893
10/27/2001,0.893
10/28/2001,0.893
10/29/2001,0.9048
10/30/2001,0.9057
10/31/2001,0.8996
11/1/2001,0.9022
11/2/2001,0.9035
11/3/2001,0.9035
11/4/2001,0.9035
11/5/2001,0.8973
11/6/2001,0.8943
11/7/2001,0.8979
11/8/2001,0.8928
11/9/2001,0.894
11/10/2001,0.894
11/11/2001,0.894
11/12/2001,0.8934
11/13/2001,0.8811
11/14/2001,0.8824
11/15/2001,0.881
11/16/2001,0.8838
11/17/2001,0.8838
11/18/2001,0.8838
11/19/2001,0.8782
11/20/2001,0.8827
11/21/2001,0.8776
11/22/2001,0.8779
11/23/2001,0.878
11/24/2001,0.878
11/25/2001,0.878
11/26/2001,0.8801
11/27/2001,0.8833
11/28/2001,0.8871
11/29/2001,0.8863
11/30/2001,0.8963
12/1/2001,0.8963
12/2/2001,0.8963
12/3/2001,0.8902
12/4/2001,0.8901
12/5/2001,0.8874
12/6/2001,0.8937
12/7/2001,0.8899
12/8/2001,0.8899
12/9/2001,0.8899
12/10/2001,0.8905
12/11/2001,0.8922
12/12/2001,0.8973
12/13/2001,0.8926
12/14/2001,0.9021
12/15/2001,0.9021
12/16/2001,0.9021
12/17/2001,0.9016
12/18/2001,0.902
12/19/2001,0.8997
12/20/2001,0.9008
12/21/2001,0.8885
12/22/2001,0.8885
12/23/2001,0.8885
12/24/2001,0.8789
12/25/2001,0.8773
12/26/2001,0.8797
12/27/2001,0.883
12/28/2001,0.8848
12/29/2001,0.8848
12/30/2001,0.8848
12/31/2001,0.8896
1/1/2002,0.889
1/2/2002,0.904
1/3/2002,0.899
1/4/2002,0.8942
1/5/2002,0.8942
1/6/2002,0.8942
1/7/2002,0.893
1/8/2002,0.8945
1/9/2002,0.8916
1/10/2002,0.8921
1/11/2002,0.8919
1/12/2002,0.8919
1/13/2002,0.8919
1/14/2002,0.8936
1/15/2002,0.8839
1/16/2002,0.8844
1/17/2002,0.8812
1/18/2002,0.884
1/19/2002,0.884
1/20/2002,0.884
1/21/2002,0.8829
1/22/2002,0.8886
1/23/2002,0.8777
1/24/2002,0.8776
1/25/2002,0.8642
1/26/2002,0.8642
1/27/2002,0.8642
1/28/2002,0.861
1/29/2002,0.8649
1/30/2002,0.8611
1/31/2002,0.8583
2/1/2002,0.8617
2/2/2002,0.8617
2/3/2002,0.8617
2/4/2002,0.869
2/5/2002,0.8677
2/6/2002,0.8674
2/7/2002,0.8716
2/8/2002,0.8714
2/9/2002,0.8714
2/10/2002,0.8714
2/11/2002,0.8765
2/12/2002,0.8763
2/13/2002,0.8713
2/14/2002,0.874
2/15/2002,0.873
2/16/2002,0.873
2/17/2002,0.873
2/18/2002,0.8703
2/19/2002,0.8763
2/20/2002,0.8698
2/21/2002,0.87
2/22/2002,0.8747
2/23/2002,0.8747
2/24/2002,0.8747
2/25/2002,0.869
2/26/2002,0.8632
2/27/2002,0.8656
2/28/2002,0.8683
3/1/2002,0.8649
3/2/2002,0.8649
3/3/2002,0.8649
3/4/2002,0.8692
3/5/2002,0.8712
3/6/2002,0.8764
3/7/2002,0.8812
3/8/2002,0.874
3/9/2002,0.874
3/10/2002,0.874
3/11/2002,0.8756
3/12/2002,0.8743
3/13/2002,0.8757
3/14/2002,0.8822
3/15/2002,0.882
3/16/2002,0.882
3/17/2002,0.882
3/18/2002,0.8818
3/19/2002,0.8807
3/20/2002,0.8851
3/21/2002,0.8821
3/22/2002,0.8775
3/23/2002,0.8775
3/24/2002,0.8775
3/25/2002,0.8771
3/26/2002,0.8763
3/27/2002,0.8728
3/28/2002,0.8712
3/29/2002,0.8703
3/30/2002,0.8703
3/31/2002,0.8703
4/1/2002,0.8801
4/2/2002,0.8793
4/3/2002,0.8807
4/4/2002,0.8773
4/5/2002,0.8785
4/6/2002,0.8785
4/7/2002,0.8785
4/8/2002,0.8741
4/9/2002,0.8802
4/10/2002,0.8803
4/11/2002,0.8818
4/12/2002,0.8806
4/13/2002,0.8806
4/14/2002,0.8806
4/15/2002,0.8795
4/16/2002,0.8819
4/17/2002,0.8898
4/18/2002,0.8907
4/19/2002,0.8917
4/20/2002,0.8917
4/21/2002,0.8917
4/22/2002,0.8889
4/23/2002,0.8883
4/24/2002,0.892
4/25/2002,0.8977
4/26/2002,0.9015
4/27/2002,0.9015
4/28/2002,0.9015
4/29/2002,0.9027
4/30/2002,0.9002
5/1/2002,0.9062
5/2/2002,0.903
5/3/2002,0.9171
5/4/2002,0.9171
5/5/2002,0.9171
5/6/2002,0.918
5/7/2002,0.9133
5/8/2002,0.9047
5/9/2002,0.9085
5/10/2002,0.9139
5/11/2002,0.9139
5/12/2002,0.9139
5/13/2002,0.9112
5/14/2002,0.9019
5/15/2002,0.9113
5/16/2002,0.9116
5/17/2002,0.9206
5/18/2002,0.9206
5/19/2002,0.9206
5/20/2002,0.9209
5/21/2002,0.9184
5/22/2002,0.9258
5/23/2002,0.9208
5/24/2002,0.9199
5/25/2002,0.9199
5/26/2002,0.9199
5/27/2002,0.9199
5/28/2002,0.9282
5/29/2002,0.9351
5/30/2002,0.9364
5/31/2002,0.9334
6/1/2002,0.9334
6/2/2002,0.9334
6/3/2002,0.9402
6/4/2002,0.9391
6/5/2002,0.9391
6/6/2002,0.9467
6/7/2002,0.942
6/8/2002,0.942
6/9/2002,0.942
6/10/2002,0.9438
6/11/2002,0.9473
6/12/2002,0.9433
6/13/2002,0.9427
6/14/2002,0.9455
6/15/2002,0.9455
6/16/2002,0.9455
6/17/2002,0.9441
6/18/2002,0.9523
6/19/2002,0.9568
6/20/2002,0.9645
6/21/2002,0.9696
6/22/2002,0.9696
6/23/2002,0.9696
6/24/2002,0.9692
6/25/2002,0.9829
6/26/2002,0.9823
6/27/2002,0.9892
6/28/2002,0.9906
6/29/2002,0.9906
6/30/2002,0.9906
7/1/2002,0.9912
7/2/2002,0.9843
7/3/2002,0.9801
7/4/2002,0.9772
7/5/2002,0.9736
7/6/2002,0.9736
7/7/2002,0.9736
7/8/2002,0.9898
7/9/2002,0.9925
7/10/2002,0.9886
7/11/2002,0.9871
7/12/2002,0.9913
7/13/2002,0.9913
7/14/2002,0.9913
7/15/2002,1.0042
7/16/2002,1.0113
7/17/2002,1.0074
7/18/2002,1.0109
7/19/2002,1.0091
7/20/2002,1.0091
7/21/2002,1.0091
7/22/2002,1.0061
7/23/2002,0.9909
7/24/2002,0.9946
7/25/2002,1.0035
7/26/2002,0.9858
7/27/2002,0.9858
7/28/2002,0.9858
7/29/2002,0.9811
7/30/2002,0.9828
7/31/2002,0.9768
8/1/2002,0.9836
8/2/2002,0.985
8/3/2002,0.985
8/4/2002,0.985
8/5/2002,0.98
8/6/2002,0.9642
8/7/2002,0.973
8/8/2002,0.9657
8/9/2002,0.9691
8/10/2002,0.9691
8/11/2002,0.9691
8/12/2002,0.9777
8/13/2002,0.9841
8/14/2002,0.9784
8/15/2002,0.981
8/16/2002,0.9874
8/17/2002,0.9874
8/18/2002,0.9874
8/19/2002,0.9767
8/20/2002,0.9787
8/21/2002,0.98
8/22/2002,0.9692
8/23/2002,0.972
8/24/2002,0.972
8/25/2002,0.972
8/26/2002,0.9711
8/27/2002,0.9826
8/28/2002,0.978
8/29/2002,0.9837
8/30/2002,0.9803
8/31/2002,0.9803
9/1/2002,0.9803
9/2/2002,0.984
9/3/2002,0.9954
9/4/2002,0.9911
9/5/2002,0.9909
9/6/2002,0.9805
9/7/2002,0.9805
9/8/2002,0.9805
9/9/2002,0.9793
9/10/2002,0.9747
9/11/2002,0.9752
9/12/2002,0.9808
9/13/2002,0.9706
9/14/2002,0.9706
9/15/2002,0.9706
9/16/2002,0.9675
9/17/2002,0.9734
9/18/2002,0.9768
9/19/2002,0.9859
9/20/2002,0.9822
9/21/2002,0.9822
9/22/2002,0.9822
9/23/2002,0.9766
9/24/2002,0.9819
9/25/2002,0.9761
9/26/2002,0.9774
9/27/2002,0.9788
9/28/2002,0.9788
9/29/2002,0.9788
9/30/2002,0.9861
10/1/2002,0.982
10/2/2002,0.986
10/3/2002,0.9875
10/4/2002,0.9789
10/5/2002,0.9789
10/6/2002,0.9789
10/7/2002,0.982
10/8/2002,0.9788
10/9/2002,0.9909
10/10/2002,0.9853
10/11/2002,0.987
10/12/2002,0.987
10/13/2002,0.987
10/14/2002,0.9865
10/15/2002,0.9816
10/16/2002,0.9802
10/17/2002,0.9705
10/18/2002,0.9715
10/19/2002,0.9715
10/20/2002,0.9715
10/21/2002,0.9732
10/22/2002,0.9772
10/23/2002,0.9743
10/24/2002,0.9773
10/25/2002,0.9765
10/26/2002,0.9765
10/27/2002,0.9765
10/28/2002,0.9842
10/29/2002,0.9826
10/30/2002,0.9839
10/31/2002,0.9907
11/1/2002,0.996
11/2/2002,0.996
11/3/2002,0.996
11/4/2002,0.9973
11/5/2002,0.9982
11/6/2002,1.0055
11/7/2002,1.0081
11/8/2002,1.0163
11/9/2002,1.0163
11/10/2002,1.0163
11/11/2002,1.01
11/12/2002,1.0119
11/13/2002,1.0083
11/14/2002,1.0037
11/15/2002,1.0095
11/16/2002,1.0095
11/17/2002,1.0095
11/18/2002,1.0093
11/19/2002,1.0033
11/20/2002,1.0
11/21/2002,1.0021
11/22/2002,0.9967
11/23/2002,0.9967
11/24/2002,0.9967
11/25/2002,0.9914
11/26/2002,0.9936
11/27/2002,0.99
11/28/2002,0.993
11/29/2002,0.9938
11/30/2002,0.9938
12/1/2002,0.9938
12/2/2002,0.9964
12/3/2002,0.9965
12/4/2002,1.0012
12/5/2002,1.0
12/6/2002,1.0091
12/7/2002,1.0091
12/8/2002,1.0091
12/9/2002,1.0105
12/10/2002,1.0072
12/11/2002,1.008
12/12/2002,1.0184
12/13/2002,1.0238
12/14/2002,1.0238
12/15/2002,1.0238
12/16/2002,1.0207
12/17/2002,1.0263
12/18/2002,1.028
12/19/2002,1.0265
12/20/2002,1.026
12/21/2002,1.026
12/22/2002,1.026
12/23/2002,1.0253
12/24/2002,1.0298
12/25/2002,1.0319
12/26/2002,1.0366
12/27/2002,1.0442
12/28/2002,1.0442
12/29/2002,1.0442
12/30/2002,1.047
12/31/2002,1.049
1/1/2003,1.0473
1/2/2003,1.0353
1/3/2003,1.0423
1/4/2003,1.0423
1/5/2003,1.0423
1/6/2003,1.0439
1/7/2003,1.0412
1/8/2003,1.0493
1/9/2003,1.0483
1/10/2003,1.0571
1/11/2003,1.0571
1/12/2003,1.0571
1/13/2003,1.0537
1/14/2003,1.0565
1/15/2003,1.0551
1/16/2003,1.0616
1/17/2003,1.067
1/18/2003,1.067
1/19/2003,1.067
1/20/2003,1.069
1/21/2003,1.0721
1/22/2003,1.0717
1/23/2003,1.0744
1/24/2003,1.0826
1/25/2003,1.0826
1/26/2003,1.0826
1/27/2003,1.0834
1/28/2003,1.0825
1/29/2003,1.0811
1/30/2003,1.0818
1/31/2003,1.0769
2/1/2003,1.0769
2/2/2003,1.0769
2/3/2003,1.0785
2/4/2003,1.0882
2/5/2003,1.0775
2/6/2003,1.0831
2/7/2003,1.0816
2/8/2003,1.0816
2/9/2003,1.0816
2/10/2003,1.0711
2/11/2003,1.0743
2/12/2003,1.0708
2/13/2003,1.0837
2/14/2003,1.079
2/15/2003,1.079
2/16/2003,1.079
2/17/2003,1.0728
2/18/2003,1.0679
2/19/2003,1.0741
2/20/2003,1.0818
2/21/2003,1.076
2/22/2003,1.076
2/23/2003,1.076
2/24/2003,1.0803
2/25/2003,1.0748
2/26/2003,1.0799
2/27/2003,1.0743
2/28/2003,1.0804
3/1/2003,1.0804
3/2/2003,1.0804
3/3/2003,1.0895
3/4/2003,1.0977
3/5/2003,1.0965
3/6/2003,1.0971
3/7/2003,1.1008
3/8/2003,1.1008
3/9/2003,1.1008
3/10/2003,1.1043
3/11/2003,1.1033
3/12/2003,1.0985
3/13/2003,1.0795
3/14/2003,1.074
3/15/2003,1.074
3/16/2003,1.074
3/17/2003,1.0615
3/18/2003,1.0643
3/19/2003,1.0584
3/20/2003,1.0602
3/21/2003,1.052
3/22/2003,1.052
3/23/2003,1.052
3/24/2003,1.0646
3/25/2003,1.066
3/26/2003,1.0693
3/27/2003,1.0693
3/28/2003,1.0776
3/29/2003,1.0776
3/30/2003,1.0776
3/31/2003,1.0924
4/1/2003,1.0943
4/2/2003,1.0757
4/3/2003,1.0759
4/4/2003,1.0732
4/5/2003,1.0732
4/6/2003,1.0732
4/7/2003,1.0679
4/8/2003,1.0715
4/9/2003,1.077
4/10/2003,1.0785
4/11/2003,1.0753
4/12/2003,1.0753
4/13/2003,1.0753
4/14/2003,1.0775
4/15/2003,1.079
4/16/2003,1.0907
4/17/2003,1.0879
4/18/2003,1.0885
4/19/2003,1.0885
4/20/2003,1.0885
4/21/2003,1.0859
4/22/2003,1.0965
4/23/2003,1.0952
4/24/2003,1.1037
4/25/2003,1.1036
4/26/2003,1.1036
4/27/2003,1.1036
4/28/2003,1.0979
4/29/2003,1.1065
4/30/2003,1.1171
5/1/2003,1.1242
5/2/2003,1.1228
5/3/2003,1.1228
5/4/2003,1.1228
5/5/2003,1.1293
5/6/2003,1.1423
5/7/2003,1.1351
5/8/2003,1.1482
5/9/2003,1.1487
5/10/2003,1.1487
5/11/2003,1.1487
5/12/2003,1.1556
5/13/2003,1.1529
5/14/2003,1.1478
5/15/2003,1.1384
5/16/2003,1.1595
5/17/2003,1.1595
5/18/2003,1.1595
5/19/2003,1.1642
5/20/2003,1.1735
5/21/2003,1.1641
5/22/2003,1.17
5/23/2003,1.1839
5/24/2003,1.1839
5/25/2003,1.1839
5/26/2003,1.1859
5/27/2003,1.1811
5/28/2003,1.1751
5/29/2003,1.1892
5/30/2003,1.1783
5/31/2003,1.1783
6/1/2003,1.1783
6/2/2003,1.1742
6/3/2003,1.1734
6/4/2003,1.1646
6/5/2003,1.1839
6/6/2003,1.1698
6/7/2003,1.1698
6/8/2003,1.1698
6/9/2003,1.171
6/10/2003,1.1679
6/11/2003,1.176
6/12/2003,1.1769
6/13/2003,1.1867
6/14/2003,1.1867
6/15/2003,1.1867
6/16/2003,1.1819
6/17/2003,1.1784
6/18/2003,1.1684
6/19/2003,1.1704
6/20/2003,1.1603
6/21/2003,1.1603
6/22/2003,1.1603
6/23/2003,1.1549
6/24/2003,1.1496
6/25/2003,1.1535
6/26/2003,1.1424
6/27/2003,1.143
6/28/2003,1.143
6/29/2003,1.143
6/30/2003,1.1521
7/1/2003,1.1564
7/2/2003,1.153
7/3/2003,1.1492
7/4/2003,1.1492
7/5/2003,1.1492
7/6/2003,1.1492
7/7/2003,1.1322
7/8/2003,1.1315
7/9/2003,1.1336
7/10/2003,1.1359
7/11/2003,1.1278
7/12/2003,1.1278
7/13/2003,1.1278
7/14/2003,1.1271
7/15/2003,1.1178
7/16/2003,1.1226
7/17/2003,1.1234
7/18/2003,1.1261
7/19/2003,1.1261
7/20/2003,1.1261
7/21/2003,1.1334
7/22/2003,1.1322
7/23/2003,1.1484
7/24/2003,1.1464
7/25/2003,1.151
7/26/2003,1.151
7/27/2003,1.151
7/28/2003,1.1486
7/29/2003,1.1442
7/30/2003,1.1348
7/31/2003,1.1236
8/1/2003,1.128
8/2/2003,1.128
8/3/2003,1.128
8/4/2003,1.1348
8/5/2003,1.1392
8/6/2003,1.1342
8/7/2003,1.1374
8/8/2003,1.1308
8/9/2003,1.1308
8/10/2003,1.1308
8/11/2003,1.1359
8/12/2003,1.1271
8/13/2003,1.1312
8/14/2003,1.1269
8/15/2003,1.1261
8/16/2003,1.1261
8/17/2003,1.1261
8/18/2003,1.1147
8/19/2003,1.1135
8/20/2003,1.1113
8/21/2003,1.0924
8/22/2003,1.0877
8/23/2003,1.0877
8/24/2003,1.0877
8/25/2003,1.0825
8/26/2003,1.0868
8/27/2003,1.0865
8/28/2003,1.0887
8/29/2003,1.0977
8/30/2003,1.0977
8/31/2003,1.0977
9/1/2003,1.0956
9/2/2003,1.0815
9/3/2003,1.0813
9/4/2003,1.0932
9/5/2003,1.1108
9/6/2003,1.1108
9/7/2003,1.1108
9/8/2003,1.1063
9/9/2003,1.122
9/10/2003,1.1194
9/11/2003,1.1189
9/12/2003,1.1289
9/13/2003,1.1289
9/14/2003,1.1289
9/15/2003,1.1282
9/16/2003,1.1169
9/17/2003,1.1273
9/18/2003,1.1245
9/19/2003,1.1375
9/20/2003,1.1375
9/21/2003,1.1375
9/22/2003,1.1475
9/23/2003,1.1439
9/24/2003,1.1477
9/25/2003,1.1475
9/26/2003,1.146
9/27/2003,1.146
9/28/2003,1.146
9/29/2003,1.161
9/30/2003,1.1668
10/1/2003,1.171
10/2/2003,1.1681
10/3/2003,1.1576
10/4/2003,1.1576
10/5/2003,1.1576
10/6/2003,1.1712
10/7/2003,1.1775
10/8/2003,1.1817
10/9/2003,1.1731
10/10/2003,1.1803
10/11/2003,1.1803
10/12/2003,1.1803
10/13/2003,1.1703
10/14/2003,1.1732
10/15/2003,1.1622
10/16/2003,1.1591
10/17/2003,1.1678
10/18/2003,1.1678
10/19/2003,1.1678
10/20/2003,1.1634
10/21/2003,1.1663
10/22/2003,1.1814
10/23/2003,1.1819
10/24/2003,1.1777
10/25/2003,1.1777
10/26/2003,1.1777
10/27/2003,1.1734
10/28/2003,1.1664
10/29/2003,1.1664
10/30/2003,1.1625
10/31/2003,1.158
11/1/2003,1.158
11/2/2003,1.158
11/3/2003,1.1456
11/4/2003,1.1472
11/5/2003,1.1427
11/6/2003,1.1411
11/7/2003,1.1518
11/8/2003,1.1518
11/9/2003,1.1518
11/10/2003,1.1452
11/11/2003,1.1506
11/12/2003,1.1645
11/13/2003,1.1742
11/14/2003,1.1775
11/15/2003,1.1775
11/16/2003,1.1775
11/17/2003,1.1746
11/18/2003,1.1955
11/19/2003,1.1892
11/20/2003,1.19
11/21/2003,1.1917
11/22/2003,1.1917
11/23/2003,1.1917
11/24/2003,1.1781
11/25/2003,1.1773
11/26/2003,1.193
11/27/2003,1.1915
11/28/2003,1.1987
11/29/2003,1.1987
11/30/2003,1.1987
12/1/2003,1.1961
12/2/2003,1.2084
12/3/2003,1.2118
12/4/2003,1.2074
12/5/2003,1.2182
12/6/2003,1.2182
12/7/2003,1.2182
12/8/2003,1.2216
12/9/2003,1.2245
12/10/2003,1.2188
12/11/2003,1.222
12/12/2003,1.2276
12/13/2003,1.2276
12/14/2003,1.2276
12/15/2003,1.231
12/16/2003,1.2322
12/17/2003,1.2398
12/18/2003,1.2419
12/19/2003,1.2379
12/20/2003,1.2379
12/21/2003,1.2379
12/22/2003,1.2395
12/23/2003,1.2397
12/24/2003,1.2449
12/25/2003,1.2445
12/26/2003,1.242
12/27/2003,1.242
12/28/2003,1.242
12/29/2003,1.2481
12/30/2003,1.2547
12/31/2003,1.2586
1/1/2004,1.2576
1/2/2004,1.2589
1/3/2004,1.2589
1/4/2004,1.2589
1/5/2004,1.2684
1/6/2004,1.2716
1/7/2004,1.2637
1/8/2004,1.277
1/9/2004,1.2815
1/10/2004,1.2815
1/11/2004,1.2815
1/12/2004,1.2736
1/13/2004,1.2784
1/14/2004,1.2652
1/15/2004,1.2596
1/16/2004,1.2392
1/17/2004,1.2392
1/18/2004,1.2392
1/19/2004,1.235
1/20/2004,1.2582
1/21/2004,1.2654
1/22/2004,1.2721
1/23/2004,1.2579
1/24/2004,1.2579
1/25/2004,1.2579
1/26/2004,1.2484
1/27/2004,1.2633
1/28/2004,1.2436
1/29/2004,1.2406
1/30/2004,1.2471
1/31/2004,1.2471
2/1/2004,1.2471
2/2/2004,1.2429
2/3/2004,1.2543
2/4/2004,1.2535
2/5/2004,1.2566
2/6/2004,1.2705
2/7/2004,1.2705
2/8/2004,1.2705
2/9/2004,1.2689
2/10/2004,1.2679
2/11/2004,1.2827
2/12/2004,1.2815
2/13/2004,1.2723
2/14/2004,1.2723
2/15/2004,1.2723
2/16/2004,1.276
2/17/2004,1.2856
2/18/2004,1.2726
2/19/2004,1.2701
2/20/2004,1.2538
2/21/2004,1.2538
2/22/2004,1.2538
2/23/2004,1.257
2/24/2004,1.2673
2/25/2004,1.25
2/26/2004,1.2443
2/27/2004,1.2489
2/28/2004,1.2489
2/29/2004,1.2489
3/1/2004,1.2477
3/2/2004,1.2198
3/3/2004,1.2186
3/4/2004,1.2201
3/5/2004,1.2363
3/6/2004,1.2363
3/7/2004,1.2363
3/8/2004,1.242
3/9/2004,1.2314
3/10/2004,1.223
3/11/2004,1.2347
3/12/2004,1.2219
3/13/2004,1.2219
3/14/2004,1.2219
3/15/2004,1.2266
3/16/2004,1.2258
3/17/2004,1.2223
3/18/2004,1.2383
3/19/2004,1.2281
3/20/2004,1.2281
3/21/2004,1.2281
3/22/2004,1.2342
3/23/2004,1.2342
3/24/2004,1.2135
3/25/2004,1.213
3/26/2004,1.2115
3/27/2004,1.2115
3/28/2004,1.2115
3/29/2004,1.216
3/30/2004,1.2179
3/31/2004,1.2308
4/1/2004,1.2363
4/2/2004,1.2121
4/3/2004,1.2121
4/4/2004,1.2121
4/5/2004,1.201
4/6/2004,1.2127
4/7/2004,1.2163
4/8/2004,1.207
4/9/2004,1.2097
4/10/2004,1.2097
4/11/2004,1.2097
4/12/2004,1.2067
4/13/2004,1.1932
4/14/2004,1.1941
4/15/2004,1.1982
4/16/2004,1.198
4/17/2004,1.198
4/18/2004,1.198
4/19/2004,1.2005
4/20/2004,1.184
4/21/2004,1.1802
4/22/2004,1.1921
4/23/2004,1.1842
4/24/2004,1.1842
4/25/2004,1.1842
4/26/2004,1.1858
4/27/2004,1.1924
4/28/2004,1.1839
4/29/2004,1.1955
4/30/2004,1.198
5/1/2004,1.198
5/2/2004,1.198
5/3/2004,1.1931
5/4/2004,1.2097
5/5/2004,1.2156
5/6/2004,1.2073
5/7/2004,1.1875
5/8/2004,1.1875
5/9/2004,1.1875
5/10/2004,1.1843
5/11/2004,1.1875
5/12/2004,1.1905
5/13/2004,1.18
5/14/2004,1.1888
5/15/2004,1.1888
5/16/2004,1.1888
5/17/2004,1.202
5/18/2004,1.1942
5/19/2004,1.2
5/20/2004,1.1954
5/21/2004,1.202
5/22/2004,1.202
5/23/2004,1.202
5/24/2004,1.199
5/25/2004,1.2096
5/26/2004,1.2109
5/27/2004,1.227
5/28/2004,1.2212
5/29/2004,1.2212
5/30/2004,1.2212
5/31/2004,1.2195
6/1/2004,1.224
6/2/2004,1.2214
6/3/2004,1.2216
6/4/2004,1.2268
6/5/2004,1.2268
6/6/2004,1.2268
6/7/2004,1.2319
6/8/2004,1.2257
6/9/2004,1.204
6/10/2004,1.2102
6/11/2004,1.2003
6/12/2004,1.2003
6/13/2004,1.2003
6/14/2004,1.206
6/15/2004,1.2164
6/16/2004,1.2001
6/17/2004,1.203
6/18/2004,1.214
6/19/2004,1.214
6/20/2004,1.214
6/21/2004,1.212
6/22/2004,1.2118
6/23/2004,1.2085
6/24/2004,1.217
6/25/2004,1.2195
6/26/2004,1.2195
6/27/2004,1.2195
6/28/2004,1.2184
6/29/2004,1.2093
6/30/2004,1.218
7/1/2004,1.2157
7/2/2004,1.2311
7/3/2004,1.2311
7/4/2004,1.2311
7/5/2004,1.2293
7/6/2004,1.2281
7/7/2004,1.2366
7/8/2004,1.2391
7/9/2004,1.2413
7/10/2004,1.2413
7/11/2004,1.2413
7/12/2004,1.2402
7/13/2004,1.2327
7/14/2004,1.2381
7/15/2004,1.2352
7/16/2004,1.2452
7/17/2004,1.2452
7/18/2004,1.2452
7/19/2004,1.2436
7/20/2004,1.2329
7/21/2004,1.2259
7/22/2004,1.2252
7/23/2004,1.2103
7/24/2004,1.2103
7/25/2004,1.2103
7/26/2004,1.2136
7/27/2004,1.2058
7/28/2004,1.2043
7/29/2004,1.2033
7/30/2004,1.2011
7/31/2004,1.2011
8/1/2004,1.2011
8/2/2004,1.2019
8/3/2004,1.205
8/4/2004,1.2058
8/5/2004,1.2048
8/6/2004,1.2301
8/7/2004,1.2301
8/8/2004,1.2301
8/9/2004,1.227
8/10/2004,1.2231
8/11/2004,1.2216
8/12/2004,1.2236
8/13/2004,1.2372
8/14/2004,1.2372
8/15/2004,1.2372
8/16/2004,1.2355
8/17/2004,1.2341
8/18/2004,1.2337
8/19/2004,1.2371
8/20/2004,1.2314
8/21/2004,1.2314
8/22/2004,1.2314
8/23/2004,1.2146
8/24/2004,1.2079
8/25/2004,1.2084
8/26/2004,1.2098
8/27/2004,1.2012
8/28/2004,1.2012
8/29/2004,1.2012
8/30/2004,1.2046
8/31/2004,1.2174
9/1/2004,1.2185
9/2/2004,1.2169
9/3/2004,1.2051
9/4/2004,1.2051
9/5/2004,1.2051
9/6/2004,1.2063
9/7/2004,1.2095
9/8/2004,1.2186
9/9/2004,1.2238
9/10/2004,1.2265
9/11/2004,1.2265
9/12/2004,1.2265
9/13/2004,1.2259
9/14/2004,1.2257
9/15/2004,1.2152
9/16/2004,1.2187
9/17/2004,1.2183
9/18/2004,1.2183
9/19/2004,1.2183
9/20/2004,1.2168
9/21/2004,1.2325
9/22/2004,1.2261
9/23/2004,1.2266
9/24/2004,1.227
9/25/2004,1.227
9/26/2004,1.227
9/27/2004,1.2303
9/28/2004,1.2318
9/29/2004,1.2336
9/30/2004,1.2433
10/1/2004,1.2393
10/2/2004,1.2393
10/3/2004,1.2393
10/4/2004,1.2286
10/5/2004,1.231
10/6/2004,1.2278
10/7/2004,1.2295
10/8/2004,1.2401
10/9/2004,1.2401
10/10/2004,1.2401
10/11/2004,1.238
10/12/2004,1.2318
10/13/2004,1.2344
10/14/2004,1.239
10/15/2004,1.2475
10/16/2004,1.2475
10/17/2004,1.2475
10/18/2004,1.2483
10/19/2004,1.2515
10/20/2004,1.2573
10/21/2004,1.2616
10/22/2004,1.2686
10/23/2004,1.2686
10/24/2004,1.2686
10/25/2004,1.2805
10/26/2004,1.2762
10/27/2004,1.2704
10/28/2004,1.2704
10/29/2004,1.2793
10/30/2004,1.2793
10/31/2004,1.2793
11/1/2004,1.2744
11/2/2004,1.2715
11/3/2004,1.2818
11/4/2004,1.2869
11/5/2004,1.2963
11/6/2004,1.2963
11/7/2004,1.2963
11/8/2004,1.2904
11/9/2004,1.2894
11/10/2004,1.2881
11/11/2004,1.2905
11/12/2004,1.2956
11/13/2004,1.2956
11/14/2004,1.2956
11/15/2004,1.2935
11/16/2004,1.296
11/17/2004,1.3036
11/18/2004,1.2945
11/19/2004,1.3034
11/20/2004,1.3034
11/21/2004,1.3034
11/22/2004,1.3037
11/23/2004,1.3094
11/24/2004,1.3176
11/25/2004,1.3254
11/26/2004,1.3289
11/27/2004,1.3289
11/28/2004,1.3289
11/29/2004,1.326
11/30/2004,1.3295
12/1/2004,1.3344
12/2/2004,1.3258
12/3/2004,1.346
12/4/2004,1.346
12/5/2004,1.346
12/6/2004,1.3393
12/7/2004,1.3428
12/8/2004,1.3344
12/9/2004,1.3301
12/10/2004,1.3215
12/11/2004,1.3215
12/12/2004,1.3215
12/13/2004,1.3316
12/14/2004,1.3305
12/15/2004,1.34
12/16/2004,1.3248
12/17/2004,1.3311
12/18/2004,1.3311
12/19/2004,1.3311
12/20/2004,1.3389
12/21/2004,1.3365
12/22/2004,1.3387
12/23/2004,1.3508
12/24/2004,1.3527
12/25/2004,1.3527
12/26/2004,1.3527
12/27/2004,1.3621
12/28/2004,1.3591
12/29/2004,1.3602
12/30/2004,1.3624
12/31/2004,1.3563
1/1/2005,1.3563
1/2/2005,1.3563
1/3/2005,1.3467
1/4/2005,1.3282
1/5/2005,1.3277
1/6/2005,1.3179
1/7/2005,1.3073
1/8/2005,1.3073
1/9/2005,1.3073
1/10/2005,1.3108
1/11/2005,1.3113
1/12/2005,1.3255
1/13/2005,1.3207
1/14/2005,1.3098
1/15/2005,1.3098
1/16/2005,1.3098
1/17/2005,1.3048
1/18/2005,1.3016
1/19/2005,1.3
1/20/2005,1.296
1/21/2005,1.2994
1/22/2005,1.2994
1/23/2005,1.2994
1/24/2005,1.3031
1/25/2005,1.2968
1/26/2005,1.3076
1/27/2005,1.3038
1/28/2005,1.3041
1/29/2005,1.3041
1/30/2005,1.3041
1/31/2005,1.3045
2/1/2005,1.304
2/2/2005,1.3031
2/3/2005,1.297
2/4/2005,1.2854
2/5/2005,1.2854
2/6/2005,1.2854
2/7/2005,1.2759
2/8/2005,1.2766
2/9/2005,1.2807
2/10/2005,1.2874
2/11/2005,1.2852
2/12/2005,1.2852
2/13/2005,1.2852
2/14/2005,1.2968
2/15/2005,1.3012
2/16/2005,1.3022
2/17/2005,1.3071
2/18/2005,1.3016
2/19/2005,1.3016
2/20/2005,1.3016
2/21/2005,1.306
2/22/2005,1.3257
2/23/2005,1.3199
2/24/2005,1.318
2/25/2005,1.324
2/26/2005,1.324
2/27/2005,1.324
2/28/2005,1.3216
3/1/2005,1.3171
3/2/2005,1.3137
3/3/2005,1.3102
3/4/2005,1.3242
3/5/2005,1.3242
3/6/2005,1.3242
3/7/2005,1.3215
3/8/2005,1.334
3/9/2005,1.3373
3/10/2005,1.3436
3/11/2005,1.3466
3/12/2005,1.3466
3/13/2005,1.3466
3/14/2005,1.3361
3/15/2005,1.3307
3/16/2005,1.3407
3/17/2005,1.3374
3/18/2005,1.3315
3/19/2005,1.3315
3/20/2005,1.3315
3/21/2005,1.3156
3/22/2005,1.3074
3/23/2005,1.2988
3/24/2005,1.2929
3/25/2005,1.2951
3/26/2005,1.2951
3/27/2005,1.2951
3/28/2005,1.2891
3/29/2005,1.2935
3/30/2005,1.2911
3/31/2005,1.2964
4/1/2005,1.2908
4/2/2005,1.2908
4/3/2005,1.2908
4/4/2005,1.2847
4/5/2005,1.2855
4/6/2005,1.2865
4/7/2005,1.2848
4/8/2005,1.2875
4/9/2005,1.2875
4/10/2005,1.2875
4/11/2005,1.2968
4/12/2005,1.291
4/13/2005,1.291
4/14/2005,1.2793
4/15/2005,1.2865
4/16/2005,1.2865
4/17/2005,1.2865
4/18/2005,1.3014
4/19/2005,1.3062
4/20/2005,1.3085
4/21/2005,1.3044
4/22/2005,1.3055
4/23/2005,1.3055
4/24/2005,1.3055
4/25/2005,1.2991
4/26/2005,1.2981
4/27/2005,1.2918
4/28/2005,1.2901
4/29/2005,1.2869
4/30/2005,1.2869
5/1/2005,1.2869
5/2/2005,1.2844
5/3/2005,1.2884
5/4/2005,1.2945
5/5/2005,1.2951
5/6/2005,1.281
5/7/2005,1.281
5/8/2005,1.281
5/9/2005,1.2854
5/10/2005,1.2883
5/11/2005,1.2812
5/12/2005,1.2676
5/13/2005,1.2614
5/14/2005,1.2614
5/15/2005,1.2614
5/16/2005,1.2636
5/17/2005,1.2598
5/18/2005,1.2677
5/19/2005,1.2633
5/20/2005,1.255
5/21/2005,1.255
5/22/2005,1.255
5/23/2005,1.2568
5/24/2005,1.2564
5/25/2005,1.2596
5/26/2005,1.2509
5/27/2005,1.2577
5/28/2005,1.2577
5/29/2005,1.2577
5/30/2005,1.2478
5/31/2005,1.2304
6/1/2005,1.2195
6/2/2005,1.2265
6/3/2005,1.2225
6/4/2005,1.2225
6/5/2005,1.2225
6/6/2005,1.2257
6/7/2005,1.2276
6/8/2005,1.2234
6/9/2005,1.2223
6/10/2005,1.213
6/11/2005,1.213
6/12/2005,1.213
6/13/2005,1.2114
6/14/2005,1.2024
6/15/2005,1.2117
6/16/2005,1.2093
6/17/2005,1.2272
6/18/2005,1.2272
6/19/2005,1.2272
6/20/2005,1.2147
6/21/2005,1.2172
6/22/2005,1.2117
6/23/2005,1.2028
6/24/2005,1.2091
6/25/2005,1.2091
6/26/2005,1.2091
6/27/2005,1.216
6/28/2005,1.207
6/29/2005,1.2075
6/30/2005,1.2084
7/1/2005,1.1931
7/2/2005,1.1931
7/3/2005,1.1931
7/4/2005,1.1906
7/5/2005,1.1927
7/6/2005,1.1926
7/7/2005,1.1941
7/8/2005,1.1975
7/9/2005,1.1975
7/10/2005,1.1975
7/11/2005,1.2066
7/12/2005,1.2227
7/13/2005,1.2075
7/14/2005,1.209
7/15/2005,1.2039
7/16/2005,1.2039
7/17/2005,1.2039
7/18/2005,1.2051
7/19/2005,1.2027
7/20/2005,1.2152
7/21/2005,1.2157
7/22/2005,1.2054
7/23/2005,1.2054
7/24/2005,1.2054
7/25/2005,1.2061
7/26/2005,1.2013
7/27/2005,1.2064
7/28/2005,1.2127
7/29/2005,1.2123
7/30/2005,1.2123
7/31/2005,1.2123
8/1/2005,1.2179
8/2/2005,1.2191
8/3/2005,1.2333
8/4/2005,1.2381
8/5/2005,1.2468
8/6/2005,1.2468
8/7/2005,1.2468
8/8/2005,1.2349
8/9/2005,1.2374
8/10/2005,1.2381
8/11/2005,1.2469
8/12/2005,1.2437
8/13/2005,1.2437
8/14/2005,1.2437
8/15/2005,1.2369
8/16/2005,1.2347
8/17/2005,1.2274
8/18/2005,1.218
8/19/2005,1.2146
8/20/2005,1.2146
8/21/2005,1.2146
8/22/2005,1.2231
8/23/2005,1.2231
8/24/2005,1.2271
8/25/2005,1.2299
8/26/2005,1.2288
8/27/2005,1.2288
8/28/2005,1.2288
8/29/2005,1.2232
8/30/2005,1.2213
8/31/2005,1.2337
9/1/2005,1.2484
9/2/2005,1.2524
9/3/2005,1.2524
9/4/2005,1.2524
9/5/2005,1.2525
9/6/2005,1.2454
9/7/2005,1.2413
9/8/2005,1.2391
9/9/2005,1.239
9/10/2005,1.239
9/11/2005,1.239
9/12/2005,1.2287
9/13/2005,1.2275
9/14/2005,1.2276
9/15/2005,1.2233
9/16/2005,1.2233
9/17/2005,1.2233
9/18/2005,1.2233
9/19/2005,1.2135
9/20/2005,1.2115
9/21/2005,1.2115
9/22/2005,1.2152
9/23/2005,1.2036
9/24/2005,1.2036
9/25/2005,1.2036
9/26/2005,1.207
9/27/2005,1.2016
9/28/2005,1.2059
9/29/2005,1.2017
9/30/2005,1.2025
10/1/2005,1.2025
10/2/2005,1.2025
10/3/2005,1.1907
10/4/2005,1.1915
10/5/2005,1.20095
10/6/2005,1.2169
10/7/2005,1.2127
10/8/2005,1.2127
10/9/2005,1.2127
10/10/2005,1.2045
10/11/2005,1.198
10/12/2005,1.2023
10/13/2005,1.2013
10/14/2005,1.2074
10/15/2005,1.2074
10/16/2005,1.2074
10/17/2005,1.2011
10/18/2005,1.1947
10/19/2005,1.1971
10/20/2005,1.2016
10/21/2005,1.1966
10/22/2005,1.1966
10/23/2005,1.1966
10/24/2005,1.1973
10/25/2005,1.2109
10/26/2005,1.2057
10/27/2005,1.214
10/28/2005,1.2062
10/29/2005,1.2062
10/30/2005,1.2062
10/31/2005,1.1984
11/1/2005,1.202
11/2/2005,1.2065
11/3/2005,1.1948
11/4/2005,1.1812
11/5/2005,1.1812
11/6/2005,1.1812
11/7/2005,1.1788
11/8/2005,1.1764
11/9/2005,1.1773
11/10/2005,1.1672
11/11/2005,1.1735
11/12/2005,1.1735
11/13/2005,1.1735
11/14/2005,1.1688
11/15/2005,1.1727
11/16/2005,1.1674
11/17/2005,1.1745
11/18/2005,1.1774
11/19/2005,1.1774
11/20/2005,1.1774
11/21/2005,1.17335
11/22/2005,1.1812
11/23/2005,1.1805
11/24/2005,1.1777
11/25/2005,1.172
11/26/2005,1.172
11/27/2005,1.172
11/28/2005,1.1848
11/29/2005,1.1766
11/30/2005,1.1803
12/1/2005,1.1739
12/2/2005,1.1709
12/3/2005,1.1709
12/4/2005,1.1709
12/5/2005,1.1783
12/6/2005,1.1794
12/7/2005,1.1717
12/8/2005,1.1813
12/9/2005,1.1814
12/10/2005,1.1814
12/11/2005,1.1814
12/12/2005,1.19535
12/13/2005,1.1946
12/14/2005,1.1971
12/15/2005,1.1964
12/16/2005,1.2011
12/17/2005,1.2011
12/18/2005,1.2011
12/19/2005,1.2004
12/20/2005,1.1871
12/21/2005,1.1827
12/22/2005,1.1872
12/23/2005,1.1871
12/24/2005,1.1871
12/25/2005,1.1871
12/26/2005,1.1834
12/27/2005,1.1853
12/28/2005,1.1843
12/29/2005,1.1848
12/30/2005,1.1824
12/31/2005,1.1824
1/1/2006,1.1824
1/2/2006,1.1813
1/3/2006,1.2031
1/4/2006,1.211
1/5/2006,1.2104
1/6/2006,1.2152
1/7/2006,1.2152
1/8/2006,1.2152
1/9/2006,1.2074
1/10/2006,1.2059
1/11/2006,1.2137
1/12/2006,1.2043
1/13/2006,1.2117
1/14/2006,1.2117
1/15/2006,1.2117
1/16/2006,1.2113
1/17/2006,1.2106
1/18/2006,1.2107
1/19/2006,1.2088
1/20/2006,1.2136
1/21/2006,1.2136
1/22/2006,1.2136
1/23/2006,1.2299
1/24/2006,1.2262
1/25/2006,1.2243
1/26/2006,1.22125
1/27/2006,1.2096
1/28/2006,1.2096
1/29/2006,1.2096
1/30/2006,1.2083
1/31/2006,1.2146
2/1/2006,1.2062
2/2/2006,1.2082
2/3/2006,1.2024
2/4/2006,1.2024
2/5/2006,1.2024
2/6/2006,1.196
2/7/2006,1.199
2/8/2006,1.1961
2/9/2006,1.1996
2/10/2006,1.2064
2/11/2006,1.2064
2/12/2006,1.2064
2/13/2006,1.1908
2/14/2006,1.1913
2/15/2006,1.1883
2/16/2006,1.1904
2/17/2006,1.1925
2/18/2006,1.1925
2/19/2006,1.1925
2/20/2006,1.1931
2/21/2006,1.1918
2/22/2006,1.1914
2/23/2006,1.192
2/24/2006,1.1873
2/25/2006,1.1873
2/26/2006,1.1873
2/27/2006,1.1846
2/28/2006,1.1927
3/1/2006,1.1917
3/2/2006,1.2034
3/3/2006,1.2038
3/4/2006,1.2038
3/5/2006,1.2038
3/6/2006,1.2014
3/7/2006,1.1887
3/8/2006,1.1924
3/9/2006,1.1901
3/10/2006,1.1907
3/11/2006,1.1907
3/12/2006,1.1907
3/13/2006,1.1964
3/14/2006,1.2016
3/15/2006,1.20695
3/16/2006,1.2172
3/17/2006,1.2189
3/18/2006,1.2189
3/19/2006,1.2189
3/20/2006,1.21575
3/21/2006,1.2106
3/22/2006,1.2075
3/23/2006,1.1969
3/24/2006,1.2032
3/25/2006,1.2032
3/26/2006,1.2032
3/27/2006,1.2008
3/28/2006,1.2006
3/29/2006,1.2028
3/30/2006,1.2163
3/31/2006,1.2111
4/1/2006,1.2111
4/2/2006,1.2111
4/3/2006,1.2134
4/4/2006,1.2259
4/5/2006,1.2285
4/6/2006,1.2212
4/7/2006,1.2097
4/8/2006,1.2097
4/9/2006,1.2097
4/10/2006,1.2107
4/11/2006,1.2144
4/12/2006,1.2111
4/13/2006,1.2114
4/14/2006,1.2108
4/15/2006,1.2108
4/16/2006,1.2108
4/17/2006,1.2251
4/18/2006,1.2364
4/19/2006,1.2376
4/20/2006,1.2307
4/21/2006,1.2338
4/22/2006,1.2338
4/23/2006,1.2338
4/24/2006,1.2386
4/25/2006,1.2427
4/26/2006,1.2447
4/27/2006,1.253
4/28/2006,1.2633
4/29/2006,1.2633
4/30/2006,1.2633
5/1/2006,1.2578
5/2/2006,1.2612
5/3/2006,1.262
5/4/2006,1.2698
5/5/2006,1.2723
5/6/2006,1.2723
5/7/2006,1.2723
5/8/2006,1.27
5/9/2006,1.2765
5/10/2006,1.2773
5/11/2006,1.2852
5/12/2006,1.2915
5/13/2006,1.2915
5/14/2006,1.2915
5/15/2006,1.2781
5/16/2006,1.2845
5/17/2006,1.274
5/18/2006,1.2847
5/19/2006,1.2763
5/20/2006,1.2763
5/21/2006,1.2763
5/22/2006,1.2846
5/23/2006,1.2781
5/24/2006,1.2769
5/25/2006,1.2806
5/26/2006,1.2733
5/27/2006,1.2733
5/28/2006,1.2733
5/29/2006,1.2747
5/30/2006,1.2861
5/31/2006,1.2813
6/1/2006,1.281
6/2/2006,1.2916
6/3/2006,1.2916
6/4/2006,1.2916
6/5/2006,1.2896
6/6/2006,1.2817
6/7/2006,1.28
6/8/2006,1.2646
6/9/2006,1.2638
6/10/2006,1.2638
6/11/2006,1.2638
6/12/2006,1.2582
6/13/2006,1.2543
6/14/2006,1.2606
6/15/2006,1.263
6/16/2006,1.2638
6/17/2006,1.2638
6/18/2006,1.2638
6/19/2006,1.2577
6/20/2006,1.2583
6/21/2006,1.2658
6/22/2006,1.2581
6/23/2006,1.2508
6/24/2006,1.2508
6/25/2006,1.2508
6/26/2006,1.2588
6/27/2006,1.2567
6/28/2006,1.2543
6/29/2006,1.2661
6/30/2006,1.279
7/1/2006,1.279
7/2/2006,1.279
7/3/2006,1.2797
7/4/2006,1.2789
7/5/2006,1.2729
7/6/2006,1.2774
7/7/2006,1.2818
7/8/2006,1.2818
7/9/2006,1.2818
7/10/2006,1.2739
7/11/2006,1.2765
7/12/2006,1.271
7/13/2006,1.2692
7/14/2006,1.2649
7/15/2006,1.2649
7/16/2006,1.2649
7/17/2006,1.2515
7/18/2006,1.2499
7/19/2006,1.2596
7/20/2006,1.263
7/21/2006,1.2693
7/22/2006,1.2693
7/23/2006,1.2693
7/24/2006,1.2621
7/25/2006,1.258
7/26/2006,1.271
7/27/2006,1.2692
7/28/2006,1.2745
7/29/2006,1.2745
7/30/2006,1.2745
7/31/2006,1.277
8/1/2006,1.2817
8/2/2006,1.2789
8/3/2006,1.2796
8/4/2006,1.2872
8/5/2006,1.2872
8/6/2006,1.2872
8/7/2006,1.28165
8/8/2006,1.2772
8/9/2006,1.28695
8/10/2006,1.2791
8/11/2006,1.2713
8/12/2006,1.2713
8/13/2006,1.2713
8/14/2006,1.272
8/15/2006,1.2788
8/16/2006,1.284
8/17/2006,1.283
8/18/2006,1.2836
8/19/2006,1.2836
8/20/2006,1.2836
8/21/2006,1.2869
8/22/2006,1.2808
8/23/2006,1.2779
8/24/2006,1.2757
8/25/2006,1.2753
8/26/2006,1.2753
8/27/2006,1.2753
8/28/2006,1.279
8/29/2006,1.2826
8/30/2006,1.2838
8/31/2006,1.2804
9/1/2006,1.2833
9/2/2006,1.2833
9/3/2006,1.2833
9/4/2006,1.2854
9/5/2006,1.2821
9/6/2006,1.28175
9/7/2006,1.2726
9/8/2006,1.2672
9/9/2006,1.2672
9/10/2006,1.2672
9/11/2006,1.2706
9/12/2006,1.2691
9/13/2006,1.2694
9/14/2006,1.2717
9/15/2006,1.2645
9/16/2006,1.2645
9/17/2006,1.2645
9/18/2006,1.2705
9/19/2006,1.2676
9/20/2006,1.2685
9/21/2006,1.2778
9/22/2006,1.2776
9/23/2006,1.2776
9/24/2006,1.2776
9/25/2006,1.2745
9/26/2006,1.2684
9/27/2006,1.2703
9/28/2006,1.2703
9/29/2006,1.2659
9/30/2006,1.2659
10/1/2006,1.2659
10/2/2006,1.2737
10/3/2006,1.2732
10/4/2006,1.271
10/5/2006,1.2693
10/6/2006,1.2601
10/7/2006,1.2601
10/8/2006,1.2601
10/9/2006,1.2593
10/10/2006,1.25295
10/11/2006,1.252
10/12/2006,1.2558
10/13/2006,1.2531
10/14/2006,1.2531
10/15/2006,1.2531
10/16/2006,1.2538
10/17/2006,1.2542
10/18/2006,1.2536
10/19/2006,1.2625
10/20/2006,1.2611
10/21/2006,1.2611
10/22/2006,1.2611
10/23/2006,1.2548
10/24/2006,1.2556
10/25/2006,1.2613
10/26/2006,1.269
10/27/2006,1.2739
10/28/2006,1.2739
10/29/2006,1.2739
10/30/2006,1.2715
10/31/2006,1.2762
11/1/2006,1.27535
11/2/2006,1.2776
11/3/2006,1.2718
11/4/2006,1.2718
11/5/2006,1.2718
11/6/2006,1.2725
11/7/2006,1.2777
11/8/2006,1.2757
11/9/2006,1.28325
11/10/2006,1.285
11/11/2006,1.285
11/12/2006,1.285
11/13/2006,1.28195
11/14/2006,1.2811
11/15/2006,1.2823
11/16/2006,1.2788
11/17/2006,1.2846
11/18/2006,1.2846
11/19/2006,1.2846
11/20/2006,1.2814
11/21/2006,1.284
11/22/2006,1.2936
11/23/2006,1.295
11/24/2006,1.3079
11/25/2006,1.3079
11/26/2006,1.3079
11/27/2006,1.3128
11/28/2006,1.3201
11/29/2006,1.3144
11/30/2006,1.325
12/1/2006,1.3333
12/2/2006,1.3333
12/3/2006,1.3333
12/4/2006,1.3333
12/5/2006,1.3315
12/6/2006,1.3284
12/7/2006,1.3284
12/8/2006,1.3392
12/9/2006,1.3392
12/10/2006,1.3392
12/11/2006,1.3247
12/12/2006,1.3279
12/13/2006,1.3216
12/14/2006,1.3151
12/15/2006,1.3094
12/16/2006,1.3094
12/17/2006,1.3094
12/18/2006,1.3101
12/19/2006,1.3205
12/20/2006,1.3185
12/21/2006,1.318
12/22/2006,1.3116
12/23/2006,1.3116
12/24/2006,1.3116
12/25/2006,1.3132
12/26/2006,1.3109
12/27/2006,1.3122
12/28/2006,1.3144
12/29/2006,1.3193
12/30/2006,1.3193
12/31/2006,1.3193
1/1/2007,1.32145
1/2/2007,1.3273
1/3/2007,1.3168
1/4/2007,1.3088
1/5/2007,1.2982
1/6/2007,1.2982
1/7/2007,1.2982
1/8/2007,1.3037
1/9/2007,1.29935
1/10/2007,1.2936
1/11/2007,1.2893
1/12/2007,1.292
1/13/2007,1.292
1/14/2007,1.292
1/15/2007,1.2933
1/16/2007,1.29155
1/17/2007,1.2936
1/18/2007,1.296
1/19/2007,1.2955
1/20/2007,1.2955
1/21/2007,1.2955
1/22/2007,1.295
1/23/2007,1.302
1/24/2007,1.2961
1/25/2007,1.2934
1/26/2007,1.291
1/27/2007,1.291
1/28/2007,1.291
1/29/2007,1.296
1/30/2007,1.2963
1/31/2007,1.3021
2/1/2007,1.30155
2/2/2007,1.296
2/3/2007,1.296
2/4/2007,1.296
2/5/2007,1.2931
2/6/2007,1.2983
2/7/2007,1.3022
2/8/2007,1.3036
2/9/2007,1.3004
2/10/2007,1.3004
2/11/2007,1.3004
2/12/2007,1.2958
2/13/2007,1.3029
2/14/2007,1.3137
2/15/2007,1.3132
2/16/2007,1.3141
2/17/2007,1.3141
2/18/2007,1.3141
2/19/2007,1.3151
2/20/2007,1.3144
2/21/2007,1.3137
2/22/2007,1.3125
2/23/2007,1.3166
2/24/2007,1.3166
2/25/2007,1.3166
2/26/2007,1.3193
2/27/2007,1.323
2/28/2007,1.32265
3/1/2007,1.3169
3/2/2007,1.3161
3/3/2007,1.3161
3/4/2007,1.3161
3/5/2007,1.3085
3/6/2007,1.3136
3/7/2007,1.3175
3/8/2007,1.31365
3/9/2007,1.3114
3/10/2007,1.3114
3/11/2007,1.3114
3/12/2007,1.3185
3/13/2007,1.3184
3/14/2007,1.3232
3/15/2007,1.328
3/16/2007,1.3315
3/17/2007,1.3315
3/18/2007,1.3315
3/19/2007,1.3308
3/20/2007,1.3315
3/21/2007,1.3396
3/22/2007,1.3332
3/23/2007,1.3281
3/24/2007,1.3281
3/25/2007,1.3281
3/26/2007,1.3329
3/27/2007,1.3361
3/28/2007,1.3312
3/29/2007,1.3332
3/30/2007,1.3356
3/31/2007,1.3356
4/1/2007,1.3356
4/2/2007,1.3368
4/3/2007,1.3322
4/4/2007,1.3372
4/5/2007,1.3428
4/6/2007,1.3398
4/7/2007,1.3398
4/8/2007,1.3398
4/9/2007,1.3353
4/10/2007,1.3427
4/11/2007,1.3436
4/12/2007,1.3488
4/13/2007,1.3526
4/14/2007,1.3526
4/15/2007,1.3526
4/16/2007,1.3527
4/17/2007,1.357
4/18/2007,1.3613
4/19/2007,1.3622
4/20/2007,1.3584
4/21/2007,1.3584
4/22/2007,1.3584
4/23/2007,1.358
4/24/2007,1.3631
4/25/2007,1.3634
4/26/2007,1.3587
4/27/2007,1.3652
4/28/2007,1.3652
4/29/2007,1.3652
4/30/2007,1.3649
5/1/2007,1.3596
5/2/2007,1.3586
5/3/2007,1.3553
5/4/2007,1.3585
5/5/2007,1.3585
5/6/2007,1.3585
5/7/2007,1.3596
5/8/2007,1.3538
5/9/2007,1.3524
5/10/2007,1.3479
5/11/2007,1.3524
5/12/2007,1.3524
5/13/2007,1.3524
5/14/2007,1.3541
5/15/2007,1.3591
5/16/2007,1.352
5/17/2007,1.3493
5/18/2007,1.351
5/19/2007,1.351
5/20/2007,1.351
5/21/2007,1.3465
5/22/2007,1.3449
5/23/2007,1.3456
5/24/2007,1.3426
5/25/2007,1.3445
5/26/2007,1.3445
5/27/2007,1.3445
5/28/2007,1.3449
5/29/2007,1.3443
5/30/2007,1.3428
5/31/2007,1.3454
6/1/2007,1.3436
6/2/2007,1.3436
6/3/2007,1.3436
6/4/2007,1.3488
6/5/2007,1.3516
6/6/2007,1.3492
6/7/2007,1.3425
6/8/2007,1.3373
6/9/2007,1.3373
6/10/2007,1.3373
6/11/2007,1.3353
6/12/2007,1.3303
6/13/2007,1.3308
6/14/2007,1.3313
6/15/2007,1.3375
6/16/2007,1.3375
6/17/2007,1.3375
6/18/2007,1.3414
6/19/2007,1.342
6/20/2007,1.3393
6/21/2007,1.3391
6/22/2007,1.3466
6/23/2007,1.3466
6/24/2007,1.3466
6/25/2007,1.3464
6/26/2007,1.3446
6/27/2007,1.3453
6/28/2007,1.3445
6/29/2007,1.3533
6/30/2007,1.3533
7/1/2007,1.3533
7/2/2007,1.3631
7/3/2007,1.361
7/4/2007,1.3612
7/5/2007,1.3594
7/6/2007,1.3623
7/7/2007,1.3623
7/8/2007,1.3623
7/9/2007,1.3622
7/10/2007,1.3762
7/11/2007,1.375
7/12/2007,1.3783
7/13/2007,1.3781
7/14/2007,1.3781
7/15/2007,1.3781
7/16/2007,1.3773
7/17/2007,1.3788
7/18/2007,1.3806
7/19/2007,1.3795
7/20/2007,1.3826
7/21/2007,1.3826
7/22/2007,1.3826
7/23/2007,1.3802
7/24/2007,1.3827
7/25/2007,1.3721
7/26/2007,1.3747
7/27/2007,1.3633
7/28/2007,1.3633
7/29/2007,1.3633
7/30/2007,1.37097
7/31/2007,1.3669
8/1/2007,1.3673
8/2/2007,1.3704
8/3/2007,1.3786
8/4/2007,1.3786
8/5/2007,1.3786
8/6/2007,1.3794
8/7/2007,1.3739
8/8/2007,1.3801
8/9/2007,1.3671
8/10/2007,1.3695
8/11/2007,1.3695
8/12/2007,1.3695
8/13/2007,1.3609
8/14/2007,1.3532
8/15/2007,1.3424
8/16/2007,1.3424
8/17/2007,1.3491
8/18/2007,1.3491
8/19/2007,1.3491
8/20/2007,1.347
8/21/2007,1.3455
8/22/2007,1.3545
8/23/2007,1.3554
8/24/2007,1.3663
8/25/2007,1.3663
8/26/2007,1.3663
8/27/2007,1.3635
8/28/2007,1.3596
8/29/2007,1.36706
8/30/2007,1.3642
8/31/2007,1.3621
9/1/2007,1.3621
9/2/2007,1.3621
9/3/2007,1.3611
9/4/2007,1.3617
9/5/2007,1.3653
9/6/2007,1.36935
9/7/2007,1.3767
9/8/2007,1.3767
9/9/2007,1.3767
9/10/2007,1.3767
9/11/2007,1.3834
9/12/2007,1.3906
9/13/2007,1.3866
9/14/2007,1.3874
9/15/2007,1.3874
9/16/2007,1.3874
9/17/2007,1.3863
9/18/2007,1.3977
9/19/2007,1.3966
9/20/2007,1.4075
9/21/2007,1.4089
9/22/2007,1.4089
9/23/2007,1.4089
9/24/2007,1.4072
9/25/2007,1.4148
9/26/2007,1.413
9/27/2007,1.4148
9/28/2007,1.426
9/29/2007,1.426
9/30/2007,1.426
10/1/2007,1.4232
10/2/2007,1.4149
10/3/2007,1.4097
10/4/2007,1.4132
10/5/2007,1.4131
10/6/2007,1.4131
10/7/2007,1.4131
10/8/2007,1.4046
10/9/2007,1.4105
10/10/2007,1.4138
10/11/2007,1.4198
10/12/2007,1.4186
10/13/2007,1.4186
10/14/2007,1.4186
10/15/2007,1.42
10/16/2007,1.4174
10/17/2007,1.4213
10/18/2007,1.4293
10/19/2007,1.4293
10/20/2007,1.4293
10/21/2007,1.4293
10/22/2007,1.41781
10/23/2007,1.4255
10/24/2007,1.4259
10/25/2007,1.4322
10/26/2007,1.4391
10/27/2007,1.4391
10/28/2007,1.4391
10/29/2007,1.4414
10/30/2007,1.4439
10/31/2007,1.4469
11/1/2007,1.4423
11/2/2007,1.4486
11/3/2007,1.4486
11/4/2007,1.4486
11/5/2007,1.4475
11/6/2007,1.4561
11/7/2007,1.4619
11/8/2007,1.4676
11/9/2007,1.4673
11/10/2007,1.4673
11/11/2007,1.4673
11/12/2007,1.4522
11/13/2007,1.4618
11/14/2007,1.4649
11/15/2007,1.4617
11/16/2007,1.4632
11/17/2007,1.4632
11/18/2007,1.4632
11/19/2007,1.4667
11/20/2007,1.4831
11/21/2007,1.4856
11/22/2007,1.4852
11/23/2007,1.4799
11/24/2007,1.4799
11/25/2007,1.4799
11/26/2007,1.4799
11/27/2007,1.4835
11/28/2007,1.4838
11/29/2007,1.4756
11/30/2007,1.4694
12/1/2007,1.4694
12/2/2007,1.4694
12/3/2007,1.4666
12/4/2007,1.4763
12/5/2007,1.45961
12/6/2007,1.4654
12/7/2007,1.4659
12/8/2007,1.4659
12/9/2007,1.4659
12/10/2007,1.4708
12/11/2007,1.4659
12/12/2007,1.4711
12/13/2007,1.4625
12/14/2007,1.4424
12/15/2007,1.4424
12/16/2007,1.4424
12/17/2007,1.441
12/18/2007,1.4418
12/19/2007,1.4383
12/20/2007,1.433
12/21/2007,1.438
12/22/2007,1.438
12/23/2007,1.438
12/24/2007,1.4394
12/25/2007,1.4392
12/26/2007,1.4487
12/27/2007,1.461
12/28/2007,1.4712
12/29/2007,1.4712
12/30/2007,1.4712
12/31/2007,1.4596
1/1/2008,1.4618
1/2/2008,1.4716
1/3/2008,1.4743
1/4/2008,1.4737
1/5/2008,1.4737
1/6/2008,1.4737
1/7/2008,1.468
1/8/2008,1.4704
1/9/2008,1.46615
1/10/2008,1.4798
1/11/2008,1.4784
1/12/2008,1.4784
1/13/2008,1.4784
1/14/2008,1.4865
1/15/2008,1.48003
1/16/2008,1.4659
1/17/2008,1.4638
1/18/2008,1.4615
1/19/2008,1.4615
1/20/2008,1.4615
1/21/2008,1.4615
1/22/2008,1.4642
1/23/2008,1.46255
1/24/2008,1.4771
1/25/2008,1.4669
1/26/2008,1.4669
1/27/2008,1.4669
1/28/2008,1.4785
1/29/2008,1.4766
1/30/2008,1.4826
1/31/2008,1.4861
2/1/2008,1.4803
2/2/2008,1.4803
2/3/2008,1.4803
2/4/2008,1.4826
2/5/2008,1.4634
2/6/2008,1.4612
2/7/2008,1.4476
2/8/2008,1.4501
2/9/2008,1.4501
2/10/2008,1.4501
2/11/2008,1.4499
2/12/2008,1.4577
2/13/2008,1.4552
2/14/2008,1.464
2/15/2008,1.467
2/16/2008,1.467
2/17/2008,1.467
2/18/2008,1.4647
2/19/2008,1.4728
2/20/2008,1.4721
2/21/2008,1.4811
2/22/2008,1.4824
2/23/2008,1.4824
2/24/2008,1.4824
2/25/2008,1.4832
2/26/2008,1.4996
2/27/2008,1.5114
2/28/2008,1.5188
2/29/2008,1.5173
3/1/2008,1.5173
3/2/2008,1.5173
3/3/2008,1.5197
3/4/2008,1.5206
3/5/2008,1.5276
3/6/2008,1.5383
3/7/2008,1.5348
3/8/2008,1.5348
3/9/2008,1.5348
3/10/2008,1.5337
3/11/2008,1.5338
3/12/2008,1.5541
3/13/2008,1.562
3/14/2008,1.5612
3/15/2008,1.5612
3/16/2008,1.5612
3/17/2008,1.5742
3/18/2008,1.5654
3/19/2008,1.5638
3/20/2008,1.5434
3/21/2008,1.5694
3/22/2008,1.5694
3/23/2008,1.5694
3/24/2008,1.5433
3/25/2008,1.5608
3/26/2008,1.5819
3/27/2008,1.5808
3/28/2008,1.5755
3/29/2008,1.5755
3/30/2008,1.5755
3/31/2008,1.5756
4/1/2008,1.5756
4/2/2008,1.5674
4/3/2008,1.5662
4/4/2008,1.5731
4/5/2008,1.5731
4/6/2008,1.5731
4/7/2008,1.5702
4/8/2008,1.5691
4/9/2008,1.5822
4/10/2008,1.574
4/11/2008,1.582
4/12/2008,1.582
4/13/2008,1.582
4/14/2008,1.5822
4/15/2008,1.5782
4/16/2008,1.5951
4/17/2008,1.5899
4/18/2008,1.5732
4/19/2008,1.5732
4/20/2008,1.5732
4/21/2008,1.5909
4/22/2008,1.5984
4/23/2008,1.5873
4/24/2008,1.5683
4/25/2008,1.5631
4/26/2008,1.5631
4/27/2008,1.5631
4/28/2008,1.5649
4/29/2008,1.5564
4/30/2008,1.5619
5/1/2008,1.5619
5/2/2008,1.5428
5/3/2008,1.5428
5/4/2008,1.5428
5/5/2008,1.5495
5/6/2008,1.5533
5/7/2008,1.5379
5/8/2008,1.5398
5/9/2008,1.5486
5/10/2008,1.5486
5/11/2008,1.5486
5/12/2008,1.5533
5/13/2008,1.5471
5/14/2008,1.5466
5/15/2008,1.545
5/16/2008,1.5575
5/17/2008,1.5575
5/18/2008,1.5575
5/19/2008,1.5526
5/20/2008,1.5649
5/21/2008,1.5784
5/22/2008,1.5729
5/23/2008,1.5779
5/24/2008,1.5779
5/25/2008,1.5779
5/26/2008,1.5775
5/27/2008,1.569
5/28/2008,1.5652
5/29/2008,1.5512
5/30/2008,1.5539
5/31/2008,1.5539
6/1/2008,1.5539
6/2/2008,1.5543
6/3/2008,1.5449
6/4/2008,1.543
6/5/2008,1.5584
6/6/2008,1.5777
6/7/2008,1.5777
6/8/2008,1.5777
6/9/2008,1.5644
6/10/2008,1.5459
6/11/2008,1.5552
6/12/2008,1.5456
6/13/2008,1.5378
6/14/2008,1.5378
6/15/2008,1.5378
6/16/2008,1.5471
6/17/2008,1.5518
6/18/2008,1.5537
6/19/2008,1.5505
6/20/2008,1.5622
6/21/2008,1.5622
6/22/2008,1.5622
6/23/2008,1.5521
6/24/2008,1.5566
6/25/2008,1.5671
6/26/2008,1.575
6/27/2008,1.5747
6/28/2008,1.5747
6/29/2008,1.5747
6/30/2008,1.5747
7/1/2008,1.5747
7/2/2008,1.5876
7/3/2008,1.5696
7/4/2008,1.5708
7/5/2008,1.5708
7/6/2008,1.5708
7/7/2008,1.5717
7/8/2008,1.5663
7/9/2008,1.5733
7/10/2008,1.5782
7/11/2008,1.5941
7/12/2008,1.5941
7/13/2008,1.5941
7/14/2008,1.5887
7/15/2008,1.5898
7/16/2008,1.582
7/17/2008,1.585
7/18/2008,1.5852
7/19/2008,1.5852
7/20/2008,1.5852
7/21/2008,1.5911
7/22/2008,1.579
7/23/2008,1.5689
7/24/2008,1.5687
7/25/2008,1.5671
7/26/2008,1.5671
7/27/2008,1.5671
7/28/2008,1.5738
7/29/2008,1.5588
7/30/2008,1.557
7/31/2008,1.5589
8/1/2008,1.5559
8/2/2008,1.5565
8/3/2008,1.5567
8/4/2008,1.5564
8/5/2008,1.5465
8/6/2008,1.5423
8/7/2008,1.5311
8/8/2008,1.5038
8/9/2008,1.5045
8/10/2008,1.4934
8/11/2008,1.4912
8/12/2008,1.4896
8/13/2008,1.49
8/14/2008,1.4776
8/15/2008,1.4694
8/16/2008,1.4694
8/17/2008,1.4688
8/18/2008,1.4696
8/19/2008,1.4793
8/20/2008,1.475
8/21/2008,1.4889
8/22/2008,1.4807
8/23/2008,1.48
8/24/2008,1.4779
8/25/2008,1.4726
8/26/2008,1.4644
8/27/2008,1.4722
8/28/2008,1.471
8/29/2008,1.4665
8/30/2008,1.4665
8/31/2008,1.4665
9/1/2008,1.4574
9/2/2008,1.4515
9/3/2008,1.4484
9/4/2008,1.4252
9/5/2008,1.4269
9/6/2008,1.4269
9/7/2008,1.4269
9/8/2008,1.4148
9/9/2008,1.4147
9/10/2008,1.3979
9/11/2008,1.3997
9/12/2008,1.4227
9/13/2008,1.4227
9/14/2008,1.4227
9/15/2008,1.4263
9/16/2008,1.4132
9/17/2008,1.4326
9/18/2008,1.4299
9/19/2008,1.4458
9/20/2008,1.4458
9/21/2008,1.4458
9/22/2008,1.4791
9/23/2008,1.4685
9/24/2008,1.463
9/25/2008,1.464
9/26/2008,1.4586
9/27/2008,1.4586
9/28/2008,1.4586
9/29/2008,1.4392
9/30/2008,1.4093
10/1/2008,1.4017
10/2/2008,1.3802
10/3/2008,1.3779
10/4/2008,1.3779
10/5/2008,1.3779
10/6/2008,1.3506
10/7/2008,1.3582
10/8/2008,1.3632
10/9/2008,1.3594
10/10/2008,1.3394
10/11/2008,1.3394
10/12/2008,1.3394
10/13/2008,1.3619
10/14/2008,1.3613
10/15/2008,1.3442
10/16/2008,1.3486
10/17/2008,1.3407
10/18/2008,1.3407
10/19/2008,1.3407
10/20/2008,1.331
10/21/2008,1.3057
10/22/2008,1.2813
10/23/2008,1.2944
10/24/2008,1.2622
10/25/2008,1.2622
10/26/2008,1.2622
10/27/2008,1.2464
10/28/2008,1.281
10/29/2008,1.2956
10/30/2008,1.2871
10/31/2008,1.2693
11/1/2008,1.2693
11/2/2008,1.2693
11/3/2008,1.2616
11/4/2008,1.2982
11/5/2008,1.2911
11/6/2008,1.2693
11/7/2008,1.2709
11/8/2008,1.2709
11/9/2008,1.2709
11/10/2008,1.2744
11/11/2008,1.2514
11/12/2008,1.2457
11/13/2008,1.2786
11/14/2008,1.2593
11/15/2008,1.2593
11/16/2008,1.2593
11/17/2008,1.2641
11/18/2008,1.2634
11/19/2008,1.2503
11/20/2008,1.2437
11/21/2008,1.2584
11/22/2008,1.2584
11/23/2008,1.2584
11/24/2008,1.2912
11/25/2008,1.3028
11/26/2008,1.2895
11/27/2008,1.2892
11/28/2008,1.2693
11/29/2008,1.2693
11/30/2008,1.2693
12/1/2008,1.2596
12/2/2008,1.2706
12/3/2008,1.2703
12/4/2008,1.2774
12/5/2008,1.2715
12/6/2008,1.2715
12/7/2008,1.2715
12/8/2008,1.291
12/9/2008,1.2925
12/10/2008,1.3013
12/11/2008,1.3327
12/12/2008,1.3348
12/13/2008,1.3348
12/14/2008,1.3348
12/15/2008,1.3693
12/16/2008,1.4061
12/17/2008,1.4404
12/18/2008,1.429
12/19/2008,1.3921
12/20/2008,1.3921
12/21/2008,1.3921
12/22/2008,1.3955
12/23/2008,1.3937
12/24/2008,1.4
12/25/2008,1.4013
12/26/2008,1.4023
12/27/2008,1.4023
12/28/2008,1.4023
12/29/2008,1.4032
12/30/2008,1.4139
12/31/2008,1.3974
1/1/2009,1.3996
1/2/2009,1.3918
1/3/2009,1.3918
1/4/2009,1.3918
1/5/2009,1.3636
1/6/2009,1.3498
1/7/2009,1.3612
1/8/2009,1.3697
1/9/2009,1.3452
1/10/2009,1.3452
1/11/2009,1.3452
1/12/2009,1.3357
1/13/2009,1.3205
1/14/2009,1.3207
1/15/2009,1.3158
1/16/2009,1.3287
1/17/2009,1.3287
1/18/2009,1.3287
1/19/2009,1.3091
1/20/2009,1.2885
1/21/2009,1.2994
1/22/2009,1.3003
1/23/2009,1.2965
1/24/2009,1.2965
1/25/2009,1.2965
1/26/2009,1.3186
1/27/2009,1.3213
1/28/2009,1.3147
1/29/2009,1.2939
1/30/2009,1.2833
1/31/2009,1.2833
2/1/2009,1.2833
2/2/2009,1.2811
2/3/2009,1.301
2/4/2009,1.2854
2/5/2009,1.2786
2/6/2009,1.2922
2/7/2009,1.2922
2/8/2009,1.2922
2/9/2009,1.2964
2/10/2009,1.291
2/11/2009,1.2861
2/12/2009,1.2884
2/13/2009,1.2862
2/14/2009,1.2862
2/15/2009,1.2862
2/16/2009,1.2798
2/17/2009,1.2584
2/18/2009,1.2564
2/19/2009,1.2655
2/20/2009,1.2929
2/21/2009,1.2929
2/22/2009,1.2929
2/23/2009,1.2683
2/24/2009,1.2868
2/25/2009,1.2716
2/26/2009,1.2718
2/27/2009,1.2676
2/28/2009,1.2676
3/1/2009,1.2676
3/2/2009,1.2562
3/3/2009,1.253
3/4/2009,1.2632
3/5/2009,1.2545
3/6/2009,1.2635
3/7/2009,1.2635
3/8/2009,1.2635
3/9/2009,1.262
3/10/2009,1.2714
3/11/2009,1.2803
3/12/2009,1.2896
3/13/2009,1.2927
3/14/2009,1.2927
3/15/2009,1.2927
3/16/2009,1.297
3/17/2009,1.303
3/18/2009,1.3487
3/19/2009,1.3661
3/20/2009,1.3579
3/21/2009,1.3579
3/22/2009,1.3579
3/23/2009,1.3617
3/24/2009,1.348
3/25/2009,1.3575
3/26/2009,1.3527
3/27/2009,1.3289
3/28/2009,1.3289
3/29/2009,1.3289
3/30/2009,1.3182
3/31/2009,1.3243
4/1/2009,1.3237
4/2/2009,1.3458
4/3/2009,1.3486
4/4/2009,1.3486
4/5/2009,1.3486
4/6/2009,1.3404
4/7/2009,1.3277
4/8/2009,1.325
4/9/2009,1.3153
4/10/2009,1.3173
4/11/2009,1.3173
4/12/2009,1.3173
4/13/2009,1.3364
4/14/2009,1.3271
4/15/2009,1.3225
4/16/2009,1.3179
4/17/2009,1.304
4/18/2009,1.304
4/19/2009,1.304
4/20/2009,1.2925
4/21/2009,1.2931
4/22/2009,1.3001
4/23/2009,1.3138
4/24/2009,1.3255
4/25/2009,1.3255
4/26/2009,1.3255
4/27/2009,1.302
4/28/2009,1.3128
4/29/2009,1.3262
4/30/2009,1.3232
5/1/2009,1.3261
5/2/2009,1.3261
5/3/2009,1.3261
5/4/2009,1.3416
5/5/2009,1.3313
5/6/2009,1.331
5/7/2009,1.3392
5/8/2009,1.3637
5/9/2009,1.3637
5/10/2009,1.3637
5/11/2009,1.3588
5/12/2009,1.3644
5/13/2009,1.3589
5/14/2009,1.3633
5/15/2009,1.3499
5/16/2009,1.3499
5/17/2009,1.3499
5/18/2009,1.3554
5/19/2009,1.363
5/20/2009,1.3771
5/21/2009,1.3903
5/22/2009,1.4
5/23/2009,1.4
5/24/2009,1.4
5/25/2009,1.4006
5/26/2009,1.3991
5/27/2009,1.383
5/28/2009,1.3928
5/29/2009,1.4154
5/30/2009,1.4154
5/31/2009,1.4154
6/1/2009,1.4161
6/2/2009,1.4303
6/3/2009,1.4155
6/4/2009,1.4174
6/5/2009,1.3969
6/6/2009,1.3969
6/7/2009,1.3969
6/8/2009,1.3904
6/9/2009,1.4057
6/10/2009,1.3981
6/11/2009,1.4106
6/12/2009,1.4
6/13/2009,1.4
6/14/2009,1.4
6/15/2009,1.3783
6/16/2009,1.3827
6/17/2009,1.3935
6/18/2009,1.3912
6/19/2009,1.3945
6/20/2009,1.3945
6/21/2009,1.3945
6/22/2009,1.3862
6/23/2009,1.4073
6/24/2009,1.394
6/25/2009,1.3983
6/26/2009,1.4047
6/27/2009,1.4047
6/28/2009,1.4047
6/29/2009,1.4084
6/30/2009,1.4037
7/1/2009,1.4145
7/2/2009,1.3962
7/3/2009,1.3957
7/4/2009,1.3986
7/5/2009,1.396
7/6/2009,1.3991
7/7/2009,1.3897
7/8/2009,1.3862
7/9/2009,1.4009
7/10/2009,1.3931
7/11/2009,1.3936
7/12/2009,1.3973
7/13/2009,1.4004
7/14/2009,1.3979
7/15/2009,1.4092
7/16/2009,1.4131
7/17/2009,1.4102
7/18/2009,1.4101
7/19/2009,1.4136
7/20/2009,1.421
7/21/2009,1.4196
7/22/2009,1.4202
7/23/2009,1.4161
7/24/2009,1.4209
7/25/2009,1.4201
7/26/2009,1.4193
7/27/2009,1.4243
7/28/2009,1.4145
7/29/2009,1.4015
7/30/2009,1.4083
7/31/2009,1.4254
8/1/2009,1.4254
8/2/2009,1.4287
8/3/2009,1.4408
8/4/2009,1.4414
8/5/2009,1.4409
8/6/2009,1.437
8/7/2009,1.4188
8/8/2009,1.4168
8/9/2009,1.4191
8/10/2009,1.413
8/11/2009,1.415
8/12/2009,1.4216
8/13/2009,1.4273
8/14/2009,1.4202
8/15/2009,1.4215
8/16/2009,1.4165
8/17/2009,1.4105
8/18/2009,1.4165
8/19/2009,1.4248
8/20/2009,1.4254
8/21/2009,1.4319
8/22/2009,1.4302
8/23/2009,1.4337
8/24/2009,1.4292
8/25/2009,1.4282
8/26/2009,1.4236
8/27/2009,1.4369
8/28/2009,1.4354
8/29/2009,1.4302
8/30/2009,1.4303
8/31/2009,1.4335
9/1/2009,1.4206
9/2/2009,1.4271
9/3/2009,1.4255
9/4/2009,1.4292
9/5/2009,1.4274
9/6/2009,1.432
9/7/2009,1.4333
9/8/2009,1.4499
9/9/2009,1.4547
9/10/2009,1.4579
9/11/2009,1.4579
9/12/2009,1.4579
9/13/2009,1.4575
9/14/2009,1.4638
9/15/2009,1.467
9/16/2009,1.4707
9/17/2009,1.4731
9/18/2009,1.4707
9/19/2009,1.4703
9/20/2009,1.4702
9/21/2009,1.4682
9/22/2009,1.4809
9/23/2009,1.4727
9/24/2009,1.465
9/25/2009,1.4681
9/26/2009,1.4681
9/27/2009,1.4708
9/28/2009,1.4621
9/29/2009,1.4593
9/30/2009,1.4653
10/1/2009,1.4514
10/2/2009,1.4586
10/3/2009,1.4586
10/4/2009,1.4598
10/5/2009,1.4657
10/6/2009,1.472
10/7/2009,1.4714
10/8/2009,1.4772
10/9/2009,1.4728
10/10/2009,1.4714
10/11/2009,1.4719
10/12/2009,1.4789
10/13/2009,1.4848
10/14/2009,1.4931
10/15/2009,1.4954
10/16/2009,1.4902
10/17/2009,1.489
10/18/2009,1.4893
10/19/2009,1.4967
10/20/2009,1.493
10/21/2009,1.5012
10/22/2009,1.5039
10/23/2009,1.5007
10/24/2009,1.5007
10/25/2009,1.4989
10/26/2009,1.4857
10/27/2009,1.4819
10/28/2009,1.4714
10/29/2009,1.4838
10/30/2009,1.4729
10/31/2009,1.4729
11/1/2009,1.4729
11/2/2009,1.4771
11/3/2009,1.4729
11/4/2009,1.4864
11/5/2009,1.4875
11/6/2009,1.484
11/7/2009,1.484
11/8/2009,1.484
11/9/2009,1.5004
11/10/2009,1.4989
11/11/2009,1.4981
11/12/2009,1.4854
11/13/2009,1.4903
11/14/2009,1.4903
11/15/2009,1.4903
11/16/2009,1.498
11/17/2009,1.4875
11/18/2009,1.4951
11/19/2009,1.4913
11/20/2009,1.486
11/21/2009,1.486
11/22/2009,1.486
11/23/2009,1.4956
11/24/2009,1.4965
11/25/2009,1.5126
11/26/2009,1.4973
11/27/2009,1.4983
11/28/2009,1.4983
11/29/2009,1.4983
11/30/2009,1.5036
12/1/2009,1.5086
12/2/2009,1.5068
12/3/2009,1.5063
12/4/2009,1.4855
12/5/2009,1.4855
12/6/2009,1.4855
12/7/2009,1.4837
12/8/2009,1.4685
12/9/2009,1.4736
12/10/2009,1.4727
12/11/2009,1.4616
12/12/2009,1.4616
12/13/2009,1.4616
12/14/2009,1.4655
12/15/2009,1.454
12/16/2009,1.4523
12/17/2009,1.4342
12/18/2009,1.4344
12/19/2009,1.4344
12/20/2009,1.4344
12/21/2009,1.4286
12/22/2009,1.4253
12/23/2009,1.4335
12/24/2009,1.4378
12/25/2009,1.438
12/26/2009,1.438
12/27/2009,1.438
12/28/2009,1.4372
12/29/2009,1.4341
12/30/2009,1.4338
12/31/2009,1.43
1/1/2010,1.4287
1/2/2010,1.4287
1/3/2010,1.4317
1/4/2010,1.4422
1/5/2010,1.4361
1/6/2010,1.4398
1/7/2010,1.4315
1/8/2010,1.4408
1/9/2010,1.4402
1/10/2010,1.4463
1/11/2010,1.4509
1/12/2010,1.4475
1/13/2010,1.4522
1/14/2010,1.4497
1/15/2010,1.4386
1/16/2010,1.4386
1/17/2010,1.4368
1/18/2010,1.4404
1/19/2010,1.4277
1/20/2010,1.411
1/21/2010,1.4096
1/22/2010,1.4137
1/23/2010,1.415
1/24/2010,1.4153
1/25/2010,1.4146
1/26/2010,1.4076
1/27/2010,1.4029
1/28/2010,1.39648
1/29/2010,1.3861
1/30/2010,1.3861
1/31/2010,1.3874
2/1/2010,1.3924
2/2/2010,1.3973
2/3/2010,1.3899
2/4/2010,1.3743
2/5/2010,1.3675
2/6/2010,1.3604
2/7/2010,1.3638
2/8/2010,1.3654
2/9/2010,1.378
2/10/2010,1.3748
2/11/2010,1.3682
2/12/2010,1.3634
2/13/2010,1.36161
2/14/2010,1.3621
2/15/2010,1.3599
2/16/2010,1.3763
2/17/2010,1.3603
2/18/2010,1.3462
2/19/2010,1.3612
2/20/2010,1.3535
2/21/2010,1.3626
2/22/2010,1.36002
2/23/2010,1.3524
2/24/2010,1.3541
2/25/2010,1.3535
2/26/2010,1.3623
2/27/2010,1.3657
2/28/2010,1.3634
3/1/2010,1.35616
3/2/2010,1.3617
3/3/2010,1.3699
3/4/2010,1.358
3/5/2010,1.3621
3/6/2010,1.3606
3/7/2010,1.3636
3/8/2010,1.3616
3/9/2010,1.3603
3/10/2010,1.3641
3/11/2010,1.3684
3/12/2010,1.3765
3/13/2010,1.3765
3/14/2010,1.3773
3/15/2010,1.3675
3/16/2010,1.3769
3/17/2010,1.3738
3/18/2010,1.36124
3/19/2010,1.353
3/20/2010,1.353
3/21/2010,1.3511
3/22/2010,1.3565
3/23/2010,1.3466
3/24/2010,1.3327
3/25/2010,1.33029
3/26/2010,1.34079
3/27/2010,1.3387
3/28/2010,1.3447
3/29/2010,1.3476
3/30/2010,1.34223
3/31/2010,1.3506
4/1/2010,1.358
4/2/2010,1.3499
4/3/2010,1.3499
4/4/2010,1.3495
4/5/2010,1.3485
4/6/2010,1.3398
4/7/2010,1.3345
4/8/2010,1.3356
4/9/2010,1.3499
4/10/2010,1.3499
4/11/2010,1.3625
4/12/2010,1.35942
4/13/2010,1.3607
4/14/2010,1.3654
4/15/2010,1.35708
4/16/2010,1.35
4/17/2010,1.3483
4/18/2010,1.3486
4/19/2010,1.34866
4/20/2010,1.3433
4/21/2010,1.3386
4/22/2010,1.3268
4/23/2010,1.3381
4/24/2010,1.3381
4/25/2010,1.3356
4/26/2010,1.34
4/27/2010,1.3169
4/28/2010,1.3211
4/29/2010,1.3261
4/30/2010,1.3292
5/1/2010,1.33
5/2/2010,1.332
5/3/2010,1.31978
5/4/2010,1.2963
5/5/2010,1.2811
5/6/2010,1.2632
5/7/2010,1.2757
5/8/2010,1.2718
5/9/2010,1.28734
5/10/2010,1.2777
5/11/2010,1.2626
5/12/2010,1.2635
5/13/2010,1.2539
5/14/2010,1.2359
5/15/2010,1.2359
5/16/2010,1.2366
5/17/2010,1.23906
5/18/2010,1.21779
5/19/2010,1.23884
5/20/2010,1.2478
5/21/2010,1.2583
5/22/2010,1.2583
5/23/2010,1.2533
5/24/2010,1.2348
5/25/2010,1.2342
5/26/2010,1.21702
5/27/2010,1.2343
5/28/2010,1.2269
5/29/2010,1.2366
5/30/2010,1.2267
5/31/2010,1.2286
6/1/2010,1.2231
6/2/2010,1.2236
6/3/2010,1.2166
6/4/2010,1.1969
6/5/2010,1.1997
6/6/2010,1.1931
6/7/2010,1.1922
6/8/2010,1.1969
6/9/2010,1.1989
6/10/2010,1.2107
6/11/2010,1.211
6/12/2010,1.2116
6/13/2010,1.2139
6/14/2010,1.2215
6/15/2010,1.2317
6/16/2010,1.231
6/17/2010,1.2379
6/18/2010,1.2388
6/19/2010,1.23728
6/20/2010,1.2411
6/21/2010,1.2313
6/22/2010,1.22708
6/23/2010,1.2316
6/24/2010,1.2336
6/25/2010,1.2374
6/26/2010,1.2374
6/27/2010,1.2377
6/28/2010,1.2273
6/29/2010,1.2186
6/30/2010,1.2228
7/1/2010,1.25049
7/2/2010,1.2563
7/3/2010,1.2574
7/4/2010,1.2558
7/5/2010,1.2534
7/6/2010,1.262
7/7/2010,1.2632
7/8/2010,1.2689
7/9/2010,1.2637
7/10/2010,1.2642
7/11/2010,1.2644
7/12/2010,1.25876
7/13/2010,1.27193
7/14/2010,1.27399
7/15/2010,1.2923
7/16/2010,1.2926
7/17/2010,1.2918
7/18/2010,1.29
7/19/2010,1.29367
7/20/2010,1.2891
7/21/2010,1.27662
7/22/2010,1.29001
7/23/2010,1.2901
7/24/2010,1.2862
7/25/2010,1.2886
7/26/2010,1.2996
7/27/2010,1.2989
7/28/2010,1.2991
7/29/2010,1.30759
7/30/2010,1.3049
7/31/2010,1.3038
8/1/2010,1.3057
8/2/2010,1.3173
8/3/2010,1.3223
8/4/2010,1.3156
8/5/2010,1.3178
8/6/2010,1.328
8/7/2010,1.3278
8/8/2010,1.3283
8/9/2010,1.323
8/10/2010,1.31849
8/11/2010,1.2839
8/12/2010,1.28293
8/13/2010,1.275
8/14/2010,1.276
8/15/2010,1.2768
8/16/2010,1.28139
8/17/2010,1.2878
8/18/2010,1.2853
8/19/2010,1.28062
8/20/2010,1.2707
8/21/2010,1.2711
8/22/2010,1.2707
8/23/2010,1.2631
8/24/2010,1.2633
8/25/2010,1.26632
8/26/2010,1.2705
8/27/2010,1.2731
8/28/2010,1.2764
8/29/2010,1.2752
8/30/2010,1.2661
8/31/2010,1.2684
9/1/2010,1.28
9/2/2010,1.2823
9/3/2010,1.2893
9/4/2010,1.2881
9/5/2010,1.2891
9/6/2010,1.2867
9/7/2010,1.2677
9/8/2010,1.273
9/9/2010,1.2695
9/10/2010,1.2708
9/11/2010,1.2727
9/12/2010,1.2717
9/13/2010,1.28695
9/14/2010,1.29898
9/15/2010,1.30139
9/16/2010,1.3078
9/17/2010,1.3034
9/18/2010,1.3044
9/19/2010,1.3041
9/20/2010,1.3063
9/21/2010,1.32554
9/22/2010,1.33921
9/23/2010,1.33165
9/24/2010,1.3489
9/25/2010,1.3489
9/26/2010,1.3474
9/27/2010,1.34377
9/28/2010,1.357
9/29/2010,1.3624
9/30/2010,1.3621
10/1/2010,1.3776
10/2/2010,1.379
10/3/2010,1.3777
10/4/2010,1.3672
10/5/2010,1.3835
10/6/2010,1.392
10/7/2010,1.3924
10/8/2010,1.3926
10/9/2010,1.3921
10/10/2010,1.3974
10/11/2010,1.3881
10/12/2010,1.3915
10/13/2010,1.3965
10/14/2010,1.4071
10/15/2010,1.3971
10/16/2010,1.3994
10/17/2010,1.3962
10/18/2010,1.3935
10/19/2010,1.3732
10/20/2010,1.3964
10/21/2010,1.3914
10/22/2010,1.3925
10/23/2010,1.3956
10/24/2010,1.3942
10/25/2010,1.3943
10/26/2010,1.38534
10/27/2010,1.3774
10/28/2010,1.3925
10/29/2010,1.3925
10/30/2010,1.3946
10/31/2010,1.3972
11/1/2010,1.3909
11/2/2010,1.40357
11/3/2010,1.4127
11/4/2010,1.4226
11/5/2010,1.403
11/6/2010,1.40307
11/7/2010,1.4073
11/8/2010,1.38704
11/9/2010,1.37693
11/10/2010,1.37759
11/11/2010,1.362
11/12/2010,1.3689
11/13/2010,1.3687
11/14/2010,1.3693
11/15/2010,1.3573
11/16/2010,1.3488
11/17/2010,1.3553
11/18/2010,1.3654
11/19/2010,1.3685
11/20/2010,1.36867
11/21/2010,1.3739
11/22/2010,1.35985
11/23/2010,1.33848
11/24/2010,1.33578
11/25/2010,1.3338
11/26/2010,1.3248
11/27/2010,1.3244
11/28/2010,1.32316
11/29/2010,1.3098
11/30/2010,1.2991
12/1/2010,1.3122
12/2/2010,1.32127
12/3/2010,1.3411
12/4/2010,1.3364
12/5/2010,1.3413
12/6/2010,1.3285
12/7/2010,1.3244
12/8/2010,1.3249
12/9/2010,1.3239
12/10/2010,1.3227
12/11/2010,1.3233
12/12/2010,1.3198
12/13/2010,1.3395
12/14/2010,1.3357
12/15/2010,1.3223
12/16/2010,1.3237
12/17/2010,1.3184
12/18/2010,1.3187
12/19/2010,1.3162
12/20/2010,1.3117
12/21/2010,1.309
12/22/2010,1.3113
12/23/2010,1.3125
12/24/2010,1.3121
12/25/2010,1.312
12/26/2010,1.3077
12/27/2010,1.31872
12/28/2010,1.30848
12/29/2010,1.32223
12/30/2010,1.3298
12/31/2010,1.3386
1/1/2011,1.3386
1/2/2011,1.3355
1/3/2011,1.33569
1/4/2011,1.3317
1/5/2011,1.3156
1/6/2011,1.2976
1/7/2011,1.2909
1/8/2011,1.2913
1/9/2011,1.2893
1/10/2011,1.2963
1/11/2011,1.29803
1/12/2011,1.3126
1/13/2011,1.3352
1/14/2011,1.3372
1/15/2011,1.3324
1/16/2011,1.338
1/17/2011,1.328
1/18/2011,1.3378
1/19/2011,1.345
1/20/2011,1.3467
1/21/2011,1.3613
1/22/2011,1.3577
1/23/2011,1.3615
1/24/2011,1.3641
1/25/2011,1.368
1/26/2011,1.3706
1/27/2011,1.37222
1/28/2011,1.3608
1/29/2011,1.3604
1/30/2011,1.3572
1/31/2011,1.3709
2/1/2011,1.3827
2/2/2011,1.3814
2/3/2011,1.3622
2/4/2011,1.3586
2/5/2011,1.358
2/6/2011,1.3573
2/7/2011,1.3591
2/8/2011,1.3625
2/9/2011,1.3718
2/10/2011,1.3602
2/11/2011,1.3546
2/12/2011,1.3546
2/13/2011,1.351
2/14/2011,1.3478
2/15/2011,1.34974
2/16/2011,1.3572
2/17/2011,1.3622
2/18/2011,1.3684
2/19/2011,1.367
2/20/2011,1.3712
2/21/2011,1.3679
2/22/2011,1.3674
2/23/2011,1.376
2/24/2011,1.3817
2/25/2011,1.3752
2/26/2011,1.3747
2/27/2011,1.3733
2/28/2011,1.38197
3/1/2011,1.3769
3/2/2011,1.3865
3/3/2011,1.3957
3/4/2011,1.398
3/5/2011,1.3984
3/6/2011,1.3987
3/7/2011,1.39635
3/8/2011,1.3897
3/9/2011,1.3901
3/10/2011,1.3798
3/11/2011,1.3902
3/12/2011,1.3861
3/13/2011,1.3938
3/14/2011,1.3992
3/15/2011,1.3986
3/16/2011,1.3883
3/17/2011,1.40306
3/18/2011,1.4181
3/19/2011,1.41814
3/20/2011,1.4169
3/21/2011,1.421
3/22/2011,1.4166
3/23/2011,1.4106
3/24/2011,1.41689
3/25/2011,1.4088
3/26/2011,1.4087
3/27/2011,1.4024
3/28/2011,1.40777
3/29/2011,1.4109
3/30/2011,1.412
3/31/2011,1.41578
4/1/2011,1.4234
4/2/2011,1.4238
4/3/2011,1.42217
4/4/2011,1.4217
4/5/2011,1.4219
4/6/2011,1.4334
4/7/2011,1.43
4/8/2011,1.4483
4/9/2011,1.4434
4/10/2011,1.4461
4/11/2011,1.4435
4/12/2011,1.4477
4/13/2011,1.4442
4/14/2011,1.4484
4/15/2011,1.4428
4/16/2011,1.4428
4/17/2011,1.44095
4/18/2011,1.4225
4/19/2011,1.4335
4/20/2011,1.45146
4/21/2011,1.4552
4/22/2011,1.4559
4/23/2011,1.456
4/24/2011,1.45548
4/25/2011,1.4576
4/26/2011,1.46845
4/27/2011,1.4775
4/28/2011,1.4841
4/29/2011,1.4807
4/30/2011,1.4817
5/1/2011,1.47876
5/2/2011,1.4824
5/3/2011,1.48301
5/4/2011,1.48265
5/5/2011,1.454
5/6/2011,1.4314
5/7/2011,1.4492
5/8/2011,1.4355
5/9/2011,1.4373
5/10/2011,1.4408
5/11/2011,1.4211
5/12/2011,1.4238
5/13/2011,1.4116
5/14/2011,1.4117
5/15/2011,1.40758
5/16/2011,1.4154
5/17/2011,1.4266
5/18/2011,1.4254
5/19/2011,1.4316
5/20/2011,1.4159
5/21/2011,1.417
5/22/2011,1.4103
5/23/2011,1.40364
5/24/2011,1.4097
5/25/2011,1.4083
5/26/2011,1.41314
5/27/2011,1.4301
5/28/2011,1.4284
5/29/2011,1.4296
5/30/2011,1.4324
5/31/2011,1.4426
6/1/2011,1.43415
6/2/2011,1.4484
6/3/2011,1.4633
6/4/2011,1.463
6/5/2011,1.4652
6/6/2011,1.4578
6/7/2011,1.4682
6/8/2011,1.45961
6/9/2011,1.45137
6/10/2011,1.4345
6/11/2011,1.4363
6/12/2011,1.433
6/13/2011,1.4415
6/14/2011,1.4449
6/15/2011,1.4182
6/16/2011,1.42
6/17/2011,1.431
6/18/2011,1.4324
6/19/2011,1.42882
6/20/2011,1.43244
6/21/2011,1.43798
6/22/2011,1.4312
6/23/2011,1.4266
6/24/2011,1.4177
6/25/2011,1.4186
6/26/2011,1.4169
6/27/2011,1.4312
6/28/2011,1.4354
6/29/2011,1.44827
6/30/2011,1.44939
7/1/2011,1.4524
7/2/2011,1.4505
7/3/2011,1.4536
7/4/2011,1.45475
7/5/2011,1.4422
7/6/2011,1.4328
7/7/2011,1.43676
7/8/2011,1.4262
7/9/2011,1.4263
7/10/2011,1.4201
7/11/2011,1.40389
7/12/2011,1.3967
7/13/2011,1.4235
7/14/2011,1.4154
7/15/2011,1.4155
7/16/2011,1.4154
7/17/2011,1.4123
7/18/2011,1.411
7/19/2011,1.41689
7/20/2011,1.42655
7/21/2011,1.4415
7/22/2011,1.4357
7/23/2011,1.4363
7/24/2011,1.4387
7/25/2011,1.437
7/26/2011,1.45042
7/27/2011,1.4369
7/28/2011,1.433
7/29/2011,1.4397
7/30/2011,1.4384
7/31/2011,1.4358
8/1/2011,1.4261
8/2/2011,1.41711
8/3/2011,1.43506
8/4/2011,1.4066
8/5/2011,1.428
8/6/2011,1.4155
8/7/2011,1.4304
8/8/2011,1.41699
8/9/2011,1.43753
8/10/2011,1.4126
8/11/2011,1.4224
8/12/2011,1.4249
8/13/2011,1.4249
8/14/2011,1.4249
8/15/2011,1.44399
8/16/2011,1.4396
8/17/2011,1.4427
8/18/2011,1.433
8/19/2011,1.4394
8/20/2011,1.4406
8/21/2011,1.4368
8/22/2011,1.43613
8/23/2011,1.4434
8/24/2011,1.4413
8/25/2011,1.4373
8/26/2011,1.4484
8/27/2011,1.4461
8/28/2011,1.4493
8/29/2011,1.4522
8/30/2011,1.44299
8/31/2011,1.4371
9/1/2011,1.426
9/2/2011,1.4191
9/3/2011,1.4191
9/4/2011,1.4156
9/5/2011,1.406
9/6/2011,1.4003
9/7/2011,1.40839
9/8/2011,1.39003
9/9/2011,1.3655
9/10/2011,1.3654
9/11/2011,1.35964
9/12/2011,1.36581
9/13/2011,1.3683
9/14/2011,1.37439
9/15/2011,1.3868
9/16/2011,1.3799
9/17/2011,1.3787
9/18/2011,1.3702
9/19/2011,1.3608
9/20/2011,1.3691
9/21/2011,1.3581
9/22/2011,1.34763
9/23/2011,1.3499
9/24/2011,1.3513
9/25/2011,1.3545
9/26/2011,1.3516
9/27/2011,1.3581
9/28/2011,1.35344
9/29/2011,1.3585
9/30/2011,1.3385
10/1/2011,1.339
10/2/2011,1.3359
10/3/2011,1.3192
10/4/2011,1.3325
10/5/2011,1.3338
10/6/2011,1.3428
10/7/2011,1.3375
10/8/2011,1.3386
10/9/2011,1.3382
10/10/2011,1.3634
10/11/2011,1.3644
10/12/2011,1.3789
10/13/2011,1.37399
10/14/2011,1.388
10/15/2011,1.3858
10/16/2011,1.3876
10/17/2011,1.374
10/18/2011,1.37365
10/19/2011,1.37626
10/20/2011,1.3781
10/21/2011,1.3893
10/22/2011,1.3872
10/23/2011,1.385
10/24/2011,1.3924
10/25/2011,1.3904
10/26/2011,1.3887
10/27/2011,1.4172
10/28/2011,1.4146
10/29/2011,1.4145
10/30/2011,1.41422
10/31/2011,1.3856
11/1/2011,1.3657
11/2/2011,1.3696
11/3/2011,1.38281
11/4/2011,1.3791
11/5/2011,1.3746
11/6/2011,1.3778
11/7/2011,1.37587
11/8/2011,1.3827
11/9/2011,1.3525
11/10/2011,1.36113
11/11/2011,1.3747
11/12/2011,1.3778
11/13/2011,1.37896
11/14/2011,1.3619
11/15/2011,1.35137
11/16/2011,1.3437
11/17/2011,1.34574
11/18/2011,1.3523
11/19/2011,1.3518
11/20/2011,1.3527
11/21/2011,1.3483
11/22/2011,1.3518
11/23/2011,1.3344
11/24/2011,1.3328
11/25/2011,1.3237
11/26/2011,1.3241
11/27/2011,1.3305
11/28/2011,1.33142
11/29/2011,1.3323
11/30/2011,1.3444
12/1/2011,1.34648
12/2/2011,1.3391
12/3/2011,1.34042
12/4/2011,1.3416
12/5/2011,1.3384
12/6/2011,1.3409
12/7/2011,1.3406
12/8/2011,1.33442
12/9/2011,1.3384
12/10/2011,1.3365
12/11/2011,1.337
12/12/2011,1.3174
12/13/2011,1.3021
12/14/2011,1.2986
12/15/2011,1.3026
12/16/2011,1.3044
12/17/2011,1.3044
12/18/2011,1.3031
12/19/2011,1.3004
12/20/2011,1.3084
12/21/2011,1.3038
12/22/2011,1.3055
12/23/2011,1.3045
12/24/2011,1.3039
12/25/2011,1.3041
12/26/2011,1.3052
12/27/2011,1.3068
12/28/2011,1.2928
12/29/2011,1.2948
12/30/2011,1.2957
12/31/2011,1.2957
1/1/2012,1.2957
1/2/2012,1.2937
1/3/2012,1.30507
1/4/2012,1.2931
1/5/2012,1.279
1/6/2012,1.2715
1/7/2012,1.2722
1/8/2012,1.2677
1/9/2012,1.27714
1/10/2012,1.2764
1/11/2012,1.2718
1/12/2012,1.2819
1/13/2012,1.2678
1/14/2012,1.268
1/15/2012,1.26508
1/16/2012,1.26665
1/17/2012,1.27421
1/18/2012,1.2861
1/19/2012,1.2961
1/20/2012,1.2929
1/21/2012,1.2946
1/22/2012,1.289
1/23/2012,1.3024
1/24/2012,1.3037
1/25/2012,1.3108
1/26/2012,1.30967
1/27/2012,1.3217
1/28/2012,1.319
1/29/2012,1.3207
1/30/2012,1.3139
1/31/2012,1.3073
2/1/2012,1.3166
2/2/2012,1.3136
2/3/2012,1.3158
2/4/2012,1.3153
2/5/2012,1.3125
2/6/2012,1.3118
2/7/2012,1.3249
2/8/2012,1.32517
2/9/2012,1.32768
2/10/2012,1.3197
2/11/2012,1.3195
2/12/2012,1.3231
2/13/2012,1.3153
2/14/2012,1.3134
2/15/2012,1.3059
2/16/2012,1.3127
2/17/2012,1.3141
2/18/2012,1.3141
2/19/2012,1.3228
2/20/2012,1.3201
2/21/2012,1.32419
2/22/2012,1.3251
2/23/2012,1.3371
2/24/2012,1.3445
2/25/2012,1.3447
2/26/2012,1.3469
2/27/2012,1.3407
2/28/2012,1.347
2/29/2012,1.33195
3/1/2012,1.33158
3/2/2012,1.3202
3/3/2012,1.3201
3/4/2012,1.3193
3/5/2012,1.3221
3/6/2012,1.3121
3/7/2012,1.31441
3/8/2012,1.3273
3/9/2012,1.3122
3/10/2012,1.3121
3/11/2012,1.312
3/12/2012,1.317
3/13/2012,1.3075
3/14/2012,1.3016
3/15/2012,1.3074
3/16/2012,1.3174
3/17/2012,1.3174
3/18/2012,1.3179
3/19/2012,1.323
3/20/2012,1.3236
3/21/2012,1.3216
3/22/2012,1.3198
3/23/2012,1.3269
3/24/2012,1.3267
3/25/2012,1.3274
3/26/2012,1.3356
3/27/2012,1.332
3/28/2012,1.3315
3/29/2012,1.3305
3/30/2012,1.334
3/31/2012,1.334
4/1/2012,1.3374
4/2/2012,1.3324
4/3/2012,1.3218
4/4/2012,1.314
4/5/2012,1.3062
4/6/2012,1.3095
4/7/2012,1.3094
4/8/2012,1.3083
4/9/2012,1.311
4/10/2012,1.3076
4/11/2012,1.3116
4/12/2012,1.3185
4/13/2012,1.3075
4/14/2012,1.3081
4/15/2012,1.3064
4/16/2012,1.3135
4/17/2012,1.3132
4/18/2012,1.3113
4/19/2012,1.3142
4/20/2012,1.3217
4/21/2012,1.3215
4/22/2012,1.32033
4/23/2012,1.3153
4/24/2012,1.32
4/25/2012,1.3218
4/26/2012,1.318
4/27/2012,1.325
4/28/2012,1.3225
4/29/2012,1.3253
4/30/2012,1.3238
5/1/2012,1.3235
5/2/2012,1.31527
5/3/2012,1.3149
5/4/2012,1.3083
5/5/2012,1.3081
5/6/2012,1.2978
5/7/2012,1.3057
5/8/2012,1.299
5/9/2012,1.2935
5/10/2012,1.2935
5/11/2012,1.2915
5/12/2012,1.2914
5/13/2012,1.28942
5/14/2012,1.2829
5/15/2012,1.2735
5/16/2012,1.2721
5/17/2012,1.2691
5/18/2012,1.2779
5/19/2012,1.278
5/20/2012,1.276
5/21/2012,1.281
5/22/2012,1.2673
5/23/2012,1.2595
5/24/2012,1.2539
5/25/2012,1.2515
5/26/2012,1.2517
5/27/2012,1.2576
5/28/2012,1.25391
5/29/2012,1.2477
5/30/2012,1.2362
5/31/2012,1.2362
6/1/2012,1.243
6/2/2012,1.2421
6/3/2012,1.2415
6/4/2012,1.2501
6/5/2012,1.2441
6/6/2012,1.2575
6/7/2012,1.2569
6/8/2012,1.2519
6/9/2012,1.2513
6/10/2012,1.26395
6/11/2012,1.2467
6/12/2012,1.2512
6/13/2012,1.2569
6/14/2012,1.2629
6/15/2012,1.2641
6/16/2012,1.2658
6/17/2012,1.2728
6/18/2012,1.258
6/19/2012,1.2688
6/20/2012,1.2691
6/21/2012,1.2545
6/22/2012,1.2572
6/23/2012,1.2574
6/24/2012,1.2537
6/25/2012,1.2503
6/26/2012,1.2492
6/27/2012,1.24727
6/28/2012,1.2442
6/29/2012,1.2663
6/30/2012,1.266
7/1/2012,1.2658
7/2/2012,1.25838
7/3/2012,1.26036
7/4/2012,1.2516
7/5/2012,1.2383
7/6/2012,1.2285
7/7/2012,1.2286
7/8/2012,1.2269
7/9/2012,1.23135
7/10/2012,1.2248
7/11/2012,1.2245
7/12/2012,1.2206
7/13/2012,1.2249
7/14/2012,1.2247
7/15/2012,1.2259
7/16/2012,1.22675
7/17/2012,1.2285
7/18/2012,1.2277
7/19/2012,1.2276
7/20/2012,1.2155
7/21/2012,1.2155
7/22/2012,1.2117
7/23/2012,1.2117
7/24/2012,1.2061
7/25/2012,1.2145
7/26/2012,1.2281
7/27/2012,1.2321
7/28/2012,1.2317
7/29/2012,1.2308
7/30/2012,1.2256
7/31/2012,1.22972
8/1/2012,1.2234
8/2/2012,1.2178
8/3/2012,1.2385
8/4/2012,1.2387
8/5/2012,1.23928
8/6/2012,1.2393
8/7/2012,1.2393
8/8/2012,1.23686
8/9/2012,1.2299
8/10/2012,1.2288
8/11/2012,1.229
8/12/2012,1.2288
8/13/2012,1.23346
8/14/2012,1.2318
8/15/2012,1.2283
8/16/2012,1.2355
8/17/2012,1.2332
8/18/2012,1.2331
8/19/2012,1.23385
8/20/2012,1.235
8/21/2012,1.2473
8/22/2012,1.2528
8/23/2012,1.25605
8/24/2012,1.2519
8/25/2012,1.251
8/26/2012,1.2517
8/27/2012,1.2502
8/28/2012,1.2563
8/29/2012,1.2532
8/30/2012,1.25064
8/31/2012,1.258
9/1/2012,1.2583
9/2/2012,1.258
9/3/2012,1.2588
9/4/2012,1.2564
9/5/2012,1.25967
9/6/2012,1.263
9/7/2012,1.2816
9/8/2012,1.2815
9/9/2012,1.2797
9/10/2012,1.27604
9/11/2012,1.2854
9/12/2012,1.2897
9/13/2012,1.29875
9/14/2012,1.3135
9/15/2012,1.3126
9/16/2012,1.3114
9/17/2012,1.31133
9/18/2012,1.3042
9/19/2012,1.30461
9/20/2012,1.2971
9/21/2012,1.298
9/22/2012,1.2979
9/23/2012,1.2969
9/24/2012,1.29315
9/25/2012,1.2898
9/26/2012,1.287
9/27/2012,1.2912
9/28/2012,1.2857
9/29/2012,1.2854
9/30/2012,1.28401
10/1/2012,1.28858
10/2/2012,1.2916
10/3/2012,1.2918
10/4/2012,1.3019
10/5/2012,1.3033
10/6/2012,1.3031
10/7/2012,1.3018
10/8/2012,1.2966
10/9/2012,1.28734
10/10/2012,1.2847
10/11/2012,1.2926
10/12/2012,1.2949
10/13/2012,1.2953
10/14/2012,1.2945
10/15/2012,1.2949
10/16/2012,1.30932
10/17/2012,1.3111
10/18/2012,1.3075
10/19/2012,1.3023
10/20/2012,1.302
10/21/2012,1.3023
10/22/2012,1.30595
10/23/2012,1.2982
10/24/2012,1.2964
10/25/2012,1.2938
10/26/2012,1.2937
10/27/2012,1.2937
10/28/2012,1.292
10/29/2012,1.2905
10/30/2012,1.2962
10/31/2012,1.2963
11/1/2012,1.2945
11/2/2012,1.2836
11/3/2012,1.2838
11/4/2012,1.2826
11/5/2012,1.28
11/6/2012,1.2806
11/7/2012,1.2758
11/8/2012,1.2744
11/9/2012,1.271
11/10/2012,1.2706
11/11/2012,1.2718
11/12/2012,1.2707
11/13/2012,1.2708
11/14/2012,1.273
11/15/2012,1.2781
11/16/2012,1.2741
11/17/2012,1.2743
11/18/2012,1.27592
11/19/2012,1.27736
11/20/2012,1.2816
11/21/2012,1.2857
11/22/2012,1.287
11/23/2012,1.2977
11/24/2012,1.2973
11/25/2012,1.2964
11/26/2012,1.29862
11/27/2012,1.2936
11/28/2012,1.295
11/29/2012,1.2974
11/30/2012,1.2985
12/1/2012,1.2984
12/2/2012,1.29941
12/3/2012,1.30641
12/4/2012,1.30959
12/5/2012,1.3068
12/6/2012,1.29617
12/7/2012,1.2926
12/8/2012,1.2927
12/9/2012,1.2898
12/10/2012,1.2937
12/11/2012,1.3011
12/12/2012,1.3065
12/13/2012,1.30766
12/14/2012,1.3161
12/15/2012,1.3153
12/16/2012,1.31676
12/17/2012,1.3164
12/18/2012,1.3228
12/19/2012,1.3212
12/20/2012,1.3234
12/21/2012,1.3188
12/22/2012,1.3188
12/23/2012,1.3183
12/24/2012,1.318
12/25/2012,1.3179
12/26/2012,1.32261
12/27/2012,1.3245
12/28/2012,1.3215
12/29/2012,1.3215
12/30/2012,1.3226
12/31/2012,1.3197
1/1/2013,1.3197
1/2/2013,1.3179
1/3/2013,1.30255
1/4/2013,1.3067
1/5/2013,1.3067
1/6/2013,1.30701
1/7/2013,1.3125
1/8/2013,1.3081
1/9/2013,1.30534
1/10/2013,1.32736
1/11/2013,1.3342
1/12/2013,1.334
1/13/2013,1.33583
1/14/2013,1.3374
1/15/2013,1.3306
1/16/2013,1.329
1/17/2013,1.3374
1/18/2013,1.3312
1/19/2013,1.3314
1/20/2013,1.3315
1/21/2013,1.33123
1/22/2013,1.3317
1/23/2013,1.3307
1/24/2013,1.33709
1/25/2013,1.3459
1/26/2013,1.346
1/27/2013,1.3464
1/28/2013,1.34461
1/29/2013,1.34886
1/30/2013,1.3569
1/31/2013,1.3612
2/1/2013,1.3642
2/2/2013,1.3642
2/3/2013,1.3648
2/4/2013,1.35097
2/5/2013,1.3579
2/6/2013,1.352
2/7/2013,1.33913
2/8/2013,1.3362
2/9/2013,1.3362
2/10/2013,1.3367
2/11/2013,1.34058
2/12/2013,1.3452
2/13/2013,1.34437
2/14/2013,1.3351
2/15/2013,1.3366
2/16/2013,1.3363
2/17/2013,1.3341
2/18/2013,1.3354
2/19/2013,1.3391
2/20/2013,1.3275
2/21/2013,1.31896
2/22/2013,1.3191
2/23/2013,1.3192
2/24/2013,1.31967
2/25/2013,1.3059
2/26/2013,1.30643
2/27/2013,1.3151
2/28/2013,1.30578
3/1/2013,1.3017
3/2/2013,1.3018
3/3/2013,1.3016
3/4/2013,1.3036
3/5/2013,1.3047
3/6/2013,1.2977
3/7/2013,1.3111
3/8/2013,1.3004
3/9/2013,1.3007
3/10/2013,1.2988
3/11/2013,1.3028
3/12/2013,1.3028
3/13/2013,1.29583
3/14/2013,1.3013
3/15/2013,1.3074
3/16/2013,1.3077
3/17/2013,1.29036
3/18/2013,1.29438
3/19/2013,1.2862
3/20/2013,1.2937
3/21/2013,1.2904
3/22/2013,1.2989
3/23/2013,1.2989
3/24/2013,1.3027
3/25/2013,1.2856
3/26/2013,1.2859
3/27/2013,1.27773
3/28/2013,1.28185
3/29/2013,1.282
3/30/2013,1.282
3/31/2013,1.2806
4/1/2013,1.2845
4/2/2013,1.2824
4/3/2013,1.2842
4/4/2013,1.2927
4/5/2013,1.2921
4/6/2013,1.2921
4/7/2013,1.3003
4/8/2013,1.3013
4/9/2013,1.3081
4/10/2013,1.30658
4/11/2013,1.3109
4/12/2013,1.311
4/13/2013,1.311
4/14/2013,1.31046
4/15/2013,1.3052
4/16/2013,1.3174
4/17/2013,1.3029
4/18/2013,1.3055
4/19/2013,1.305
4/20/2013,1.3052
4/21/2013,1.30641
4/22/2013,1.3062
4/23/2013,1.3
4/24/2013,1.3013
4/25/2013,1.3008
4/26/2013,1.3029
4/27/2013,1.3029
4/28/2013,1.30441
4/29/2013,1.3097
4/30/2013,1.3166
5/1/2013,1.31766
5/2/2013,1.30633
5/3/2013,1.3116
5/4/2013,1.3116
5/5/2013,1.31132
5/6/2013,1.30731
5/7/2013,1.30735
5/8/2013,1.3159
5/9/2013,1.30365
5/10/2013,1.299
5/11/2013,1.2992
5/12/2013,1.2967
5/13/2013,1.2978
5/14/2013,1.2932
5/15/2013,1.2875
5/16/2013,1.28867
5/17/2013,1.28347
5/18/2013,1.2838
5/19/2013,1.2838
5/20/2013,1.2895
5/21/2013,1.2918
5/22/2013,1.28472
5/23/2013,1.2931
5/24/2013,1.2931
5/25/2013,1.2931
5/26/2013,1.294
5/27/2013,1.29304
5/28/2013,1.28541
5/29/2013,1.294
5/30/2013,1.3047
5/31/2013,1.2998
6/1/2013,1.2995
6/2/2013,1.299
6/3/2013,1.307
6/4/2013,1.3079
6/5/2013,1.3091
6/6/2013,1.32436
6/7/2013,1.3222
6/8/2013,1.3222
6/9/2013,1.3206
6/10/2013,1.3256
6/11/2013,1.33124
6/12/2013,1.3338
6/13/2013,1.33661
6/14/2013,1.3341
6/15/2013,1.3346
6/16/2013,1.3347
6/17/2013,1.336
6/18/2013,1.33875
6/19/2013,1.3288
6/20/2013,1.32273
6/21/2013,1.3122
6/22/2013,1.3122
6/23/2013,1.3105
6/24/2013,1.31301
6/25/2013,1.3078
6/26/2013,1.3015
6/27/2013,1.3034
6/28/2013,1.3007
6/29/2013,1.3009
6/30/2013,1.301
7/1/2013,1.30636
7/2/2013,1.2976
7/3/2013,1.30094
7/4/2013,1.29088
7/5/2013,1.2832
7/6/2013,1.2832
7/7/2013,1.2828
7/8/2013,1.287
7/9/2013,1.2778
7/10/2013,1.3148
7/11/2013,1.30945
7/12/2013,1.30668
7/13/2013,1.3066
7/14/2013,1.30593
7/15/2013,1.30607
7/16/2013,1.31515
7/17/2013,1.3115
7/18/2013,1.31089
7/19/2013,1.31381
7/20/2013,1.3144
7/21/2013,1.31444
7/22/2013,1.31831
7/23/2013,1.3222
7/24/2013,1.3194
7/25/2013,1.3282
7/26/2013,1.3278
7/27/2013,1.3278
7/28/2013,1.3285
7/29/2013,1.3259
7/30/2013,1.32602
7/31/2013,1.32929
8/1/2013,1.3211
8/2/2013,1.32778
8/3/2013,1.3281
8/4/2013,1.3279
8/5/2013,1.3257
8/6/2013,1.33075
8/7/2013,1.3338
8/8/2013,1.33798
8/9/2013,1.3342
8/10/2013,1.3341
8/11/2013,1.33336
8/12/2013,1.32937
8/13/2013,1.32609
8/14/2013,1.32562
8/15/2013,1.33465
8/16/2013,1.3326
8/17/2013,1.3329
8/18/2013,1.33238
8/19/2013,1.33344
8/20/2013,1.3418
8/21/2013,1.3344
8/22/2013,1.3361
8/23/2013,1.3381
8/24/2013,1.3381
8/25/2013,1.3379
8/26/2013,1.3371
8/27/2013,1.33901
8/28/2013,1.33413
8/29/2013,1.3237
8/30/2013,1.3222
8/31/2013,1.3222
9/1/2013,1.3201
9/2/2013,1.319
9/3/2013,1.3167
9/4/2013,1.32036
9/5/2013,1.31182
9/6/2013,1.3179
9/7/2013,1.3179
9/8/2013,1.31668
9/9/2013,1.32523
9/10/2013,1.32644
9/11/2013,1.3309
9/12/2013,1.3296
9/13/2013,1.32928
9/14/2013,1.3298
9/15/2013,1.3376
9/16/2013,1.33353
9/17/2013,1.33565
9/18/2013,1.3508
9/19/2013,1.3528
9/20/2013,1.35257
9/21/2013,1.3523
9/22/2013,1.35276
9/23/2013,1.34931
9/24/2013,1.3472
9/25/2013,1.35197
9/26/2013,1.34864
9/27/2013,1.35208
9/28/2013,1.3524
9/29/2013,1.34915
9/30/2013,1.3523
10/1/2013,1.3523
10/2/2013,1.358
10/3/2013,1.3627
10/4/2013,1.35546
10/5/2013,1.3557
10/6/2013,1.35699
10/7/2013,1.35776
10/8/2013,1.3581
10/9/2013,1.352
10/10/2013,1.35274
10/11/2013,1.35405
10/12/2013,1.3541
10/13/2013,1.3556
10/14/2013,1.35553
10/15/2013,1.3526
10/16/2013,1.3523
10/17/2013,1.3668
10/18/2013,1.36842
10/19/2013,1.3682
10/20/2013,1.36835
10/21/2013,1.3679
10/22/2013,1.3779
10/23/2013,1.3775
10/24/2013,1.3796
10/25/2013,1.38025
10/26/2013,1.3804
10/27/2013,1.3805
10/28/2013,1.37872
10/29/2013,1.3743
10/30/2013,1.37227
10/31/2013,1.35838
11/1/2013,1.3487
11/2/2013,1.3487
11/3/2013,1.3492
11/4/2013,1.35163
11/5/2013,1.34726
11/6/2013,1.35165
11/7/2013,1.3409
11/8/2013,1.33662
11/9/2013,1.3368
11/10/2013,1.33464
11/11/2013,1.34075
11/12/2013,1.34377
11/13/2013,1.3485
11/14/2013,1.3447
11/15/2013,1.34953
11/16/2013,1.3495
11/17/2013,1.34815
11/18/2013,1.3502
11/19/2013,1.3561
11/20/2013,1.3432
11/21/2013,1.34714
11/22/2013,1.35556
11/23/2013,1.3556
11/24/2013,1.3551
11/25/2013,1.3523
11/26/2013,1.3567
11/27/2013,1.3573
11/28/2013,1.3601
11/29/2013,1.35913
11/30/2013,1.3592
12/1/2013,1.35821
12/2/2013,1.3541
12/3/2013,1.359
12/4/2013,1.35854
12/5/2013,1.36682
12/6/2013,1.37042
12/7/2013,1.3703
12/8/2013,1.3705
12/9/2013,1.3738
12/10/2013,1.376
12/11/2013,1.37849
12/12/2013,1.3749
12/13/2013,1.37405
12/14/2013,1.3741
12/15/2013,1.37394
12/16/2013,1.376
12/17/2013,1.37691
12/18/2013,1.3678
12/19/2013,1.3654
12/20/2013,1.3671
12/21/2013,1.3671
12/22/2013,1.3676
12/23/2013,1.3698
12/24/2013,1.36798
12/25/2013,1.36651
12/26/2013,1.36935
12/27/2013,1.3741
12/28/2013,1.3741
12/29/2013,1.37484
12/30/2013,1.3805
12/31/2013,1.37409
1/1/2014,1.3763
1/2/2014,1.36629
1/3/2014,1.35867
1/4/2014,1.3587
1/5/2014,1.3594
1/6/2014,1.3629
1/7/2014,1.3615
1/8/2014,1.3572
1/9/2014,1.3606
1/10/2014,1.36664
1/11/2014,1.367
1/12/2014,1.3669
1/13/2014,1.3666
1/14/2014,1.3667
1/15/2014,1.3596
1/16/2014,1.3617
1/17/2014,1.35376
1/18/2014,1.354
1/19/2014,1.3526
1/20/2014,1.35449
1/21/2014,1.356
1/22/2014,1.3542
1/23/2014,1.3686
1/24/2014,1.36755
1/25/2014,1.3675
1/26/2014,1.36901
1/27/2014,1.3674
1/28/2014,1.36544
1/29/2014,1.3657
1/30/2014,1.3557
1/31/2014,1.34858
2/1/2014,1.3487
2/2/2014,1.3488
2/3/2014,1.35243
2/4/2014,1.3514
2/5/2014,1.35328
2/6/2014,1.35893
2/7/2014,1.36341
2/8/2014,1.3634
2/9/2014,1.36193
2/10/2014,1.36452
2/11/2014,1.3637
2/12/2014,1.3589
2/13/2014,1.3677
2/14/2014,1.36913
2/15/2014,1.3691
2/16/2014,1.3698
2/17/2014,1.3703
2/18/2014,1.37597
2/19/2014,1.37278
2/20/2014,1.37172
2/21/2014,1.37362
2/22/2014,1.3739
2/23/2014,1.3737
2/24/2014,1.37334
2/25/2014,1.3745
2/26/2014,1.36824
2/27/2014,1.3707
2/28/2014,1.38
3/1/2014,1.38
3/2/2014,1.3774
3/3/2014,1.37359
3/4/2014,1.37375
3/5/2014,1.37307
3/6/2014,1.38628
3/7/2014,1.3879
3/8/2014,1.3879
3/9/2014,1.3877
3/10/2014,1.3877
3/11/2014,1.3855
3/12/2014,1.3902
3/13/2014,1.38641
3/14/2014,1.3914
3/15/2014,1.3914
3/16/2014,1.39103
3/17/2014,1.39263
3/18/2014,1.393
3/19/2014,1.38219
3/20/2014,1.3779
3/21/2014,1.37918
3/22/2014,1.3797
3/23/2014,1.37945
3/24/2014,1.3837
3/25/2014,1.38163
3/26/2014,1.37815
3/27/2014,1.3739
3/28/2014,1.37513
3/29/2014,1.3752
3/30/2014,1.37477
3/31/2014,1.3772
4/1/2014,1.37923
4/2/2014,1.37642
4/3/2014,1.37162
4/4/2014,1.36992
4/5/2014,1.3705
4/6/2014,1.3696
4/7/2014,1.37429
4/8/2014,1.37928
4/9/2014,1.38528
4/10/2014,1.3885
4/11/2014,1.38832
4/12/2014,1.3884
4/13/2014,1.38457
4/14/2014,1.3816
4/15/2014,1.38152
4/16/2014,1.38162
4/17/2014,1.38113
4/18/2014,1.3814
4/19/2014,1.3814
4/20/2014,1.3814
4/21/2014,1.37929
4/22/2014,1.38062
4/23/2014,1.38177
4/24/2014,1.38307
4/25/2014,1.38317
4/26/2014,1.3833
4/27/2014,1.3839
4/28/2014,1.38515
4/29/2014,1.38078
4/30/2014,1.3868
5/1/2014,1.38693
5/2/2014,1.38732
5/3/2014,1.387
5/4/2014,1.3874
5/5/2014,1.3874
5/6/2014,1.39252
5/7/2014,1.3909
5/8/2014,1.384
5/9/2014,1.37594
5/10/2014,1.3759
5/11/2014,1.3758
5/12/2014,1.3757
5/13/2014,1.37042
5/14/2014,1.3716
5/15/2014,1.3714
5/16/2014,1.36922
5/17/2014,1.3694
5/18/2014,1.3697
5/19/2014,1.37066
5/20/2014,1.3699
5/21/2014,1.3685
5/22/2014,1.3655
5/23/2014,1.3633
5/24/2014,1.3626
5/25/2014,1.3625
5/26/2014,1.36435
5/27/2014,1.36359
5/28/2014,1.3594
5/29/2014,1.3599
5/30/2014,1.36292
5/31/2014,1.363
6/1/2014,1.36266
6/2/2014,1.35982
6/3/2014,1.3627
6/4/2014,1.3599
6/5/2014,1.366
6/6/2014,1.36402
6/7/2014,1.3641
6/8/2014,1.3641
6/9/2014,1.3592
6/10/2014,1.3544
6/11/2014,1.35323
6/12/2014,1.3549
6/13/2014,1.3539
6/14/2014,1.3539
6/15/2014,1.35316
6/16/2014,1.3572
6/17/2014,1.35462
6/18/2014,1.3587
6/19/2014,1.3607
6/20/2014,1.35977
6/21/2014,1.36
6/22/2014,1.35941
6/23/2014,1.36021
6/24/2014,1.3604
6/25/2014,1.3632
6/26/2014,1.36118
6/27/2014,1.36473
6/28/2014,1.3645
6/29/2014,1.36448
6/30/2014,1.36905
7/1/2014,1.3679
7/2/2014,1.3657
7/3/2014,1.3609
7/4/2014,1.35933
7/5/2014,1.3596
7/6/2014,1.3588
7/7/2014,1.36064
7/8/2014,1.3611
7/9/2014,1.364
7/10/2014,1.3606
7/11/2014,1.36048
7/12/2014,1.3608
7/13/2014,1.36033
7/14/2014,1.3619
7/15/2014,1.3567
7/16/2014,1.3525
7/17/2014,1.3521
7/18/2014,1.35239
7/19/2014,1.3523
7/20/2014,1.353
7/21/2014,1.35224
7/22/2014,1.3466
7/23/2014,1.3458
7/24/2014,1.3463
7/25/2014,1.34285
7/26/2014,1.343
7/27/2014,1.3431
7/28/2014,1.3437
7/29/2014,1.34103
7/30/2014,1.3395
7/31/2014,1.3387
8/1/2014,1.34287
8/2/2014,1.343
8/3/2014,1.3423
8/4/2014,1.34201
8/5/2014,1.337
8/6/2014,1.3381
8/7/2014,1.3359
8/8/2014,1.34089
8/9/2014,1.3409
8/10/2014,1.34052
8/11/2014,1.3385
8/12/2014,1.3367
8/13/2014,1.3365
8/14/2014,1.3361
8/15/2014,1.3398
8/16/2014,1.33935
8/17/2014,1.33878
8/18/2014,1.336
8/19/2014,1.3321
8/20/2014,1.3258
8/21/2014,1.328
8/22/2014,1.3245
8/23/2014,1.3245
8/24/2014,1.31894
8/25/2014,1.3186
8/26/2014,1.3166
8/27/2014,1.3193
8/28/2014,1.3181
8/29/2014,1.31312
8/30/2014,1.3136
8/31/2014,1.31331
9/1/2014,1.31293
9/2/2014,1.3132
9/3/2014,1.31512
9/4/2014,1.2934
9/5/2014,1.29498
9/6/2014,1.2949
9/7/2014,1.29508
9/8/2014,1.2896
9/9/2014,1.2937
9/10/2014,1.2923
9/11/2014,1.2922
9/12/2014,1.29615
9/13/2014,1.2947
9/14/2014,1.2962
9/15/2014,1.2936
9/16/2014,1.295
9/17/2014,1.28382
9/18/2014,1.2915
9/19/2014,1.2829
9/20/2014,1.2829
9/21/2014,1.2835
9/22/2014,1.2849
9/23/2014,1.2846
9/24/2014,1.27775
9/25/2014,1.2756
9/26/2014,1.26811
9/27/2014,1.2683
9/28/2014,1.26707
9/29/2014,1.26888
9/30/2014,1.26286
10/1/2014,1.2618
10/2/2014,1.2669
10/3/2014,1.2514
10/4/2014,1.2514
10/5/2014,1.2509
10/6/2014,1.2656
10/7/2014,1.2666
10/8/2014,1.273
10/9/2014,1.2684
10/10/2014,1.2627
10/11/2014,1.2627
10/12/2014,1.26453
10/13/2014,1.2736
10/14/2014,1.2642
10/15/2014,1.2819
10/16/2014,1.2804
10/17/2014,1.27566
10/18/2014,1.2758
10/19/2014,1.27437
10/20/2014,1.2795
10/21/2014,1.271
10/22/2014,1.2646
10/23/2014,1.2651
10/24/2014,1.26684
10/25/2014,1.2669
10/26/2014,1.26757
10/27/2014,1.2699
10/28/2014,1.2737
10/29/2014,1.2631
10/30/2014,1.2608
10/31/2014,1.25213
11/1/2014,1.2523
11/2/2014,1.25016
11/3/2014,1.2496
11/4/2014,1.25511
11/5/2014,1.24751
11/6/2014,1.238
11/7/2014,1.2454
11/8/2014,1.24529
11/9/2014,1.24594
11/10/2014,1.2429
11/11/2014,1.2474
11/12/2014,1.2427
11/13/2014,1.2472
11/14/2014,1.25246
11/15/2014,1.2524
11/16/2014,1.25194
11/17/2014,1.2447
11/18/2014,1.2532
11/19/2014,1.25391
11/20/2014,1.25425
11/21/2014,1.239
11/22/2014,1.239
11/23/2014,1.2374
11/24/2014,1.24363
11/25/2014,1.2476
11/26/2014,1.25041
11/27/2014,1.24596
11/28/2014,1.24489
11/29/2014,1.245
11/30/2014,1.2435
12/1/2014,1.2468
12/2/2014,1.2388
12/3/2014,1.2315
12/4/2014,1.23835
12/5/2014,1.2285
12/6/2014,1.2285
12/7/2014,1.2294
12/8/2014,1.2314
12/9/2014,1.2394
12/10/2014,1.2449
12/11/2014,1.23906
12/12/2014,1.24581
12/13/2014,1.2462
12/14/2014,1.2461
12/15/2014,1.24423
12/16/2014,1.25082
12/17/2014,1.23372
12/18/2014,1.22869
12/19/2014,1.22277
12/20/2014,1.2227
12/21/2014,1.22244
12/22/2014,1.222
12/23/2014,1.2173
12/24/2014,1.21947
12/25/2014,1.2206
12/26/2014,1.2194
12/27/2014,1.2181
12/28/2014,1.21676
12/29/2014,1.21501
12/30/2014,1.2158
12/31/2014,1.20966
1/1/2015,1.20886
1/2/2015,1.20009
1/3/2015,1.1998
1/4/2015,1.1944
1/5/2015,1.1936
1/6/2015,1.1873
1/7/2015,1.18332
1/8/2015,1.17922
1/9/2015,1.1841
1/10/2015,1.1838
1/11/2015,1.18696
1/12/2015,1.183
1/13/2015,1.17762
1/14/2015,1.1783
1/15/2015,1.1636
1/16/2015,1.15594
1/17/2015,1.1571
1/18/2015,1.15632
1/19/2015,1.15939
1/20/2015,1.1545
1/21/2015,1.16109
1/22/2015,1.13425
1/23/2015,1.12032
1/24/2015,1.12
1/25/2015,1.11304
1/26/2015,1.12483
1/27/2015,1.1366
1/28/2015,1.1284
1/29/2015,1.1334
1/30/2015,1.1286
1/31/2015,1.1286
2/1/2015,1.1307
2/2/2015,1.13391
2/3/2015,1.14577
2/4/2015,1.1316
2/5/2015,1.14711
2/6/2015,1.1313
2/7/2015,1.1309
2/8/2015,1.1313
2/9/2015,1.13242
2/10/2015,1.1319
2/11/2015,1.13101
2/12/2015,1.14024
2/13/2015,1.1385
2/14/2015,1.1378
2/15/2015,1.1397
2/16/2015,1.13318
2/17/2015,1.14037
2/18/2015,1.1399
2/19/2015,1.1365
2/20/2015,1.138
2/21/2015,1.138
2/22/2015,1.1379
2/23/2015,1.1332
2/24/2015,1.1338
2/25/2015,1.13628
2/26/2015,1.1203
2/27/2015,1.11929
2/28/2015,1.119
3/1/2015,1.11595
3/2/2015,1.11766
3/3/2015,1.11815
3/4/2015,1.1079
3/5/2015,1.10298
3/6/2015,1.0848
3/7/2015,1.0844
3/8/2015,1.08415
3/9/2015,1.0832
3/10/2015,1.0707
3/11/2015,1.05471
3/12/2015,1.06241
3/13/2015,1.04933
3/14/2015,1.0495
3/15/2015,1.048
3/16/2015,1.0571
3/17/2015,1.05968
3/18/2015,1.08483
3/19/2015,1.06681
3/20/2015,1.0805
3/21/2015,1.0814
3/22/2015,1.0822
3/23/2015,1.09464
3/24/2015,1.09015
3/25/2015,1.0961
3/26/2015,1.08851
3/27/2015,1.0896
3/28/2015,1.0893
3/29/2015,1.0882
3/30/2015,1.08292
3/31/2015,1.07373
4/1/2015,1.07684
4/2/2015,1.08682
4/3/2015,1.0967
4/4/2015,1.0963
4/5/2015,1.0999
4/6/2015,1.0933
4/7/2015,1.0821
4/8/2015,1.07829
4/9/2015,1.06667
4/10/2015,1.0601
4/11/2015,1.0608
4/12/2015,1.06075
4/13/2015,1.0571
4/14/2015,1.0646
4/15/2015,1.06759
4/16/2015,1.0758
4/17/2015,1.08052
4/18/2015,1.0804
4/19/2015,1.08082
4/20/2015,1.07472
4/21/2015,1.07413
4/22/2015,1.0724
4/23/2015,1.08156
4/24/2015,1.0871
4/25/2015,1.08725
4/26/2015,1.08663
4/27/2015,1.08765
4/28/2015,1.0966
4/29/2015,1.1111
4/30/2015,1.1212
5/1/2015,1.12
5/2/2015,1.1195
5/3/2015,1.1185
5/4/2015,1.1147
5/5/2015,1.11838
5/6/2015,1.134
5/7/2015,1.1244
5/8/2015,1.12085
5/9/2015,1.1192
5/10/2015,1.11924
5/11/2015,1.1144
5/12/2015,1.1219
5/13/2015,1.1347
5/14/2015,1.14009
5/15/2015,1.14454
5/16/2015,1.1447
5/17/2015,1.14429
5/18/2015,1.13239
5/19/2015,1.1142
5/20/2015,1.1098
5/21/2015,1.111
5/22/2015,1.10081
5/23/2015,1.1012
5/24/2015,1.1012
5/25/2015,1.09692
5/26/2015,1.0884
5/27/2015,1.08976
5/28/2015,1.0959
5/29/2015,1.09882
5/30/2015,1.0992
5/31/2015,1.0992
6/1/2015,1.0919
6/2/2015,1.1146
6/3/2015,1.12558
6/4/2015,1.1208
6/5/2015,1.1111
6/6/2015,1.1114
6/7/2015,1.1114
6/8/2015,1.12802
6/9/2015,1.12942
6/10/2015,1.131
6/11/2015,1.12413
6/12/2015,1.1261
6/13/2015,1.1261
6/14/2015,1.1261
6/15/2015,1.12741
6/16/2015,1.1238
6/17/2015,1.1367
6/18/2015,1.13698
6/19/2015,1.1354
6/20/2015,1.1349
6/21/2015,1.1349
6/22/2015,1.13459
6/23/2015,1.1172
6/24/2015,1.1203
6/25/2015,1.1201
6/26/2015,1.1166
6/27/2015,1.1165
6/28/2015,1.1165
6/29/2015,1.1216
6/30/2015,1.1133
7/1/2015,1.10375
7/2/2015,1.1085
7/3/2015,1.11142
7/4/2015,1.1114
7/5/2015,1.1114
7/6/2015,1.10472
7/7/2015,1.1008
7/8/2015,1.1068
7/9/2015,1.10595
7/10/2015,1.11472
7/11/2015,1.11555
7/12/2015,1.11555
7/13/2015,1.09884
7/14/2015,1.1006
7/15/2015,1.0941
7/16/2015,1.08828
7/17/2015,1.0828
7/18/2015,1.0827
7/19/2015,1.0827
7/20/2015,1.0833
7/21/2015,1.0935
7/22/2015,1.0923
7/23/2015,1.0985
7/24/2015,1.0975
7/25/2015,1.098
7/26/2015,1.098
7/27/2015,1.1089
7/28/2015,1.10633
7/29/2015,1.09832
7/30/2015,1.094
7/31/2015,1.09814
8/1/2015,1.0983
8/2/2015,1.0983
8/3/2015,1.0953
8/4/2015,1.0885
8/5/2015,1.09031
8/6/2015,1.09236
8/7/2015,1.0963
8/8/2015,1.0965
8/9/2015,1.0965
8/10/2015,1.10153
8/11/2015,1.1039
8/12/2015,1.1156
8/13/2015,1.1158
8/14/2015,1.1105
8/15/2015,1.1104
8/16/2015,1.1104
8/17/2015,1.1076
8/18/2015,1.1029
8/19/2015,1.1119
8/20/2015,1.1235
8/21/2015,1.1391
8/22/2015,1.1383
8/23/2015,1.1383
8/24/2015,1.15796
8/25/2015,1.15501
8/26/2015,1.1336
8/27/2015,1.1247
8/28/2015,1.1181
8/29/2015,1.1181
8/30/2015,1.1181
8/31/2015,1.1225
9/1/2015,1.1293
9/2/2015,1.1213
9/3/2015,1.1125
9/4/2015,1.11323
9/5/2015,1.115
9/6/2015,1.115
9/7/2015,1.1161
9/8/2015,1.1205
9/9/2015,1.1218
9/10/2015,1.12828
9/11/2015,1.13349
9/12/2015,1.13383
9/13/2015,1.13383
9/14/2015,1.1307
9/15/2015,1.127
9/16/2015,1.1292
9/17/2015,1.1399
9/18/2015,1.131
9/19/2015,1.1302
9/20/2015,1.1302
9/21/2015,1.1188
9/22/2015,1.1119
9/23/2015,1.1187
9/24/2015,1.11779
9/25/2015,1.11929
9/26/2015,1.1193
9/27/2015,1.1193
9/28/2015,1.1228
9/29/2015,1.1252
9/30/2015,1.11684
10/1/2015,1.11917
10/2/2015,1.12091
10/3/2015,1.1209
10/4/2015,1.1209
10/5/2015,1.1194
10/6/2015,1.1265
10/7/2015,1.12376
10/8/2015,1.1283
10/9/2015,1.1357
10/10/2015,1.1354
10/11/2015,1.1354
10/12/2015,1.1353
10/13/2015,1.13828
10/14/2015,1.1473
10/15/2015,1.1366
10/16/2015,1.1347
10/17/2015,1.13515
10/18/2015,1.13515
10/19/2015,1.13257
10/20/2015,1.1351
10/21/2015,1.1346
10/22/2015,1.10805
10/23/2015,1.1016
10/24/2015,1.1014
10/25/2015,1.1014
10/26/2015,1.106
10/27/2015,1.10329
10/28/2015,1.09253
10/29/2015,1.0992
10/30/2015,1.1006
10/31/2015,1.1006
11/1/2015,1.1006
11/2/2015,1.1014
11/3/2015,1.09615
11/4/2015,1.0865
11/5/2015,1.0883
11/6/2015,1.07363
11/7/2015,1.07405
11/8/2015,1.07405
11/9/2015,1.07577
11/10/2015,1.07363
11/11/2015,1.07612
11/12/2015,1.0811
11/13/2015,1.0768
11/14/2015,1.0765
11/15/2015,1.0765
11/16/2015,1.0687
11/17/2015,1.0642
11/18/2015,1.0668
11/19/2015,1.07242
11/20/2015,1.06451
11/21/2015,1.0647
11/22/2015,1.06376
11/23/2015,1.06389
11/24/2015,1.0642
11/25/2015,1.0622
11/26/2015,1.0603
11/27/2015,1.05903
11/28/2015,1.0591
11/29/2015,1.0591
11/30/2015,1.05697
12/1/2015,1.06254
12/2/2015,1.06103
12/3/2015,1.0916
12/4/2015,1.0883
12/5/2015,1.08815
12/6/2015,1.08815
12/7/2015,1.0833
12/8/2015,1.08919
12/9/2015,1.1015
12/10/2015,1.09462
12/11/2015,1.09922
12/12/2015,1.0992
12/13/2015,1.0992
12/14/2015,1.099
12/15/2015,1.0935
12/16/2015,1.08729
12/17/2015,1.08425
12/18/2015,1.08671
12/19/2015,1.08663
12/20/2015,1.08663
12/21/2015,1.09102
12/22/2015,1.0947
12/23/2015,1.0907
12/24/2015,1.0963
12/25/2015,1.0975
12/26/2015,1.0972
12/27/2015,1.0972
12/28/2015,1.0974
12/29/2015,1.09249
12/30/2015,1.0933
12/31/2015,1.08578
1/1/2016,1.086
1/2/2016,1.08127
1/3/2016,1.0851
1/4/2016,1.0823
1/5/2016,1.07501
1/6/2016,1.0775
1/7/2016,1.09243
1/8/2016,1.09242
1/9/2016,1.0918
1/10/2016,1.09375
1/11/2016,1.08561
1/12/2016,1.0842
1/13/2016,1.0884
1/14/2016,1.0855
1/15/2016,1.09107
1/16/2016,1.09105
1/17/2016,1.0916
1/18/2016,1.08924
1/19/2016,1.091
1/20/2016,1.0875
1/21/2016,1.08579
1/22/2016,1.07969
1/23/2016,1.0798
1/24/2016,1.07968
1/25/2016,1.08513
1/26/2016,1.08612
1/27/2016,1.0904
1/28/2016,1.0934
1/29/2016,1.08299
1/30/2016,1.08299
1/31/2016,1.08245
2/1/2016,1.08955
2/2/2016,1.09194
2/3/2016,1.10919
2/4/2016,1.1197
2/5/2016,1.11573
2/6/2016,1.11573
2/7/2016,1.1142
2/8/2016,1.1189
2/9/2016,1.12878
2/10/2016,1.12792
2/11/2016,1.1315
2/12/2016,1.12535
2/13/2016,1.12535
2/14/2016,1.12227
2/15/2016,1.11748
2/16/2016,1.1142
2/17/2016,1.11201
2/18/2016,1.11086
2/19/2016,1.11292
2/20/2016,1.11292
2/21/2016,1.11208
2/22/2016,1.10261
2/23/2016,1.1023
2/24/2016,1.10133
2/25/2016,1.10228
2/26/2016,1.09292
2/27/2016,1.09292
2/28/2016,1.09223
2/29/2016,1.0885
3/1/2016,1.0872
3/2/2016,1.0867
3/3/2016,1.0946
3/4/2016,1.10056
3/5/2016,1.10056
3/6/2016,1.09936
3/7/2016,1.10131
3/8/2016,1.1001
3/9/2016,1.09863
3/10/2016,1.1175
3/11/2016,1.1146
3/12/2016,1.1146
3/13/2016,1.1165
3/14/2016,1.1101
3/15/2016,1.1107
3/16/2016,1.1217
3/17/2016,1.1315
3/18/2016,1.12692
3/19/2016,1.12692
3/20/2016,1.12759
3/21/2016,1.12347
3/22/2016,1.122
3/23/2016,1.11777
3/24/2016,1.1165
3/25/2016,1.11596
3/26/2016,1.11596
3/27/2016,1.1155
3/28/2016,1.12011
3/29/2016,1.1288
3/30/2016,1.13333
3/31/2016,1.1379
4/1/2016,1.13918
4/2/2016,1.13918
4/3/2016,1.13931
4/4/2016,1.1385
4/5/2016,1.13814
4/6/2016,1.14015
4/7/2016,1.137
4/8/2016,1.13948
4/9/2016,1.13948
4/10/2016,1.1404
4/11/2016,1.14111
4/12/2016,1.13835
4/13/2016,1.1276
4/14/2016,1.1268
4/15/2016,1.12835
4/16/2016,1.12835
4/17/2016,1.1296
4/18/2016,1.13069
4/19/2016,1.13573
4/20/2016,1.13017
4/21/2016,1.12896
4/22/2016,1.12241
4/23/2016,1.1221
4/24/2016,1.12316
4/25/2016,1.1266
4/26/2016,1.12955
4/27/2016,1.13268
4/28/2016,1.1355
4/29/2016,1.1447
4/30/2016,1.1447
5/1/2016,1.14614
5/2/2016,1.15229
5/3/2016,1.15007
5/4/2016,1.1489
5/5/2016,1.1402
5/6/2016,1.14031
5/7/2016,1.14031
5/8/2016,1.1389
5/9/2016,1.13851
5/10/2016,1.13731
5/11/2016,1.1424
5/12/2016,1.1373
5/13/2016,1.13061
5/14/2016,1.13061
5/15/2016,1.13152
5/16/2016,1.1312
5/17/2016,1.1313
5/18/2016,1.1218
5/19/2016,1.12044
5/20/2016,1.1222
5/21/2016,1.1222
5/22/2016,1.12213
5/23/2016,1.12129
5/24/2016,1.1134
5/25/2016,1.1156
5/26/2016,1.1189
5/27/2016,1.11111
5/28/2016,1.11111
5/29/2016,1.1108
5/30/2016,1.1147
5/31/2016,1.1132
6/1/2016,1.11868
6/2/2016,1.115
6/3/2016,1.13654
6/4/2016,1.13654
6/5/2016,1.13485
6/6/2016,1.13611
6/7/2016,1.1356
6/8/2016,1.1402
6/9/2016,1.13122
6/10/2016,1.12512
6/11/2016,1.12512
6/12/2016,1.12381
6/13/2016,1.12878
6/14/2016,1.1209
6/15/2016,1.126
6/16/2016,1.1256
6/17/2016,1.12736
6/18/2016,1.12736
6/19/2016,1.1345
6/20/2016,1.1321
6/21/2016,1.1249
6/22/2016,1.1324
6/23/2016,1.13249
6/24/2016,1.1186
6/25/2016,1.1186
6/26/2016,1.1038
6/27/2016,1.1013
6/28/2016,1.10728
6/29/2016,1.11234
6/30/2016,1.1105
7/1/2016,1.11383
7/2/2016,1.11383
7/3/2016,1.1126
7/4/2016,1.1144
7/5/2016,1.1061
7/6/2016,1.1096
7/7/2016,1.10646
7/8/2016,1.10498
7/9/2016,1.10498
7/10/2016,1.1042
7/11/2016,1.10568
7/12/2016,1.10593
7/13/2016,1.10944
7/14/2016,1.1105
7/15/2016,1.10221
7/16/2016,1.10221
7/17/2016,1.10538
7/18/2016,1.10697
7/19/2016,1.1012
7/20/2016,1.10176
7/21/2016,1.10314
7/22/2016,1.09752
7/23/2016,1.09752
7/24/2016,1.09685
7/25/2016,1.09895
7/26/2016,1.09867
7/27/2016,1.1069
7/28/2016,1.10825
7/29/2016,1.11722
7/30/2016,1.11722
7/31/2016,1.11668
8/1/2016,1.11666
8/2/2016,1.12182
8/3/2016,1.11503
8/4/2016,1.11329
8/5/2016,1.10865
8/6/2016,1.10865
8/7/2016,1.1087
8/8/2016,1.10828
8/9/2016,1.11161
8/10/2016,1.11846
8/11/2016,1.11376
8/12/2016,1.11629
8/13/2016,1.11629
8/14/2016,1.11644
8/15/2016,1.11814
8/16/2016,1.12751
8/17/2016,1.12983
8/18/2016,1.13466
8/19/2016,1.13226
8/20/2016,1.13226
8/21/2016,1.12953
8/22/2016,1.1318
8/23/2016,1.13007
8/24/2016,1.12604
8/25/2016,1.12866
8/26/2016,1.11947
8/27/2016,1.11947
8/28/2016,1.11973
8/29/2016,1.11922
8/30/2016,1.11499
8/31/2016,1.1157
9/1/2016,1.1198
9/2/2016,1.1154
9/3/2016,1.1153
9/4/2016,1.1159
9/5/2016,1.11508
9/6/2016,1.12509
9/7/2016,1.12384
9/8/2016,1.12683
9/9/2016,1.12311
9/10/2016,1.1229
9/11/2016,1.12392
9/12/2016,1.12409
9/13/2016,1.1218
9/14/2016,1.12463
9/15/2016,1.1243
9/16/2016,1.11555
9/17/2016,1.11555
9/18/2016,1.11568
9/19/2016,1.11776
9/20/2016,1.11528
9/21/2016,1.11906
9/22/2016,1.12089
9/23/2016,1.12254
9/24/2016,1.1221
9/25/2016,1.12375
9/26/2016,1.12488
9/27/2016,1.12165
9/28/2016,1.1223
9/29/2016,1.12188
9/30/2016,1.12401
10/1/2016,1.1232
10/2/2016,1.12316
10/3/2016,1.12099
10/4/2016,1.12078
10/5/2016,1.12059
10/6/2016,1.1141
10/7/2016,1.11996
10/8/2016,1.11996
10/9/2016,1.11928
10/10/2016,1.11369
10/11/2016,1.10587
10/12/2016,1.101
10/13/2016,1.10472
10/14/2016,1.097
10/15/2016,1.0969
10/16/2016,1.09651
10/17/2016,1.10122
10/18/2016,1.09745
10/19/2016,1.09734
10/20/2016,1.0929
10/21/2016,1.08839
10/22/2016,1.0884
10/23/2016,1.08802
10/24/2016,1.0872
10/25/2016,1.0885
10/26/2016,1.09089
10/27/2016,1.08969
10/28/2016,1.09843
10/29/2016,1.0986
10/30/2016,1.09833
10/31/2016,1.09699
11/1/2016,1.10544
11/2/2016,1.10937
11/3/2016,1.10983
11/4/2016,1.11398
11/5/2016,1.1137
11/6/2016,1.10978
11/7/2016,1.10494
11/8/2016,1.1016
11/9/2016,1.0918
11/10/2016,1.08884
11/11/2016,1.08563
11/12/2016,1.08563
11/13/2016,1.0823
11/14/2016,1.0746
11/15/2016,1.07235
11/16/2016,1.07054
11/17/2016,1.06205
11/18/2016,1.05876
11/19/2016,1.05876
11/20/2016,1.05822
11/21/2016,1.06373
11/22/2016,1.06314
11/23/2016,1.05422
11/24/2016,1.05591
11/25/2016,1.05771
11/26/2016,1.05915
11/27/2016,1.06094
11/28/2016,1.06188
11/29/2016,1.06459
11/30/2016,1.05907
12/1/2016,1.0661
12/2/2016,1.0666
12/3/2016,1.06625
12/4/2016,1.05831
12/5/2016,1.07538
12/6/2016,1.07182
12/7/2016,1.07584
12/8/2016,1.06194
12/9/2016,1.05561
12/10/2016,1.0559
12/11/2016,1.0546
12/12/2016,1.064
12/13/2016,1.06256
12/14/2016,1.0511
12/15/2016,1.04162
12/16/2016,1.04487
12/17/2016,1.0452
12/18/2016,1.0445
12/19/2016,1.04034
12/20/2016,1.03894
12/21/2016,1.0426
12/22/2016,1.04368
12/23/2016,1.04513
12/24/2016,1.0456
12/25/2016,1.04514
12/26/2016,1.0453
12/27/2016,1.04604
12/28/2016,1.04155
12/29/2016,1.05716
12/30/2016,1.052
12/31/2016,1.0517
1/1/2017,1.05259
1/2/2017,1.04571
1/3/2017,1.04173
1/4/2017,1.0498
1/5/2017,1.0604
1/6/2017,1.05306
1/7/2017,1.053
1/8/2017,1.05288
1/9/2017,1.05874
1/10/2017,1.05524
1/11/2017,1.05946
1/12/2017,1.06141
1/13/2017,1.06399
1/14/2017,1.0643
1/15/2017,1.0628
1/16/2017,1.06023
1/17/2017,1.06961
1/18/2017,1.06268
1/19/2017,1.06588
1/20/2017,1.06916
1/21/2017,1.0701
1/22/2017,1.07127
1/23/2017,1.07588
1/24/2017,1.07278
1/25/2017,1.07512
1/26/2017,1.06821
1/27/2017,1.06964
1/28/2017,1.0697
1/29/2017,1.07135
1/30/2017,1.0708
1/31/2017,1.08012
2/1/2017,1.0766
2/2/2017,1.07607
2/3/2017,1.07854
2/4/2017,1.0787
2/5/2017,1.07821
2/6/2017,1.07427
2/7/2017,1.06774
2/8/2017,1.06914
2/9/2017,1.0657
2/10/2017,1.06406
2/11/2017,1.0638
2/12/2017,1.0617
2/13/2017,1.05977
2/14/2017,1.0578
2/15/2017,1.06066
2/16/2017,1.06716
2/17/2017,1.06153
2/18/2017,1.0614
2/19/2017,1.06259
2/20/2017,1.06084
2/21/2017,1.05413
2/22/2017,1.055
2/23/2017,1.05837
2/24/2017,1.05601
2/25/2017,1.0561
2/26/2017,1.05522
2/27/2017,1.05837
2/28/2017,1.05683
3/1/2017,1.05347
3/2/2017,1.0506
3/3/2017,1.06214
3/4/2017,1.0622
3/5/2017,1.06196
3/6/2017,1.05785
3/7/2017,1.05691
3/8/2017,1.0545
3/9/2017,1.05777
3/10/2017,1.06731
3/11/2017,1.06731
3/12/2017,1.06891
3/13/2017,1.06504
3/14/2017,1.0612
3/15/2017,1.07367
3/16/2017,1.07725
3/17/2017,1.07381
3/18/2017,1.0743
3/19/2017,1.07419
3/20/2017,1.0735
3/21/2017,1.08119
3/22/2017,1.07908
3/23/2017,1.07836
3/24/2017,1.07971
3/25/2017,1.0804
3/26/2017,1.08466
3/27/2017,1.08602
3/28/2017,1.08167
3/29/2017,1.07575
3/30/2017,1.06862
3/31/2017,1.06536
4/1/2017,1.06536
4/2/2017,1.0668
4/3/2017,1.0669
4/4/2017,1.06798
4/5/2017,1.06718
4/6/2017,1.06439
4/7/2017,1.05896
4/8/2017,1.059
4/9/2017,1.05814
4/10/2017,1.05969
4/11/2017,1.06103
4/12/2017,1.06697
4/13/2017,1.06154
4/14/2017,1.06103
4/15/2017,1.0612
4/16/2017,1.06097
4/17/2017,1.06439
4/18/2017,1.07278
4/19/2017,1.07142
4/20/2017,1.07141
4/21/2017,1.07236
4/22/2017,1.0721
4/23/2017,1.0873
4/24/2017,1.0865
4/25/2017,1.0928
4/26/2017,1.09083
4/27/2017,1.08636
4/28/2017,1.08944
4/29/2017,1.0893
4/30/2017,1.09063
5/1/2017,1.09082
5/2/2017,1.0934
5/3/2017,1.08882
5/4/2017,1.09806
5/5/2017,1.09992
5/6/2017,1.0996
5/7/2017,1.09645
5/8/2017,1.09252
5/9/2017,1.0886
5/10/2017,1.0867
5/11/2017,1.0864
5/12/2017,1.09299
5/13/2017,1.0932
5/14/2017,1.09265
5/15/2017,1.09789
5/16/2017,1.10933
5/17/2017,1.11556
5/18/2017,1.11107
5/19/2017,1.12071
5/20/2017,1.1207
5/21/2017,1.12042
5/22/2017,1.12382
5/23/2017,1.11789
5/24/2017,1.12301
5/25/2017,1.12103
5/26/2017,1.11809
5/27/2017,1.1182
5/28/2017,1.11749
5/29/2017,1.11285
5/30/2017,1.11711
5/31/2017,1.1238
6/1/2017,1.12134
6/2/2017,1.12815
6/3/2017,1.1283
6/4/2017,1.12798
6/5/2017,1.1254
6/6/2017,1.12705
6/7/2017,1.12545
6/8/2017,1.11833
6/9/2017,1.11959
6/10/2017,1.1192
6/11/2017,1.11999
6/12/2017,1.11956
6/13/2017,1.12083
6/14/2017,1.12121
6/15/2017,1.11459
6/16/2017,1.11942
6/17/2017,1.1184
6/18/2017,1.1205
6/19/2017,1.11439
6/20/2017,1.11364
6/21/2017,1.11665
6/22/2017,1.1149
6/23/2017,1.11934
6/24/2017,1.1192
6/25/2017,1.11981
6/26/2017,1.1182
6/27/2017,1.13366
6/28/2017,1.13819
6/29/2017,1.14394
6/30/2017,1.14235
7/1/2017,1.1426
7/2/2017,1.14225
7/3/2017,1.13707
7/4/2017,1.136
7/5/2017,1.13462
7/6/2017,1.14244
7/7/2017,1.14003
7/8/2017,1.1397
7/9/2017,1.14034
7/10/2017,1.1396
7/11/2017,1.14733
7/12/2017,1.14182
7/13/2017,1.14034
7/14/2017,1.14692
7/15/2017,1.1467
7/16/2017,1.14748
7/17/2017,1.14734
7/18/2017,1.15494
7/19/2017,1.15278
7/20/2017,1.16283
7/21/2017,1.16626
7/22/2017,1.166
7/23/2017,1.16809
7/24/2017,1.16382
7/25/2017,1.16439
7/26/2017,1.17277
7/27/2017,1.16879
7/28/2017,1.17469
7/29/2017,1.1753
7/30/2017,1.17466
7/31/2017,1.18234
8/1/2017,1.18105
8/2/2017,1.18499
8/3/2017,1.1882
8/4/2017,1.17726
8/5/2017,1.1773
8/6/2017,1.17779
8/7/2017,1.18002
8/8/2017,1.17539
8/9/2017,1.1761
8/10/2017,1.17691
8/11/2017,1.1821
8/12/2017,1.1818
8/13/2017,1.18248
8/14/2017,1.17736
8/15/2017,1.17408
8/16/2017,1.17734
8/17/2017,1.1713
8/18/2017,1.17587
8/19/2017,1.176
8/20/2017,1.17553
8/21/2017,1.18113
8/22/2017,1.17623
8/23/2017,1.1816
8/24/2017,1.17982
8/25/2017,1.19216
8/26/2017,1.1924
8/27/2017,1.19513
8/28/2017,1.19631
8/29/2017,1.19696
8/30/2017,1.1889
8/31/2017,1.19098
9/1/2017,1.1861
9/2/2017,1.1861
9/3/2017,1.18821
9/4/2017,1.18931
9/5/2017,1.1923
9/6/2017,1.19273
9/7/2017,1.20282
9/8/2017,1.2033
9/9/2017,1.2036
9/10/2017,1.20168
9/11/2017,1.1958
9/12/2017,1.1971
9/13/2017,1.18864
9/14/2017,1.1921
9/15/2017,1.19452
9/16/2017,1.1944
9/17/2017,1.1936
9/18/2017,1.19583
9/19/2017,1.1992
9/20/2017,1.18713
9/21/2017,1.19451
9/22/2017,1.19474
9/23/2017,1.1949
9/24/2017,1.19267
9/25/2017,1.18549
9/26/2017,1.17854
9/27/2017,1.17487
9/28/2017,1.17808
9/29/2017,1.17413
9/30/2017,1.18128
10/1/2017,1.1806
10/2/2017,1.17333
10/3/2017,1.17471
10/4/2017,1.17565
10/5/2017,1.17113
10/6/2017,1.17271
10/7/2017,1.1732
10/8/2017,1.17419
10/9/2017,1.1741
10/10/2017,1.1812
10/11/2017,1.18643
10/12/2017,1.18311
10/13/2017,1.18178
10/14/2017,1.182
10/15/2017,1.18134
10/16/2017,1.1795
10/17/2017,1.17703
10/18/2017,1.17945
10/19/2017,1.18474
10/20/2017,1.1783
10/21/2017,1.178
10/22/2017,1.1753
10/23/2017,1.17548
10/24/2017,1.17583
10/25/2017,1.1818
10/26/2017,1.16365
10/27/2017,1.16062
10/28/2017,1.1608
10/29/2017,1.16039
10/30/2017,1.1652
10/31/2017,1.16512
11/1/2017,1.1628
11/2/2017,1.16587
11/3/2017,1.16063
11/4/2017,1.1618
11/5/2017,1.16141
11/6/2017,1.1612
11/7/2017,1.16006
11/8/2017,1.15929
11/9/2017,1.16463
11/10/2017,1.16628
11/11/2017,1.1665
11/12/2017,1.16603
11/13/2017,1.16645
11/14/2017,1.17914
11/15/2017,1.17823
11/16/2017,1.1775
11/17/2017,1.17894
11/18/2017,1.17963
11/19/2017,1.17312
11/20/2017,1.1737
11/21/2017,1.17363
11/22/2017,1.18141
11/23/2017,1.1848
11/24/2017,1.19298
11/25/2017,1.193
11/26/2017,1.19252
11/27/2017,1.19045
11/28/2017,1.18473
11/29/2017,1.1852
11/30/2017,1.18977
12/1/2017,1.18952
12/2/2017,1.1892
12/3/2017,1.18588
12/4/2017,1.18674
12/5/2017,1.18308
12/6/2017,1.18039
12/7/2017,1.1772
12/8/2017,1.1772
12/9/2017,1.1764
12/10/2017,1.1767
12/11/2017,1.17756
12/12/2017,1.1741
12/13/2017,1.1834
12/14/2017,1.17742
12/15/2017,1.17474
12/16/2017,1.17559
12/17/2017,1.17429
12/18/2017,1.1783
12/19/2017,1.1837
12/20/2017,1.18776
12/21/2017,1.18566
12/22/2017,1.18603
12/23/2017,1.1858
12/24/2017,1.1847
12/25/2017,1.1872
12/26/2017,1.18574
12/27/2017,1.19001
12/28/2017,1.1938
12/29/2017,1.2002
12/30/2017,1.1997
12/31/2017,1.2002
1/1/2018,1.20109
1/2/2018,1.20629
1/3/2018,1.20098
1/4/2018,1.20681
1/5/2018,1.20282
1/6/2018,1.2028
1/7/2018,1.20368
1/8/2018,1.19698
1/9/2018,1.19286
1/10/2018,1.19556
1/11/2018,1.20415
1/12/2018,1.22009
1/13/2018,1.2195
1/14/2018,1.2192
1/15/2018,1.22671
1/16/2018,1.22705
1/17/2018,1.21832
1/18/2018,1.22352
1/19/2018,1.22222
1/20/2018,1.222
1/21/2018,1.22548
1/22/2018,1.2254
1/23/2018,1.23095
1/24/2018,1.239
1/25/2018,1.23917
1/26/2018,1.2425
1/27/2018,1.24198
1/28/2018,1.24274
1/29/2018,1.23801
1/30/2018,1.24088
1/31/2018,1.24174
2/1/2018,1.25092
2/2/2018,1.2461
2/3/2018,1.2461
2/4/2018,1.24463
2/5/2018,1.2367
2/6/2018,1.23805
2/7/2018,1.2267
2/8/2018,1.22599
2/9/2018,1.2244
2/10/2018,1.2244
2/11/2018,1.22522
2/12/2018,1.2301
2/13/2018,1.23532
2/14/2018,1.24666
2/15/2018,1.25029
2/16/2018,1.2406
2/17/2018,1.2406
2/18/2018,1.2411
2/19/2018,1.23977
2/20/2018,1.23347
2/21/2018,1.22812
2/22/2018,1.23259
2/23/2018,1.2293
2/24/2018,1.2293
2/25/2018,1.22865
2/26/2018,1.2315
2/27/2018,1.22296
2/28/2018,1.219
3/1/2018,1.22694
3/2/2018,1.2317
3/3/2018,1.2317
3/4/2018,1.23147
3/5/2018,1.23352
3/6/2018,1.24159
3/7/2018,1.2411
3/8/2018,1.2305
3/9/2018,1.2306
3/10/2018,1.2306
3/11/2018,1.2307
3/12/2018,1.23391
3/13/2018,1.23919
3/14/2018,1.2375
3/15/2018,1.2305
3/16/2018,1.2295
3/17/2018,1.2294
3/18/2018,1.22802
3/19/2018,1.23365
3/20/2018,1.22475
3/21/2018,1.2347
3/22/2018,1.23236
3/23/2018,1.2356
3/24/2018,1.2356
3/25/2018,1.23537
3/26/2018,1.24568
3/27/2018,1.2407
3/28/2018,1.23099
3/29/2018,1.23018
3/30/2018,1.2329
3/31/2018,1.2329
4/1/2018,1.23135
4/2/2018,1.2292
4/3/2018,1.22777
4/4/2018,1.2286
4/5/2018,1.22509
4/6/2018,1.2297
4/7/2018,1.2297
4/8/2018,1.22708
4/9/2018,1.23217
4/10/2018,1.23624
4/11/2018,1.23713
4/12/2018,1.23293
4/13/2018,1.2346
4/14/2018,1.2345
4/15/2018,1.23314
4/16/2018,1.23844
4/17/2018,1.23727
4/18/2018,1.2378
4/19/2018,1.2344
4/20/2018,1.2311
4/21/2018,1.2305
4/22/2018,1.2272
4/23/2018,1.22083
4/24/2018,1.2238
4/25/2018,1.2172
4/26/2018,1.21089
4/27/2018,1.2146
4/28/2018,1.2145
4/29/2018,1.2121
4/30/2018,1.2079
5/1/2018,1.19912
5/2/2018,1.19503
5/3/2018,1.19886
5/4/2018,1.1976
5/5/2018,1.197
5/6/2018,1.19543
5/7/2018,1.1933
5/8/2018,1.1868
5/9/2018,1.18465
5/10/2018,1.1912
5/11/2018,1.1959
5/12/2018,1.1959
5/13/2018,1.19516
5/14/2018,1.19305
5/15/2018,1.18205
5/16/2018,1.18146
5/17/2018,1.1791
5/18/2018,1.1789
5/19/2018,1.1789
5/20/2018,1.1765
5/21/2018,1.17897
5/22/2018,1.17878
5/23/2018,1.17096
5/24/2018,1.17221
5/25/2018,1.1655
5/26/2018,1.1655
5/27/2018,1.16882
5/28/2018,1.1626
5/29/2018,1.15364
5/30/2018,1.1663
5/31/2018,1.16927
6/1/2018,1.16578
6/2/2018,1.16851
6/3/2018,1.1667
6/4/2018,1.17
6/5/2018,1.1724
6/6/2018,1.17821
6/7/2018,1.1792
6/8/2018,1.178
6/9/2018,1.1774
6/10/2018,1.17833
6/11/2018,1.17735
6/12/2018,1.17472
6/13/2018,1.1804
6/14/2018,1.15659
6/15/2018,1.162
6/16/2018,1.1619
6/17/2018,1.15931
6/18/2018,1.16297
6/19/2018,1.1588
6/20/2018,1.15784
6/21/2018,1.1605
6/22/2018,1.1666
6/23/2018,1.1665
6/24/2018,1.16607
6/25/2018,1.17003
6/26/2018,1.16497
6/27/2018,1.15632
6/28/2018,1.15621
6/29/2018,1.1702
6/30/2018,1.1702
7/1/2018,1.1677
7/2/2018,1.164
7/3/2018,1.16584
7/4/2018,1.16615
7/5/2018,1.16922
7/6/2018,1.1753
7/7/2018,1.1753
7/8/2018,1.17515
7/9/2018,1.1756
7/10/2018,1.17256
7/11/2018,1.16748
7/12/2018,1.16642
7/13/2018,1.17
7/14/2018,1.1698
7/15/2018,1.16784
7/16/2018,1.17088
7/17/2018,1.1653
7/18/2018,1.16448
7/19/2018,1.16547
7/20/2018,1.1729
7/21/2018,1.1728
7/22/2018,1.17412
7/23/2018,1.16933
7/24/2018,1.1684
7/25/2018,1.1736
7/26/2018,1.16423
7/27/2018,1.1671
7/28/2018,1.1671
7/29/2018,1.166
7/30/2018,1.17072
7/31/2018,1.1689
8/1/2018,1.16635
8/2/2018,1.1583
8/3/2018,1.1581
8/4/2018,1.1579
8/5/2018,1.15618
8/6/2018,1.1557
8/7/2018,1.1601
8/8/2018,1.161
8/9/2018,1.15232
8/10/2018,1.1421
8/11/2018,1.142
8/12/2018,1.13923
8/13/2018,1.14003
8/14/2018,1.1345
8/15/2018,1.13403
8/16/2018,1.13707
8/17/2018,1.1447
8/18/2018,1.1446
8/19/2018,1.14371
8/20/2018,1.14906
8/21/2018,1.15744
8/22/2018,1.1584
8/23/2018,1.15397
8/24/2018,1.1631
8/25/2018,1.1631
8/26/2018,1.1648
8/27/2018,1.1681
8/28/2018,1.16907
8/29/2018,1.17091
8/30/2018,1.16641
8/31/2018,1.162
9/1/2018,1.162
9/2/2018,1.1598
9/3/2018,1.16149
9/4/2018,1.15859
9/5/2018,1.16339
9/6/2018,1.16194
9/7/2018,1.157
9/8/2018,1.157
9/9/2018,1.156
9/10/2018,1.15932
9/11/2018,1.1595
9/12/2018,1.16256
9/13/2018,1.1691
9/14/2018,1.1633
9/15/2018,1.1632
9/16/2018,1.1627
9/17/2018,1.16686
9/18/2018,1.16792
9/19/2018,1.16739
9/20/2018,1.1775
9/21/2018,1.1768
9/22/2018,1.1768
9/23/2018,1.1748
9/24/2018,1.1752
9/25/2018,1.17627
9/26/2018,1.17477
9/27/2018,1.16368
9/28/2018,1.162
9/29/2018,1.162
9/30/2018,1.16044
10/1/2018,1.1577
10/2/2018,1.15512
10/3/2018,1.1474
10/4/2018,1.15174
10/5/2018,1.1533
10/6/2018,1.1531
10/7/2018,1.1521
10/8/2018,1.1493
10/9/2018,1.1504
10/10/2018,1.15329
10/11/2018,1.15898
10/12/2018,1.1574
10/13/2018,1.1573
10/14/2018,1.15506
10/15/2018,1.15827
10/16/2018,1.15746
10/17/2018,1.15001
10/18/2018,1.14539
10/19/2018,1.1529
10/20/2018,1.1528
10/21/2018,1.1508
10/22/2018,1.14642
10/23/2018,1.14717
10/24/2018,1.13986
10/25/2018,1.1373
10/26/2018,1.1423
10/27/2018,1.1423
10/28/2018,1.1396
10/29/2018,1.13755
10/30/2018,1.13456
10/31/2018,1.13162
11/1/2018,1.14026
11/2/2018,1.1387
11/3/2018,1.1386
11/4/2018,1.1395
11/5/2018,1.1409
11/6/2018,1.14377
11/7/2018,1.1434
11/8/2018,1.13677
11/9/2018,1.1336
11/10/2018,1.1336
11/11/2018,1.1324
11/12/2018,1.1224
11/13/2018,1.1309
11/14/2018,1.13111
11/15/2018,1.1325
11/16/2018,1.1419
11/17/2018,1.1419
11/18/2018,1.14132
11/19/2018,1.14541
11/20/2018,1.13716
11/21/2018,1.13876
11/22/2018,1.14024
11/23/2018,1.1341
11/24/2018,1.1343
11/25/2018,1.13363
11/26/2018,1.13327
11/27/2018,1.1297
11/28/2018,1.1368
11/29/2018,1.1392
11/30/2018,1.1316
12/1/2018,1.132
12/2/2018,1.13414
12/3/2018,1.1354
12/4/2018,1.1342
12/5/2018,1.1348
12/6/2018,1.13741
12/7/2018,1.1381
12/8/2018,1.1378
12/9/2018,1.13999
12/10/2018,1.1355
12/11/2018,1.13222
12/12/2018,1.13727
12/13/2018,1.13629
12/14/2018,1.1308
12/15/2018,1.1309
12/16/2018,1.13049
12/17/2018,1.13485
12/18/2018,1.13746
12/19/2018,1.13866
12/20/2018,1.1456
12/21/2018,1.1382
12/22/2018,1.1382
12/23/2018,1.13721
12/24/2018,1.14
12/25/2018,1.1413
12/26/2018,1.13604
12/27/2018,1.14302
12/28/2018,1.1437
12/29/2018,1.1439
12/30/2018,1.1439
12/31/2018,1.149
1/1/2019,1.14608
1/2/2019,1.13176
1/3/2019,1.13901
1/4/2019,1.1394
1/5/2019,1.1394
1/6/2019,1.14097
1/7/2019,1.1479
1/8/2019,1.14554
1/9/2019,1.15542
1/10/2019,1.1507
1/11/2019,1.1468
1/12/2019,1.1468
1/13/2019,1.146
1/14/2019,1.14721
1/15/2019,1.1412
1/16/2019,1.13973
1/17/2019,1.13915
1/18/2019,1.1371
1/19/2019,1.1363
1/20/2019,1.13648
1/21/2019,1.13679
1/22/2019,1.13631
1/23/2019,1.1386
1/24/2019,1.1311
1/25/2019,1.1399
1/26/2019,1.1406
1/27/2019,1.14124
1/28/2019,1.1427
1/29/2019,1.1434
1/30/2019,1.1484
1/31/2019,1.1448
2/1/2019,1.1456
2/2/2019,1.1456
2/3/2019,1.14544
2/4/2019,1.14354
2/5/2019,1.1409
2/6/2019,1.13646
2/7/2019,1.1338
2/8/2019,1.1334
2/9/2019,1.1329
2/10/2019,1.13235
2/11/2019,1.1278
2/12/2019,1.13338
2/13/2019,1.12642
2/14/2019,1.12945
2/15/2019,1.1295
2/16/2019,1.1295
2/17/2019,1.1295
2/18/2019,1.13113
2/19/2019,1.1339
2/20/2019,1.1345
2/21/2019,1.1338
2/22/2019,1.134
2/23/2019,1.134
2/24/2019,1.13414
2/25/2019,1.1364
2/26/2019,1.1393
2/27/2019,1.13795
2/28/2019,1.13727
3/1/2019,1.1376
3/2/2019,1.1376
3/3/2019,1.13752
3/4/2019,1.1338
3/5/2019,1.13051
3/6/2019,1.1311
3/7/2019,1.11976
3/8/2019,1.1238
3/9/2019,1.1238
3/10/2019,1.1231
3/11/2019,1.12585
3/12/2019,1.12867
3/13/2019,1.1329
3/14/2019,1.13078
3/15/2019,1.1343
3/16/2019,1.1342
3/17/2019,1.1319
3/18/2019,1.13355
3/19/2019,1.1353
3/20/2019,1.1428
3/21/2019,1.1374
3/22/2019,1.1319
3/23/2019,1.1313
3/24/2019,1.1294
3/25/2019,1.13153
3/26/2019,1.1274
3/27/2019,1.1251
3/28/2019,1.1227
3/29/2019,1.123
3/30/2019,1.123
3/31/2019,1.1223
4/1/2019,1.1203
4/2/2019,1.1202
4/3/2019,1.12443
4/4/2019,1.1221
4/5/2019,1.1231
4/6/2019,1.123
4/7/2019,1.1217
4/8/2019,1.12558
4/9/2019,1.12657
4/10/2019,1.12758
4/11/2019,1.126
4/12/2019,1.1318
4/13/2019,1.1318
4/14/2019,1.1303
4/15/2019,1.1304
4/16/2019,1.12843
4/17/2019,1.12962
4/18/2019,1.1234
4/19/2019,1.1245
4/20/2019,1.1244
4/21/2019,1.1244
4/22/2019,1.12583
4/23/2019,1.12236
4/24/2019,1.11528
4/25/2019,1.11359
4/26/2019,1.1162
4/27/2019,1.1138
4/28/2019,1.11498
4/29/2019,1.11848
4/30/2019,1.1214
5/1/2019,1.12
5/2/2019,1.1171
5/3/2019,1.121
5/4/2019,1.121
5/5/2019,1.11849
5/6/2019,1.12009
5/7/2019,1.11891
5/8/2019,1.11974
5/9/2019,1.12182
5/10/2019,1.1234
5/11/2019,1.123
5/12/2019,1.1237
5/13/2019,1.12316
5/14/2019,1.1204
5/15/2019,1.12065
5/16/2019,1.11728
5/17/2019,1.1166
5/18/2019,1.1165
5/19/2019,1.11645
5/20/2019,1.1168
5/21/2019,1.1164
5/22/2019,1.11546
5/23/2019,1.1183
5/24/2019,1.1205
5/25/2019,1.1202
5/26/2019,1.12088
5/27/2019,1.1193
5/28/2019,1.1166
5/29/2019,1.11364
5/30/2019,1.11304
5/31/2019,1.1197
6/1/2019,1.1196
6/2/2019,1.11733
6/3/2019,1.1244
6/4/2019,1.1254
6/5/2019,1.1228
6/6/2019,1.12758
6/7/2019,1.134
6/8/2019,1.1339
6/9/2019,1.1319
6/10/2019,1.13173
6/11/2019,1.13286
6/12/2019,1.1292
6/13/2019,1.1279
6/14/2019,1.1236
6/15/2019,1.1234
6/16/2019,1.12163
6/17/2019,1.12238
6/18/2019,1.11977
6/19/2019,1.1235
6/20/2019,1.12945
6/21/2019,1.1394
6/22/2019,1.1393
6/23/2019,1.1384
6/24/2019,1.1398
6/25/2019,1.1367
6/26/2019,1.13739
6/27/2019,1.137
6/28/2019,1.1388
6/29/2019,1.1387
6/30/2019,1.136
7/1/2019,1.12867
7/2/2019,1.1291
7/3/2019,1.1286
7/4/2019,1.12844
7/5/2019,1.123
7/6/2019,1.123
7/7/2019,1.1226
7/8/2019,1.1215
7/9/2019,1.1203
7/10/2019,1.1258
7/11/2019,1.125
7/12/2019,1.1286
7/13/2019,1.1285
7/14/2019,1.12711
7/15/2019,1.1261
7/16/2019,1.1212
7/17/2019,1.1226
7/18/2019,1.12607
7/19/2019,1.1232
7/20/2019,1.1226
7/21/2019,1.1218
7/22/2019,1.12053
7/23/2019,1.115
7/24/2019,1.1141
7/25/2019,1.1145
7/26/2019,1.1146
7/27/2019,1.1145
7/28/2019,1.113
7/29/2019,1.11422
7/30/2019,1.11571
7/31/2019,1.107
8/1/2019,1.10781
8/2/2019,1.1128
8/3/2019,1.1127
8/4/2019,1.11073
8/5/2019,1.1242
8/6/2019,1.12035
8/7/2019,1.12033
8/8/2019,1.1186
8/9/2019,1.131
8/10/2019,1.1309
8/11/2019,1.12075
8/12/2019,1.1216
8/13/2019,1.1175
8/14/2019,1.1141
8/15/2019,1.1111
8/16/2019,1.1093
8/17/2019,1.1093
8/18/2019,1.1091
8/19/2019,1.10824
8/20/2019,1.1097
8/21/2019,1.1088
8/22/2019,1.1083
8/23/2019,1.1239
8/24/2019,1.1233
8/25/2019,1.11423
8/26/2019,1.11
8/27/2019,1.1089
8/28/2019,1.10851
8/29/2019,1.10596
8/30/2019,1.1009
8/31/2019,1.1009
9/1/2019,1.099
9/2/2019,1.0964
9/3/2019,1.0972
9/4/2019,1.10339
9/5/2019,1.1032
9/6/2019,1.1131
9/7/2019,1.1125
9/8/2019,1.1019
9/9/2019,1.10477
9/10/2019,1.1049
9/11/2019,1.1013
9/12/2019,1.10555
9/13/2019,1.1155
9/14/2019,1.1155
9/15/2019,1.10825
9/16/2019,1.1001
9/17/2019,1.1074
9/18/2019,1.10291
9/19/2019,1.10455
9/20/2019,1.1016
9/21/2019,1.1014
9/22/2019,1.10184
9/23/2019,1.09925
9/24/2019,1.1013
9/25/2019,1.0951
9/26/2019,1.0922
9/27/2019,1.09409
9/28/2019,1.0939
9/29/2019,1.0941
9/30/2019,1.08988
10/1/2019,1.09341
10/2/2019,1.096
10/3/2019,1.09747
10/4/2019,1.0978
10/5/2019,1.0978
10/6/2019,1.0983
10/7/2019,1.0972
10/8/2019,1.09592
10/9/2019,1.0983
10/10/2019,1.10097
10/11/2019,1.1036
10/12/2019,1.10352
10/13/2019,1.1027
10/14/2019,1.10257
10/15/2019,1.1034
10/16/2019,1.1072
10/17/2019,1.11243
10/18/2019,1.1168
10/19/2019,1.1183
10/20/2019,1.1154
10/21/2019,1.11507
10/22/2019,1.11286
10/23/2019,1.11316
10/24/2019,1.11026
10/25/2019,1.1079
10/26/2019,1.1079
10/27/2019,1.1083
10/28/2019,1.10987
10/29/2019,1.1111
10/30/2019,1.1152
10/31/2019,1.11566
11/1/2019,1.1191
11/2/2019,1.1166
11/3/2019,1.11658
11/4/2019,1.1127
11/5/2019,1.10737
11/6/2019,1.10699
11/7/2019,1.1052
11/8/2019,1.10182
11/9/2019,1.10196
11/10/2019,1.10211
11/11/2019,1.10347
11/12/2019,1.10119
11/13/2019,1.1009
11/14/2019,1.10196
11/15/2019,1.10485
11/16/2019,1.105
11/17/2019,1.10531
11/18/2019,1.10715
11/19/2019,1.10779
11/20/2019,1.1077
11/21/2019,1.10654
11/22/2019,1.10196
11/23/2019,1.10196
11/24/2019,1.1021
11/25/2019,1.1011
11/26/2019,1.10217
11/27/2019,1.10041
11/28/2019,1.10109
11/29/2019,1.10156
11/30/2019,1.10196
12/1/2019,1.10183
12/2/2019,1.10751
12/3/2019,1.1081
12/4/2019,1.10823
12/5/2019,1.1104
12/6/2019,1.10555
12/7/2019,1.10555
12/8/2019,1.10581
12/9/2019,1.10639
12/10/2019,1.1092
12/11/2019,1.11324
12/12/2019,1.1184
12/13/2019,1.1117
12/14/2019,1.1117
12/15/2019,1.11238
12/16/2019,1.11362
12/17/2019,1.11504
12/18/2019,1.11152
12/19/2019,1.1124
12/20/2019,1.10765
12/21/2019,1.10765
12/22/2019,1.10796
12/23/2019,1.1091
12/24/2019,1.1087
12/25/2019,1.10944
12/26/2019,1.11004
12/27/2019,1.1177
12/28/2019,1.1177
12/29/2019,1.11813
12/30/2019,1.12017
12/31/2019,1.122
1/1/2020,1.12186
1/2/2020,1.11703
1/3/2020,1.1153
1/4/2020,1.1153
1/5/2020,1.11611
1/6/2020,1.11951
1/7/2020,1.11535
1/8/2020,1.11123
1/9/2020,1.1109
1/10/2020,1.1119
1/11/2020,1.1121
1/12/2020,1.1116
1/13/2020,1.1135
1/14/2020,1.11277
1/15/2020,1.1151
1/16/2020,1.1137
1/17/2020,1.1089
1/18/2020,1.1089
1/19/2020,1.10932
1/20/2020,1.1096
1/21/2020,1.1083
1/22/2020,1.10955
1/23/2020,1.10545
1/24/2020,1.1026
1/25/2020,1.1026
1/26/2020,1.10244
1/27/2020,1.1018
1/28/2020,1.10218
1/29/2020,1.1013
1/30/2020,1.1029
1/31/2020,1.10949
2/1/2020,1.10949
2/2/2020,1.10891
2/3/2020,1.10623
2/4/2020,1.10447
2/5/2020,1.1
2/6/2020,1.09807
2/7/2020,1.0942
2/8/2020,1.0942
2/9/2020,1.09485
2/10/2020,1.09102
2/11/2020,1.0918
2/12/2020,1.08749
2/13/2020,1.08409
2/14/2020,1.08301
2/15/2020,1.08301
2/16/2020,1.08403
2/17/2020,1.0836
2/18/2020,1.0795
2/19/2020,1.081
2/20/2020,1.07875
2/21/2020,1.08453
2/22/2020,1.08453
2/23/2020,1.08377
2/24/2020,1.08488
2/25/2020,1.08786
2/26/2020,1.08848
2/27/2020,1.09967
2/28/2020,1.1027
2/29/2020,1.1027
3/1/2020,1.10504
3/2/2020,1.11412
3/3/2020,1.11764
3/4/2020,1.11383
3/5/2020,1.12232
3/6/2020,1.129
3/7/2020,1.1285
3/8/2020,1.1383
3/9/2020,1.13972
3/10/2020,1.1317
3/11/2020,1.12606
3/12/2020,1.11832
3/13/2020,1.1142
3/14/2020,1.1142
3/15/2020,1.11512
3/16/2020,1.11605
3/17/2020,1.10145
3/18/2020,1.09602
3/19/2020,1.06547
3/20/2020,1.0761
3/21/2020,1.0761
3/22/2020,1.06923
3/23/2020,1.07636
3/24/2020,1.08018
3/25/2020,1.08887
3/26/2020,1.10473
3/27/2020,1.1166
3/28/2020,1.1166
3/29/2020,1.11377
3/30/2020,1.10294
3/31/2020,1.10257
4/1/2020,1.09528
4/2/2020,1.08462
4/3/2020,1.0799
4/4/2020,1.0799
4/5/2020,1.0806
4/6/2020,1.08008
4/7/2020,1.08945
4/8/2020,1.0859
4/9/2020,1.09252
4/10/2020,1.0935
4/11/2020,1.0935
4/12/2020,1.09315
4/13/2020,1.0919
4/14/2020,1.09847
4/15/2020,1.09031
4/16/2020,1.0858
4/17/2020,1.08711
4/18/2020,1.0874
4/19/2020,1.0866
4/20/2020,1.0864
4/21/2020,1.08551
4/22/2020,1.0805
4/23/2020,1.0774
4/24/2020,1.08248
4/25/2020,1.0822
4/26/2020,1.08202
4/27/2020,1.0822
4/28/2020,1.08328
4/29/2020,1.08764
4/30/2020,1.09448
5/1/2020,1.1092
5/2/2020,1.1093
5/3/2020,1.09588
5/4/2020,1.09031
5/5/2020,1.08382
5/6/2020,1.07971
5/7/2020,1.08367
5/8/2020,1.0968
5/9/2020,1.0969
5/10/2020,1.08387
5/11/2020,1.0809
5/12/2020,1.08462
5/13/2020,1.08216
5/14/2020,1.08067
5/15/2020,1.08106
5/16/2020,1.08106
5/17/2020,1.0818
5/18/2020,1.09146
5/19/2020,1.09263
5/20/2020,1.0979
5/21/2020,1.095
5/22/2020,1.0896
5/23/2020,1.0896
5/24/2020,1.09076
5/25/2020,1.0901
5/26/2020,1.0979
5/27/2020,1.10164
5/28/2020,1.10788
5/29/2020,1.11011
5/30/2020,1.11011
5/31/2020,1.1115
6/1/2020,1.11255
6/2/2020,1.11861
6/3/2020,1.12342
6/4/2020,1.13364
6/5/2020,1.12788
6/6/2020,1.12788
6/7/2020,1.1319
6/8/2020,1.13049
6/9/2020,1.13319
6/10/2020,1.13653
6/11/2020,1.12878
6/12/2020,1.1257
6/13/2020,1.1257
6/14/2020,1.12511
6/15/2020,1.1335
6/16/2020,1.1265
6/17/2020,1.12424
6/18/2020,1.12067
6/19/2020,1.11772
6/20/2020,1.11772
6/21/2020,1.11768
6/22/2020,1.12794
6/23/2020,1.13117
6/24/2020,1.12505
6/25/2020,1.1218
6/26/2020,1.12191
6/27/2020,1.12191
6/28/2020,1.12225
6/29/2020,1.12467
6/30/2020,1.12335
7/1/2020,1.12507
7/2/2020,1.12371
7/3/2020,1.1243
7/4/2020,1.1243
7/5/2020,1.12465
7/6/2020,1.1311
7/7/2020,1.12748
7/8/2020,1.13371
7/9/2020,1.12874
7/10/2020,1.12888
7/11/2020,1.1299
7/12/2020,1.13093
7/13/2020,1.13453
7/14/2020,1.14101
7/15/2020,1.1416
7/16/2020,1.13879
7/17/2020,1.14246
7/18/2020,1.14246
7/19/2020,1.14417
7/20/2020,1.14566
7/21/2020,1.15336
7/22/2020,1.15647
7/23/2020,1.15954
7/24/2020,1.16559
7/25/2020,1.16559
7/26/2020,1.165
7/27/2020,1.17689
7/28/2020,1.1717
7/29/2020,1.17821
7/30/2020,1.1872
7/31/2020,1.17719
8/1/2020,1.17719
8/2/2020,1.17814
8/3/2020,1.1761
8/4/2020,1.18144
8/5/2020,1.18725
8/6/2020,1.18743
8/7/2020,1.17865
8/8/2020,1.1786
8/9/2020,1.1782
8/10/2020,1.17374
8/11/2020,1.17358
8/12/2020,1.17937
8/13/2020,1.18162
8/14/2020,1.18408
8/15/2020,1.18408
8/16/2020,1.1852
8/17/2020,1.18747
8/18/2020,1.19475
8/19/2020,1.1842
8/20/2020,1.18698
8/21/2020,1.17888
8/22/2020,1.17888
8/23/2020,1.17973
8/24/2020,1.1794
8/25/2020,1.18343
8/26/2020,1.18386
8/27/2020,1.1818
8/28/2020,1.18924
8/29/2020,1.18924
8/30/2020,1.1918
8/31/2020,1.1937
9/1/2020,1.19225
9/2/2020,1.18461
9/3/2020,1.18394
9/4/2020,1.18337
9/5/2020,1.18337
9/6/2020,1.18335
9/7/2020,1.18191
9/8/2020,1.1767
9/9/2020,1.18037
9/10/2020,1.18237
9/11/2020,1.18369
9/12/2020,1.18369
9/13/2020,1.18395
9/14/2020,1.18677
9/15/2020,1.18437
9/16/2020,1.18031
9/17/2020,1.1848
9/18/2020,1.18381
9/19/2020,1.18381
9/20/2020,1.18448
9/21/2020,1.1764
9/22/2020,1.17078
9/23/2020,1.16575
9/24/2020,1.16728
9/25/2020,1.16272
9/26/2020,1.16272
9/27/2020,1.16345
9/28/2020,1.16784
9/29/2020,1.17405
9/30/2020,1.17237
10/1/2020,1.17442
10/2/2020,1.17154
10/3/2020,1.17154
10/4/2020,1.17196
10/5/2020,1.179
10/6/2020,1.17367
10/7/2020,1.1764
10/8/2020,1.1765
10/9/2020,1.18252
10/10/2020,1.18252
10/11/2020,1.1814
10/12/2020,1.18132
10/13/2020,1.17419
10/14/2020,1.17438
10/15/2020,1.17062
10/16/2020,1.17093
10/17/2020,1.17093
10/18/2020,1.17148
10/19/2020,1.17679
10/20/2020,1.1829
10/21/2020,1.18519
10/22/2020,1.18145
10/23/2020,1.18542
10/24/2020,1.18542
10/25/2020,1.18479
10/26/2020,1.1809
10/27/2020,1.178
10/28/2020,1.17481
10/29/2020,1.16778
10/30/2020,1.1675
10/31/2020,1.1675
11/1/2020,1.16414
11/2/2020,1.1641
11/3/2020,1.17617
11/4/2020,1.1732
11/5/2020,1.18169
11/6/2020,1.1872
11/7/2020,1.1872
11/8/2020,1.18922
11/9/2020,1.18241
11/10/2020,1.18183
11/11/2020,1.1779
11/12/2020,1.1804
11/13/2020,1.18275
11/14/2020,1.18275
11/15/2020,1.18446
11/16/2020,1.18589
11/17/2020,1.1862
11/18/2020,1.18472
11/19/2020,1.18662
11/20/2020,1.18526
11/21/2020,1.18526
11/22/2020,1.18656
11/23/2020,1.1843
11/24/2020,1.18976
11/25/2020,1.19162
11/26/2020,1.19112
11/27/2020,1.1962
11/28/2020,1.1962
11/29/2020,1.19706
11/30/2020,1.19373
12/1/2020,1.20711
12/2/2020,1.21143
12/3/2020,1.21454
12/4/2020,1.212
12/5/2020,1.212
12/6/2020,1.21206
12/7/2020,1.21126
12/8/2020,1.21084
12/9/2020,1.20774
12/10/2020,1.2143
12/11/2020,1.2113
12/12/2020,1.2113
12/13/2020,1.21327
12/14/2020,1.2148
12/15/2020,1.21537
12/16/2020,1.21961
12/17/2020,1.22618
12/18/2020,1.22547
12/19/2020,1.22547
12/20/2020,1.22155
12/21/2020,1.22346
12/22/2020,1.2186
12/23/2020,1.21908
12/24/2020,1.2181
12/25/2020,1.2151
12/26/2020,1.2151
12/27/2020,1.22042
12/28/2020,1.222
12/29/2020,1.22524
12/30/2020,1.22996
12/31/2020,1.1984
1/1/2021,1.20108
1/2/2021,1.20108
1/3/2021,1.22498
1/4/2021,1.22506
1/5/2021,1.22997
1/6/2021,1.23388
1/7/2021,1.2269
1/8/2021,1.22172
1/9/2021,1.2221
1/10/2021,1.21852
1/11/2021,1.21604
1/12/2021,1.22083
1/13/2021,1.21615
1/14/2021,1.215
1/15/2021,1.2075
1/16/2021,1.2075
1/17/2021,1.20673
1/18/2021,1.20775
1/19/2021,1.21381
1/20/2021,1.21151
1/21/2021,1.2164
1/22/2021,1.21134
1/23/2021,1.21134
1/24/2021,1.21686
1/25/2021,1.2144
1/26/2021,1.21622
1/27/2021,1.21032
1/28/2021,1.21196
1/29/2021,1.2137
1/30/2021,1.2136
1/31/2021,1.2123
2/1/2021,1.2069
2/2/2021,1.20383
2/3/2021,1.2037
2/4/2021,1.19664
2/5/2021,1.20401
2/6/2021,1.20401
2/7/2021,1.20481
2/8/2021,1.20519
2/9/2021,1.2116
2/10/2021,1.21182
2/11/2021,1.21302
2/12/2021,1.21182
2/13/2021,1.2119
2/14/2021,1.21211
2/15/2021,1.21321
2/16/2021,1.20919
2/17/2021,1.2045
2/18/2021,1.20913
2/19/2021,1.2109
2/20/2021,1.2119
2/21/2021,1.21257
2/22/2021,1.2166
2/23/2021,1.2152
2/24/2021,1.21707
2/25/2021,1.21598
2/26/2021,1.20695
2/27/2021,1.20695
2/28/2021,1.20885
3/1/2021,1.20478
3/2/2021,1.20846
3/3/2021,1.2049
3/4/2021,1.19671
3/5/2021,1.19088
3/6/2021,1.19088
3/7/2021,1.1925
3/8/2021,1.18511
3/9/2021,1.18973
3/10/2021,1.19245
3/11/2021,1.1981
3/12/2021,1.19523
3/13/2021,1.19523
3/14/2021,1.1949
3/15/2021,1.19244
3/16/2021,1.19011
3/17/2021,1.19822
3/18/2021,1.19177
3/19/2021,1.1946
3/20/2021,1.1946
3/21/2021,1.18825
3/22/2021,1.19331
3/23/2021,1.18396
3/24/2021,1.18125
3/25/2021,1.1776
3/26/2021,1.1822
3/27/2021,1.1822
3/28/2021,1.17872
3/29/2021,1.17685
3/30/2021,1.17229
3/31/2021,1.17263
4/1/2021,1.1777
4/2/2021,1.1761
4/3/2021,1.1761
4/4/2021,1.1768
4/5/2021,1.18169
4/6/2021,1.18736
4/7/2021,1.1871
4/8/2021,1.19152
4/9/2021,1.18963
4/10/2021,1.19
4/11/2021,1.18986
4/12/2021,1.19117
4/13/2021,1.19538
4/14/2021,1.19833
4/15/2021,1.19695
4/16/2021,1.1982
4/17/2021,1.1982
4/18/2021,1.1968
4/19/2021,1.204
4/20/2021,1.20324
4/21/2021,1.20373
4/22/2021,1.20142
4/23/2021,1.20973
4/24/2021,1.2097
4/25/2021,1.2089
4/26/2021,1.20795
4/27/2021,1.2088
4/28/2021,1.21339
4/29/2021,1.2125
4/30/2021,1.20167
5/1/2021,1.202
5/2/2021,1.2025
5/3/2021,1.2056
5/4/2021,1.20142
5/5/2021,1.20076
5/6/2021,1.20653
5/7/2021,1.21634
5/8/2021,1.2161
5/9/2021,1.21701
5/10/2021,1.21403
5/11/2021,1.21439
5/12/2021,1.2076
5/13/2021,1.20767
5/14/2021,1.21446
5/15/2021,1.21446
5/16/2021,1.21494
5/17/2021,1.21562
5/18/2021,1.22215
5/19/2021,1.217
5/20/2021,1.22247
5/21/2021,1.2179
5/22/2021,1.2179
5/23/2021,1.218
5/24/2021,1.22141
5/25/2021,1.2246
5/26/2021,1.21923
5/27/2021,1.2191
5/28/2021,1.21921
5/29/2021,1.21921
5/30/2021,1.21891
5/31/2021,1.22322
6/1/2021,1.22165
6/2/2021,1.22093
6/3/2021,1.21296
6/4/2021,1.21648
6/5/2021,1.21648
6/6/2021,1.2165
6/7/2021,1.2188
6/8/2021,1.21725
6/9/2021,1.21785
6/10/2021,1.21719
6/11/2021,1.2105
6/12/2021,1.2105
6/13/2021,1.21091
6/14/2021,1.21215
6/15/2021,1.21246
6/16/2021,1.19949
6/17/2021,1.19128
6/18/2021,1.18585
6/19/2021,1.18585
6/20/2021,1.1869
6/21/2021,1.1912
6/22/2021,1.19363
6/23/2021,1.19288
6/24/2021,1.19279
6/25/2021,1.1936
6/26/2021,1.1936
6/27/2021,1.1941
6/28/2021,1.19281
6/29/2021,1.19003
6/30/2021,1.18557
7/1/2021,1.18455
7/2/2021,1.18603
7/3/2021,1.1864
7/4/2021,1.18554
7/5/2021,1.18625
7/6/2021,1.18223
7/7/2021,1.17927
7/8/2021,1.18463
7/9/2021,1.18772
7/10/2021,1.1876
7/11/2021,1.1872
7/12/2021,1.1862
7/13/2021,1.17749
7/14/2021,1.1832
7/15/2021,1.18111
7/16/2021,1.1803
7/17/2021,1.1806
7/18/2021,1.1811
7/19/2021,1.1792
7/20/2021,1.17812
7/21/2021,1.17913
7/22/2021,1.17724
7/23/2021,1.17714
7/24/2021,1.1771
7/25/2021,1.17726
7/26/2021,1.1806
7/27/2021,1.18204
7/28/2021,1.18455
7/29/2021,1.189
7/30/2021,1.1869
7/31/2021,1.1869
8/1/2021,1.18657
8/2/2021,1.18736
8/3/2021,1.18691
8/4/2021,1.1836
8/5/2021,1.1831
8/6/2021,1.17606
8/7/2021,1.176
8/8/2021,1.1747
8/9/2021,1.17355
8/10/2021,1.17196
8/11/2021,1.17417
8/12/2021,1.17355
8/13/2021,1.179
8/14/2021,1.179
8/15/2021,1.17937
8/16/2021,1.17777
8/17/2021,1.17091
8/18/2021,1.17026
8/19/2021,1.16764
8/20/2021,1.16839
8/21/2021,1.16879
8/22/2021,1.16964
8/23/2021,1.1743
8/24/2021,1.17528
8/25/2021,1.1771
8/26/2021,1.1752
8/27/2021,1.1796
8/28/2021,1.1796
8/29/2021,1.1797
8/30/2021,1.17962
8/31/2021,1.1809
9/1/2021,1.184
9/2/2021,1.18735
9/3/2021,1.18784
9/4/2021,1.18784
9/5/2021,1.18852
9/6/2021,1.18733
9/7/2021,1.1843
9/8/2021,1.18189
9/9/2021,1.1825
9/10/2021,1.18106
9/11/2021,1.18106
9/12/2021,1.1811
9/13/2021,1.181
9/14/2021,1.18026
9/15/2021,1.1818
9/16/2021,1.1767
9/17/2021,1.17223
9/18/2021,1.17223
9/19/2021,1.17288
9/20/2021,1.17269
9/21/2021,1.1722
9/22/2021,1.1687
9/23/2021,1.17396
9/24/2021,1.17199
9/25/2021,1.17199
9/26/2021,1.17216
9/27/2021,1.16948
9/28/2021,1.16861
9/29/2021,1.1599
9/30/2021,1.1574
10/1/2021,1.1591
10/2/2021,1.1591
10/3/2021,1.16062
10/4/2021,1.16162
10/5/2021,1.15954
10/6/2021,1.15547
10/7/2021,1.1558
10/8/2021,1.15705
10/9/2021,1.1569
10/10/2021,1.1565
10/11/2021,1.1553
10/12/2021,1.15311
10/13/2021,1.15958
10/14/2021,1.15901
10/15/2021,1.15994
10/16/2021,1.15994
10/17/2021,1.1596
10/18/2021,1.16131
10/19/2021,1.163
10/20/2021,1.16524
10/21/2021,1.16248
10/22/2021,1.16437
10/23/2021,1.1641
10/24/2021,1.1637
10/25/2021,1.1607
10/26/2021,1.1595
10/27/2021,1.15994
10/28/2021,1.1682
10/29/2021,1.1547
10/30/2021,1.1547
10/31/2021,1.15559
11/1/2021,1.15996
11/2/2021,1.1579
11/3/2021,1.1614
11/4/2021,1.15536
11/5/2021,1.155
11/6/2021,1.155
11/7/2021,1.15677
11/8/2021,1.1587
11/9/2021,1.1593
11/10/2021,1.14853
11/11/2021,1.14475
11/12/2021,1.14459
11/13/2021,1.14459
11/14/2021,1.1441
11/15/2021,1.1363
11/16/2021,1.13178
11/17/2021,1.1316
11/18/2021,1.13678
11/19/2021,1.1286
11/20/2021,1.1286
11/21/2021,1.12747
11/22/2021,1.12414
11/23/2021,1.1245
11/24/2021,1.12023
11/25/2021,1.12088
11/26/2021,1.1319
11/27/2021,1.1319
11/28/2021,1.12918
11/29/2021,1.12925
11/30/2021,1.13298
12/1/2021,1.1319
12/2/2021,1.13055
12/3/2021,1.1313
12/4/2021,1.1313
12/5/2021,1.13038
12/6/2021,1.12826
12/7/2021,1.1271
12/8/2021,1.13442
12/9/2021,1.12935
12/10/2021,1.13182
12/11/2021,1.1316
12/12/2021,1.13105
12/13/2021,1.12831
12/14/2021,1.12575
12/15/2021,1.12902
12/16/2021,1.13328
12/17/2021,1.12363
12/18/2021,1.1239
12/19/2021,1.12425
12/20/2021,1.1277
12/21/2021,1.1287
12/22/2021,1.1326
12/23/2021,1.13228
12/24/2021,1.1321
12/25/2021,1.1321
12/26/2021,1.1323
12/27/2021,1.13292
12/28/2021,1.1312
12/29/2021,1.13597
12/30/2021,1.13222
12/31/2021,1.1373
1/1/2022,1.1373
1/2/2022,1.13723
1/3/2022,1.1302
1/4/2022,1.1281
1/5/2022,1.131
1/6/2022,1.1295
1/7/2022,1.13602
1/8/2022,1.136
1/9/2022,1.13531
1/10/2022,1.13301
1/11/2022,1.13657
1/12/2022,1.14399
1/13/2022,1.1456
1/14/2022,1.1415
1/15/2022,1.1415
1/16/2022,1.14096
1/17/2022,1.14101
1/18/2022,1.13289
1/19/2022,1.1343
1/20/2022,1.13131
1/21/2022,1.1343
1/22/2022,1.1343
1/23/2022,1.13408
1/24/2022,1.13237
1/25/2022,1.1303
1/26/2022,1.12401
1/27/2022,1.11442
1/28/2022,1.11376
1/29/2022,1.11376
1/30/2022,1.11517
1/31/2022,1.1229
2/1/2022,1.1273
2/2/2022,1.12995
2/3/2022,1.14353
2/4/2022,1.1448
2/5/2022,1.1448
2/6/2022,1.1454
2/7/2022,1.14409
2/8/2022,1.14206
2/9/2022,1.14209
2/10/2022,1.14135
2/11/2022,1.13292
2/12/2022,1.13452
2/13/2022,1.13639
2/14/2022,1.1306
2/15/2022,1.13562
2/16/2022,1.13734
2/17/2022,1.13657
2/18/2022,1.13065
2/19/2022,1.13065
2/20/2022,1.13165
2/21/2022,1.1309
2/22/2022,1.13285
2/23/2022,1.1304
2/24/2022,1.11898
2/25/2022,1.1273
2/26/2022,1.1271
2/27/2022,1.11795
2/28/2022,1.1215
3/1/2022,1.11313
3/2/2022,1.11119
3/3/2022,1.1067
3/4/2022,1.0926
3/5/2022,1.0924
3/6/2022,1.08729
3/7/2022,1.08649
3/8/2022,1.08975
3/9/2022,1.10731
3/10/2022,1.10133
3/11/2022,1.0913
3/12/2022,1.0913
3/13/2022,1.09314
3/14/2022,1.09425
3/15/2022,1.09687
3/16/2022,1.10214
3/17/2022,1.1099
3/18/2022,1.1069
3/19/2022,1.1069
3/20/2022,1.10417
3/21/2022,1.10167
3/22/2022,1.10292
3/23/2022,1.10058
3/24/2022,1.1009
3/25/2022,1.0988
3/26/2022,1.0983
3/27/2022,1.09813
3/28/2022,1.09931
3/29/2022,1.10911
3/30/2022,1.11612
3/31/2022,1.10716
4/1/2022,1.10494
4/2/2022,1.1041
4/3/2022,1.1045
4/4/2022,1.09752
4/5/2022,1.09057
4/6/2022,1.08975
4/7/2022,1.0864
4/8/2022,1.08737
4/9/2022,1.08737
4/10/2022,1.0884
4/11/2022,1.08775
4/12/2022,1.08257
4/13/2022,1.08959
4/14/2022,1.08203
4/15/2022,1.08099
4/16/2022,1.08099
4/17/2022,1.08145
4/18/2022,1.07814
4/19/2022,1.07938
4/20/2022,1.08493
4/21/2022,1.0835
4/22/2022,1.07981
4/23/2022,1.0798
4/24/2022,1.08104
4/25/2022,1.0713
4/26/2022,1.06431
4/27/2022,1.05547
4/28/2022,1.0502
4/29/2022,1.0541
4/30/2022,1.0541
5/1/2022,1.05353
5/2/2022,1.05086
5/3/2022,1.0526
5/4/2022,1.06211
5/5/2022,1.0539
5/6/2022,1.05342
5/7/2022,1.05342
5/8/2022,1.05314
5/9/2022,1.05653
5/10/2022,1.053
5/11/2022,1.05118
5/12/2022,1.03789
5/13/2022,1.04083
5/14/2022,1.04083
5/15/2022,1.03999
5/16/2022,1.04383
5/17/2022,1.0547
5/18/2022,1.0472
5/19/2022,1.0578
5/20/2022,1.05598
5/21/2022,1.05598
5/22/2022,1.05691
5/23/2022,1.06813
5/24/2022,1.0731
5/25/2022,1.0686
5/26/2022,1.07322
5/27/2022,1.07316
5/28/2022,1.07316
5/29/2022,1.07308
5/30/2022,1.07731
5/31/2022,1.07335
6/1/2022,1.06504
6/2/2022,1.07504
6/3/2022,1.07183
6/4/2022,1.0718
6/5/2022,1.07253
6/6/2022,1.06911
6/7/2022,1.06962
6/8/2022,1.0717
6/9/2022,1.06188
6/10/2022,1.0517
6/11/2022,1.0519
6/12/2022,1.04889
6/13/2022,1.04146
6/14/2022,1.04378
6/15/2022,1.04556
6/16/2022,1.05461
6/17/2022,1.04531
6/18/2022,1.0495
6/19/2022,1.04907
6/20/2022,1.05197
6/21/2022,1.05318
6/22/2022,1.05627
6/23/2022,1.0519
6/24/2022,1.05676
6/25/2022,1.05676
6/26/2022,1.05653
6/27/2022,1.058
6/28/2022,1.05228
6/29/2022,1.04459
6/30/2022,1.0477
7/1/2022,1.04272
7/2/2022,1.04272
7/3/2022,1.0432
7/4/2022,1.04325
7/5/2022,1.02573
7/6/2022,1.01838
7/7/2022,1.0167
7/8/2022,1.0182
7/9/2022,1.0183
7/10/2022,1.01654
7/11/2022,1.0047
7/12/2022,1.00308
7/13/2022,1.00323
7/14/2022,1.00251
7/15/2022,1.00766
7/16/2022,1.00946
7/17/2022,1.0094
7/18/2022,1.01447
7/19/2022,1.02306
7/20/2022,1.01821
7/21/2022,1.02206
7/22/2022,1.01866
7/23/2022,1.0212
7/24/2022,1.0199
7/25/2022,1.02228
7/26/2022,1.01293
7/27/2022,1.0204
7/28/2022,1.01916
7/29/2022,1.02264
7/30/2022,1.02264
7/31/2022,1.02059
8/1/2022,1.02607
8/2/2022,1.0155
8/3/2022,1.01569
8/4/2022,1.02474
8/5/2022,1.01749
8/6/2022,1.01799
8/7/2022,1.0171
8/8/2022,1.01969
8/9/2022,1.02079
8/10/2022,1.02989
8/11/2022,1.03208
8/12/2022,1.02622
8/13/2022,1.02622
8/14/2022,1.02542
8/15/2022,1.01615
8/16/2022,1.01701
8/17/2022,1.01771
8/18/2022,1.00896
8/19/2022,1.0038
8/20/2022,1.0036
8/21/2022,1.00344
8/22/2022,0.99391
8/23/2022,0.99668
8/24/2022,0.9967
8/25/2022,0.99708
8/26/2022,0.9963
8/27/2022,0.9964
8/28/2022,0.9938
8/29/2022,1.0009
8/30/2022,1.00244
8/31/2022,1.00387
9/1/2022,0.99519
9/2/2022,0.9951
9/3/2022,0.9951
9/4/2022,0.99087
9/5/2022,0.99502
9/6/2022,0.98972
9/7/2022,0.99953
9/8/2022,1.001
9/9/2022,1.015
9/10/2022,1.0151
9/11/2022,1.00707
9/12/2022,1.0129
9/13/2022,0.99797
9/14/2022,0.99821
9/15/2022,0.99877
9/16/2022,1.00052
9/17/2022,1.00092
9/18/2022,1.002
9/19/2022,1.00289
9/20/2022,0.99703
9/21/2022,0.98301
9/22/2022,0.98389
9/23/2022,0.9691
9/24/2022,0.9689
9/25/2022,0.96857
9/26/2022,0.96226
9/27/2022,0.95956
9/28/2022,0.97075
9/29/2022,0.98289
9/30/2022,0.9801
10/1/2022,0.9801
10/2/2022,0.9792
10/3/2022,0.98315
10/4/2022,0.9984
10/5/2022,0.991
10/6/2022,0.97884
10/7/2022,0.9736
10/8/2022,0.9744
10/9/2022,0.97343
10/10/2022,0.97096
10/11/2022,0.96999
10/12/2022,0.97072
10/13/2022,0.9769
10/14/2022,0.9718
10/15/2022,0.9718
10/16/2022,0.97387
10/17/2022,0.98434
10/18/2022,0.98631
10/19/2022,0.97661
10/20/2022,0.97783
10/21/2022,0.98497
10/22/2022,0.98547
10/23/2022,0.98589
10/24/2022,0.98859
10/25/2022,0.9963
10/26/2022,1.00912
10/27/2022,0.99671
10/28/2022,0.99601
10/29/2022,0.99601
10/30/2022,0.99543
10/31/2022,0.98853
11/1/2022,0.9875
11/2/2022,0.98136
11/3/2022,0.97492
11/4/2022,0.9819
11/5/2022,0.983
11/6/2022,0.99281
11/7/2022,1.00179
11/8/2022,1.00805
11/9/2022,1.00188
11/10/2022,1.01915
11/11/2022,1.037
11/12/2022,1.036
11/13/2022,1.03278
11/14/2022,1.03187
11/15/2022,1.03572
11/16/2022,1.03934
11/17/2022,1.0361
11/18/2022,1.0343
11/19/2022,1.0344
11/20/2022,1.033
11/21/2022,1.02454
11/22/2022,1.0309
11/23/2022,1.04155
11/24/2022,1.04074
11/25/2022,1.0412
11/26/2022,1.0413
11/27/2022,1.03668
11/28/2022,1.03432
11/29/2022,1.03238
11/30/2022,1.04233
12/1/2022,1.05281
12/2/2022,1.0535
12/3/2022,1.0536
12/4/2022,1.05433
12/5/2022,1.0497
12/6/2022,1.04675
12/7/2022,1.05127
12/8/2022,1.0557
12/9/2022,1.0544
12/10/2022,1.054
12/11/2022,1.05213
12/12/2022,1.054
12/13/2022,1.06261
12/14/2022,1.06762
12/15/2022,1.06369
12/16/2022,1.0597
12/17/2022,1.0593
12/18/2022,1.0584
12/19/2022,1.06116
12/20/2022,1.06252
12/21/2022,1.0606
12/22/2022,1.06008
12/23/2022,1.0667
12/24/2022,1.0665
12/25/2022,1.06176
12/26/2022,1.06394
12/27/2022,1.06365
12/28/2022,1.06286
12/29/2022,1.0659
12/30/2022,1.0724
12/31/2022,1.0725
1/1/2023,1.0793
1/2/2023,1.0677
1/3/2023,1.05464
1/4/2023,1.06056
1/5/2023,1.05216
1/6/2023,1.0661
1/7/2023,1.0662
1/8/2023,1.06556
1/9/2023,1.07325
1/10/2023,1.07383
1/11/2023,1.07656
1/12/2023,1.08597
1/13/2023,1.0845
1/14/2023,1.0842
1/15/2023,1.08239
1/16/2023,1.08294
1/17/2023,1.07893
1/18/2023,1.07976
1/19/2023,1.0832
1/20/2023,1.0875
1/21/2023,1.0876
1/22/2023,1.08642
1/23/2023,1.08713
1/24/2023,1.08875
1/25/2023,1.09217
1/26/2023,1.0892
1/27/2023,1.087
1/28/2023,1.0871
1/29/2023,1.08708
1/30/2023,1.085
1/31/2023,1.08603
2/1/2023,1.10123
2/2/2023,1.0904
2/3/2023,1.0825
2/4/2023,1.0822
2/5/2023,1.07902
2/6/2023,1.07284
2/7/2023,1.07296
2/8/2023,1.07154
2/9/2023,1.07395
2/10/2023,1.0699
2/11/2023,1.0696
2/12/2023,1.06769
2/13/2023,1.0728
2/14/2023,1.07352
2/15/2023,1.0691
2/16/2023,1.06651
2/17/2023,1.0718
2/18/2023,1.0715
2/19/2023,1.06838
2/20/2023,1.06822
2/21/2023,1.06517
2/22/2023,1.06051
2/23/2023,1.05973
2/24/2023,1.0583
2/25/2023,1.0571
2/26/2023,1.05539
2/27/2023,1.06086
2/28/2023,1.05765
3/1/2023,1.06684
3/2/2023,1.05994
3/3/2023,1.0648
3/4/2023,1.0649
3/5/2023,1.06254
3/6/2023,1.06855
3/7/2023,1.05482
3/8/2023,1.05486
3/9/2023,1.05846
3/10/2023,1.06123
3/11/2023,1.0645
3/12/2023,1.0683
3/13/2023,1.0723
3/14/2023,1.07274
3/15/2023,1.05826
3/16/2023,1.06133
3/17/2023,1.0778
3/18/2023,1.0774
3/19/2023,1.0678
3/20/2023,1.0718
3/21/2023,1.07737
3/22/2023,1.08698
3/23/2023,1.08343
3/24/2023,1.0779
3/25/2023,1.0781
3/26/2023,1.07761
3/27/2023,1.0773
3/28/2023,1.0841
3/29/2023,1.08428
3/30/2023,1.09044
3/31/2023,1.0869
4/1/2023,1.0869
4/2/2023,1.08025
4/3/2023,1.0908
4/4/2023,1.09572
4/5/2023,1.09041
4/6/2023,1.09195
4/7/2023,1.0994
4/8/2023,1.0993
4/9/2023,1.09127
4/10/2023,1.08689
4/11/2023,1.09169
4/12/2023,1.09969
4/13/2023,1.10518
4/14/2023,1.1102
4/15/2023,1.1101
4/16/2023,1.0984
4/17/2023,1.0925
4/18/2023,1.09749
4/19/2023,1.0951
4/20/2023,1.09679
4/21/2023,1.1095
4/22/2023,1.1095
4/23/2023,1.09917
4/24/2023,1.1055
4/25/2023,1.09781
4/26/2023,1.1043
4/27/2023,1.10313
4/28/2023,1.1127
4/29/2023,1.1126
4/30/2023,1.10102
5/1/2023,1.0969
5/2/2023,1.10102
5/3/2023,1.10682
5/4/2023,1.10222
5/5/2023,1.1017
5/6/2023,1.1018
5/7/2023,1.1016
5/8/2023,1.09954
5/9/2023,1.09644
5/10/2023,1.0982
5/11/2023,1.09113
5/12/2023,1.0937
5/13/2023,1.0936
5/14/2023,1.0852
5/15/2023,1.0873
5/16/2023,1.08653
5/17/2023,1.0838
5/18/2023,1.0775
5/19/2023,1.0821
5/20/2023,1.0816
5/21/2023,1.08221
5/22/2023,1.0809
5/23/2023,1.0768
5/24/2023,1.07564
5/25/2023,1.0724
5/26/2023,1.0729
5/27/2023,1.0729
5/28/2023,1.0721
5/29/2023,1.0707
5/30/2023,1.073
5/31/2023,1.06929
6/1/2023,1.0759
6/2/2023,1.0724
6/3/2023,1.0723
6/4/2023,1.0697
6/5/2023,1.07112
6/6/2023,1.06973
6/7/2023,1.07065
6/8/2023,1.07822
6/9/2023,1.0762
6/10/2023,1.0752
6/11/2023,1.075
6/12/2023,1.07623
6/13/2023,1.07888
6/14/2023,1.08424
6/15/2023,1.09452
6/16/2023,1.0964
6/17/2023,1.0964
6/18/2023,1.094
6/19/2023,1.09239
6/20/2023,1.09198
6/21/2023,1.099
6/22/2023,1.09557
6/23/2023,1.0933
6/24/2023,1.0932
6/25/2023,1.0906
6/26/2023,1.091
6/27/2023,1.09569
6/28/2023,1.09153
6/29/2023,1.08674
6/30/2023,1.092
7/1/2023,1.092
7/2/2023,1.09068
7/3/2023,1.0913
7/4/2023,1.08822
7/5/2023,1.0854
7/6/2023,1.08899
7/7/2023,1.0975
7/8/2023,1.0969
7/9/2023,1.09672
7/10/2023,1.10052
7/11/2023,1.10135
7/12/2023,1.11394
7/13/2023,1.12232
7/14/2023,1.1246
7/15/2023,1.1235
7/16/2023,1.1225
7/17/2023,1.12368
7/18/2023,1.12282
7/19/2023,1.12046
7/20/2023,1.1134
7/21/2023,1.1132
7/22/2023,1.1127
7/23/2023,1.11245
7/24/2023,1.10628
7/25/2023,1.10499
7/26/2023,1.10778
7/27/2023,1.09779
7/28/2023,1.1035
7/29/2023,1.1035
7/30/2023,1.1023
7/31/2023,1.09969
8/1/2023,1.10074
8/2/2023,1.09434
8/3/2023,1.09514
8/4/2023,1.1025
8/5/2023,1.1025
8/6/2023,1.1001
8/7/2023,1.10026
8/8/2023,1.09584
8/9/2023,1.09773
8/10/2023,1.09813
8/11/2023,1.0963
8/12/2023,1.0963
8/13/2023,1.09438
8/14/2023,1.0908
8/15/2023,1.0902
8/16/2023,1.08746
8/17/2023,1.08743
8/18/2023,1.089
8/19/2023,1.089
8/20/2023,1.08749
8/21/2023,1.08976
8/22/2023,1.0847
8/23/2023,1.08648
8/24/2023,1.07982
8/25/2023,1.0794
8/26/2023,1.0794
8/27/2023,1.07968
8/28/2023,1.08252
8/29/2023,1.08685
8/30/2023,1.09288
8/31/2023,1.08433
9/1/2023,1.0796
9/2/2023,1.0796
9/3/2023,1.0774
9/4/2023,1.07911
9/5/2023,1.0724
9/6/2023,1.07234
9/7/2023,1.0697
9/8/2023,1.0712
9/9/2023,1.0712
9/10/2023,1.0716
9/11/2023,1.07475
9/12/2023,1.07527
9/13/2023,1.0731
9/14/2023,1.0633
9/15/2023,1.0672
9/16/2023,1.0672
9/17/2023,1.06677
9/18/2023,1.06919
9/19/2023,1.06814
9/20/2023,1.06513
9/21/2023,1.06606
9/22/2023,1.0671
9/23/2023,1.0671
9/24/2023,1.0646
9/25/2023,1.05913
9/26/2023,1.05692
9/27/2023,1.0505
9/28/2023,1.05621
9/29/2023,1.0585
9/30/2023,1.0585
10/1/2023,1.0563
10/2/2023,1.04803
10/3/2023,1.0469
10/4/2023,1.05063
10/5/2023,1.0546
10/6/2023,1.06
10/7/2023,1.06
10/8/2023,1.0568
10/9/2023,1.0577
10/10/2023,1.06042
10/11/2023,1.06239
10/12/2023,1.05362
10/13/2023,1.0511
10/14/2023,1.0511
10/15/2023,1.052
10/16/2023,1.05537
10/17/2023,1.05724
10/18/2023,1.05379
10/19/2023,1.05848
10/20/2023,1.0603
10/21/2023,1.0603
10/22/2023,1.059
10/23/2023,1.06692
10/24/2023,1.05948
10/25/2023,1.05666
10/26/2023,1.0564
10/27/2023,1.0578
10/28/2023,1.0578
10/29/2023,1.05616
10/30/2023,1.0614
10/31/2023,1.0578
11/1/2023,1.05865
11/2/2023,1.06154
11/3/2023,1.0735
11/4/2023,1.0735
11/5/2023,1.07311
11/6/2023,1.07183
11/7/2023,1.06957
11/8/2023,1.071
11/9/2023,1.0667
11/10/2023,1.0714
11/11/2023,1.0714
11/12/2023,1.06891
11/13/2023,1.07003
11/14/2023,1.08774
11/15/2023,1.08543
11/16/2023,1.08526
11/17/2023,1.0916
11/18/2023,1.0916
11/19/2023,1.09063
11/20/2023,1.09452
11/21/2023,1.0915
11/22/2023,1.08878
11/23/2023,1.09036
11/24/2023,1.0948
11/25/2023,1.0948
11/26/2023,1.09396
11/27/2023,1.09579
11/28/2023,1.1004
11/29/2023,1.0971
11/30/2023,1.08917
12/1/2023,1.0891
12/2/2023,1.0891
12/3/2023,1.08873
12/4/2023,1.08369
12/5/2023,1.0793
12/6/2023,1.07663
12/7/2023,1.07901
12/8/2023,1.0772
12/9/2023,1.0772
12/10/2023,1.07647
12/11/2023,1.0765
12/12/2023,1.07978
12/13/2023,1.08827
12/14/2023,1.09931
12/15/2023,1.0907
12/16/2023,1.0907
12/17/2023,1.08947
12/18/2023,1.09233
12/19/2023,1.09804
12/20/2023,1.0943
12/21/2023,1.10056
12/22/2023,1.1026
12/23/2023,1.1025
12/24/2023,1.10118
12/25/2023,1.1019
12/26/2023,1.10419
12/27/2023,1.1108
12/28/2023,1.1066
12/29/2023,1.1054
12/30/2023,1.1054
12/31/2023,1.10353
1/1/2024,1.10363
1/2/2024,1.09411
1/3/2024,1.09256
1/4/2024,1.0947
1/5/2024,1.0956
1/6/2024,1.0956
1/7/2024,1.09411
1/8/2024,1.09499
1/9/2024,1.09319
1/10/2024,1.09741
1/11/2024,1.09807
1/12/2024,1.0964
1/13/2024,1.0964
1/14/2024,1.09446
1/15/2024,1.09448
1/16/2024,1.08779
1/17/2024,1.08851
1/18/2024,1.08787
1/19/2024,1.0913
1/20/2024,1.0913
1/21/2024,1.08909
1/22/2024,1.0877
1/23/2024,1.08572
1/24/2024,1.08807
1/25/2024,1.08461
1/26/2024,1.0862
1/27/2024,1.0862
1/28/2024,1.08424
1/29/2024,1.08335
1/30/2024,1.0843
1/31/2024,1.0803
2/1/2024,1.08742
2/2/2024,1.0805
2/3/2024,1.0805
2/4/2024,1.07794
2/5/2024,1.0739
2/6/2024,1.0757
2/7/2024,1.0774
2/8/2024,1.07761
2/9/2024,1.0759
2/10/2024,1.0759
2/11/2024,1.07976
2/12/2024,1.07712
2/13/2024,1.07084
2/14/2024,1.07316
2/15/2024,1.07733
2/16/2024,1.07734
2/17/2024,1.07734
2/18/2024,1.07842
2/19/2024,1.07746
2/20/2024,1.08106
2/21/2024,1.08199
2/22/2024,1.0824
2/23/2024,1.0835
2/24/2024,1.0835
2/25/2024,1.08192
2/26/2024,1.08501
2/27/2024,1.08416
2/28/2024,1.08376
2/29/2024,1.08039
3/1/2024,1.0853
3/2/2024,1.0853
3/3/2024,1.08418
3/4/2024,1.0854
3/5/2024,1.08556
3/6/2024,1.0898
3/7/2024,1.09496
3/8/2024,1.0942
3/9/2024,1.0942
3/10/2024,1.09424
3/11/2024,1.09305
3/12/2024,1.09267
3/13/2024,1.09526
3/14/2024,1.0881
3/15/2024,1.0896
3/16/2024,1.0896
3/17/2024,1.08821
3/18/2024,1.0873
3/19/2024,1.08627
3/20/2024,1.09366
3/21/2024,1.086
3/22/2024,1.0861
3/23/2024,1.0861
3/24/2024,1.0807
3/25/2024,1.08377
3/26/2024,1.08318
3/27/2024,1.0812
3/28/2024,1.07911
3/29/2024,1.0799
3/30/2024,1.0799
3/31/2024,1.07922
4/1/2024,1.07366
4/2/2024,1.07678
4/3/2024,1.08378
4/4/2024,1.08361
4/5/2024,1.0848
4/6/2024,1.0848
4/7/2024,1.083
4/8/2024,1.08617
4/9/2024,1.08587
4/10/2024,1.0741
4/11/2024,1.07264
4/12/2024,1.067
4/13/2024,1.067
4/14/2024,1.06474
4/15/2024,1.0625
4/16/2024,1.06207
4/17/2024,1.06688
4/18/2024,1.06435
4/19/2024,1.0669
4/20/2024,1.0669
4/21/2024,1.06576
4/22/2024,1.06536
4/23/2024,1.07028
4/24/2024,1.06991
4/25/2024,1.07276
4/26/2024,1.0699
4/27/2024,1.0695
4/28/2024,1.07063
4/29/2024,1.07153
4/30/2024,1.06662
5/1/2024,1.07174
5/2/2024,1.07296
5/3/2024,1.0772
5/4/2024,1.0771
5/5/2024,1.07575
5/6/2024,1.0767
5/7/2024,1.075
5/8/2024,1.07463
5/9/2024,1.078
5/10/2024,1.0787
5/11/2024,1.0786
5/12/2024,1.07699
5/13/2024,1.0793
5/14/2024,1.08141
5/15/2024,1.08891
5/16/2024,1.08674
5/17/2024,1.0894
5/18/2024,1.0889
5/19/2024,1.0873
5/20/2024,1.086
5/21/2024,1.08546
5/22/2024,1.08247
5/23/2024,1.08123
5/24/2024,1.0852
5/25/2024,1.0847
5/26/2024,1.08471
5/27/2024,1.08613
5/28/2024,1.0852
5/29/2024,1.08012
5/30/2024,1.08312
5/31/2024,1.0856
6/1/2024,1.0855
6/2/2024,1.08524
6/3/2024,1.0905
6/4/2024,1.08813
6/5/2024,1.0874
6/6/2024,1.0889
6/7/2024,1.0816
6/8/2024,1.0805
6/9/2024,1.07781
6/10/2024,1.07633
6/11/2024,1.07398
6/12/2024,1.0811
6/13/2024,1.07382
6/14/2024,1.0721
6/15/2024,1.0716
6/16/2024,1.07016
6/17/2024,1.07403
6/18/2024,1.07395
6/19/2024,1.0746
6/20/2024,1.07058
6/21/2024,1.0701
6/22/2024,1.0691
6/23/2024,1.06872
6/24/2024,1.07322
6/25/2024,1.07322
6/26/2024,1.06797
6/27/2024,1.07081
6/28/2024,1.0719
6/29/2024,1.0719
6/30/2024,1.0734
7/1/2024,1.07363
7/2/2024,1.07479
7/3/2024,1.07908
7/4/2024,1.08104
7/5/2024,1.0849
7/6/2024,1.0839
7/7/2024,1.0825
7/8/2024,1.08303
7/9/2024,1.08144
7/10/2024,1.08328
7/11/2024,1.08721
7/12/2024,1.092
7/13/2024,1.0919
7/14/2024,1.0885
7/15/2024,1.0898
7/16/2024,1.09017
7/17/2024,1.09387
7/18/2024,1.0901
7/19/2024,1.0891
7/20/2024,1.089
7/21/2024,1.08986
7/22/2024,1.08894
7/23/2024,1.08491
7/24/2024,1.08389
7/25/2024,1.08509
7/26/2024,1.0871
7/27/2024,1.087
7/28/2024,1.08529
7/29/2024,1.08188
7/30/2024,1.0816
7/31/2024,1.0823
8/1/2024,1.0787
8/2/2024,1.0919
8/3/2024,1.0915
8/4/2024,1.09099
8/5/2024,1.09506
8/6/2024,1.09252
8/7/2024,1.09275
8/8/2024,1.09152
8/9/2024,1.0925
8/10/2024,1.0924
8/11/2024,1.0913
8/12/2024,1.09352
8/13/2024,1.09956
8/14/2024,1.10118
8/15/2024,1.09722
8/16/2024,1.103
8/17/2024,1.103
8/18/2024,1.10244
8/19/2024,1.10856
8/20/2024,1.11273
8/21/2024,1.11548
8/22/2024,1.11163
8/23/2024,1.1207
8/24/2024,1.1192
8/25/2024,1.1187
8/26/2024,1.11644
8/27/2024,1.11771
8/28/2024,1.11244
8/29/2024,1.108
8/30/2024,1.106
8/31/2024,1.1059
9/1/2024,1.10444
9/2/2024,1.10671
9/3/2024,1.10485
9/4/2024,1.10794
9/5/2024,1.11105
9/6/2024,1.1093
9/7/2024,1.1088
9/8/2024,1.10866
9/9/2024,1.10351
9/10/2024,1.10201
9/11/2024,1.10106
9/12/2024,1.10778
9/13/2024,1.1086
9/14/2024,1.1081
9/15/2024,1.10879
9/16/2024,1.11291
9/17/2024,1.11224
9/18/2024,1.11127
9/19/2024,1.11593
9/20/2024,1.1174
9/21/2024,1.1169
9/22/2024,1.11598
9/23/2024,1.11112
9/24/2024,1.11907
9/25/2024,1.1131
9/26/2024,1.11768
9/27/2024,1.117
9/28/2024,1.117
9/29/2024,1.1169
9/30/2024,1.11361
10/1/2024,1.10633
10/2/2024,1.10465
10/3/2024,1.10351
10/4/2024,1.0979
10/5/2024,1.0981
10/6/2024,1.09712
10/7/2024,1.09742
10/8/2024,1.09751
10/9/2024,1.09413
10/10/2024,1.09334
10/11/2024,1.0948
10/12/2024,1.0943
10/13/2024,1.09229
10/14/2024,1.09086
10/15/2024,1.08836
10/16/2024,1.08583
10/17/2024,1.08286
10/18/2024,1.0875
10/19/2024,1.087
10/20/2024,1.08679
10/21/2024,1.08152
10/22/2024,1.07967
10/23/2024,1.078
10/24/2024,1.08235
10/25/2024,1.0801
10/26/2024,1.0801
10/27/2024,1.07957
10/28/2024,1.0816
10/29/2024,1.08202
10/30/2024,1.08585
10/31/2024,1.0884
11/1/2024,1.0878
11/2/2024,1.0873
11/3/2024,1.08735
11/4/2024,1.08737
11/5/2024,1.09332
11/6/2024,1.07314
11/7/2024,1.07945
11/8/2024,1.0722
11/9/2024,1.0717
11/10/2024,1.07142
11/11/2024,1.066
11/12/2024,1.06163
11/13/2024,1.05638
11/14/2024,1.05292
11/15/2024,1.0544
11/16/2024,1.0543
11/17/2024,1.05332
11/18/2024,1.05945
11/19/2024,1.06068
11/20/2024,1.05456
11/21/2024,1.04683
11/22/2024,1.0416
11/23/2024,1.0417
11/24/2024,1.04789
11/25/2024,1.04436
11/26/2024,1.04904
11/27/2024,1.05619
11/28/2024,1.05611
11/29/2024,1.0579
11/30/2024,1.0577
12/1/2024,1.05435
12/2/2024,1.05
12/3/2024,1.05096
12/4/2024,1.0512
12/5/2024,1.05853
12/6/2024,1.0574
12/7/2024,1.0569
12/8/2024,1.05649
12/9/2024,1.05545
12/10/2024,1.05312
12/11/2024,1.0506
12/12/2024,1.04729
12/13/2024,1.0505
12/14/2024,1.0501
12/15/2024,1.05091
12/16/2024,1.05164
12/17/2024,1.04947
12/18/2024,1.03495
12/19/2024,1.03644
12/20/2024,1.043
12/21/2024,1.0429
12/22/2024,1.04323
12/23/2024,1.04046
12/24/2024,1.0401
12/25/2024,1.03986
12/26/2024,1.04219
12/27/2024,1.0424
12/28/2024,1.0427
12/29/2024,1.04286
12/30/2024,1.04057
12/31/2024,1.03486
1/1/2025,1.03512
1/2/2025,1.02675
1/3/2025,1.0311
1/4/2025,1.031
1/5/2025,1.03045
1/6/2025,1.03834
1/7/2025,1.03435
1/8/2025,1.03141
1/9/2025,1.0297
1/10/2025,1.0254
1/11/2025,1.0253
1/12/2025,1.02436
1/13/2025,1.02648
1/14/2025,1.0306
1/15/2025,1.02945
1/16/2025,1.03012
1/17/2025,1.0302
1/18/2025,1.0269
1/19/2025,1.0277
1/20/2025,1.04201
1/21/2025,1.04056
1/22/2025,1.04081
1/23/2025,1.04149
1/24/2025,1.0502
1/25/2025,1.0501
1/26/2025,1.04671
1/27/2025,1.04445
1/28/2025,1.04292
1/29/2025,1.04242
1/30/2025,1.03962
1/31/2025,1.036
2/1/2025,1.0365
2/2/2025,1.02463
2/3/2025,1.03262
2/4/2025,1.03717
2/5/2025,1.04001
2/6/2025,1.03846
2/7/2025,1.033
2/8/2025,1.0327
2/9/2025,1.03107
2/10/2025,1.03008
2/11/2025,1.03635
2/12/2025,1.0392
2/13/2025,1.04604
2/14/2025,1.0495
2/15/2025,1.049
2/16/2025,1.04886
2/17/2025,1.04839
2/18/2025,1.04472
2/19/2025,1.04199
2/20/2025,1.04998
2/21/2025,1.0463
2/22/2025,1.0458
2/23/2025,1.04737
2/24/2025,1.04601
2/25/2025,1.05201
2/26/2025,1.0489
2/27/2025,1.0394
2/28/2025,1.0376
3/1/2025,1.0376
3/2/2025,1.04127
3/3/2025,1.04839
3/4/2025,1.0624
3/5/2025,1.07939
3/6/2025,1.07863
3/7/2025,1.0832
3/8/2025,1.0831
3/9/2025,1.08598
3/10/2025,1.0838
3/11/2025,1.09131
3/12/2025,1.08851
3/13/2025,1.08542
3/14/2025,1.092
3/15/2025,1.0915
3/16/2025,1.08802
3/17/2025,1.09179
3/18/2025,1.0937
3/19/2025,1.091
3/20/2025,1.08561
3/21/2025,1.0874
3/22/2025,1.0873
3/23/2025,1.08347
3/24/2025,1.08028
3/25/2025,1.0787
3/26/2025,1.0741
3/27/2025,1.08004
3/28/2025,1.0884
3/29/2025,1.0883
3/30/2025,1.08233
3/31/2025,1.0818
4/1/2025,1.07947
4/2/2025,1.0905
4/3/2025,1.1043
4/4/2025,1.0958
4/5/2025,1.0953
4/6/2025,1.09826
4/7/2025,1.09142
4/8/2025,1.09796
4/9/2025,1.09503
4/10/2025,1.12571
4/11/2025,1.1358
4/12/2025,1.1357
4/13/2025,1.13416
4/14/2025,1.13388
4/15/2025,1.12919
4/16/2025,1.13955
4/17/2025,1.13719
4/18/2025,1.13719
4/19/2025,1.13719
4/20/2025,1.13719
4/21/2025,1.151
4/22/2025,1.13505
4/23/2025,1.13262
4/24/2025,1.13706
4/25/2025,1.1405
4/26/2025,1.1408
4/27/2025,1.13423
4/28/2025,1.14077
4/29/2025,1.13881
4/30/2025,1.1324
5/1/2025,1.12957
5/2/2025,1.1303
5/3/2025,1.1301
5/4/2025,1.13219
5/5/2025,1.1312
5/6/2025,1.13413
5/7/2025,1.13052
5/8/2025,1.1221
5/9/2025,1.1252
5/10/2025,1.1249
5/11/2025,1.12288
5/12/2025,1.1096
5/13/2025,1.11848
5/14/2025,1.11813
5/15/2025,1.1193
5/16/2025,1.116
5/17/2025,1.1163
5/18/2025,1.11863
5/19/2025,1.12319
5/20/2025,1.12873
5/21/2025,1.13301
5/22/2025,1.12808
5/23/2025,1.1367
5/24/2025,1.1367
5/25/2025,1.1372
5/26/2025,1.13872
5/27/2025,1.13359
5/28/2025,1.12326
5/29/2025,1.13768
5/30/2025,1.13445
5/31/2025,1.13445
6/1/2025,1.13508
6/2/2025,1.1451
6/3/2025,1.13833
6/4/2025,1.14212
6/5/2025,1.14527
6/6/2025,1.1403
6/7/2025,1.1398
6/8/2025,1.14063
6/9/2025,1.14273
6/10/2025,1.14366
6/11/2025,1.15084
6/12/2025,1.1599
6/13/2025,1.1554
6/14/2025,1.155
6/15/2025,1.155
6/16/2025,1.15503
6/17/2025,1.14819
6/18/2025,1.14766
6/19/2025,1.15106
6/20/2025,1.1522
6/21/2025,1.1519
6/22/2025,1.14994
6/23/2025,1.15979
6/24/2025,1.16116
6/25/2025,1.16833
6/26/2025,1.16914
6/27/2025,1.1721
6/28/2025,1.1719
6/29/2025,1.17263
6/30/2025,1.17864
7/1/2025,1.1805
7/2/2025,1.18
7/3/2025,1.17708
7/4/2025,1.1776
7/5/2025,1.1778
7/6/2025,1.17797
7/7/2025,1.17354
7/8/2025,1.1723
7/9/2025,1.17302
7/10/2025,1.17005
7/11/2025,1.1693
7/12/2025,1.1695
7/13/2025,1.1681
7/14/2025,1.16655
7/15/2025,1.16066
7/16/2025,1.1635
7/17/2025,1.16147
7/18/2025,1.1627
7/19/2025,1.1625
7/20/2025,1.16297
7/21/2025,1.16939
7/22/2025,1.17383
7/23/2025,1.17731
7/24/2025,1.1755
7/25/2025,1.1746
7/26/2025,1.1749
7/27/2025,1.1756
7/28/2025,1.1597
7/29/2025,1.15497
7/30/2025,1.1428
7/31/2025,1.14226
8/1/2025,1.1589
8/2/2025,1.1589
8/3/2025,1.15853
8/4/2025,1.1583
8/5/2025,1.1578
8/6/2025,1.1661
8/7/2025,1.16751
8/8/2025,1.1649
8/9/2025,1.1648
8/10/2025,1.16472
8/11/2025,1.1616
8/12/2025,1.1677
8/13/2025,1.17121
8/14/2025,1.165
8/15/2025,1.1703
8/16/2025,1.1703
8/17/2025,1.17055
8/18/2025,1.16676
8/19/2025,1.16418
8/20/2025,1.16506
8/21/2025,1.16122
8/22/2025,1.1721
8/23/2025,1.1721
8/24/2025,1.17085
8/25/2025,1.16139
8/26/2025,1.16382
8/27/2025,1.16469
8/28/2025,1.16807
8/29/2025,1.1684
8/30/2025,1.1686
8/31/2025,1.16898
9/1/2025,1.1715
9/2/2025,1.16331
9/3/2025,1.16597
9/4/2025,1.16561
9/5/2025,1.172
9/6/2025,1.1715
9/7/2025,1.17123
9/8/2025,1.17681
9/9/2025,1.17017
9/10/2025,1.17027
9/11/2025,1.17336
9/12/2025,1.1733
9/13/2025,1.1733
9/14/2025,1.17252
9/15/2025,1.17631
9/16/2025,1.18706
9/17/2025,1.18252
9/18/2025,1.17888
9/19/2025,1.1745
9/20/2025,1.1747
9/21/2025,1.17361
9/22/2025,1.18003
9/23/2025,1.18135
9/24/2025,1.17436
9/25/2025,1.16619
9/26/2025,1.16969
9/27/2025,1.1701
9/28/2025,1.1705
9/29/2025,1.17309
9/30/2025,1.17349
10/1/2025,1.1733
10/2/2025,1.1725
10/3/2025,1.1741
10/4/2025,1.1736
10/5/2025,1.17114
10/6/2025,1.17096
10/7/2025,1.16531
10/8/2025,1.16291
10/9/2025,1.15659
10/10/2025,1.162
10/11/2025,1.162
10/12/2025,1.16018
10/13/2025,1.15658
10/14/2025,1.16018
10/15/2025,1.16458
10/16/2025,1.1699
10/17/2025,1.1659
10/18/2025,1.1656
10/19/2025,1.16567
10/20/2025,1.16436
10/21/2025,1.1599
10/22/2025,1.1607
10/23/2025,1.16169
10/24/2025,1.1623
10/25/2025,1.1623
10/26/2025,1.16308
10/27/2025,1.16508
10/28/2025,1.16569
10/29/2025,1.1602
10/30/2025,1.15714
10/31/2025,1.1597
11/1/2025,1.1592
11/2/2025,1.15269
11/3/2025,1.1518
11/4/2025,1.1484
11/5/2025,1.1496
11/6/2025,1.15482
11/7/2025,1.1568
11/8/2025,1.1568
11/9/2025,1.15429
11/10/2025,1.15564
11/11/2025,1.15864
11/12/2025,1.15909
11/13/2025,1.16291
11/14/2025,1.1623
11/15/2025,1.1622
11/16/2025,1.16141
11/17/2025,1.15896
11/18/2025,1.15801
11/19/2025,1.1539
11/20/2025,1.15337
11/21/2025,1.1519
11/22/2025,1.1522
11/23/2025,1.15068
11/24/2025,1.15189
11/25/2025,1.15641
11/26/2025,1.16014
11/27/2025,1.15991
11/28/2025,1.1597
11/29/2025,1.1597
11/30/2025,1.16005
12/1/2025,1.16067
12/2/2025,1.1627
12/3/2025,1.16661
12/4/2025,1.16421
12/5/2025,1.1643
12/6/2025,1.1643
12/7/2025,1.16391
12/8/2025,1.164
12/9/2025,1.16274
12/10/2025,1.17
12/11/2025,1.17388
12/12/2025,1.1745
12/13/2025,1.1737
12/14/2025,1.17366
12/15/2025,1.17538
12/16/2025,1.17486
12/17/2025,1.17413
12/18/2025,1.17247
12/19/2025,1.1711
12/20/2025,1.171
12/21/2025,1.1706
12/22/2025,1.17646
12/23/2025,1.17942
12/24/2025,1.1773
12/25/2025,1.17832
12/26/2025,1.1772
12/27/2025,1.1773
12/28/2025,1.17706
12/29/2025,1.17719
12/30/2025,1.17462
12/31/2025,1.1732
1/1/2026,1.17498
1/2/2026,1.1728
1/3/2026,1.1727
1/4/2026,1.17038
1/5/2026,1.1715
1/6/2026,1.16873
1/7/2026,1.16762
1/8/2026,1.16572
1/9/2026,1.1634
1/10/2026,1.1634
1/11/2026,1.16228
1/12/2026,1.16663
1/13/2026,1.16421
1/14/2026,1.16456
1/15/2026,1.16082
1/16/2026,1.1604
1/17/2026,1.1605
1/18/2026,1.16236
1/19/2026,1.1638
1/20/2026,1.1727
1/21/2026,1.1672
1/22/2026,1.17536
1/23/2026,1.1826
1/24/2026,1.1828
1/25/2026,1.18575
1/26/2026,1.1875
1/27/2026,1.20164
1/28/2026,1.19765
1/29/2026,1.19651
1/30/2026,1.1852
1/31/2026,1.1852
2/1/2026,1.18484
2/2/2026,1.17979
2/3/2026,1.18148
2/4/2026,1.18007
2/5/2026,1.17767
2/6/2026,1.1822
2/7/2026,1.1822
2/8/2026,1.18246
2/9/2026,1.19031
2/10/2026,1.18883
2/11/2026,1.18753
2/12/2026,1.18674
2/13/2026,1.1868
2/14/2026,1.1871
2/15/2026,1.18666
2/16/2026,1.18491
2/17/2026,1.18507
2/18/2026,1.17878
2/19/2026,1.17685
2/20/2026,1.179
2/21/2026,1.178
2/22/2026,1.1834
2/23/2026,1.17932
2/24/2026,1.1773
2/25/2026,1.1815
2/26/2026,1.18018
2/27/2026,1.1817
2/28/2026,1.1817
3/1/2026,1.17582
3/2/2026,1.16954
3/3/2026,1.1612
3/4/2026,1.16341
3/5/2026,1.16072
3/6/2026,1.1622
3/7/2026,1.1616
3/8/2026,1.15217
3/9/2026,1.16159
3/10/2026,1.16101
3/11/2026,1.15423
3/12/2026,1.15204
3/13/2026,1.1467
3/14/2026,1.1462
3/15/2026,1.1434
3/16/2026,1.14984
3/17/2026,1.15384
3/18/2026,1.14633
3/19/2026,1.15764
3/20/2026,1.1589
3/21/2026,1.1584
3/22/2026,1.15595
3/23/2026,1.16065
3/24/2026,1.1613
3/25/2026,1.15609
3/26/2026,1.15343
3/27/2026,1.1543
3/28/2026,1.1542
3/29/2026,1.14914
3/30/2026,1.14564
3/31/2026,1.15734
4/1/2026,1.15901
4/2/2026,1.15413
4/3/2026,1.1518
4/4/2026,1.1519
4/5/2026,1.15094
4/6/2026,1.15405
4/7/2026,1.16863
4/8/2026,1.16586
4/9/2026,1.16904
4/10/2026,1.173
4/11/2026,1.1725
4/12/2026,1.16746
4/13/2026,1.1766
4/14/2026,1.17981
4/15/2026,1.18064
4/16/2026,1.178
4/17/2026,1.1771
4/18/2026,1.177
4/19/2026,1.17389
4/20/2026,1.17838
4/21/2026,1.17436
4/22/2026,1.17053
4/23/2026,1.16833
4/24/2026,1.172
4/25/2026,1.1722
4/26/2026,1.17057
4/27/2026,1.17227
4/28/2026,1.17175
4/29/2026,1.1684
4/30/2026,1.17286
5/1/2026,1.1726
5/2/2026,1.1727
5/3/2026,1.1726
5/4/2026,1.16912
5/5/2026,1.17153
5/6/2026,1.17467
5/7/2026,1.17301
5/8/2026,1.1792
5/9/2026,1.1787
5/10/2026,1.17669
5/11/2026,1.17782
5/12/2026,1.17348
5/13/2026,1.17155
5/14/2026,1.16616
5/15/2026,1.1621
5/16/2026,1.1626
5/17/2026,1.16132
5/18/2026,1.16544
5/19/2026,1.16065
5/20/2026,1.16243
5/21/2026,1.16176
5/22/2026,1.1607
5/23/2026,1.1603
5/24/2026,1.16414
5/25/2026,1.16355
5/26/2026,1.16361
5/27/2026,1.16173
5/28/2026,1.16521
5/29/2026,1.16567
5/30/2026,1.16607
5/31/2026,1.1648
6/1/2026,1.1633
6/2/2026,1.16216
6/3/2026,1.16086
6/4/2026,1.16121
6/5/2026,1.15191
6/6/2026,1.15201
6/7/2026,1.15217
6/8/2026,1.15279
6/9/2026,1.15347
6/10/2026,1.15351
6/11/2026,1.15754
6/12/2026,1.1572
6/13/2026,1.1568
6/14/2026,1.16026
6/15/2026,1.159
6/16/2026,1.16094
6/17/2026,1.15066
6/18/2026,1.1458
6/19/2026,1.1476
6/20/2026,1.1471
6/21/2026,1.14624
6/22/2026,1.14265
6/23/2026,1.13788
6/24/2026,1.13536
6/25/2026,1.13612
6/26/2026,1.1393
6/27/2026,1.1388
6/28/2026,1.1384
6/29/2026,1.14188
6/30/2026,1.14127
7/1/2026,1.13774
7/2/2026,1.14222
7/3/2026,1.144
7/4/2026,1.1435
7/5/2026,1.14364
7/6/2026,1.14412
7/7/2026,1.14011
7/8/2026,1.14209
7/9/2026,1.14329
7/10/2026,1.1419
7/11/2026,1.1414
7/12/2026,1.14039
7/13/2026,1.13819
7/14/2026,1.14242
7/15/2026,1.14694
7/16/2026,1.14441
7/17/2026,1.1438
7/18/2026,1.1437
7/19/2026,1.14269
7/20/2026,1.14142
7/21/2026,1.1403
7/22/2026,1.1411
7/23/2026,1.13763
7/24/2026,1.1377
7/25/2026,1.1374
7/26/2026,1.13942
7/27/2026,1.13686
7/28/2026,1.1386
7/29/2026,1.14667
7/30/2026,1.1523
7/31/2026,1.1535
8/1/2026,1.1535
8/2/2026,1.15437
8/3/2026,1.15066
8/4/2026,1.15318
8/5/2026,1.15562
8/6/2026,1.15235
