Date,Price,Open,High,Low,Change %
8/7/2026,2.754,2.757,2.758,2.748,0.53%
8/6/2026,2.739,2.733,2.743,2.716,0.86%
8/5/2026,2.716,2.701,2.737,2.695,0.00%
8/4/2026,2.716,2.769,2.781,2.707,-1.77%
8/3/2026,2.765,2.821,2.821,2.748,-1.62%
7/31/2026,2.811,2.759,2.819,2.756,1.43%
7/30/2026,2.771,2.815,2.815,2.761,-1.11%
7/29/2026,2.802,2.762,2.805,2.756,2.21%
7/28/2026,2.742,2.793,2.793,2.738,-1.45%
7/27/2026,2.782,2.797,2.799,2.767,-1.33%
7/24/2026,2.819,2.879,2.88,2.819,-2.52%
7/23/2026,2.892,2.849,2.894,2.839,1.75%
7/22/2026,2.842,2.803,2.848,2.798,1.69%
7/21/2026,2.795,2.776,2.812,2.768,0.65%
7/20/2026,2.777,2.817,2.817,2.757,0.11%
7/17/2026,2.774,2.756,2.781,2.742,0.59%
7/16/2026,2.758,2.745,2.78,2.735,1.18%
7/15/2026,2.726,2.75,2.766,2.721,0.11%
7/14/2026,2.723,2.728,2.799,2.721,0.15%
7/13/2026,2.719,2.655,2.72,2.652,2.63%
7/10/2026,2.649,2.657,2.662,2.626,-0.03%
7/9/2026,2.65,2.714,2.719,2.65,-2.03%
7/8/2026,2.705,2.604,2.705,2.596,4.82%
7/7/2026,2.58,2.556,2.595,2.556,1.50%
7/6/2026,2.542,2.539,2.543,2.515,0.17%
7/3/2026,2.538,2.506,2.54,2.502,1.78%
7/2/2026,2.494,2.527,2.539,2.493,-0.70%
7/1/2026,2.511,2.538,2.551,2.51,-0.94%
6/30/2026,2.535,2.545,2.549,2.506,-0.31%
6/29/2026,2.543,2.528,2.549,2.524,1.11%
6/26/2026,2.515,2.532,2.534,2.506,-0.91%
6/25/2026,2.538,2.558,2.567,2.524,-0.77%
6/24/2026,2.558,2.583,2.588,2.539,-0.65%
6/23/2026,2.575,2.604,2.605,2.559,-0.79%
6/22/2026,2.595,2.638,2.644,2.585,-1.86%
6/19/2026,2.644,2.638,2.648,2.62,1.63%
6/18/2026,2.602,2.607,2.644,2.595,0.69%
6/17/2026,2.584,2.571,2.591,2.553,0.00%
6/16/2026,2.585,2.582,2.588,2.55,0.54%
6/15/2026,2.571,2.591,2.605,2.547,-1.82%
6/12/2026,2.618,2.641,2.641,2.581,-1.98%
6/11/2026,2.671,2.719,2.724,2.657,-1.22%
6/10/2026,2.704,2.683,2.718,2.67,0.90%
6/9/2026,2.68,2.709,2.709,2.657,-0.80%
6/8/2026,2.702,2.712,2.734,2.677,0.47%
6/5/2026,2.689,2.659,2.696,2.636,1.21%
6/4/2026,2.657,2.678,2.68,2.637,-0.68%
6/3/2026,2.675,2.64,2.682,2.634,2.16%
6/2/2026,2.618,2.589,2.625,2.571,-0.28%
6/1/2026,2.626,2.567,2.647,2.538,3.69%
5/29/2026,2.532,2.56,2.574,2.522,-1.00%
5/28/2026,2.558,2.601,2.622,2.528,-0.59%
5/27/2026,2.573,2.576,2.588,2.543,-0.87%
5/26/2026,2.596,2.533,2.597,2.532,2.38%
5/25/2026,2.535,2.642,2.642,2.523,-3.83%
5/22/2026,2.636,2.671,2.674,2.599,-1.59%
5/21/2026,2.679,2.668,2.703,2.622,1.18%
5/20/2026,2.648,2.735,2.744,2.631,-3.63%
5/19/2026,2.747,2.711,2.757,2.685,1.00%
5/18/2026,2.72,2.745,2.755,2.677,-0.24%
5/15/2026,2.727,2.654,2.736,2.654,2.55%
5/14/2026,2.659,2.714,2.714,2.648,-2.22%
5/13/2026,2.719,2.714,2.719,2.684,0.56%
5/12/2026,2.704,2.667,2.715,2.66,2.22%
5/11/2026,2.645,2.617,2.656,2.61,2.04%
5/8/2026,2.592,2.608,2.614,2.571,0.84%
5/7/2026,2.571,2.581,2.584,2.518,0.43%
5/6/2026,2.56,2.644,2.666,2.505,-4.45%
5/5/2026,2.679,2.712,2.724,2.677,-1.58%
5/4/2026,2.722,2.639,2.723,2.638,2.92%
5/1/2026,2.645,2.645,2.645,2.645,0.47%
4/30/2026,2.632,2.752,2.761,2.632,-3.17%
4/29/2026,2.718,2.654,2.718,2.645,3.00%
4/28/2026,2.639,2.572,2.668,2.572,2.56%
4/27/2026,2.573,2.549,2.579,2.532,0.35%
4/24/2026,2.564,2.609,2.61,2.548,0.31%
4/23/2026,2.556,2.579,2.592,2.539,0.46%
4/22/2026,2.545,2.526,2.546,2.501,0.96%
4/21/2026,2.52,2.46,2.521,2.447,2.75%
4/20/2026,2.453,2.455,2.487,2.438,1.26%
4/17/2026,2.422,2.531,2.551,2.401,-3.99%
4/16/2026,2.523,2.533,2.533,2.479,-0.72%
4/15/2026,2.542,2.538,2.555,2.513,-0.13%
4/14/2026,2.545,2.603,2.639,2.539,-3.61%
4/13/2026,2.64,2.634,2.647,2.595,2.18%
4/10/2026,2.584,2.545,2.591,2.533,1.52%
4/9/2026,2.545,2.522,2.575,2.509,2.11%
4/8/2026,2.493,2.493,2.524,2.446,-8.64%
4/7/2026,2.728,2.648,2.739,2.629,4.23%
4/6/2026,2.618,2.617,2.618,2.617,0.02%
4/3/2026,2.617,2.617,2.617,2.617,-0.27%
4/2/2026,2.624,2.614,2.672,2.606,0.65%
4/1/2026,2.607,2.595,2.612,2.53,-0.55%
3/31/2026,2.622,2.608,2.656,2.602,-0.05%
3/30/2026,2.623,2.659,2.697,2.615,-1.97%
3/27/2026,2.676,2.736,2.771,2.665,-1.39%
3/26/2026,2.714,2.652,2.714,2.633,4.39%
3/25/2026,2.599,2.623,2.64,2.572,-1.66%
3/24/2026,2.643,2.603,2.664,2.571,1.00%
3/23/2026,2.617,2.714,2.764,2.512,-1.88%
3/20/2026,2.667,2.593,2.671,2.518,3.96%
3/19/2026,2.566,2.492,2.618,2.452,4.88%
3/18/2026,2.446,2.394,2.467,2.364,2.88%
3/17/2026,2.378,2.411,2.415,2.367,-1.33%
3/16/2026,2.41,2.432,2.444,2.373,-0.74%
3/13/2026,2.428,2.432,2.455,2.371,1.56%
3/12/2026,2.39,2.385,2.432,2.369,-0.08%
3/11/2026,2.392,2.279,2.4,2.276,5.38%
3/10/2026,2.27,2.298,2.302,2.236,-2.36%
3/9/2026,2.325,2.461,2.476,2.316,0.61%
3/6/2026,2.311,2.246,2.378,2.216,2.28%
3/5/2026,2.259,2.153,2.259,2.148,5.89%
3/4/2026,2.134,2.165,2.185,2.13,-1.98%
3/3/2026,2.177,2.095,2.236,2.095,4.39%
3/2/2026,2.085,1.998,2.089,1.998,3.83%
2/27/2026,2.009,2.038,2.045,2.005,-1.95%
2/26/2026,2.049,2.051,2.055,2.033,-0.41%
2/25/2026,2.057,2.059,2.073,2.046,0.27%
2/24/2026,2.051,2.048,2.061,2.036,0.31%
2/23/2026,2.045,2.065,2.075,2.043,-1.17%
2/20/2026,2.069,2.06,2.077,2.048,0.61%
2/19/2026,2.057,2.064,2.086,2.055,0.19%
2/18/2026,2.053,2.059,2.073,2.043,0.17%
2/17/2026,2.049,2.049,2.052,2.029,-0.10%
2/16/2026,2.052,2.053,2.076,2.04,1.33%
2/13/2026,2.025,2.044,2.046,2.006,-0.55%
2/12/2026,2.036,2.065,2.067,2.036,-0.76%
2/11/2026,2.051,2.055,2.069,2.04,0.14%
2/10/2026,2.048,2.052,2.069,2.044,-0.43%
2/9/2026,2.057,2.086,2.086,2.051,-0.59%
2/6/2026,2.069,2.059,2.076,2.046,-0.05%
2/5/2026,2.07,2.09,2.103,2.056,-0.14%
2/4/2026,2.073,2.1,2.108,2.072,-1.26%
2/3/2026,2.1,2.116,2.118,2.093,0.19%
2/2/2026,2.096,2.072,2.098,2.063,1.39%
1/30/2026,2.067,2.067,2.083,2.056,0.43%
1/29/2026,2.058,2.089,2.09,2.049,-0.76%
1/28/2026,2.074,2.087,2.094,2.064,-1.25%
1/27/2026,2.1,2.114,2.129,2.093,-0.62%
1/26/2026,2.113,2.139,2.141,2.105,-0.76%
1/23/2026,2.129,2.131,2.149,2.109,0.62%
1/22/2026,2.116,2.113,2.123,2.091,1.01%
1/21/2026,2.095,2.071,2.096,2.049,1.08%
1/20/2026,2.073,2.095,2.1,2.068,-0.54%
1/19/2026,2.084,2.102,2.103,2.072,-1.66%
1/16/2026,2.119,2.115,2.129,2.099,0.67%
1/15/2026,2.105,2.09,2.111,2.083,1.00%
1/14/2026,2.084,2.1,2.112,2.075,-0.61%
1/13/2026,2.097,2.104,2.124,2.095,-0.07%
1/12/2026,2.098,2.12,2.121,2.095,-0.40%
1/9/2026,2.107,2.107,2.117,2.096,0.39%
1/8/2026,2.099,2.096,2.12,2.085,0.48%
1/7/2026,2.089,2.114,2.114,2.075,-0.55%
1/6/2026,2.1,2.145,2.145,2.094,-1.42%
1/5/2026,2.13,2.146,2.16,2.129,-1.83%
1/2/2026,2.17,2.145,2.17,2.116,2.23%
1/1/2026,2.123,2.127,2.127,2.123,0.00%
12/31/2025,2.123,2.127,2.127,2.123,0.30%
12/30/2025,2.116,2.122,2.141,2.109,-0.11%
12/29/2025,2.119,2.148,2.161,2.113,-1.32%
12/26/2025,2.147,2.148,2.148,2.147,0.00%
12/25/2025,2.147,2.148,2.148,2.147,0.00%
12/24/2025,2.147,2.148,2.148,2.147,-0.12%
12/23/2025,2.149,2.155,2.172,2.143,-0.44%
12/22/2025,2.159,2.161,2.186,2.151,-0.06%
12/19/2025,2.16,2.156,2.169,2.135,0.66%
12/18/2025,2.146,2.135,2.164,2.121,0.27%
12/17/2025,2.14,2.133,2.153,2.123,0.00%
12/16/2025,2.14,2.17,2.17,2.135,-0.81%
12/15/2025,2.158,2.178,2.178,2.145,-0.11%
12/12/2025,2.16,2.179,2.18,2.155,-0.42%
12/11/2025,2.169,2.19,2.191,2.158,-0.65%
12/10/2025,2.183,2.16,2.203,2.157,1.35%
12/9/2025,2.154,2.164,2.184,2.146,-0.37%
12/8/2025,2.162,2.115,2.178,2.108,3.05%
12/5/2025,2.098,2.084,2.106,2.072,1.08%
12/4/2025,2.076,2.062,2.079,2.06,0.93%
12/3/2025,2.057,2.057,2.068,2.042,-0.34%
12/2/2025,2.064,2.068,2.08,2.051,-0.04%
12/1/2025,2.065,2.032,2.073,2.032,1.69%
11/28/2025,2.03,2.036,2.042,2.023,0.05%
11/27/2025,2.029,2.021,2.047,2.021,0.15%
11/26/2025,2.026,2.021,2.033,2.008,0.35%
11/25/2025,2.019,2.017,2.035,2.01,-0.30%
11/24/2025,2.025,2.024,2.03,2.007,0.73%
11/21/2025,2.011,2.018,2.029,1.987,-0.67%
11/20/2025,2.024,2.025,2.043,2.018,0.44%
11/19/2025,2.015,2.025,2.03,2.003,-0.34%
11/18/2025,2.022,2.023,2.04,2.008,-0.88%
11/17/2025,2.04,2.027,2.051,2.025,0.10%
11/14/2025,2.038,2.033,2.04,2.015,0.49%
11/13/2025,2.028,2.01,2.04,2.002,1.28%
11/12/2025,2.002,2.007,2.022,1.996,-0.17%
11/11/2025,2.006,2.015,2.017,1.995,0.09%
11/10/2025,2.004,2.011,2.014,1.995,0.67%
11/7/2025,1.991,2.004,2.013,1.985,-0.35%
11/6/2025,1.997,2.01,2.015,1.994,-0.37%
11/5/2025,2.005,1.99,2.012,1.984,0.39%
11/4/2025,1.997,2.005,2.012,1.987,-0.39%
11/3/2025,2.005,1.979,2.012,1.979,0.98%
10/31/2025,1.985,1.991,2.006,1.975,-0.32%
10/30/2025,1.992,1.994,2.019,1.988,0.71%
10/29/2025,1.978,1.98,1.989,1.974,-0.25%
10/28/2025,1.983,1.986,1.992,1.97,0.00%
10/27/2025,1.983,1.983,1.995,1.978,0.05%
10/24/2025,1.982,1.943,1.983,1.929,2.49%
10/23/2025,1.934,1.922,1.938,1.918,0.98%
10/22/2025,1.915,1.924,1.932,1.901,-0.08%
10/21/2025,1.916,1.918,1.943,1.91,-0.26%
10/20/2025,1.921,1.928,1.943,1.916,0.30%
10/17/2025,1.916,1.929,1.93,1.862,-0.33%
10/16/2025,1.922,1.93,1.956,1.922,0.00%
10/15/2025,1.922,1.952,1.964,1.921,-0.58%
10/14/2025,1.933,1.928,1.945,1.902,-0.38%
10/13/2025,1.941,1.965,1.967,1.933,-0.55%
10/10/2025,1.951,1.995,2.002,1.951,-2.35%
10/9/2025,1.998,1.989,2.003,1.988,0.50%
10/8/2025,1.988,1.999,2.004,1.976,-0.63%
10/7/2025,2.001,2.008,2.02,2.001,-0.31%
10/6/2025,2.007,2.017,2.026,1.987,-0.62%
10/3/2025,2.02,2.011,2.025,2.005,0.35%
10/2/2025,2.013,2.019,2.029,2.01,-0.16%
10/1/2025,2.016,2.013,2.041,2.003,-0.23%
9/30/2025,2.021,2.023,2.034,2.013,0.00%
9/29/2025,2.02,2.036,2.036,2.016,-0.59%
9/26/2025,2.033,2.042,2.045,2.023,-0.61%
9/25/2025,2.045,2.045,2.047,2.045,1.06%
9/24/2025,2.023,2.005,2.031,2.005,-0.07%
9/23/2025,2.025,2.013,2.033,2.008,0.37%
9/22/2025,2.017,2.027,2.03,2.009,-0.45%
9/19/2025,2.027,2.01,2.03,2.01,1.09%
9/18/2025,2.005,2.011,2.015,1.988,-0.05%
9/17/2025,2.006,2.011,2.014,1.995,0.00%
9/16/2025,2.006,2.02,2.028,2.003,-0.53%
9/15/2025,2.017,2.018,2.024,1.999,-0.10%
9/12/2025,2.019,1.998,2.029,1.986,1.64%
9/11/2025,1.986,1.953,1.998,1.943,1.61%
9/10/2025,1.955,1.945,1.962,1.932,0.42%
9/9/2025,1.947,1.932,1.95,1.929,1.20%
9/8/2025,1.924,1.933,1.942,1.919,-0.29%
9/5/2025,1.929,1.966,1.974,1.921,-1.86%
9/4/2025,1.966,1.963,1.97,1.947,0.19%
9/3/2025,1.962,1.98,1.982,1.957,-0.69%
9/2/2025,1.976,1.962,1.995,1.96,0.99%
9/1/2025,1.956,1.946,1.962,1.939,0.65%
8/29/2025,1.944,1.946,1.946,1.931,0.39%
8/28/2025,1.936,1.918,1.95,1.911,1.13%
8/27/2025,1.914,1.941,1.951,1.908,-1.40%
8/26/2025,1.941,1.956,1.96,1.93,-1.89%
8/25/2025,1.979,1.969,2,1.96,1.62%
8/22/2025,1.947,1.974,1.986,1.947,-1.36%
8/21/2025,1.974,1.939,1.984,1.929,2.09%
8/20/2025,1.934,1.96,1.967,1.93,-1.27%
8/19/2025,1.959,1.967,1.977,1.958,-0.55%
8/18/2025,1.969,1.978,1.983,1.955,0.00%
8/15/2025,1.97,1.946,1.972,1.939,1.28%
8/14/2025,1.945,1.932,1.952,1.92,0.46%
8/13/2025,1.936,1.972,1.972,1.931,-1.70%
8/12/2025,1.97,1.964,1.99,1.958,0.06%
8/11/2025,1.969,1.961,1.974,1.945,0.51%
8/8/2025,1.959,1.923,1.962,1.919,1.71%
8/7/2025,1.926,1.923,1.935,1.909,1.25%
8/6/2025,1.902,1.901,1.911,1.888,0.52%
8/5/2025,1.892,1.884,1.911,1.879,-0.20%
8/4/2025,1.896,1.904,1.928,1.883,-0.64%
8/1/2025,1.908,1.948,1.967,1.873,-2.00%
7/31/2025,1.947,1.94,1.965,1.93,0.41%
7/30/2025,1.939,1.923,1.949,1.911,1.25%
7/29/2025,1.915,1.904,1.924,1.894,0.58%
7/28/2025,1.904,1.942,1.944,1.89,-1.35%
7/25/2025,1.93,1.92,1.964,1.917,1.10%
7/24/2025,1.909,1.842,1.911,1.841,6.29%
7/23/2025,1.796,1.813,1.819,1.787,0.06%
7/22/2025,1.795,1.809,1.819,1.791,-0.83%
7/21/2025,1.81,1.842,1.842,1.807,-2.27%
7/18/2025,1.852,1.854,1.875,1.848,0.65%
7/17/2025,1.84,1.845,1.853,1.827,0.66%
7/16/2025,1.828,1.848,1.875,1.825,-2.09%
7/15/2025,1.867,1.866,1.875,1.845,-0.53%
7/14/2025,1.877,1.885,1.897,1.869,-1.47%
7/11/2025,1.905,1.876,1.917,1.87,0.69%
7/10/2025,1.892,1.854,1.893,1.85,1.78%
7/9/2025,1.859,1.874,1.879,1.85,-0.43%
7/8/2025,1.867,1.844,1.89,1.84,1.41%
7/7/2025,1.841,1.811,1.85,1.799,1.54%
7/4/2025,1.813,1.818,1.824,1.799,-1.17%
7/3/2025,1.834,1.862,1.865,1.829,-1.32%
7/2/2025,1.859,1.852,1.869,1.839,1.03%
7/1/2025,1.84,1.852,1.866,1.823,-0.70%
6/30/2025,1.853,1.853,1.862,1.842,-0.43%
6/27/2025,1.861,1.83,1.868,1.822,2.51%
6/26/2025,1.816,1.837,1.839,1.812,-1.41%
6/25/2025,1.842,1.85,1.871,1.819,-0.14%
6/24/2025,1.844,1.842,1.862,1.829,0.44%
6/23/2025,1.836,1.859,1.889,1.839,-0.33%
6/20/2025,1.842,1.841,1.866,1.823,0.19%
6/19/2025,1.839,1.857,1.866,1.832,-0.14%
6/18/2025,1.841,1.869,1.878,1.843,-1.10%
6/17/2025,1.862,1.851,1.87,1.836,1.33%
6/16/2025,1.837,1.86,1.889,1.837,-0.89%
6/13/2025,1.854,1.797,1.858,1.775,2.60%
6/12/2025,1.806,1.842,1.852,1.803,-2.09%
6/11/2025,1.845,1.853,1.862,1.829,-0.22%
6/10/2025,1.849,1.862,1.893,1.842,-0.75%
6/9/2025,1.863,1.868,1.908,1.837,-0.32%
6/6/2025,1.869,1.872,1.887,1.844,-0.19%
6/5/2025,1.872,1.793,1.88,1.767,4.76%
6/4/2025,1.788,1.781,1.803,1.763,0.87%
6/3/2025,1.772,1.783,1.789,1.768,-0.92%
6/2/2025,1.788,1.779,1.812,1.771,0.36%
5/30/2025,1.782,1.776,1.801,1.761,0.79%
5/29/2025,1.768,1.837,1.846,1.773,-1.39%
5/28/2025,1.793,1.795,1.813,1.791,0.42%
5/27/2025,1.786,1.783,1.796,1.767,0.20%
5/26/2025,1.782,1.787,1.811,1.787,1.19%
5/23/2025,1.761,1.827,1.839,1.709,-3.40%
5/22/2025,1.823,1.881,1.881,1.822,-2.09%
5/21/2025,1.862,1.851,1.878,1.845,1.39%
5/20/2025,1.837,1.851,1.858,1.812,0.19%
5/19/2025,1.833,1.862,1.896,1.834,-0.70%
5/16/2025,1.846,1.875,1.875,1.843,-1.73%
5/15/2025,1.878,1.935,1.948,1.876,-2.87%
5/14/2025,1.934,1.943,1.952,1.918,0.21%
5/13/2025,1.93,1.944,1.952,1.921,0.55%
5/12/2025,1.919,1.847,1.936,1.831,7.63%
5/9/2025,1.783,1.798,1.813,1.783,1.11%
5/8/2025,1.764,1.734,1.773,1.729,2.68%
5/7/2025,1.718,1.775,1.775,1.724,-1.77%
5/6/2025,1.749,1.779,1.785,1.753,-0.88%
5/5/2025,1.765,1.798,1.803,1.752,0.14%
5/2/2025,1.762,1.73,1.772,1.728,4.17%
4/30/2025,1.691,1.747,1.758,1.691,-2.62%
4/29/2025,1.737,1.741,1.752,1.723,0.06%
4/28/2025,1.736,1.731,1.764,1.731,0.35%
4/25/2025,1.73,1.716,1.743,1.704,3.38%
4/24/2025,1.673,1.755,1.755,1.674,-3.27%
4/23/2025,1.73,1.696,1.774,1.686,4.66%
4/22/2025,1.653,1.671,1.68,1.622,-1.31%
4/17/2025,1.675,1.763,1.809,1.668,-3.60%
4/16/2025,1.737,1.757,1.766,1.708,-1.64%
4/15/2025,1.766,1.77,1.791,1.756,-0.48%
4/14/2025,1.775,1.809,1.811,1.754,1.40%
4/11/2025,1.75,1.789,1.815,1.699,-3.34%
4/10/2025,1.811,1.946,1.946,1.81,5.29%
4/9/2025,1.72,1.844,1.846,1.669,-6.01%
4/8/2025,1.83,1.819,1.879,1.783,3.98%
4/7/2025,1.76,1.792,1.824,1.623,-3.40%
4/4/2025,1.822,1.922,1.935,1.751,-5.52%
4/3/2025,1.929,1.953,1.988,1.919,-5.35%
4/2/2025,2.037,2.024,2.042,1.982,0.94%
4/1/2025,2.019,2.047,2.047,1.995,-0.37%
3/31/2025,2.026,2.001,2.028,1.971,0.07%
3/28/2025,2.024,2.058,2.058,2.024,-1.94%
3/27/2025,2.065,2.093,2.101,2.065,-2.34%
3/26/2025,2.114,2.142,2.142,2.108,-0.84%
3/25/2025,2.132,2.131,2.165,2.125,0.49%
3/24/2025,2.122,2.147,2.171,2.125,-0.33%
3/21/2025,2.128,2.17,2.173,2.122,-1.73%
3/20/2025,2.166,2.157,2.181,2.151,-1.05%
3/19/2025,2.189,2.178,2.195,2.149,0.67%
3/18/2025,2.174,2.197,2.223,2.176,0.00%
3/17/2025,2.175,2.184,2.202,2.171,-0.37%
3/14/2025,2.183,2.188,2.224,2.173,0.28%
3/13/2025,2.177,2.224,2.24,2.174,-2.22%
3/12/2025,2.227,2.203,2.253,2.197,1.32%
3/11/2025,2.197,2.207,2.234,2.195,-0.68%
3/10/2025,2.213,2.252,2.252,2.19,-1.23%
3/7/2025,2.24,2.25,2.257,2.199,-1.39%
3/6/2025,2.272,2.3,2.319,2.214,1.56%
3/5/2025,2.237,2.075,2.264,2.075,11.27%
3/4/2025,2.01,2.037,2.037,1.986,-2.62%
3/3/2025,2.064,2.037,2.098,2.005,2.79%
2/28/2025,2.008,2.03,2.039,1.999,-1.01%
2/27/2025,2.029,2.055,2.073,2.033,-1.74%
2/26/2025,2.065,2.082,2.087,2.052,0.49%
2/25/2025,2.055,2.108,2.108,2.058,-1.23%
2/24/2025,2.08,2.116,2.13,2.073,-0.69%
2/21/2025,2.095,2.14,2.153,2.099,-2.45%
2/20/2025,2.147,2.164,2.187,2.146,-0.99%
2/19/2025,2.168,2.141,2.19,2.136,1.90%
2/18/2025,2.128,2.172,2.174,2.131,0.00%
2/17/2025,2.128,2.128,2.149,2.125,1.24%
2/14/2025,2.102,2.086,2.116,2.084,0.98%
2/13/2025,2.082,2.123,2.139,2.084,-2.19%
2/12/2025,2.128,2.088,2.143,2.083,2.55%
2/11/2025,2.075,2.036,2.09,2.032,2.62%
2/10/2025,2.022,2.051,2.06,2.017,-1.39%
2/7/2025,2.05,2.064,2.096,2.047,-0.02%
2/6/2025,2.051,2.066,2.086,2.044,0.00%
2/5/2025,2.051,2.046,2.06,2.016,0.00%
2/4/2025,2.051,2.065,2.083,2.05,0.89%
2/3/2025,2.033,2.053,2.074,2.01,-3.67%
1/31/2025,2.111,2.217,2.229,2.112,-3.83%
1/30/2025,2.194,2.256,2.265,2.177,-3.22%
1/29/2025,2.267,2.257,2.275,2.234,0.24%
1/28/2025,2.262,2.262,2.28,2.247,0.80%
1/27/2025,2.244,2.257,2.265,2.217,-1.82%
1/24/2025,2.286,2.236,2.308,2.231,2.01%
1/23/2025,2.24,2.228,2.26,2.217,0.65%
1/22/2025,2.226,2.213,2.237,2.195,0.77%
1/21/2025,2.209,2.21,2.246,2.204,-0.25%
1/20/2025,2.214,2.23,2.247,2.21,-0.40%
1/17/2025,2.224,2.229,2.233,2.206,0.00%
1/16/2025,2.224,2.247,2.275,2.226,-1.09%
1/15/2025,2.249,2.323,2.323,2.238,-2.56%
1/14/2025,2.307,2.29,2.32,2.261,0.83%
1/13/2025,2.289,2.307,2.322,2.273,0.68%
1/10/2025,2.273,2.242,2.297,2.233,2.32%
1/9/2025,2.221,2.195,2.231,2.19,1.02%
1/8/2025,2.199,2.191,2.221,2.177,0.05%
1/7/2025,2.198,2.193,2.208,2.174,0.23%
1/6/2025,2.193,2.197,2.214,2.167,1.46%
1/3/2025,2.161,2.102,2.175,2.088,3.69%
1/2/2025,2.085,2.086,2.101,2.033,0.65%
12/31/2024,2.071,2.094,2.094,2.087,-0.29%
12/30/2024,2.077,2.106,2.118,2.074,-0.55%
12/27/2024,2.089,2.052,2.119,2.052,1.83%
12/24/2024,2.051,2.066,2.067,2.064,-0.56%
12/23/2024,2.063,2.063,2.078,2.034,1.80%
12/20/2024,2.026,2.052,2.055,1.995,-1.10%
12/19/2024,2.049,2.077,2.095,2.041,1.39%
12/18/2024,2.02,2.054,2.055,2.025,-1.27%
12/17/2024,2.046,2.053,2.068,2.026,0.20%
12/16/2024,2.043,2.061,2.065,2.03,-0.39%
12/13/2024,2.05,2.038,2.058,2.015,2.35%
12/12/2024,2.003,1.958,2.012,1.914,2.48%
12/11/2024,1.955,1.994,1.994,1.928,-0.15%
12/10/2024,1.958,2.027,2.027,1.957,-1.66%
12/9/2024,1.991,1.997,2.03,1.973,-0.72%
12/6/2024,2.006,2.008,2.058,1.988,0.00%
12/5/2024,2.005,1.942,2.024,1.936,3.30%
12/4/2024,1.941,1.963,1.992,1.951,0.31%
12/3/2024,1.935,1.897,1.959,1.891,2.44%
12/2/2024,1.889,1.943,1.943,1.892,-2.95%
11/29/2024,1.946,2.002,2.018,1.946,-2.26%
11/28/2024,1.992,2.031,2.045,1.991,-1.99%
11/27/2024,2.032,1.993,2.05,1.971,0.30%
11/26/2024,2.026,2.026,2.053,2.003,1.10%
11/25/2024,2.004,2.004,2.05,1.985,0.05%
11/22/2024,2.003,2.105,2.132,1.979,-4.46%
11/21/2024,2.096,2.136,2.151,2.081,-0.99%
11/20/2024,2.118,2.144,2.18,2.118,-0.66%
11/19/2024,2.132,2.161,2.161,2.078,-1.59%
11/18/2024,2.166,2.118,2.199,2.118,2.46%
11/15/2024,2.114,2.122,2.158,2.091,0.81%
11/14/2024,2.097,2.165,2.175,2.098,-2.26%
11/13/2024,2.145,2.166,2.191,2.13,1.27%
11/12/2024,2.118,2.138,2.163,2.097,-0.26%
11/11/2024,2.124,2.167,2.181,2.129,-2.39%
11/8/2024,2.176,2.207,2.216,2.166,-1.18%
11/7/2024,2.202,2.191,2.255,2.181,1.38%
11/6/2024,2.172,2.227,2.242,2.169,-6.74%
11/5/2024,2.329,2.292,2.333,2.291,1.88%
11/4/2024,2.286,2.292,2.327,2.272,0.42%
11/1/2024,2.276,2.297,2.319,2.245,-1.66%
10/31/2024,2.315,2.319,2.392,2.29,1.58%
10/30/2024,2.279,2.156,2.285,2.143,5.24%
10/29/2024,2.165,2.118,2.177,2.114,1.67%
10/28/2024,2.13,2.186,2.189,2.098,-0.84%
10/25/2024,2.148,2.115,2.149,2.102,2.38%
10/24/2024,2.098,2.121,2.123,2.057,-1.78%
10/23/2024,2.136,2.172,2.172,2.124,-2.86%
10/22/2024,2.199,2.188,2.218,2.148,0.96%
10/21/2024,2.178,2.111,2.184,2.103,3.47%
10/18/2024,2.105,2.128,2.144,2.089,-1.68%
10/17/2024,2.141,2.178,2.202,2.126,-1.15%
10/16/2024,2.166,2.21,2.21,2.163,-2.17%
10/15/2024,2.214,2.234,2.244,2.205,-1.99%
10/14/2024,2.259,2.227,2.27,2.226,0.04%
10/11/2024,2.258,2.234,2.281,2.234,1.07%
10/10/2024,2.234,2.278,2.307,2.232,-1.06%
10/9/2024,2.258,2.237,2.259,2.213,1.26%
10/8/2024,2.23,2.218,2.25,2.209,-0.31%
10/7/2024,2.237,2.219,2.264,2.2,1.41%
10/4/2024,2.206,2.099,2.212,2.085,6.47%
10/3/2024,2.072,2.037,2.092,2.032,1.17%
10/2/2024,2.048,2.017,2.062,2.017,1.04%
10/1/2024,2.027,2.077,2.081,1.987,-2.12%
9/30/2024,2.071,2.078,2.129,2.046,-0.77%
9/27/2024,2.087,2.132,2.146,2.065,-1.18%
9/26/2024,2.112,2.121,2.124,2.079,-1.03%
9/25/2024,2.134,2.098,2.138,2.094,1.96%
9/24/2024,2.093,2.139,2.162,2.083,-3.37%
9/23/2024,2.166,2.233,2.237,2.139,-3.86%
9/20/2024,2.253,2.213,2.262,2.202,1.72%
9/19/2024,2.215,2.257,2.262,2.208,-2.12%
9/18/2024,2.263,2.23,2.265,2.222,1.43%
9/17/2024,2.231,2.195,2.233,2.156,2.20%
9/16/2024,2.183,2.194,2.227,2.18,-1.04%
9/13/2024,2.206,2.196,2.217,2.173,-1.08%
9/12/2024,2.23,2.161,2.235,2.151,4.50%
9/11/2024,2.134,2.174,2.201,2.125,-3.04%
9/10/2024,2.201,2.215,2.237,2.198,-0.72%
9/9/2024,2.217,2.265,2.281,2.208,-0.54%
9/6/2024,2.229,2.288,2.295,2.214,-2.92%
9/5/2024,2.296,2.302,2.328,2.278,-0.82%
9/4/2024,2.315,2.357,2.37,2.308,-2.73%
9/3/2024,2.38,2.412,2.441,2.358,-1.57%
9/2/2024,2.418,2.399,2.425,2.398,1.43%
8/30/2024,2.384,2.355,2.396,2.34,0.85%
8/29/2024,2.364,2.386,2.396,2.326,-0.63%
8/28/2024,2.379,2.399,2.406,2.374,-0.79%
8/27/2024,2.398,2.412,2.418,2.389,0.13%
8/26/2024,2.395,2.346,2.407,2.346,0.97%
8/23/2024,2.372,2.403,2.424,2.365,-1.25%
8/22/2024,2.402,2.358,2.406,2.337,1.31%
8/21/2024,2.371,2.401,2.411,2.368,-1.45%
8/20/2024,2.406,2.449,2.451,2.404,-1.55%
8/19/2024,2.444,2.422,2.451,2.404,-0.29%
8/16/2024,2.451,2.451,2.46,2.404,-0.16%
8/15/2024,2.455,2.36,2.459,2.352,4.60%
8/14/2024,2.347,2.344,2.378,2.334,0.34%
8/13/2024,2.339,2.393,2.397,2.338,-2.38%
8/12/2024,2.396,2.403,2.418,2.386,0.67%
8/9/2024,2.38,2.386,2.414,2.375,-0.87%
8/8/2024,2.401,2.359,2.428,2.332,-0.54%
8/7/2024,2.414,2.409,2.446,2.376,2.20%
8/6/2024,2.362,2.386,2.405,2.302,1.07%
8/5/2024,2.337,2.344,2.344,2.151,0.00%
8/2/2024,2.337,2.427,2.44,2.326,-5.12%
8/1/2024,2.463,2.504,2.524,2.454,-2.76%
7/31/2024,2.533,2.549,2.553,2.514,-1.02%
7/30/2024,2.559,2.605,2.607,2.551,-3.43%
7/29/2024,2.65,2.673,2.678,2.632,-0.64%
7/26/2024,2.667,2.699,2.719,2.652,-0.49%
7/25/2024,2.68,2.709,2.709,2.635,-1.18%
7/24/2024,2.712,2.766,2.768,2.711,-1.95%
7/23/2024,2.766,2.823,2.827,2.765,-1.98%
7/22/2024,2.822,2.787,2.822,2.77,1.58%
7/19/2024,2.778,2.779,2.791,2.74,1.54%
7/18/2024,2.736,2.779,2.796,2.736,-1.48%
7/17/2024,2.777,2.757,2.794,2.749,0.36%
7/16/2024,2.767,2.798,2.801,2.745,-0.93%
7/15/2024,2.793,2.833,2.834,2.785,-0.99%
7/12/2024,2.821,2.822,2.841,2.809,0.75%
7/11/2024,2.8,2.908,2.915,2.791,-3.41%
7/10/2024,2.899,2.91,2.92,2.888,-0.99%
7/9/2024,2.928,2.908,2.934,2.904,0.69%
7/8/2024,2.908,2.905,2.934,2.884,0.52%
7/5/2024,2.893,2.932,2.943,2.893,-1.70%
7/4/2024,2.943,2.915,2.943,2.911,1.03%
7/3/2024,2.913,2.92,2.95,2.894,0.03%
7/2/2024,2.912,2.915,2.92,2.882,-0.34%
7/1/2024,2.922,2.874,2.934,2.871,3.43%
6/28/2024,2.825,2.82,2.834,2.788,0.53%
6/27/2024,2.81,2.839,2.844,2.803,-0.35%
6/26/2024,2.82,2.825,2.831,2.786,0.36%
6/25/2024,2.81,2.801,2.817,2.78,-0.04%
6/24/2024,2.811,2.777,2.826,2.775,0.64%
6/21/2024,2.793,2.823,2.83,2.74,-1.06%
6/20/2024,2.823,2.828,2.848,2.803,0.64%
6/19/2024,2.805,2.816,2.836,2.786,-0.07%
6/18/2024,2.807,2.822,2.853,2.799,-0.14%
6/17/2024,2.811,2.79,2.829,2.749,1.74%
6/14/2024,2.763,2.875,2.875,2.709,-4.59%
6/13/2024,2.896,3.001,3.001,2.893,-2.33%
6/12/2024,2.965,3.023,3.034,2.947,-1.69%
6/11/2024,3.016,3.095,3.098,3,-2.39%
6/10/2024,3.09,3.081,3.105,3.064,0.13%
6/7/2024,3.086,3.032,3.103,3.02,2.49%
6/6/2024,3.011,2.988,3.037,2.978,1.18%
6/5/2024,2.976,3.008,3.011,2.973,-0.77%
6/4/2024,2.999,3.044,3.044,2.977,-1.19%
6/3/2024,3.035,3.092,3.098,3.022,-1.59%
5/31/2024,3.084,3.092,3.125,3.074,0.13%
5/30/2024,3.08,3.096,3.11,3.073,-0.74%
5/29/2024,3.103,3.086,3.103,3.044,1.57%
5/28/2024,3.055,3.048,3.058,3.018,0.53%
5/27/2024,3.039,3.082,3.096,3.027,-1.55%
5/24/2024,3.087,3.086,3.124,3.068,0.06%
5/23/2024,3.085,3.024,3.105,3.006,2.53%
5/22/2024,3.009,2.987,3.023,2.987,1.11%
5/21/2024,2.976,3.004,3.004,2.964,-0.60%
5/20/2024,2.994,2.996,3.008,2.97,0.17%
5/17/2024,2.989,2.928,2.992,2.928,2.33%
5/16/2024,2.921,2.87,2.928,2.867,1.00%
5/15/2024,2.892,2.983,2.985,2.887,-2.89%
5/14/2024,2.978,2.967,2.978,2.93,0.85%
5/13/2024,2.953,2.964,2.972,2.942,-0.57%
5/10/2024,2.97,2.94,2.978,2.924,1.02%
5/9/2024,2.94,2.934,2.956,2.909,0.31%
5/8/2024,2.931,2.91,2.935,2.91,1.00%
5/7/2024,2.902,2.91,2.917,2.889,-0.45%
5/6/2024,2.915,2.923,2.927,2.884,-0.68%
5/3/2024,2.935,2.975,2.984,2.882,-2.13%
5/2/2024,2.999,3.023,3.023,2.986,-0.93%
5/1/2024,3.027,2.944,3.03,3.026,-0.03%
4/30/2024,3.028,2.944,3.033,2.943,2.47%
4/29/2024,2.955,3,3.002,2.94,-1.14%
4/26/2024,2.989,3.02,3.02,2.977,-0.53%
4/25/2024,3.005,2.976,3.018,2.944,-1.02%
4/24/2024,3.036,3.005,3.042,2.995,1.64%
4/23/2024,2.987,2.966,3.005,2.951,0.54%
4/22/2024,2.971,3.022,3.028,2.966,-1.23%
4/19/2024,3.008,2.957,3.029,2.934,0.80%
4/18/2024,2.984,2.937,2.991,2.924,1.12%
4/17/2024,2.951,2.968,2.979,2.934,0.61%
4/16/2024,2.933,2.89,2.95,2.884,0.96%
4/15/2024,2.905,2.876,2.933,2.869,1.68%
4/12/2024,2.857,2.949,2.97,2.834,-3.80%
4/11/2024,2.97,2.995,3.001,2.932,0.41%
4/10/2024,2.958,2.895,2.971,2.858,2.39%
4/9/2024,2.889,2.935,2.938,2.881,-1.23%
4/8/2024,2.925,2.914,2.928,2.888,1.81%
4/5/2024,2.873,2.83,2.879,2.827,0.49%
4/4/2024,2.859,2.837,2.862,2.832,1.12%
4/3/2024,2.827,2.819,2.849,2.792,0.43%
4/2/2024,2.815,2.848,2.862,2.797,-0.28%
4/1/2024,2.823,2.833,2.823,2.823,0.00%
3/29/2024,2.823,2.833,2.823,2.818,0.00%
3/28/2024,2.823,2.833,2.855,2.815,0.55%
3/27/2024,2.808,2.881,2.881,2.806,-1.53%
3/26/2024,2.852,2.872,2.872,2.833,-0.62%
3/25/2024,2.869,2.805,2.872,2.795,2.25%
3/22/2024,2.806,2.852,2.861,2.792,-1.73%
3/21/2024,2.855,2.894,2.921,2.818,-1.70%
3/20/2024,2.905,2.909,2.915,2.862,0.55%
3/19/2024,2.889,2.93,2.931,2.874,-0.99%
3/18/2024,2.918,2.918,2.934,2.898,0.35%
3/15/2024,2.907,2.907,2.924,2.889,0.92%
3/14/2024,2.881,2.89,2.895,2.842,0.79%
3/13/2024,2.858,2.829,2.866,2.797,1.31%
3/12/2024,2.821,2.805,2.84,2.764,1.98%
3/11/2024,2.767,2.755,2.793,2.725,1.05%
3/8/2024,2.738,2.812,2.817,2.712,-2.29%
3/7/2024,2.802,2.863,2.885,2.767,-2.46%
3/6/2024,2.873,2.835,2.887,2.834,1.22%
3/5/2024,2.838,2.909,2.909,2.825,-1.96%
3/4/2024,2.895,2.893,2.905,2.857,0.46%
3/1/2024,2.882,2.895,2.94,2.863,-0.11%
2/29/2024,2.885,2.935,2.98,2.883,-1.45%
2/28/2024,2.927,2.928,2.938,2.901,-0.05%
2/27/2024,2.929,2.932,2.942,2.894,0.29%
2/26/2024,2.92,2.89,2.926,2.879,1.92%
2/23/2024,2.865,2.931,2.963,2.862,-1.58%
2/22/2024,2.911,2.885,2.926,2.872,1.70%
2/21/2024,2.863,2.8,2.865,2.791,2.37%
2/20/2024,2.796,2.837,2.837,2.778,-1.33%
2/19/2024,2.834,2.844,2.844,2.802,0.27%
2/16/2024,2.826,2.775,2.842,2.775,2.31%
2/15/2024,2.762,2.758,2.762,2.705,0.51%
2/14/2024,2.748,2.777,2.777,2.724,-0.97%
2/13/2024,2.775,2.709,2.781,2.683,2.66%
2/12/2024,2.703,2.713,2.713,2.701,-0.72%
2/9/2024,2.723,2.686,2.73,2.662,2.12%
2/8/2024,2.666,2.645,2.672,2.615,1.84%
2/7/2024,2.618,2.596,2.622,2.583,0.50%
2/6/2024,2.605,2.619,2.637,2.584,-0.70%
2/5/2024,2.623,2.566,2.63,2.554,3.09%
2/2/2024,2.545,2.453,2.566,2.443,5.05%
2/1/2024,2.422,2.425,2.485,2.401,0.65%
1/31/2024,2.407,2.525,2.527,2.396,-4.73%
1/30/2024,2.526,2.48,2.545,2.457,2.02%
1/29/2024,2.476,2.541,2.541,2.451,-5.84%
1/26/2024,2.63,2.622,2.644,2.557,0.54%
1/25/2024,2.616,2.704,2.733,2.606,-3.47%
1/24/2024,2.71,2.694,2.71,2.658,-0.07%
1/23/2024,2.712,2.697,2.715,2.678,0.74%
1/22/2024,2.692,2.723,2.724,2.675,-1.36%
1/19/2024,2.729,2.696,2.736,2.675,1.64%
1/18/2024,2.685,2.683,2.698,2.658,-0.15%
1/17/2024,2.689,2.603,2.704,2.603,3.78%
1/16/2024,2.591,2.609,2.609,2.551,0.08%
1/15/2024,2.589,2.547,2.597,2.534,2.94%
1/12/2024,2.515,2.573,2.591,2.513,-4.48%
1/11/2024,2.633,2.655,2.674,2.601,-0.68%
1/10/2024,2.651,2.609,2.651,2.595,1.61%
1/9/2024,2.609,2.575,2.609,2.567,2.51%
1/8/2024,2.545,2.576,2.613,2.537,-0.86%
1/5/2024,2.567,2.542,2.629,2.525,1.99%
1/4/2024,2.517,2.363,2.531,2.363,4.40%
1/3/2024,2.411,2.461,2.489,2.409,-1.75%
1/2/2024,2.454,2.436,2.472,2.419,2.63%
1/1/2024,2.391,2.384,2.391,2.387,-0.38%
12/29/2023,2.4,2.384,2.42,2.354,0.84%
12/28/2023,2.38,2.406,2.418,2.371,-0.92%
12/27/2023,2.402,2.441,2.45,2.391,-0.66%
12/26/2023,2.418,2.474,2.418,2.418,0.04%
12/25/2023,2.417,2.474,2.417,2.416,0.04%
12/22/2023,2.416,2.474,2.478,2.411,-1.43%
12/21/2023,2.451,2.473,2.488,2.435,-1.01%
12/20/2023,2.476,2.475,2.502,2.446,-1.59%
12/19/2023,2.516,2.546,2.552,2.512,-1.26%
12/18/2023,2.548,2.527,2.558,2.492,2.00%
12/15/2023,2.498,2.624,2.624,2.496,-2.50%
12/14/2023,2.562,2.503,2.591,2.458,-3.47%
12/13/2023,2.654,2.728,2.731,2.654,-2.46%
12/12/2023,2.721,2.69,2.732,2.666,0.82%
12/11/2023,2.699,2.698,2.702,2.669,0.33%
12/8/2023,2.69,2.609,2.698,2.604,3.70%
12/7/2023,2.594,2.623,2.625,2.569,-0.38%
12/6/2023,2.604,2.625,2.638,2.57,-0.19%
12/5/2023,2.609,2.658,2.658,2.602,-2.72%
12/4/2023,2.682,2.683,2.715,2.635,0.75%
12/1/2023,2.662,2.82,2.828,2.661,-5.40%
11/30/2023,2.814,2.847,2.851,2.761,-0.21%
11/29/2023,2.82,2.86,2.892,2.813,-3.36%
11/28/2023,2.918,2.981,2.993,2.914,-2.24%
11/27/2023,2.985,3.079,3.092,2.984,-2.86%
11/24/2023,3.073,3.056,3.081,3.049,0.82%
11/23/2023,3.048,3.015,3.056,3.006,1.06%
11/22/2023,3.016,3.005,3.016,2.966,1.38%
11/21/2023,2.975,3.024,3.029,2.972,-1.36%
11/20/2023,3.016,2.979,3.018,2.974,1.94%
11/18/2023,2.958,2.958,2.958,2.958,-0.15%
11/17/2023,2.963,2.955,2.966,2.9,0.47%
11/16/2023,2.949,2.991,3.015,2.941,-2.03%
11/15/2023,3.01,2.989,3.018,2.968,-2.15%
11/14/2023,3.076,3.183,3.193,3.074,-2.97%
11/13/2023,3.17,3.156,3.176,3.146,0.83%
11/10/2023,3.144,3.099,3.152,3.098,1.71%
11/9/2023,3.091,3.097,3.105,3.078,0.59%
11/8/2023,3.073,3.067,3.092,3.046,0.13%
11/7/2023,3.069,3.117,3.117,3.066,-0.71%
11/6/2023,3.091,3.05,3.094,3.041,1.85%
11/3/2023,3.035,3.063,3.085,3.014,-0.59%
11/2/2023,3.053,3.018,3.06,3.001,0.33%
11/1/2023,3.043,3.094,3.096,3.035,-1.01%
10/31/2023,3.074,3.087,3.087,3.048,-0.13%
10/30/2023,3.078,3.061,3.105,3.039,-0.68%
10/27/2023,3.099,3.115,3.146,3.097,-1.02%
10/26/2023,3.131,3.197,3.197,3.121,-1.63%
10/25/2023,3.183,3.164,3.192,3.141,0.79%
10/24/2023,3.158,3.2,3.2,3.139,-0.88%
10/23/2023,3.186,3.215,3.22,3.178,0.31%
10/20/2023,3.176,3.227,3.239,3.171,-2.70%
10/19/2023,3.264,3.272,3.277,3.249,0.25%
10/18/2023,3.256,3.254,3.26,3.218,0.25%
10/17/2023,3.248,3.165,3.248,3.161,2.95%
10/16/2023,3.155,3.146,3.162,3.138,0.65%
10/14/2023,3.135,3.135,3.135,3.135,0.08%
10/13/2023,3.132,3.15,3.151,3.111,-0.85%
10/12/2023,3.159,3.092,3.164,3.085,1.97%
10/11/2023,3.098,3.11,3.11,3.065,0.91%
10/10/2023,3.07,3.053,3.098,3.04,1.29%
10/9/2023,3.031,3.11,3.126,3.031,-3.10%
10/6/2023,3.128,3.135,3.168,3.126,-0.32%
10/5/2023,3.138,3.164,3.193,3.136,-1.69%
10/4/2023,3.192,3.229,3.243,3.191,-0.50%
10/3/2023,3.208,3.218,3.23,3.191,-0.62%
10/2/2023,3.228,3.213,3.23,3.2,0.69%
9/29/2023,3.206,3.261,3.275,3.198,-2.82%
9/28/2023,3.299,3.237,3.305,3.229,2.07%
9/27/2023,3.232,3.228,3.233,3.204,0.37%
9/26/2023,3.22,3.236,3.239,3.205,-0.03%
9/25/2023,3.221,3.248,3.269,3.218,-0.80%
9/22/2023,3.247,3.259,3.264,3.217,-0.52%
9/21/2023,3.264,3.31,3.331,3.251,0.12%
9/20/2023,3.26,3.294,3.295,3.25,-0.82%
9/19/2023,3.287,3.258,3.294,3.252,0.77%
9/18/2023,3.262,3.224,3.264,3.218,1.62%
9/15/2023,3.21,3.155,3.214,3.155,1.68%
9/14/2023,3.157,3.154,3.177,3.121,-0.35%
9/13/2023,3.168,3.17,3.187,3.143,1.34%
9/12/2023,3.126,3.094,3.127,3.082,1.10%
9/11/2023,3.092,3.091,3.109,3.071,0.50%
9/9/2023,3.076,3.076,3.076,3.076,0.28%
9/8/2023,3.068,3.06,3.082,3.047,-0.65%
9/7/2023,3.088,3.124,3.128,3.083,-1.12%
9/6/2023,3.123,3.03,3.123,3.025,2.90%
9/5/2023,3.035,3.024,3.041,3.005,0.46%
9/4/2023,3.021,2.992,3.03,2.992,1.07%
9/1/2023,2.989,2.97,2.989,2.926,0.27%
8/31/2023,2.981,3.094,3.095,2.962,-2.61%
8/30/2023,3.061,3.101,3.129,3.047,0.92%
8/29/2023,3.033,3.022,3.074,3.017,-0.69%
8/28/2023,3.054,3.051,3.08,3.036,0.69%
8/25/2023,3.033,2.978,3.046,2.968,2.16%
8/24/2023,2.969,2.971,2.998,2.92,-0.13%
8/23/2023,2.973,3.094,3.1,2.97,-3.97%
8/22/2023,3.096,3.104,3.117,3.082,-0.55%
8/21/2023,3.113,3.068,3.113,3.041,2.10%
8/18/2023,3.049,3.052,3.082,3.017,-1.58%
8/17/2023,3.098,3.101,3.13,3.086,0.75%
8/16/2023,3.075,3.106,3.122,3.068,-0.97%
8/15/2023,3.105,3.08,3.172,3.08,1.14%
8/14/2023,3.07,3.039,3.075,3.021,1.09%
8/11/2023,3.037,2.999,3.04,2.975,-3.22%
8/10/2023,3.138,3.132,3.154,3.114,0.48%
8/9/2023,3.123,3.075,3.13,3.072,1.23%
8/8/2023,3.085,3.124,3.132,3.051,-1.44%
8/7/2023,3.13,3.129,3.186,3.111,-1.51%
8/4/2023,3.178,3.182,3.224,3.154,0.95%
8/3/2023,3.148,3.196,3.199,3.128,-0.63%
8/2/2023,3.168,3.218,3.218,3.152,-1.49%
8/1/2023,3.216,3.226,3.231,3.186,0.31%
7/31/2023,3.206,3.256,3.26,3.194,0.06%
7/28/2023,3.204,3.235,3.235,3.171,-0.37%
7/27/2023,3.216,3.266,3.28,3.171,-1.56%
7/26/2023,3.267,3.229,3.286,3.202,1.97%
7/25/2023,3.204,3.247,3.251,3.188,0.66%
7/24/2023,3.183,3.253,3.257,3.163,-1.33%
7/22/2023,3.226,3.226,3.226,3.226,-0.31%
7/21/2023,3.236,3.284,3.291,3.23,-0.83%
7/20/2023,3.263,3.211,3.266,3.188,2.38%
7/19/2023,3.187,3.17,3.194,3.097,0.25%
7/18/2023,3.179,3.251,3.253,3.15,-2.27%
7/17/2023,3.253,3.27,3.279,3.234,-0.28%
7/14/2023,3.262,3.234,3.266,3.217,1.12%
7/13/2023,3.226,3.279,3.291,3.189,-1.86%
7/12/2023,3.287,3.36,3.361,3.281,-2.35%
7/11/2023,3.366,3.338,3.37,3.323,1.02%
7/10/2023,3.332,3.317,3.354,3.293,0.73%
7/7/2023,3.308,3.354,3.359,3.286,-1.55%
7/6/2023,3.36,3.322,3.393,3.298,2.16%
7/5/2023,3.289,3.291,3.305,3.244,0.03%
7/4/2023,3.288,3.32,3.324,3.284,-0.93%
7/3/2023,3.319,3.274,3.336,3.235,1.59%
6/30/2023,3.267,3.261,3.295,3.242,0.31%
6/29/2023,3.257,3.226,3.279,3.183,2.58%
6/28/2023,3.175,3.234,3.234,3.168,-1.85%
6/27/2023,3.235,3.168,3.241,3.141,2.96%
6/26/2023,3.142,3.168,3.183,3.128,-0.79%
6/23/2023,3.167,3.274,3.282,3.136,-3.18%
6/22/2023,3.271,3.188,3.275,3.18,2.67%
6/21/2023,3.186,3.174,3.235,3.162,0.85%
6/20/2023,3.159,3.214,3.214,3.154,-1.40%
6/19/2023,3.204,3.159,3.21,3.124,1.30%
6/16/2023,3.163,3.2,3.206,3.157,-0.19%
6/15/2023,3.169,3.119,3.195,3.079,4.17%
6/14/2023,3.042,3.093,3.095,3.029,0.26%
6/13/2023,3.034,2.964,3.035,2.964,2.12%
6/12/2023,2.971,2.991,2.991,2.925,0.00%
6/9/2023,2.971,2.971,2.99,2.935,0.17%
6/8/2023,2.966,2.98,3,2.942,-0.50%
6/7/2023,2.981,2.875,2.983,2.872,2.97%
6/6/2023,2.895,2.947,2.947,2.845,-1.23%
6/5/2023,2.931,2.878,2.938,2.868,3.02%
6/2/2023,2.845,2.767,2.851,2.758,3.12%
6/1/2023,2.759,2.752,2.799,2.72,0.73%
5/31/2023,2.739,2.824,2.824,2.719,-3.45%
5/30/2023,2.837,2.898,2.915,2.813,-2.74%
5/29/2023,2.917,2.971,2.981,2.914,-2.02%
5/26/2023,2.977,2.945,2.991,2.89,2.02%
5/25/2023,2.918,2.905,2.921,2.859,1.85%
5/24/2023,2.865,2.819,2.9,2.819,0.56%
5/23/2023,2.849,2.84,2.887,2.827,0.64%
5/22/2023,2.831,2.797,2.843,2.758,1.62%
5/19/2023,2.786,2.804,2.863,2.767,-0.11%
5/18/2023,2.789,2.756,2.806,2.755,1.46%
5/17/2023,2.749,2.68,2.749,2.66,2.54%
5/16/2023,2.681,2.624,2.688,2.586,1.48%
5/15/2023,2.642,2.661,2.673,2.62,0.96%
5/12/2023,2.617,2.618,2.637,2.593,1.47%
5/11/2023,2.579,2.614,2.652,2.54,-1.90%
5/10/2023,2.629,2.695,2.707,2.607,-1.42%
5/9/2023,2.667,2.672,2.677,2.633,0.23%
5/8/2023,2.661,2.617,2.687,2.605,1.56%
5/5/2023,2.62,2.579,2.624,2.535,3.39%
5/4/2023,2.534,2.643,2.688,2.52,-5.38%
5/3/2023,2.678,2.687,2.692,2.637,0.94%
5/2/2023,2.653,2.796,2.84,2.645,-2.23%
5/1/2023,2.714,2.724,2.724,2.714,-0.57%
4/28/2023,2.729,2.817,2.892,2.721,-3.98%
4/27/2023,2.842,2.807,2.855,2.777,2.23%
4/26/2023,2.78,2.797,2.833,2.71,-1.91%
4/25/2023,2.834,2.94,2.952,2.805,-4.13%
4/24/2023,2.956,2.917,2.962,2.872,1.20%
4/21/2023,2.921,2.893,2.941,2.871,1.04%
4/20/2023,2.891,2.952,2.959,2.883,-2.23%
4/19/2023,2.957,2.942,2.988,2.934,2.28%
4/18/2023,2.891,2.876,2.909,2.844,0.56%
4/17/2023,2.875,2.874,2.905,2.851,0.38%
4/14/2023,2.864,2.797,2.867,2.765,3.02%
4/13/2023,2.78,2.788,2.812,2.729,0.18%
4/12/2023,2.775,2.711,2.809,2.66,2.63%
4/11/2023,2.704,2.638,2.729,2.623,6.33%
4/10/2023,2.543,2.543,2.543,2.543,0.20%
4/7/2023,2.538,2.533,2.538,2.533,-0.35%
4/6/2023,2.547,2.544,2.561,2.466,1.07%
4/5/2023,2.52,2.615,2.678,2.479,-4.11%
4/4/2023,2.628,2.675,2.73,2.618,-1.13%
4/3/2023,2.658,2.71,2.762,2.648,-1.37%
3/31/2023,2.695,2.736,2.823,2.695,-1.75%
3/30/2023,2.743,2.602,2.793,2.513,4.14%
3/29/2023,2.634,2.643,2.648,2.563,1.97%
3/28/2023,2.583,2.551,2.64,2.534,2.42%
3/27/2023,2.522,2.463,2.57,2.404,5.92%
3/24/2023,2.381,2.471,2.505,2.21,-5.06%
3/23/2023,2.508,2.575,2.646,2.483,-7.15%
3/22/2023,2.701,2.639,2.767,2.634,4.41%
3/21/2023,2.587,2.378,2.603,2.333,11.22%
3/20/2023,2.326,2.177,2.363,2.089,-4.44%
3/17/2023,2.434,2.622,2.659,2.385,-4.92%
3/16/2023,2.56,2.627,2.747,2.373,7.61%
3/15/2023,2.379,2.874,3.014,2.379,-18.64%
3/14/2023,2.924,2.515,2.976,2.425,8.54%
3/13/2023,2.694,3,3.02,2.499,-12.30%
3/10/2023,3.072,3.277,3.277,3.005,-6.34%
3/9/2023,3.28,3.364,3.385,3.275,-1.71%
3/8/2023,3.337,3.347,3.367,3.306,0.63%
3/7/2023,3.316,3.313,3.337,3.237,0.39%
3/6/2023,3.303,3.191,3.308,3.178,2.87%
3/3/2023,3.211,3.213,3.232,3.171,0.22%
3/2/2023,3.204,3.256,3.257,3.16,0.06%
3/1/2023,3.202,3.181,3.215,3.159,2.23%
2/28/2023,3.132,3.063,3.191,3.059,2.19%
2/27/2023,3.065,3.013,3.077,2.994,1.66%
2/24/2023,3.015,2.893,3.054,2.88,4.04%
2/23/2023,2.898,2.933,2.941,2.898,-0.75%
2/22/2023,2.92,2.955,2.971,2.91,-1.02%
2/21/2023,2.95,2.899,2.956,2.899,2.04%
2/20/2023,2.891,2.882,2.897,2.866,1.15%
2/18/2023,2.858,2.858,2.858,2.858,-0.59%
2/17/2023,2.875,2.886,2.943,2.862,-0.14%
2/16/2023,2.879,2.85,2.896,2.834,0.21%
2/15/2023,2.873,2.851,2.882,2.834,0.52%
2/14/2023,2.858,2.779,2.863,2.752,2.73%
2/13/2023,2.782,2.768,2.789,2.743,0.94%
2/10/2023,2.756,2.716,2.764,2.692,2.57%
2/9/2023,2.687,2.691,2.698,2.649,-0.99%
2/8/2023,2.714,2.689,2.725,2.61,3.79%
2/7/2023,2.615,2.605,2.619,2.595,0.46%
2/6/2023,2.603,2.592,2.607,2.571,2.36%
2/3/2023,2.543,2.528,2.555,2.486,2.58%
2/2/2023,2.479,2.661,2.661,2.452,-7.12%
2/1/2023,2.669,2.63,2.675,2.61,0.76%
1/31/2023,2.649,2.68,2.68,2.622,-1.16%
1/30/2023,2.68,2.553,2.682,2.55,3.72%
1/27/2023,2.584,2.588,2.63,2.584,-0.04%
1/26/2023,2.585,2.536,2.588,2.526,1.93%
1/25/2023,2.536,2.559,2.578,2.49,-0.55%
1/24/2023,2.55,2.601,2.615,2.55,-1.66%
1/23/2023,2.593,2.582,2.6,2.56,0.62%
1/20/2023,2.577,2.541,2.584,2.519,2.51%
1/19/2023,2.514,2.435,2.526,2.427,2.20%
1/18/2023,2.46,2.439,2.507,2.426,0.12%
1/17/2023,2.457,2.568,2.601,2.441,-4.40%
1/16/2023,2.57,2.586,2.617,2.564,-0.27%
1/13/2023,2.577,2.56,2.579,2.514,0.35%
1/12/2023,2.568,2.581,2.615,2.518,-2.28%
1/11/2023,2.628,2.636,2.644,2.6,-0.79%
1/10/2023,2.649,2.613,2.666,2.612,1.92%
1/9/2023,2.599,2.574,2.658,2.574,0.27%
1/6/2023,2.592,2.637,2.688,2.576,-2.00%
1/5/2023,2.645,2.597,2.664,2.583,2.44%
1/4/2023,2.582,2.667,2.687,2.565,-3.11%
1/3/2023,2.665,2.697,2.727,2.635,-0.82%
1/2/2023,2.687,2.755,2.756,2.657,-1.61%
12/30/2022,2.731,2.682,2.736,2.647,2.59%
12/29/2022,2.662,2.687,2.69,2.647,-0.45%
12/28/2022,2.674,2.69,2.69,2.632,-0.19%
12/27/2022,2.679,2.678,2.714,2.645,2.86%
12/26/2022,2.605,2.585,2.605,2.585,-1.57%
12/23/2022,2.646,2.552,2.647,2.551,3.24%
12/22/2022,2.563,2.547,2.594,2.519,1.67%
12/21/2022,2.521,2.508,2.525,2.49,0.20%
12/20/2022,2.516,2.496,2.516,2.456,2.78%
12/19/2022,2.448,2.454,2.454,2.412,0.12%
12/16/2022,2.445,2.453,2.503,2.373,2.77%
12/15/2022,2.379,2.207,2.432,2.136,11.27%
12/14/2022,2.138,2.141,2.164,2.105,0.00%
12/13/2022,2.138,2.22,2.236,2.081,-2.82%
12/12/2022,2.2,2.156,2.2,2.141,2.28%
12/9/2022,2.151,2.083,2.168,2.07,4.11%
12/8/2022,2.066,2.007,2.066,1.989,2.58%
12/7/2022,2.014,2.038,2.042,1.992,-2.00%
12/6/2022,2.055,2.142,2.168,2.035,-3.34%
12/5/2022,2.126,2.121,2.157,2.083,0.57%
12/2/2022,2.114,2.088,2.121,1.958,3.98%
12/1/2022,2.033,2.071,2.115,1.996,-4.96%
11/30/2022,2.139,2.141,2.173,2.036,2.00%
11/29/2022,2.097,2.141,2.146,2.036,-3.85%
11/28/2022,2.181,2.17,2.224,2.142,-0.50%
11/25/2022,2.192,2.103,2.208,2.103,4.18%
11/24/2022,2.104,2.152,2.152,2.036,-1.87%
11/23/2022,2.144,2.139,2.189,2.112,1.90%
11/22/2022,2.104,2.091,2.134,2.085,1.35%
11/21/2022,2.076,2.091,2.128,2.041,-0.22%
11/19/2022,2.08,2.08,2.08,2.08,-0.74%
11/18/2022,2.096,2.128,2.189,2.059,-1.87%
11/17/2022,2.136,2.095,2.148,2.037,0.95%
11/16/2022,2.116,2.165,2.206,2.099,-1.95%
11/15/2022,2.158,2.177,2.203,2.108,1.70%
11/14/2022,2.122,2.147,2.152,2.059,-0.61%
11/11/2022,2.135,2.02,2.148,2.003,8.05%
11/10/2022,1.976,2.121,2.166,1.921,-6.84%
11/9/2022,2.121,2.185,2.197,2.097,-3.81%
11/8/2022,2.205,2.211,2.252,2.174,0.64%
11/7/2022,2.191,2.12,2.194,2.111,2.53%
11/4/2022,2.137,2.085,2.172,2.038,2.00%
11/3/2022,2.095,2.084,2.12,2.017,6.08%
11/2/2022,1.975,1.947,1.995,1.924,1.75%
11/1/2022,1.941,1.919,1.957,1.835,-0.41%
10/31/2022,1.949,1.961,1.984,1.913,1.46%
10/28/2022,1.921,1.793,2,1.758,6.90%
10/27/2022,1.797,1.983,2.036,1.769,-7.75%
10/26/2022,1.948,1.993,2.024,1.933,-0.56%
10/25/2022,1.959,1.991,2.021,1.942,-2.25%
10/24/2022,2.004,1.936,2.058,1.918,-1.76%
10/21/2022,2.04,2.147,2.22,2.025,-2.81%
10/20/2022,2.099,2.119,2.179,2.079,1.01%
10/19/2022,2.078,1.979,2.12,1.978,5.54%
10/18/2022,1.969,1.93,2.014,1.914,0.66%
10/17/2022,1.956,1.92,1.966,1.866,-0.15%
10/14/2022,1.959,1.871,1.967,1.801,2.57%
10/13/2022,1.91,1.838,1.97,1.789,2.19%
10/12/2022,1.869,1.854,1.926,1.796,1.30%
10/11/2022,1.845,1.913,1.949,1.828,-3.00%
10/10/2022,1.902,1.848,1.952,1.758,1.77%
10/7/2022,1.869,1.805,1.889,1.784,4.47%
10/6/2022,1.789,1.671,1.807,1.665,7.97%
10/5/2022,1.657,1.572,1.679,1.526,5.54%
10/4/2022,1.57,1.575,1.586,1.444,-1.63%
10/3/2022,1.596,1.805,1.805,1.596,-10.24%
9/30/2022,1.778,1.806,1.806,1.699,-2.68%
9/29/2022,1.827,1.943,1.963,1.827,-1.24%
9/28/2022,1.85,1.975,2.008,1.786,-6.99%
9/27/2022,1.989,1.978,1.99,1.827,2.47%
9/26/2022,1.941,1.915,2.031,1.915,1.78%
9/23/2022,1.907,1.855,2.009,1.792,3.36%
9/22/2022,1.845,1.758,1.897,1.755,5.73%
9/21/2022,1.745,1.709,1.767,1.626,1.51%
9/20/2022,1.719,1.602,1.749,1.602,7.30%
9/19/2022,1.602,1.531,1.617,1.507,5.71%
9/17/2022,1.515,1.515,1.515,1.515,-2.10%
9/16/2022,1.548,1.554,1.62,1.529,1.24%
9/15/2022,1.529,1.415,1.539,1.415,8.67%
9/14/2022,1.407,1.393,1.483,1.355,1.66%
9/13/2022,1.384,1.311,1.404,1.279,6.87%
9/12/2022,1.295,1.334,1.403,1.276,-1.82%
9/9/2022,1.319,1.383,1.429,1.252,-0.53%
9/8/2022,1.326,1.093,1.328,1.065,22.32%
9/7/2022,1.084,1.112,1.112,1.005,-1.19%
9/6/2022,1.097,1.14,1.145,0.958,-5.76%
9/5/2022,1.164,1.095,1.174,1.06,6.69%
9/2/2022,1.091,1.174,1.218,1.037,-7.78%
9/1/2022,1.183,1.195,1.275,1.157,-1.25%
8/31/2022,1.198,1.152,1.238,1.097,4.63%
8/30/2022,1.145,1.096,1.189,1.024,4.66%
8/29/2022,1.094,1.127,1.162,1.06,12.55%
8/26/2022,0.972,0.866,1.038,0.866,11.98%
8/25/2022,0.868,0.927,0.933,0.83,-4.62%
8/24/2022,0.91,0.846,0.946,0.845,6.81%
8/23/2022,0.852,0.881,0.941,0.829,-3.51%
8/22/2022,0.883,0.824,0.898,0.759,5.88%
8/19/2022,0.834,0.757,0.849,0.742,10.76%
8/18/2022,0.753,0.733,0.801,0.704,4.87%
8/17/2022,0.718,0.57,0.749,0.57,22.95%
8/16/2022,0.584,0.522,0.604,0.507,11.66%
8/15/2022,0.523,0.607,0.643,0.512,-14.54%
8/12/2022,0.612,0.566,0.625,0.543,9.87%
8/11/2022,0.557,0.533,0.594,0.503,6.10%
8/10/2022,0.525,0.601,0.623,0.496,8.47%
8/9/2022,0.484,0.451,0.522,0.42,10.50%
8/8/2022,0.438,0.47,0.47,0.391,-7.20%
8/5/2022,0.472,0.331,0.48,0.32,43.03%
8/4/2022,0.33,0.395,0.442,0.309,-15.17%
8/3/2022,0.389,0.317,0.432,0.287,44.07%
8/2/2022,0.27,0.25,0.304,0.152,12.03%
8/1/2022,0.241,0.272,0.34,0.221,-8.54%
7/30/2022,0.264,0.264,0.264,0.264,-3.48%
7/29/2022,0.273,0.246,0.335,0.246,26.39%
7/28/2022,0.216,0.434,0.491,0.205,-48.45%
7/27/2022,0.419,0.336,0.422,0.336,19.37%
7/26/2022,0.351,0.407,0.431,0.318,-13.97%
7/25/2022,0.408,0.415,0.481,0.403,4.08%
7/22/2022,0.392,0.663,0.663,0.355,-40.43%
7/21/2022,0.658,0.574,0.779,0.568,7.34%
7/20/2022,0.613,0.631,0.671,0.54,-3.01%
7/19/2022,0.632,0.506,0.675,0.476,23.44%
7/18/2022,0.512,0.449,0.543,0.428,13.27%
7/15/2022,0.452,0.491,0.502,0.364,-9.78%
7/14/2022,0.501,0.45,0.637,0.45,12.08%
7/13/2022,0.447,0.349,0.49,0.349,30.70%
7/12/2022,0.342,0.438,0.458,0.315,-22.10%
7/11/2022,0.439,0.515,0.526,0.415,-17.17%
7/8/2022,0.53,0.545,0.557,0.456,-0.19%
7/7/2022,0.531,0.383,0.556,0.383,40.48%
7/6/2022,0.378,0.437,0.477,0.267,-13.30%
7/5/2022,0.436,0.623,0.623,0.413,-29.79%
7/4/2022,0.621,0.517,0.64,0.512,23.95%
7/1/2022,0.501,0.647,0.694,0.397,-26.22%
6/30/2022,0.679,0.832,0.839,0.62,-18.78%
6/29/2022,0.836,0.945,0.963,0.817,-11.63%
6/28/2022,0.946,0.891,0.995,0.878,7.13%
6/27/2022,0.883,0.805,0.912,0.8,11.28%
6/25/2022,0.794,0.794,0.794,0.794,-1.43%
6/24/2022,0.805,0.807,0.877,0.725,-0.49%
6/23/2022,0.809,1.057,1.069,0.771,-21.61%
6/22/2022,1.032,1.148,1.148,1.018,-9.15%
6/21/2022,1.136,1.15,1.158,1.099,0.53%
6/20/2022,1.13,1.071,1.137,1.035,3.96%
6/17/2022,1.087,1.17,1.194,1.055,-5.64%
6/16/2022,1.152,1.079,1.309,1.034,7.97%
6/15/2022,1.067,1.232,1.253,1.009,-11.67%
6/14/2022,1.208,1.15,1.223,1.135,5.78%
6/13/2022,1.142,0.973,1.171,0.941,20.21%
6/10/2022,0.95,0.838,0.962,0.826,14.32%
6/9/2022,0.831,0.702,0.846,0.659,18.54%
6/8/2022,0.701,0.69,0.72,0.655,7.35%
6/7/2022,0.653,0.684,0.692,0.643,-4.81%
6/6/2022,0.686,0.653,0.692,0.628,5.54%
6/3/2022,0.65,0.624,0.655,0.599,5.01%
6/2/2022,0.619,0.558,0.624,0.548,12.96%
6/1/2022,0.548,0.511,0.553,0.49,7.87%
5/31/2022,0.508,0.455,0.527,0.429,16.51%
5/30/2022,0.436,0.347,0.462,0.394,28.99%
5/27/2022,0.338,0.338,0.363,0.316,2.42%
5/26/2022,0.33,0.341,0.353,0.282,-0.30%
5/25/2022,0.331,0.376,0.383,0.322,-8.56%
5/24/2022,0.362,0.414,0.435,0.352,-11.49%
5/23/2022,0.409,0.337,0.415,0.321,21.36%
5/20/2022,0.337,0.367,0.405,0.337,-5.07%
5/19/2022,0.355,0.384,0.405,0.32,-4.31%
5/18/2022,0.371,0.398,0.444,0.351,42.69%
5/17/2022,0.26,0.136,0.271,0.13,101.55%
5/16/2022,0.129,0.103,0.164,0.089,32.99%
5/14/2022,0.097,0.097,0.097,0.097,-6.73%
5/13/2022,0.104,0.077,0.133,0.042,70.49%
5/12/2022,0.061,0.104,0.115,0.02,-60.39%
5/11/2022,0.154,0.176,0.222,0.1,-4.94%
5/10/2022,0.162,0.228,0.246,0.134,-27.35%
5/9/2022,0.223,0.31,0.327,0.213,-32.83%
5/6/2022,0.332,0.284,0.359,0.26,13.31%
5/5/2022,0.293,0.273,0.293,0.171,4.27%
5/4/2022,0.281,0.328,0.338,0.267,13.31%
5/3/2022,0.248,0.25,0.313,0.219,6.90%
5/2/2022,0.232,0.256,0.277,0.211,-10.08%
4/29/2022,0.258,0.193,0.278,0.177,38.71%
4/28/2022,0.186,0.126,0.206,0.075,89.80%
4/27/2022,0.098,0.15,0.182,0.085,-23.44%
4/26/2022,0.128,0.147,0.214,0.096,-12.93%
4/25/2022,0.147,0.27,0.282,0.141,-47.69%
4/22/2022,0.281,0.194,0.291,0.184,64.33%
4/21/2022,0.171,0.049,0.191,0.049,235.29%
4/20/2022,0.051,0.073,0.084,0.02,-12.07%
4/19/2022,0.058,0.078,0.104,0.051,50.65%
4/18/2022,0.038,0.044,0.044,0.038,0.00%
4/15/2022,0.038,0.044,0.044,0.032,-31.25%
4/14/2022,0.056,0.091,0.12,-0.001,-24.32%
4/13/2022,0.074,0.097,0.14,0.037,7.25%
4/12/2022,0.069,0.134,0.174,0.042,-47.73%
4/11/2022,0.132,0.047,0.148,0.047,164.00%
4/8/2022,0.05,-0.011,0.065,-0.031,-261.29%
4/7/2022,-0.031,-0.056,0.05,-0.093,-29.55%
4/6/2022,-0.044,0.006,0.013,-0.052,33.33%
4/5/2022,-0.033,-0.068,-0.012,-0.085,-56.58%
4/4/2022,-0.076,-0.056,-0.04,-0.117,22.58%
4/1/2022,-0.062,-0.043,-0.013,-0.103,-11.43%
3/31/2022,-0.07,0.013,0.044,-0.085,-433.33%
3/30/2022,0.021,-0.012,0.066,-0.06,-148.84%
3/29/2022,-0.043,-0.095,0.05,-0.12,-62.28%
3/28/2022,-0.114,-0.096,-0.06,-0.146,-25.49%
3/25/2022,-0.153,-0.208,-0.139,-0.225,-22.73%
3/24/2022,-0.198,-0.238,-0.18,-0.266,-16.46%
3/23/2022,-0.237,-0.248,-0.218,-0.273,0.00%
3/22/2022,-0.237,-0.267,-0.208,-0.288,-14.44%
3/21/2022,-0.277,-0.322,-0.277,-0.345,-20.86%
3/18/2022,-0.35,-0.328,-0.297,-0.394,6.38%
3/17/2022,-0.329,-0.311,-0.292,-0.351,-1.50%
3/16/2022,-0.334,-0.384,-0.334,-0.422,-19.32%
3/15/2022,-0.414,-0.347,-0.336,-0.424,24.70%
3/14/2022,-0.332,-0.388,-0.319,-0.414,-17.21%
3/11/2022,-0.401,-0.405,-0.341,-0.442,4.70%
3/10/2022,-0.383,-0.51,-0.349,-0.545,-26.91%
3/9/2022,-0.524,-0.611,-0.49,-0.631,-16.16%
3/8/2022,-0.625,-0.703,-0.575,-0.719,-9.81%
3/7/2022,-0.693,-0.735,-0.653,-0.813,-10.93%
3/4/2022,-0.778,-0.647,-0.628,-0.793,26.92%
3/3/2022,-0.613,-0.642,-0.53,-0.705,-2.54%
3/2/2022,-0.629,-0.723,-0.591,-0.75,-13.24%
3/1/2022,-0.725,-0.551,-0.515,-0.73,43.00%
2/28/2022,-0.507,-0.478,-0.412,-0.512,34.48%
2/25/2022,-0.377,-0.4,-0.359,-0.443,-11.08%
2/24/2022,-0.424,-0.433,-0.374,-0.462,14.91%
2/23/2022,-0.369,-0.393,-0.331,-0.403,-7.98%
2/22/2022,-0.401,-0.517,-0.35,-0.517,-12.64%
2/21/2022,-0.459,-0.459,-0.418,-0.493,-2.96%
2/18/2022,-0.473,-0.424,-0.414,-0.487,10.77%
2/17/2022,-0.427,-0.4,-0.355,-0.439,15.72%
2/16/2022,-0.369,-0.346,-0.326,-0.38,6.65%
2/15/2022,-0.346,-0.394,-0.322,-0.398,-6.23%
2/14/2022,-0.369,-0.393,-0.363,-0.417,12.84%
2/11/2022,-0.327,-0.292,-0.292,-0.364,0.62%
2/10/2022,-0.325,-0.33,-0.314,-0.382,-4.69%
2/9/2022,-0.341,-0.299,-0.294,-0.349,13.67%
2/8/2022,-0.3,-0.281,-0.261,-0.338,-0.99%
2/7/2022,-0.303,-0.233,-0.214,-0.328,19.29%
2/4/2022,-0.254,-0.323,-0.219,-0.332,-21.12%
2/3/2022,-0.322,-0.463,-0.322,-0.482,-30.30%
2/2/2022,-0.462,-0.467,-0.446,-0.495,-12.33%
2/1/2022,-0.527,-0.539,-0.508,-0.561,-1.31%
1/31/2022,-0.534,-0.585,-0.527,-0.587,-12.46%
1/28/2022,-0.61,-0.618,-0.592,-0.618,-1.77%
1/27/2022,-0.621,-0.623,-0.601,-0.649,-3.87%
1/26/2022,-0.646,-0.644,-0.638,-0.657,-1.22%
1/25/2022,-0.654,-0.652,-0.633,-0.666,0.46%
1/24/2022,-0.651,-0.618,-0.612,-0.665,4.49%
1/22/2022,-0.623,-0.623,-0.623,-0.623,0.48%
1/21/2022,-0.62,-0.598,-0.584,-0.63,5.98%
1/20/2022,-0.585,-0.573,-0.56,-0.592,1.39%
1/19/2022,-0.577,-0.565,-0.545,-0.579,0.52%
1/18/2022,-0.574,-0.56,-0.553,-0.579,0.53%
1/17/2022,-0.571,-0.563,-0.563,-0.584,-2.73%
1/14/2022,-0.587,-0.601,-0.582,-0.608,-2.65%
1/13/2022,-0.603,-0.585,-0.572,-0.609,1.17%
1/12/2022,-0.596,-0.582,-0.572,-0.607,2.58%
1/11/2022,-0.581,-0.585,-0.57,-0.595,-1.69%
1/10/2022,-0.591,-0.57,-0.555,-0.598,2.25%
1/7/2022,-0.578,-0.603,-0.556,-0.607,-4.15%
1/6/2022,-0.603,-0.611,-0.561,-0.685,-2.74%
1/5/2022,-0.62,-0.62,-0.605,-0.629,0.81%
1/4/2022,-0.615,-0.598,-0.595,-0.628,3.19%
1/3/2022,-0.596,-0.605,-0.581,-0.632,-6.44%
12/31/2021,-0.637,-0.637,-0.637,-0.637,4.08%
12/30/2021,-0.612,-0.617,-0.602,-0.647,-0.33%
12/29/2021,-0.614,-0.629,-0.613,-0.658,-2.69%
12/28/2021,-0.631,-0.632,-0.625,-0.657,-0.32%
12/27/2021,-0.633,-0.666,-0.632,-0.683,-6.91%
12/24/2021,-0.68,-0.68,-0.675,-0.68,2.10%
12/23/2021,-0.666,-0.686,-0.657,-0.694,-3.62%
12/22/2021,-0.691,-0.697,-0.678,-0.706,-0.14%
12/21/2021,-0.692,-0.723,-0.691,-0.735,-4.42%
12/20/2021,-0.724,-0.716,-0.711,-0.744,2.70%
12/17/2021,-0.705,-0.693,-0.68,-0.723,3.37%
12/16/2021,-0.682,-0.675,-0.646,-0.707,0.15%
12/15/2021,-0.681,-0.683,-0.666,-0.69,-0.29%
12/14/2021,-0.683,-0.708,-0.673,-0.708,-2.98%
12/13/2021,-0.704,-0.682,-0.68,-0.712,2.47%
12/10/2021,-0.687,-0.694,-0.678,-0.709,-2.14%
12/9/2021,-0.702,-0.677,-0.677,-0.71,3.85%
12/8/2021,-0.676,-0.7,-0.664,-0.732,-3.29%
12/7/2021,-0.699,-0.712,-0.693,-0.716,-3.72%
12/6/2021,-0.726,-0.726,-0.72,-0.747,-1.63%
12/3/2021,-0.738,-0.737,-0.715,-0.748,-0.54%
12/2/2021,-0.742,-0.72,-0.7,-0.752,4.80%
12/1/2021,-0.708,-0.745,-0.694,-0.75,-5.35%
11/30/2021,-0.748,-0.764,-0.735,-0.777,-1.32%
11/29/2021,-0.758,-0.759,-0.73,-0.773,-1.69%
11/27/2021,-0.771,-0.771,-0.771,-0.771,0.26%
11/26/2021,-0.769,-0.774,-0.744,-0.789,3.50%
11/25/2021,-0.743,-0.739,-0.725,-0.754,0.54%
11/24/2021,-0.739,-0.742,-0.729,-0.762,0.41%
11/23/2021,-0.736,-0.734,-0.724,-0.752,0.00%
11/22/2021,-0.736,-0.76,-0.736,-0.788,-4.91%
11/19/2021,-0.774,-0.737,-0.73,-0.787,2.93%
11/18/2021,-0.752,-0.743,-0.721,-0.757,4.59%
11/17/2021,-0.719,-0.734,-0.717,-0.745,-2.18%
11/16/2021,-0.735,-0.701,-0.693,-0.739,1.10%
11/15/2021,-0.727,-0.743,-0.714,-0.761,-2.55%
11/12/2021,-0.746,-0.709,-0.697,-0.747,7.65%
11/11/2021,-0.693,-0.704,-0.693,-0.731,-1.42%
11/10/2021,-0.703,-0.724,-0.699,-0.738,-6.02%
11/9/2021,-0.748,-0.726,-0.717,-0.749,2.75%
11/8/2021,-0.728,-0.733,-0.715,-0.737,-1.36%
11/5/2021,-0.738,-0.71,-0.701,-0.739,3.07%
11/4/2021,-0.716,-0.676,-0.648,-0.73,8.81%
11/3/2021,-0.658,-0.662,-0.641,-0.688,-0.90%
11/2/2021,-0.664,-0.624,-0.605,-0.673,9.75%
11/1/2021,-0.605,-0.581,-0.577,-0.608,4.31%
10/29/2021,-0.58,-0.587,-0.573,-0.621,-7.94%
10/28/2021,-0.63,-0.62,-0.572,-0.656,-2.33%
10/27/2021,-0.645,-0.655,-0.638,-0.67,-2.42%
10/26/2021,-0.661,-0.665,-0.655,-0.674,-0.30%
10/25/2021,-0.663,-0.645,-0.617,-0.667,2.87%
10/23/2021,-0.645,-0.645,-0.645,-0.645,1.18%
10/22/2021,-0.637,-0.624,-0.624,-0.651,-0.31%
10/21/2021,-0.639,-0.659,-0.633,-0.665,-2.59%
10/20/2021,-0.656,-0.615,-0.615,-0.659,4.29%
10/19/2021,-0.629,-0.626,-0.602,-0.656,-0.63%
10/18/2021,-0.633,-0.666,-0.622,-0.679,-7.59%
10/15/2021,-0.685,-0.687,-0.669,-0.691,-0.29%
10/14/2021,-0.687,-0.668,-0.654,-0.689,2.54%
10/13/2021,-0.67,-0.66,-0.654,-0.678,0.45%
10/12/2021,-0.667,-0.679,-0.664,-0.688,-1.77%
10/11/2021,-0.679,-0.691,-0.668,-0.693,-2.02%
10/8/2021,-0.693,-0.701,-0.678,-0.705,-1.14%
10/7/2021,-0.701,-0.691,-0.69,-0.708,0.72%
10/6/2021,-0.696,-0.689,-0.68,-0.7,0.43%
10/5/2021,-0.693,-0.704,-0.692,-0.712,-1.98%
10/4/2021,-0.707,-0.706,-0.692,-0.709,0.43%
10/1/2021,-0.704,-0.696,-0.685,-0.709,2.18%
9/30/2021,-0.689,-0.687,-0.677,-0.694,-0.29%
9/29/2021,-0.691,-0.691,-0.683,-0.697,0.44%
9/28/2021,-0.688,-0.686,-0.669,-0.69,0.15%
9/27/2021,-0.687,-0.699,-0.676,-0.699,-1.43%
9/25/2021,-0.697,-0.697,-0.697,-0.697,0.29%
9/24/2021,-0.695,-0.689,-0.658,-0.696,0.29%
9/23/2021,-0.693,-0.704,-0.67,-0.709,-1.98%
9/22/2021,-0.707,-0.715,-0.7,-0.717,-1.67%
9/21/2021,-0.719,-0.723,-0.695,-0.726,0.56%
9/20/2021,-0.715,-0.708,-0.695,-0.726,1.35%
9/19/2021,-0.706,-0.706,-0.706,-0.706,0.93%
9/17/2021,-0.699,-0.697,-0.691,-0.704,-0.43%
9/16/2021,-0.702,-0.698,-0.691,-0.704,0.43%
9/15/2021,-0.699,-0.706,-0.692,-0.709,-0.99%
9/14/2021,-0.706,-0.698,-0.669,-0.708,0.71%
9/13/2021,-0.701,-0.703,-0.696,-0.708,-1.13%
9/12/2021,-0.709,-0.707,-0.707,-0.709,0.00%
9/11/2021,-0.709,-0.706,-0.706,-0.709,0.57%
9/10/2021,-0.705,-0.712,-0.7,-0.712,-0.70%
9/9/2021,-0.71,-0.696,-0.687,-0.715,2.60%
9/8/2021,-0.692,-0.696,-0.67,-0.703,-0.43%
9/7/2021,-0.695,-0.712,-0.692,-0.716,-2.52%
9/6/2021,-0.713,-0.71,-0.706,-0.716,0.56%
9/3/2021,-0.709,-0.72,-0.709,-0.729,-1.25%
9/2/2021,-0.718,-0.719,-0.713,-0.728,0.28%
9/1/2021,-0.716,-0.714,-0.71,-0.73,-0.14%
8/31/2021,-0.717,-0.74,-0.713,-0.743,-2.45%
8/30/2021,-0.735,-0.737,-0.711,-0.742,0.00%
8/27/2021,-0.735,-0.736,-0.725,-0.741,0.00%
8/26/2021,-0.735,-0.734,-0.71,-0.74,0.27%
8/25/2021,-0.733,-0.746,-0.729,-0.748,-1.21%
8/24/2021,-0.742,-0.748,-0.732,-0.755,-1.07%
8/23/2021,-0.75,-0.746,-0.734,-0.754,0.40%
8/20/2021,-0.747,-0.746,-0.727,-0.758,0.13%
8/19/2021,-0.746,-0.748,-0.731,-0.752,0.13%
8/18/2021,-0.745,-0.734,-0.734,-0.749,0.68%
8/17/2021,-0.74,-0.742,-0.727,-0.754,0.68%
8/16/2021,-0.735,-0.747,-0.726,-0.748,-0.41%
8/13/2021,-0.738,-0.744,-0.725,-0.748,-0.67%
8/12/2021,-0.743,-0.751,-0.719,-0.756,-0.80%
8/11/2021,-0.749,-0.747,-0.736,-0.75,0.81%
8/10/2021,-0.743,-0.75,-0.734,-0.759,-0.67%
8/9/2021,-0.748,-0.757,-0.739,-0.766,-0.93%
8/6/2021,-0.755,-0.773,-0.749,-0.777,-2.20%
8/5/2021,-0.772,-0.771,-0.764,-0.79,0.39%
8/4/2021,-0.769,-0.765,-0.76,-0.787,0.79%
8/3/2021,-0.763,-0.76,-0.754,-0.776,0.39%
8/2/2021,-0.76,-0.755,-0.748,-0.771,0.40%
7/30/2021,-0.757,-0.759,-0.741,-0.763,0.40%
7/29/2021,-0.754,-0.758,-0.74,-0.763,0.27%
7/28/2021,-0.752,-0.746,-0.733,-0.755,1.35%
7/27/2021,-0.742,-0.733,-0.72,-0.746,1.50%
7/26/2021,-0.731,-0.725,-0.716,-0.743,0.97%
7/23/2021,-0.724,-0.72,-0.708,-0.729,1.12%
7/22/2021,-0.716,-0.712,-0.683,-0.722,0.14%
7/21/2021,-0.715,-0.713,-0.699,-0.719,-0.28%
7/20/2021,-0.717,-0.695,-0.682,-0.725,4.06%
7/19/2021,-0.689,-0.688,-0.671,-0.697,0.88%
7/16/2021,-0.683,-0.669,-0.664,-0.685,1.79%
7/15/2021,-0.671,-0.676,-0.659,-0.682,0.30%
7/14/2021,-0.669,-0.671,-0.651,-0.676,-0.15%
7/13/2021,-0.67,-0.669,-0.656,-0.676,-0.59%
7/12/2021,-0.674,-0.671,-0.659,-0.679,-0.15%
7/9/2021,-0.675,-0.679,-0.658,-0.689,-1.32%
7/8/2021,-0.684,-0.677,-0.667,-0.698,1.79%
7/7/2021,-0.672,-0.673,-0.667,-0.69,-0.30%
7/6/2021,-0.674,-0.657,-0.645,-0.684,1.97%
7/5/2021,-0.661,-0.665,-0.657,-0.678,-1.78%
7/4/2021,-0.673,-0.673,-0.673,-0.673,1.05%
7/2/2021,-0.666,-0.665,-0.655,-0.682,0.15%
7/1/2021,-0.665,-0.659,-0.653,-0.676,1.22%
6/30/2021,-0.657,-0.648,-0.639,-0.668,1.08%
6/29/2021,-0.65,-0.656,-0.639,-0.657,-0.46%
6/28/2021,-0.653,-0.643,-0.641,-0.661,0.38%
6/26/2021,-0.65,-0.65,-0.65,-0.65,0.39%
6/25/2021,-0.648,-0.645,-0.64,-0.655,0.00%
6/24/2021,-0.648,-0.65,-0.626,-0.659,-0.92%
6/23/2021,-0.654,-0.644,-0.641,-0.658,1.08%
6/22/2021,-0.647,-0.649,-0.641,-0.656,-0.46%
6/21/2021,-0.65,-0.667,-0.645,-0.67,-3.13%
6/20/2021,-0.671,-0.671,-0.671,-0.671,0.00%
6/19/2021,-0.671,-0.671,-0.671,-0.671,0.15%
6/18/2021,-0.67,-0.669,-0.64,-0.674,-0.15%
6/17/2021,-0.671,-0.665,-0.653,-0.68,-0.89%
6/16/2021,-0.677,-0.67,-0.665,-0.678,1.04%
6/15/2021,-0.67,-0.677,-0.667,-0.679,-0.45%
6/14/2021,-0.673,-0.678,-0.658,-0.688,-1.17%
6/11/2021,-0.681,-0.686,-0.677,-0.692,0.29%
6/10/2021,-0.679,-0.683,-0.666,-0.683,0.00%
6/9/2021,-0.679,-0.666,-0.658,-0.683,1.49%
6/8/2021,-0.669,-0.667,-0.658,-0.673,1.06%
6/7/2021,-0.662,-0.667,-0.659,-0.674,-2.29%
6/5/2021,-0.678,-0.678,-0.678,-0.678,1.12%
6/4/2021,-0.67,-0.666,-0.656,-0.674,0.00%
6/3/2021,-0.67,-0.668,-0.66,-0.67,0.75%
6/2/2021,-0.665,-0.658,-0.657,-0.668,0.61%
6/1/2021,-0.661,-0.662,-0.651,-0.666,-0.30%
5/31/2021,-0.663,-0.667,-0.647,-0.667,0.00%
5/28/2021,-0.663,-0.658,-0.648,-0.669,1.38%
5/27/2021,-0.654,-0.667,-0.649,-0.673,-1.65%
5/26/2021,-0.665,-0.661,-0.656,-0.67,1.06%
5/25/2021,-0.658,-0.652,-0.65,-0.665,0.30%
5/24/2021,-0.656,-0.652,-0.641,-0.667,-0.61%
5/21/2021,-0.66,-0.644,-0.64,-0.663,2.17%
5/20/2021,-0.646,-0.649,-0.639,-0.655,-0.62%
5/19/2021,-0.65,-0.644,-0.63,-0.662,-0.61%
5/18/2021,-0.654,-0.653,-0.642,-0.661,0.15%
5/17/2021,-0.653,-0.656,-0.647,-0.664,-0.15%
5/14/2021,-0.654,-0.659,-0.645,-0.662,-0.30%
5/13/2021,-0.656,-0.658,-0.649,-0.662,-0.30%
5/12/2021,-0.658,-0.669,-0.647,-0.676,-1.94%
5/11/2021,-0.671,-0.682,-0.662,-0.688,-2.19%
5/10/2021,-0.686,-0.68,-0.672,-0.71,0.15%
5/7/2021,-0.685,-0.69,-0.677,-0.693,-1.15%
5/6/2021,-0.693,-0.693,-0.686,-0.698,0.14%
5/5/2021,-0.692,-0.696,-0.683,-0.699,-0.43%
5/4/2021,-0.695,-0.686,-0.672,-0.698,1.16%
5/3/2021,-0.687,-0.683,-0.661,-0.692,0.15%
4/30/2021,-0.686,-0.678,-0.669,-0.691,1.03%
4/29/2021,-0.679,-0.687,-0.669,-0.69,-0.59%
4/28/2021,-0.683,-0.687,-0.671,-0.689,-1.01%
4/27/2021,-0.69,-0.68,-0.68,-0.693,0.15%
4/26/2021,-0.689,-0.691,-0.679,-0.696,-0.58%
4/23/2021,-0.693,-0.688,-0.684,-0.696,0.29%
4/22/2021,-0.691,-0.7,-0.677,-0.704,-0.58%
4/21/2021,-0.695,-0.693,-0.685,-0.697,0.14%
4/20/2021,-0.694,-0.679,-0.671,-0.694,1.91%
4/19/2021,-0.681,-0.694,-0.672,-0.698,-1.59%
4/16/2021,-0.692,-0.699,-0.682,-0.703,-1.28%
4/15/2021,-0.701,-0.69,-0.674,-0.702,1.30%
4/14/2021,-0.692,-0.709,-0.683,-0.71,-1.56%
4/13/2021,-0.703,-0.706,-0.692,-0.71,-0.42%
4/12/2021,-0.706,-0.698,-0.67,-0.713,0.86%
4/9/2021,-0.7,-0.713,-0.679,-0.715,-1.82%
4/8/2021,-0.713,-0.705,-0.688,-0.716,1.28%
4/7/2021,-0.704,-0.702,-0.689,-0.709,0.00%
4/6/2021,-0.704,-0.704,-0.691,-0.709,-1.19%
4/5/2021,-0.712,-0.712,-0.712,-0.712,0.00%
4/2/2021,-0.712,-0.712,-0.712,-0.715,0.78%
4/1/2021,-0.707,-0.692,-0.685,-0.712,1.73%
3/31/2021,-0.695,-0.691,-0.676,-0.697,1.16%
3/30/2021,-0.687,-0.703,-0.679,-0.71,-3.38%
3/29/2021,-0.711,-0.718,-0.704,-0.72,-0.97%
3/26/2021,-0.718,-0.718,-0.707,-0.72,-0.14%
3/25/2021,-0.719,-0.717,-0.711,-0.721,0.28%
3/24/2021,-0.717,-0.711,-0.703,-0.717,0.70%
3/23/2021,-0.712,-0.708,-0.7,-0.714,0.99%
3/22/2021,-0.705,-0.705,-0.696,-0.712,1.00%
3/19/2021,-0.698,-0.693,-0.677,-0.7,1.60%
3/18/2021,-0.687,-0.692,-0.673,-0.694,-0.15%
3/17/2021,-0.688,-0.693,-0.678,-0.697,-1.01%
3/16/2021,-0.695,-0.699,-0.684,-0.7,-0.29%
3/15/2021,-0.697,-0.693,-0.683,-0.699,1.75%
3/12/2021,-0.685,-0.69,-0.666,-0.698,-0.44%
3/11/2021,-0.688,-0.688,-0.659,-0.702,1.93%
3/10/2021,-0.675,-0.68,-0.656,-0.685,-0.88%
3/9/2021,-0.681,-0.679,-0.654,-0.694,0.15%
3/8/2021,-0.68,-0.688,-0.659,-0.694,-1.59%
3/5/2021,-0.691,-0.686,-0.661,-0.692,0.88%
3/4/2021,-0.685,-0.681,-0.662,-0.696,1.48%
3/3/2021,-0.675,-0.693,-0.661,-0.703,-2.60%
3/2/2021,-0.693,-0.688,-0.66,-0.702,0.43%
3/1/2021,-0.69,-0.662,-0.649,-0.701,3.92%
2/26/2021,-0.664,-0.65,-0.625,-0.676,1.84%
2/25/2021,-0.652,-0.675,-0.638,-0.688,-3.69%
2/24/2021,-0.677,-0.683,-0.672,-0.691,-0.59%
2/23/2021,-0.681,-0.686,-0.674,-0.691,-1.02%
2/22/2021,-0.688,-0.676,-0.674,-0.694,1.18%
2/19/2021,-0.68,-0.679,-0.677,-0.689,-1.02%
2/18/2021,-0.687,-0.691,-0.677,-0.702,-0.29%
2/17/2021,-0.689,-0.674,-0.674,-0.699,0.58%
2/16/2021,-0.685,-0.692,-0.684,-0.703,-1.72%
2/15/2021,-0.697,-0.687,-0.685,-0.71,-0.29%
2/12/2021,-0.699,-0.714,-0.698,-0.721,-2.78%
2/11/2021,-0.719,-0.711,-0.71,-0.729,1.41%
2/10/2021,-0.709,-0.708,-0.702,-0.716,0.00%
2/9/2021,-0.709,-0.702,-0.699,-0.715,1.00%
2/8/2021,-0.702,-0.701,-0.696,-0.714,0.00%
2/5/2021,-0.702,-0.712,-0.698,-0.723,-0.57%
2/4/2021,-0.706,-0.705,-0.699,-0.716,-1.12%
2/3/2021,-0.714,-0.715,-0.703,-0.723,0.56%
2/2/2021,-0.71,-0.719,-0.702,-0.729,-1.11%
2/1/2021,-0.718,-0.731,-0.717,-0.739,-1.24%
1/29/2021,-0.727,-0.743,-0.72,-0.747,-2.68%
1/28/2021,-0.747,-0.739,-0.736,-0.753,1.22%
1/27/2021,-0.738,-0.722,-0.712,-0.754,2.22%
1/26/2021,-0.722,-0.728,-0.711,-0.735,-0.69%
1/25/2021,-0.727,-0.707,-0.703,-0.733,2.97%
1/22/2021,-0.706,-0.691,-0.688,-0.719,1.44%
1/21/2021,-0.696,-0.706,-0.687,-0.719,-1.28%
1/20/2021,-0.705,-0.703,-0.695,-0.717,0.14%
1/19/2021,-0.704,-0.71,-0.693,-0.721,-1.26%
1/18/2021,-0.713,-0.717,-0.694,-0.73,-0.70%
1/15/2021,-0.718,-0.726,-0.712,-0.737,-0.83%
1/14/2021,-0.724,-0.703,-0.701,-0.735,2.84%
1/13/2021,-0.704,-0.691,-0.686,-0.71,2.33%
1/12/2021,-0.688,-0.696,-0.686,-0.702,-1.57%
1/11/2021,-0.699,-0.703,-0.691,-0.713,-0.14%
1/8/2021,-0.7,-0.702,-0.695,-0.715,-0.43%
1/7/2021,-0.703,-0.702,-0.696,-0.715,0.72%
1/6/2021,-0.698,-0.699,-0.691,-0.715,-2.51%
1/5/2021,-0.716,-0.725,-0.71,-0.733,-0.69%
1/4/2021,-0.721,-0.696,-0.687,-0.728,1.84%
12/31/2020,-0.708,-0.705,-0.705,-0.708,1.72%
12/30/2020,-0.696,-0.709,-0.688,-0.725,-2.52%
12/29/2020,-0.714,-0.705,-0.699,-0.724,1.28%
12/28/2020,-0.705,-0.695,-0.679,-0.717,3.98%
12/24/2020,-0.678,-0.703,-0.678,-0.706,-2.87%
12/23/2020,-0.698,-0.748,-0.694,-0.75,-3.72%
12/22/2020,-0.725,-0.726,-0.723,-0.751,-0.14%
12/21/2020,-0.726,-0.73,-0.725,-0.752,1.68%
12/18/2020,-0.714,-0.722,-0.713,-0.738,-0.70%
12/17/2020,-0.719,-0.719,-0.716,-0.743,-0.83%
12/16/2020,-0.725,-0.753,-0.718,-0.766,-3.46%
12/15/2020,-0.751,-0.765,-0.75,-0.776,-1.83%
12/14/2020,-0.765,-0.76,-0.754,-0.783,-0.78%
12/11/2020,-0.771,-0.763,-0.76,-0.794,1.72%
12/10/2020,-0.758,-0.774,-0.742,-0.789,-1.17%
12/9/2020,-0.767,-0.762,-0.76,-0.781,-0.78%
12/8/2020,-0.773,-0.751,-0.75,-0.781,3.07%
12/7/2020,-0.75,-0.739,-0.737,-0.768,1.90%
12/4/2020,-0.736,-0.736,-0.73,-0.752,0.41%
12/3/2020,-0.733,-0.722,-0.715,-0.739,1.81%
12/2/2020,-0.72,-0.727,-0.711,-0.73,0.70%
12/1/2020,-0.715,-0.746,-0.713,-0.755,-3.51%
11/30/2020,-0.741,-0.757,-0.74,-0.765,-1.46%
11/27/2020,-0.752,-0.764,-0.748,-0.765,-0.79%
11/26/2020,-0.758,-0.756,-0.746,-0.763,0.40%
11/25/2020,-0.755,-0.747,-0.742,-0.759,0.94%
11/24/2020,-0.748,-0.752,-0.745,-0.759,-0.53%
11/23/2020,-0.752,-0.762,-0.746,-0.763,-1.05%
11/21/2020,-0.76,-0.76,-0.76,-0.76,1.06%
11/20/2020,-0.752,-0.742,-0.733,-0.761,2.04%
11/19/2020,-0.737,-0.738,-0.724,-0.742,1.66%
11/18/2020,-0.725,-0.739,-0.721,-0.739,0.55%
11/17/2020,-0.721,-0.724,-0.713,-0.727,0.00%
11/16/2020,-0.721,-0.731,-0.707,-0.738,-1.10%
11/13/2020,-0.729,-0.729,-0.719,-0.733,1.25%
11/12/2020,-0.72,-0.722,-0.706,-0.725,1.12%
11/11/2020,-0.712,-0.712,-0.704,-0.722,0.00%
11/10/2020,-0.712,-0.728,-0.706,-0.732,-1.66%
11/9/2020,-0.724,-0.78,-0.718,-0.79,-6.82%
11/6/2020,-0.777,-0.782,-0.765,-0.789,-0.38%
11/5/2020,-0.78,-0.802,-0.774,-0.802,-1.64%
11/4/2020,-0.793,-0.805,-0.781,-0.818,-0.13%
11/3/2020,-0.794,-0.801,-0.785,-0.802,-1.12%
11/2/2020,-0.803,-0.799,-0.784,-0.805,1.13%
10/30/2020,-0.794,-0.804,-0.787,-0.805,-1.37%
10/29/2020,-0.805,-0.787,-0.781,-0.809,1.90%
10/28/2020,-0.79,-0.778,-0.77,-0.791,2.60%
10/27/2020,-0.77,-0.753,-0.75,-0.773,2.39%
10/26/2020,-0.752,-0.761,-0.745,-0.769,-0.27%
10/23/2020,-0.754,-0.766,-0.749,-0.773,-1.44%
10/22/2020,-0.765,-0.772,-0.757,-0.783,-0.91%
10/21/2020,-0.772,-0.767,-0.754,-0.783,-1.03%
10/20/2020,-0.78,-0.784,-0.773,-0.79,-0.38%
10/19/2020,-0.783,-0.771,-0.766,-0.787,1.03%
10/16/2020,-0.775,-0.77,-0.754,-0.783,0.78%
10/15/2020,-0.769,-0.751,-0.736,-0.779,4.48%
10/14/2020,-0.736,-0.734,-0.728,-0.751,0.82%
10/13/2020,-0.73,-0.72,-0.716,-0.74,0.27%
10/12/2020,-0.728,-0.718,-0.707,-0.729,2.39%
10/9/2020,-0.711,-0.7,-0.7,-0.723,0.14%
10/8/2020,-0.71,-0.693,-0.687,-0.711,2.90%
10/7/2020,-0.69,-0.704,-0.683,-0.706,-1.00%
10/6/2020,-0.697,-0.696,-0.687,-0.705,-0.14%
10/5/2020,-0.698,-0.711,-0.693,-0.719,-2.58%
10/3/2020,-0.716,-0.716,-0.716,-0.716,1.06%
10/2/2020,-0.709,-0.706,-0.702,-0.722,1.29%
10/1/2020,-0.7,-0.696,-0.686,-0.706,0.29%
9/30/2020,-0.698,-0.708,-0.691,-0.713,-0.85%
9/29/2020,-0.704,-0.704,-0.694,-0.712,0.43%
9/28/2020,-0.701,-0.699,-0.689,-0.711,0.00%
9/25/2020,-0.701,-0.69,-0.685,-0.71,0.86%
9/24/2020,-0.695,-0.706,-0.693,-0.719,-0.86%
9/23/2020,-0.701,-0.707,-0.695,-0.731,-0.57%
9/22/2020,-0.705,-0.714,-0.7,-0.735,-2.08%
9/21/2020,-0.72,-0.692,-0.688,-0.739,2.78%
9/19/2020,-0.701,-0.701,-0.701,-0.701,1.67%
9/18/2020,-0.689,-0.693,-0.686,-0.723,-1.15%
9/17/2020,-0.697,-0.687,-0.676,-0.717,2.35%
9/16/2020,-0.681,-0.692,-0.678,-0.705,-1.30%
9/15/2020,-0.69,-0.702,-0.684,-0.703,0.00%
9/14/2020,-0.69,-0.693,-0.688,-0.707,-0.43%
9/11/2020,-0.693,-0.678,-0.662,-0.702,4.37%
9/10/2020,-0.664,-0.685,-0.659,-0.701,-3.49%
9/9/2020,-0.688,-0.699,-0.687,-0.714,-1.15%
9/8/2020,-0.696,-0.705,-0.678,-0.712,1.46%
9/7/2020,-0.686,-0.678,-0.672,-0.707,0.15%
9/4/2020,-0.685,-0.701,-0.683,-0.714,-2.97%
9/3/2020,-0.706,-0.705,-0.68,-0.718,3.52%
9/2/2020,-0.682,-0.675,-0.67,-0.701,1.64%
9/1/2020,-0.671,-0.659,-0.64,-0.676,3.23%
8/31/2020,-0.65,-0.667,-0.641,-0.673,-1.22%
8/28/2020,-0.658,-0.641,-0.632,-0.669,2.49%
8/27/2020,-0.642,-0.662,-0.634,-0.678,-0.77%
8/26/2020,-0.647,-0.659,-0.63,-0.659,-0.61%
8/25/2020,-0.651,-0.673,-0.64,-0.681,-4.12%
8/24/2020,-0.679,-0.684,-0.664,-0.688,-1.45%
8/23/2020,-0.689,-0.689,-0.689,-0.689,0.00%
8/22/2020,-0.689,-0.689,-0.689,-0.689,0.88%
8/21/2020,-0.683,-0.672,-0.646,-0.694,1.34%
8/20/2020,-0.674,-0.678,-0.663,-0.69,1.51%
8/19/2020,-0.664,-0.66,-0.653,-0.68,1.37%
8/18/2020,-0.655,-0.656,-0.648,-0.669,-0.15%
8/17/2020,-0.656,-0.646,-0.637,-0.664,1.39%
8/14/2020,-0.647,-0.639,-0.635,-0.653,0.47%
8/13/2020,-0.644,-0.669,-0.634,-0.67,-3.01%
8/12/2020,-0.664,-0.685,-0.647,-0.687,-1.92%
8/11/2020,-0.677,-0.697,-0.668,-0.709,-3.42%
8/10/2020,-0.701,-0.675,-0.664,-0.707,2.64%
8/7/2020,-0.683,-0.698,-0.674,-0.706,-2.57%
8/6/2020,-0.701,-0.696,-0.674,-0.74,0.86%
8/5/2020,-0.695,-0.712,-0.678,-0.719,-1.70%
8/4/2020,-0.707,-0.698,-0.683,-0.722,1.14%
8/3/2020,-0.699,-0.704,-0.685,-0.72,-2.24%
7/31/2020,-0.715,-0.724,-0.694,-0.729,0.56%
7/30/2020,-0.711,-0.684,-0.678,-0.721,3.34%
7/29/2020,-0.688,-0.686,-0.668,-0.695,-0.58%
7/28/2020,-0.692,-0.66,-0.649,-0.692,3.59%
7/27/2020,-0.668,-0.649,-0.637,-0.672,2.14%
7/24/2020,-0.654,-0.675,-0.642,-0.682,-3.11%
7/23/2020,-0.675,-0.69,-0.658,-0.695,-2.32%
7/22/2020,-0.691,-0.673,-0.653,-0.695,3.60%
7/21/2020,-0.667,-0.663,-0.648,-0.678,-0.30%
7/20/2020,-0.669,-0.657,-0.639,-0.681,-0.82%
7/19/2020,-0.674,-0.674,-0.674,-0.674,1.12%
7/17/2020,-0.667,-0.685,-0.66,-0.69,-2.49%
7/16/2020,-0.684,-0.665,-0.648,-0.687,2.40%
7/15/2020,-0.668,-0.656,-0.641,-0.674,0.75%
7/14/2020,-0.663,-0.671,-0.641,-0.673,0.15%
7/13/2020,-0.662,-0.686,-0.638,-0.692,-4.20%
7/10/2020,-0.691,-0.68,-0.67,-0.703,1.77%
7/9/2020,-0.679,-0.668,-0.654,-0.686,1.80%
7/8/2020,-0.667,-0.671,-0.653,-0.682,-0.30%
7/7/2020,-0.669,-0.686,-0.657,-0.691,-2.19%
7/6/2020,-0.684,-0.68,-0.666,-0.694,-0.15%
7/3/2020,-0.685,-0.679,-0.661,-0.689,1.18%
7/2/2020,-0.677,-0.663,-0.641,-0.683,2.42%
7/1/2020,-0.661,-0.682,-0.64,-0.695,-3.92%
6/30/2020,-0.688,-0.695,-0.678,-0.7,-1.01%
6/29/2020,-0.695,-0.704,-0.67,-0.708,-2.04%
6/27/2020,-0.71,-0.709,-0.709,-0.71,0.50%
6/26/2020,-0.706,-0.693,-0.679,-0.708,1.44%
6/25/2020,-0.696,-0.681,-0.669,-0.703,2.20%
6/24/2020,-0.681,-0.67,-0.642,-0.683,2.25%
6/23/2020,-0.666,-0.691,-0.653,-0.692,-3.90%
6/22/2020,-0.693,-0.675,-0.662,-0.703,2.51%
6/20/2020,-0.676,-0.676,-0.676,-0.676,0.00%
6/19/2020,-0.676,-0.653,-0.639,-0.68,3.21%
6/18/2020,-0.655,-0.656,-0.635,-0.668,-1.06%
6/17/2020,-0.662,-0.654,-0.631,-0.663,0.91%
6/16/2020,-0.656,-0.647,-0.632,-0.666,0.15%
6/15/2020,-0.655,-0.676,-0.652,-0.689,-3.89%
6/13/2020,-0.682,-0.682,-0.682,-0.682,1.72%
6/12/2020,-0.67,-0.648,-0.636,-0.679,3.40%
6/11/2020,-0.648,-0.628,-0.618,-0.66,5.19%
6/10/2020,-0.616,-0.609,-0.596,-0.626,0.16%
6/9/2020,-0.615,-0.621,-0.597,-0.631,-0.97%
6/8/2020,-0.621,-0.591,-0.575,-0.629,3.50%
6/5/2020,-0.6,-0.594,-0.57,-0.621,-0.83%
6/4/2020,-0.605,-0.631,-0.602,-0.658,-4.57%
6/3/2020,-0.634,-0.644,-0.619,-0.66,-4.37%
6/2/2020,-0.663,-0.663,-0.634,-0.677,0.91%
6/1/2020,-0.657,-0.641,-0.634,-0.672,1.70%
5/29/2020,-0.646,-0.634,-0.621,-0.666,1.41%
5/28/2020,-0.637,-0.628,-0.615,-0.665,-0.16%
5/27/2020,-0.638,-0.647,-0.617,-0.667,-1.54%
5/26/2020,-0.648,-0.678,-0.636,-0.68,-4.71%
5/25/2020,-0.68,-0.683,-0.673,-0.693,-1.73%
5/23/2020,-0.692,-0.692,-0.692,-0.692,0.73%
5/22/2020,-0.687,-0.695,-0.671,-0.702,-0.72%
5/21/2020,-0.692,-0.68,-0.672,-0.701,3.28%
5/20/2020,-0.67,-0.679,-0.657,-0.682,-0.30%
5/19/2020,-0.672,-0.698,-0.661,-0.708,-2.47%
5/18/2020,-0.689,-0.732,-0.682,-0.761,-5.49%
5/15/2020,-0.729,-0.748,-0.727,-0.76,-1.09%
5/14/2020,-0.737,-0.755,-0.733,-0.764,-0.27%
5/13/2020,-0.739,-0.733,-0.723,-0.755,2.07%
5/12/2020,-0.724,-0.749,-0.71,-0.749,-3.08%
5/11/2020,-0.747,-0.769,-0.741,-0.781,-3.61%
5/8/2020,-0.775,-0.766,-0.757,-0.795,0.91%
5/7/2020,-0.768,-0.744,-0.724,-0.771,2.67%
5/6/2020,-0.748,-0.792,-0.736,-0.796,-5.91%
5/5/2020,-0.795,-0.757,-0.734,-0.81,4.74%
5/4/2020,-0.759,-0.782,-0.729,-0.793,-1.17%
5/1/2020,-0.768,-0.769,-0.757,-0.772,0.39%
4/30/2020,-0.765,-0.711,-0.701,-0.769,7.90%
4/29/2020,-0.709,-0.69,-0.682,-0.724,1.87%
4/28/2020,-0.696,-0.675,-0.656,-0.701,3.88%
4/27/2020,-0.67,-0.695,-0.651,-0.712,-5.10%
4/24/2020,-0.706,-0.702,-0.667,-0.714,4.75%
4/23/2020,-0.674,-0.67,-0.641,-0.704,1.51%
4/22/2020,-0.664,-0.697,-0.659,-0.704,-4.60%
4/21/2020,-0.696,-0.687,-0.659,-0.708,2.05%
4/20/2020,-0.682,-0.708,-0.665,-0.721,-3.13%
4/17/2020,-0.704,-0.689,-0.667,-0.708,2.03%
4/16/2020,-0.69,-0.685,-0.662,-0.704,-0.14%
4/15/2020,-0.691,-0.668,-0.654,-0.708,3.44%
4/14/2020,-0.668,-0.636,-0.613,-0.68,1.37%
4/13/2020,-0.659,-0.656,-0.656,-0.659,0.00%
4/10/2020,-0.659,-0.656,-0.656,-0.659,3.78%
4/9/2020,-0.635,-0.596,-0.587,-0.652,6.19%
4/8/2020,-0.598,-0.612,-0.596,-0.651,-0.66%
4/7/2020,-0.602,-0.64,-0.597,-0.653,-7.95%
4/6/2020,-0.654,-0.648,-0.618,-0.674,-2.10%
4/3/2020,-0.668,-0.633,-0.622,-0.689,2.77%
4/2/2020,-0.65,-0.664,-0.628,-0.673,0.00%
4/1/2020,-0.65,-0.703,-0.637,-0.716,-4.13%
3/31/2020,-0.678,-0.721,-0.668,-0.729,-2.73%
3/30/2020,-0.697,-0.698,-0.68,-0.738,0.72%
3/27/2020,-0.692,-0.641,-0.624,-0.716,8.46%
3/26/2020,-0.638,-0.61,-0.586,-0.651,5.63%
3/25/2020,-0.604,-0.632,-0.571,-0.645,-3.82%
3/24/2020,-0.628,-0.689,-0.612,-0.697,-9.25%
3/23/2020,-0.692,-0.688,-0.652,-0.716,4.85%
3/20/2020,-0.66,-0.661,-0.619,-0.691,-2.65%
3/19/2020,-0.678,-0.817,-0.624,-0.827,-9.60%
3/18/2020,-0.75,-0.801,-0.701,-0.835,-10.82%
3/17/2020,-0.841,-0.865,-0.819,-0.901,-4.00%
3/16/2020,-0.876,-0.922,-0.857,-0.931,-0.11%
3/13/2020,-0.877,-0.928,-0.865,-0.964,-7.49%
3/12/2020,-0.948,-0.981,-0.894,-1.02,-0.32%
3/11/2020,-0.951,-0.938,-0.914,-0.997,-1.14%
3/10/2020,-0.962,-0.937,-0.875,-0.983,-4.37%
3/9/2020,-1.006,-0.901,-0.856,-1.038,16.30%
3/7/2020,-0.865,-0.865,-0.865,-0.865,0.00%
3/6/2020,-0.865,-0.892,-0.843,-0.897,0.58%
3/5/2020,-0.86,-0.827,-0.808,-0.869,1.65%
3/4/2020,-0.846,-0.831,-0.79,-0.846,4.19%
3/3/2020,-0.812,-0.809,-0.76,-0.829,-0.73%
3/2/2020,-0.818,-0.81,-0.764,-0.833,6.65%
2/28/2020,-0.767,-0.758,-0.734,-0.797,4.92%
2/27/2020,-0.731,-0.718,-0.69,-0.759,4.88%
2/26/2020,-0.697,-0.698,-0.682,-0.714,1.31%
2/25/2020,-0.688,-0.668,-0.661,-0.733,1.78%
2/24/2020,-0.676,-0.646,-0.623,-0.682,5.13%
2/21/2020,-0.643,-0.646,-0.626,-0.651,0.00%
2/20/2020,-0.643,-0.642,-0.63,-0.649,0.31%
2/19/2020,-0.641,-0.648,-0.632,-0.651,-0.77%
2/18/2020,-0.646,-0.659,-0.632,-0.664,-0.62%
2/17/2020,-0.65,-0.651,-0.642,-0.659,-0.61%
2/14/2020,-0.654,-0.643,-0.63,-0.658,1.40%
2/13/2020,-0.645,-0.639,-0.629,-0.654,1.26%
2/12/2020,-0.637,-0.635,-0.621,-0.644,-0.47%
2/11/2020,-0.64,-0.64,-0.626,-0.653,0.47%
2/10/2020,-0.637,-0.636,-0.624,-0.647,-0.31%
2/7/2020,-0.639,-0.629,-0.624,-0.645,1.43%
2/6/2020,-0.63,-0.63,-0.617,-0.647,-1.87%
2/5/2020,-0.642,-0.65,-0.631,-0.657,-1.23%
2/4/2020,-0.65,-0.668,-0.64,-0.675,-3.56%
2/3/2020,-0.674,-0.671,-0.655,-0.678,0.90%
1/31/2020,-0.668,-0.656,-0.644,-0.68,1.52%
1/30/2020,-0.658,-0.642,-0.632,-0.66,3.30%
1/29/2020,-0.637,-0.625,-0.619,-0.643,1.76%
1/28/2020,-0.626,-0.623,-0.613,-0.64,-0.32%
1/27/2020,-0.628,-0.618,-0.607,-0.633,2.61%
1/24/2020,-0.612,-0.596,-0.585,-0.614,2.00%
1/23/2020,-0.6,-0.592,-0.573,-0.606,1.87%
1/22/2020,-0.589,-0.581,-0.571,-0.592,1.38%
1/21/2020,-0.581,-0.59,-0.565,-0.592,-1.19%
1/20/2020,-0.588,-0.594,-0.574,-0.594,-0.84%
1/17/2020,-0.593,-0.584,-0.579,-0.598,0.00%
1/16/2020,-0.593,-0.591,-0.573,-0.601,0.00%
1/15/2020,-0.593,-0.578,-0.565,-0.599,1.37%
1/14/2020,-0.585,-0.579,-0.564,-0.59,-0.68%
1/13/2020,-0.589,-0.591,-0.568,-0.604,-1.34%
1/10/2020,-0.597,-0.592,-0.573,-0.606,0.84%
1/9/2020,-0.592,-0.603,-0.572,-0.614,-2.47%
1/8/2020,-0.607,-0.629,-0.59,-0.638,-2.88%
1/7/2020,-0.625,-0.624,-0.6,-0.627,0.00%
1/6/2020,-0.625,-0.626,-0.604,-0.637,0.48%
1/3/2020,-0.622,-0.601,-0.601,-0.638,2.81%
1/2/2020,-0.605,-0.599,-0.571,-0.614,-1.22%
1/1/2020,-0.613,-0.613,-0.613,-0.613,3.11%
12/31/2019,-0.594,-0.606,-0.594,-0.61,-2.46%
12/30/2019,-0.609,-0.618,-0.591,-0.64,-3.79%
12/27/2019,-0.633,-0.626,-0.6,-0.65,-1.63%
12/26/2019,-0.643,-0.643,-0.643,-0.643,0.00%
12/25/2019,-0.643,-0.643,-0.643,-0.643,0.00%
12/24/2019,-0.643,-0.643,-0.643,-0.643,1.66%
12/23/2019,-0.633,-0.628,-0.619,-0.646,-1.09%
12/20/2019,-0.64,-0.622,-0.606,-0.64,1.75%
12/19/2019,-0.629,-0.634,-0.6,-0.639,-0.47%
12/18/2019,-0.632,-0.628,-0.612,-0.645,-0.94%
12/17/2019,-0.638,-0.621,-0.612,-0.644,1.75%
12/16/2019,-0.627,-0.612,-0.606,-0.636,1.46%
12/13/2019,-0.618,-0.613,-0.6,-0.632,-0.64%
12/12/2019,-0.622,-0.641,-0.614,-0.654,-9.93%
12/11/2019,-0.691,-0.688,-0.652,-0.7,0.96%
12/10/2019,-0.684,-0.685,-0.654,-0.695,-0.70%
12/9/2019,-0.689,-0.67,-0.641,-0.692,2.36%
12/6/2019,-0.673,-0.67,-0.624,-0.685,2.11%
12/5/2019,-0.659,-0.681,-0.639,-0.703,5.95%
12/4/2019,-0.622,-0.631,-0.616,-0.652,-1.89%
12/3/2019,-0.634,-0.61,-0.6,-0.641,3.26%
12/2/2019,-0.614,-0.623,-0.588,-0.636,-2.38%
11/29/2019,-0.629,-0.633,-0.618,-0.643,0.00%
11/28/2019,-0.629,-0.641,-0.622,-0.646,-0.63%
11/27/2019,-0.633,-0.629,-0.605,-0.64,0.32%
11/26/2019,-0.631,-0.631,-0.619,-0.641,0.80%
11/25/2019,-0.626,-0.635,-0.618,-0.638,-1.42%
11/22/2019,-0.635,-0.616,-0.612,-0.641,2.58%
11/21/2019,-0.619,-0.64,-0.612,-0.653,-1.28%
11/20/2019,-0.627,-0.635,-0.621,-0.652,0.64%
11/19/2019,-0.623,-0.615,-0.61,-0.636,0.97%
11/18/2019,-0.617,-0.637,-0.616,-0.641,-3.97%
11/16/2019,-0.642,-0.638,-0.638,-0.642,2.64%
11/15/2019,-0.626,-0.64,-0.612,-0.65,-3.69%
11/14/2019,-0.65,-0.628,-0.622,-0.65,4.17%
11/13/2019,-0.624,-0.623,-0.613,-0.638,0.81%
11/12/2019,-0.619,-0.613,-0.596,-0.63,1.64%
11/11/2019,-0.609,-0.612,-0.604,-0.626,-2.87%
11/9/2019,-0.627,-0.627,-0.627,-0.627,2.12%
11/8/2019,-0.614,-0.607,-0.597,-0.624,1.32%
11/7/2019,-0.606,-0.638,-0.596,-0.641,-4.57%
11/6/2019,-0.635,-0.63,-0.624,-0.641,0.16%
11/5/2019,-0.634,-0.646,-0.628,-0.654,-2.31%
11/4/2019,-0.649,-0.649,-0.64,-0.661,-0.61%
11/1/2019,-0.653,-0.663,-0.645,-0.669,-1.21%
10/31/2019,-0.661,-0.65,-0.637,-0.669,3.77%
10/30/2019,-0.637,-0.636,-0.616,-0.646,0.31%
10/29/2019,-0.635,-0.651,-0.62,-0.658,-1.55%
10/28/2019,-0.645,-0.648,-0.633,-0.657,-0.46%
10/25/2019,-0.648,-0.66,-0.644,-0.666,-2.70%
10/24/2019,-0.666,-0.663,-0.637,-0.672,2.30%
10/23/2019,-0.651,-0.666,-0.645,-0.674,-0.76%
10/22/2019,-0.656,-0.653,-0.638,-0.665,0.00%
10/21/2019,-0.656,-0.666,-0.637,-0.668,-1.94%
10/19/2019,-0.669,-0.669,-0.669,-0.669,1.83%
10/18/2019,-0.657,-0.664,-0.636,-0.675,0.00%
10/17/2019,-0.657,-0.659,-0.635,-0.674,-1.79%
10/16/2019,-0.669,-0.676,-0.65,-0.689,0.30%
10/15/2019,-0.667,-0.695,-0.659,-0.698,-4.30%
10/14/2019,-0.697,-0.718,-0.683,-0.721,-1.27%
10/12/2019,-0.706,-0.706,-0.706,-0.706,-0.70%
10/11/2019,-0.711,-0.704,-0.682,-0.733,1.28%
10/10/2019,-0.702,-0.737,-0.693,-0.743,-4.49%
10/9/2019,-0.735,-0.768,-0.731,-0.775,-3.92%
10/8/2019,-0.765,-0.756,-0.75,-0.774,1.46%
10/7/2019,-0.754,-0.758,-0.746,-0.77,-0.92%
10/5/2019,-0.761,-0.761,-0.761,-0.761,0.26%
10/4/2019,-0.759,-0.761,-0.737,-0.768,0.00%
10/3/2019,-0.759,-0.76,-0.747,-0.773,1.61%
10/2/2019,-0.747,-0.746,-0.719,-0.76,-0.66%
10/1/2019,-0.752,-0.755,-0.732,-0.758,0.00%
9/30/2019,-0.752,-0.743,-0.725,-0.764,0.00%
9/28/2019,-0.752,-0.731,-0.731,-0.752,0.00%
9/27/2019,-0.752,-0.731,-0.719,-0.76,3.16%
9/26/2019,-0.729,-0.715,-0.71,-0.744,1.96%
9/25/2019,-0.715,-0.715,-0.703,-0.729,0.14%
9/24/2019,-0.714,-0.729,-0.694,-0.73,-1.24%
9/23/2019,-0.723,-0.71,-0.694,-0.732,2.41%
9/20/2019,-0.706,-0.721,-0.7,-0.721,-0.70%
9/19/2019,-0.711,-0.702,-0.687,-0.717,-0.42%
9/18/2019,-0.714,-0.697,-0.689,-0.722,2.15%
9/17/2019,-0.699,-0.711,-0.683,-0.724,-2.24%
9/16/2019,-0.715,-0.711,-0.684,-0.725,1.71%
9/13/2019,-0.703,-0.686,-0.641,-0.717,0.86%
9/12/2019,-0.697,-0.798,-0.674,-0.836,-14.06%
9/11/2019,-0.811,-0.8,-0.764,-0.819,-0.73%
9/10/2019,-0.817,-0.821,-0.783,-0.836,-2.16%
9/9/2019,-0.835,-0.848,-0.796,-0.857,-1.30%
9/7/2019,-0.846,-0.852,-0.846,-0.852,-0.59%
9/6/2019,-0.851,-0.841,-0.807,-0.864,-0.47%
9/5/2019,-0.855,-0.89,-0.816,-0.904,-3.28%
9/4/2019,-0.884,-0.902,-0.858,-0.91,-1.34%
9/3/2019,-0.896,-0.929,-0.893,-0.938,-2.50%
9/2/2019,-0.919,-0.913,-0.903,-0.932,2.34%
8/31/2019,-0.898,-0.898,-0.898,-0.898,-2.71%
8/30/2019,-0.923,-0.895,-0.828,-0.928,3.24%
8/29/2019,-0.894,-0.892,-0.871,-0.913,1.13%
8/28/2019,-0.884,-0.887,-0.871,-0.901,0.23%
8/27/2019,-0.882,-0.885,-0.872,-0.903,-0.34%
8/26/2019,-0.885,-0.895,-0.868,-0.896,2.08%
8/24/2019,-0.867,-0.867,-0.867,-0.867,-2.91%
8/23/2019,-0.893,-0.843,-0.84,-0.895,3.24%
8/22/2019,-0.865,-0.886,-0.831,-0.912,-2.48%
8/21/2019,-0.887,-0.905,-0.878,-0.915,-1.55%
8/20/2019,-0.901,-0.896,-0.894,-0.917,0.22%
8/19/2019,-0.899,-0.899,-0.879,-0.917,-0.77%
8/17/2019,-0.906,-0.906,-0.906,-0.906,0.33%
8/16/2019,-0.903,-0.896,-0.888,-0.915,-1.31%
8/15/2019,-0.915,-0.87,-0.863,-0.917,5.90%
8/14/2019,-0.864,-0.871,-0.86,-0.881,-0.80%
8/13/2019,-0.871,-0.878,-0.857,-0.885,1.99%
8/12/2019,-0.854,-0.863,-0.845,-0.881,1.30%
8/10/2019,-0.843,-0.843,-0.843,-0.843,-2.77%
8/9/2019,-0.867,-0.868,-0.85,-0.873,1.88%
8/8/2019,-0.851,-0.844,-0.831,-0.862,-0.82%
8/7/2019,-0.858,-0.821,-0.817,-0.863,4.38%
8/6/2019,-0.822,-0.81,-0.805,-0.824,0.98%
8/5/2019,-0.814,-0.777,-0.777,-0.816,2.78%
8/2/2019,-0.792,-0.792,-0.771,-0.795,2.06%
8/1/2019,-0.776,-0.769,-0.749,-0.786,-0.89%
7/31/2019,-0.783,-0.765,-0.751,-0.783,2.35%
7/30/2019,-0.765,-0.764,-0.744,-0.771,-0.39%
7/29/2019,-0.768,-0.754,-0.743,-0.77,1.59%
7/27/2019,-0.756,-0.753,-0.753,-0.756,0.00%
7/26/2019,-0.756,-0.768,-0.737,-0.776,-0.92%
7/25/2019,-0.763,-0.778,-0.741,-0.807,-2.68%
7/24/2019,-0.784,-0.769,-0.769,-0.802,0.51%
7/23/2019,-0.78,-0.778,-0.758,-0.787,0.91%
7/22/2019,-0.773,-0.765,-0.751,-0.782,0.00%
7/20/2019,-0.773,-0.745,-0.745,-0.773,0.00%
7/19/2019,-0.773,-0.757,-0.745,-0.777,2.52%
7/18/2019,-0.754,-0.759,-0.734,-0.763,0.40%
7/17/2019,-0.751,-0.743,-0.73,-0.756,2.04%
7/16/2019,-0.736,-0.733,-0.724,-0.745,0.00%
7/15/2019,-0.736,-0.741,-0.718,-0.741,3.81%
7/13/2019,-0.709,-0.709,-0.709,-0.709,-0.98%
7/12/2019,-0.716,-0.72,-0.703,-0.728,0.42%
7/11/2019,-0.713,-0.737,-0.708,-0.738,-1.52%
7/10/2019,-0.724,-0.724,-0.699,-0.735,-0.55%
7/9/2019,-0.728,-0.731,-0.709,-0.74,-0.82%
7/8/2019,-0.734,-0.744,-0.725,-0.758,-2.39%
7/6/2019,-0.752,-0.752,-0.752,-0.752,1.90%
7/5/2019,-0.738,-0.747,-0.726,-0.76,-0.94%
7/4/2019,-0.745,-0.747,-0.735,-0.762,0.81%
7/3/2019,-0.739,-0.767,-0.739,-0.77,-1.20%
7/2/2019,-0.748,-0.755,-0.729,-0.762,-0.27%
7/1/2019,-0.75,-0.735,-0.722,-0.756,0.94%
6/29/2019,-0.743,-0.743,-0.743,-0.743,1.23%
6/28/2019,-0.734,-0.742,-0.72,-0.747,1.10%
6/27/2019,-0.726,-0.724,-0.709,-0.742,-0.82%
6/26/2019,-0.732,-0.727,-0.716,-0.749,-0.14%
6/25/2019,-0.733,-0.724,-0.711,-0.743,0.96%
6/24/2019,-0.726,-0.726,-0.715,-0.736,1.68%
6/21/2019,-0.714,-0.743,-0.708,-0.743,-3.77%
6/20/2019,-0.742,-0.747,-0.713,-0.753,4.21%
6/19/2019,-0.712,-0.742,-0.693,-0.744,-3.52%
6/18/2019,-0.738,-0.692,-0.677,-0.757,7.89%
6/17/2019,-0.684,-0.689,-0.674,-0.697,0.00%
6/14/2019,-0.684,-0.672,-0.663,-0.697,3.32%
6/13/2019,-0.662,-0.669,-0.659,-0.674,-0.60%
6/12/2019,-0.666,-0.664,-0.656,-0.675,1.52%
6/11/2019,-0.656,-0.662,-0.647,-0.669,-0.30%
6/10/2019,-0.658,-0.651,-0.639,-0.668,0.61%
6/7/2019,-0.654,-0.647,-0.633,-0.667,1.87%
6/6/2019,-0.642,-0.67,-0.619,-0.68,-3.60%
6/5/2019,-0.666,-0.651,-0.636,-0.675,3.74%
6/4/2019,-0.642,-0.654,-0.63,-0.662,-0.31%
6/3/2019,-0.644,-0.677,-0.639,-0.681,-2.42%
5/31/2019,-0.66,-0.656,-0.649,-0.68,2.80%
5/30/2019,-0.642,-0.643,-0.632,-0.653,-0.62%
5/29/2019,-0.646,-0.657,-0.635,-0.657,0.31%
5/28/2019,-0.644,-0.647,-0.633,-0.66,0.16%
5/27/2019,-0.643,-0.628,-0.622,-0.651,2.23%
5/25/2019,-0.629,-0.629,-0.629,-0.629,0.64%
5/24/2019,-0.625,-0.63,-0.621,-0.638,-0.48%
5/23/2019,-0.628,-0.628,-0.621,-0.636,0.32%
5/22/2019,-0.626,-0.62,-0.607,-0.629,1.79%
5/21/2019,-0.615,-0.638,-0.612,-0.643,-3.61%
5/20/2019,-0.638,-0.645,-0.633,-0.655,-2.15%
5/19/2019,-0.652,-0.652,-0.652,-0.652,0.77%
5/17/2019,-0.647,-0.654,-0.643,-0.663,0.00%
5/16/2019,-0.647,-0.665,-0.642,-0.669,-1.22%
5/15/2019,-0.655,-0.651,-0.634,-0.678,2.99%
5/14/2019,-0.636,-0.631,-0.626,-0.654,-0.31%
5/13/2019,-0.638,-0.626,-0.61,-0.641,1.27%
5/11/2019,-0.63,-0.63,-0.63,-0.63,1.78%
5/10/2019,-0.619,-0.633,-0.614,-0.636,-1.12%
5/9/2019,-0.626,-0.618,-0.613,-0.641,1.13%
5/8/2019,-0.619,-0.615,-0.6,-0.626,1.31%
5/7/2019,-0.611,-0.611,-0.601,-0.623,0.49%
5/6/2019,-0.608,-0.608,-0.599,-0.613,1.84%
5/3/2019,-0.597,-0.597,-0.591,-0.61,0.17%
5/2/2019,-0.596,-0.598,-0.584,-0.605,0.00%
5/1/2019,-0.596,-0.597,-0.596,-0.597,0.34%
4/30/2019,-0.594,-0.595,-0.579,-0.603,0.34%
4/29/2019,-0.592,-0.604,-0.589,-0.608,-2.63%
4/26/2019,-0.608,-0.607,-0.597,-0.615,0.66%
4/25/2019,-0.604,-0.597,-0.597,-0.613,0.50%
4/24/2019,-0.601,-0.593,-0.584,-0.609,2.56%
4/23/2019,-0.586,-0.589,-0.581,-0.598,-0.85%
4/22/2019,-0.591,-0.591,-0.591,-0.591,-1.01%
4/19/2019,-0.597,-0.591,-0.591,-0.597,1.36%
4/18/2019,-0.589,-0.585,-0.571,-0.597,1.03%
4/17/2019,-0.583,-0.583,-0.566,-0.591,0.34%
4/16/2019,-0.581,-0.572,-0.569,-0.593,1.22%
4/15/2019,-0.574,-0.576,-0.558,-0.586,-1.20%
4/13/2019,-0.581,-0.581,-0.581,-0.581,1.40%
4/12/2019,-0.573,-0.597,-0.572,-0.605,-0.87%
4/11/2019,-0.578,-0.592,-0.577,-0.593,-1.87%
4/10/2019,-0.589,-0.576,-0.564,-0.594,2.43%
4/9/2019,-0.575,-0.578,-0.559,-0.585,-0.52%
4/8/2019,-0.578,-0.576,-0.566,-0.584,-0.69%
4/6/2019,-0.582,-0.582,-0.582,-0.582,1.22%
4/5/2019,-0.575,-0.58,-0.563,-0.584,-1.20%
4/4/2019,-0.582,-0.585,-0.576,-0.592,0.52%
4/3/2019,-0.579,-0.609,-0.578,-0.609,-4.77%
4/2/2019,-0.608,-0.598,-0.592,-0.614,1.67%
4/1/2019,-0.598,-0.605,-0.583,-0.608,1.01%
3/30/2019,-0.592,-0.592,-0.592,-0.592,-2.47%
3/29/2019,-0.607,-0.587,-0.582,-0.611,2.19%
3/28/2019,-0.594,-0.599,-0.571,-0.609,-2.14%
3/27/2019,-0.607,-0.561,-0.553,-0.616,8.39%
3/26/2019,-0.56,-0.563,-0.549,-0.569,-0.53%
3/25/2019,-0.563,-0.56,-0.552,-0.571,3.11%
3/23/2019,-0.546,-0.546,-0.546,-0.546,-2.85%
3/22/2019,-0.562,-0.547,-0.539,-0.572,2.93%
3/21/2019,-0.546,-0.532,-0.526,-0.551,3.41%
3/20/2019,-0.528,-0.526,-0.515,-0.533,0.57%
3/19/2019,-0.525,-0.528,-0.515,-0.539,-0.38%
3/18/2019,-0.527,-0.538,-0.519,-0.539,-3.48%
3/16/2019,-0.546,-0.546,-0.546,-0.546,1.68%
3/15/2019,-0.537,-0.543,-0.531,-0.548,-0.74%
3/14/2019,-0.541,-0.548,-0.535,-0.55,-0.73%
3/13/2019,-0.545,-0.548,-0.538,-0.553,0.37%
3/12/2019,-0.543,-0.537,-0.522,-0.552,1.12%
3/11/2019,-0.537,-0.538,-0.526,-0.547,-1.47%
3/9/2019,-0.545,-0.545,-0.545,-0.545,2.25%
3/8/2019,-0.533,-0.545,-0.527,-0.556,-2.20%
3/7/2019,-0.545,-0.519,-0.509,-0.551,5.21%
3/6/2019,-0.518,-0.498,-0.498,-0.52,3.60%
3/5/2019,-0.5,-0.508,-0.495,-0.51,-5.66%
3/4/2019,-0.53,-0.521,-0.508,-0.532,0.19%
3/1/2019,-0.529,-0.53,-0.516,-0.543,-0.94%
2/28/2019,-0.534,-0.543,-0.521,-0.555,-2.55%
2/27/2019,-0.548,-0.546,-0.535,-0.559,-1.26%
2/26/2019,-0.555,-0.557,-0.543,-0.572,-1.25%
2/25/2019,-0.562,-0.554,-0.544,-0.564,2.37%
2/23/2019,-0.549,-0.549,-0.549,-0.549,-3.35%
2/22/2019,-0.568,-0.548,-0.548,-0.57,1.79%
2/21/2019,-0.558,-0.564,-0.537,-0.572,-2.28%
2/20/2019,-0.571,-0.561,-0.557,-0.574,1.60%
2/19/2019,-0.562,-0.565,-0.556,-0.583,-1.58%
2/18/2019,-0.571,-0.553,-0.55,-0.572,2.33%
2/16/2019,-0.558,-0.558,-0.558,-0.558,-0.36%
2/15/2019,-0.56,-0.55,-0.543,-0.563,0.54%
2/14/2019,-0.557,-0.55,-0.548,-0.566,-0.71%
2/13/2019,-0.561,-0.56,-0.55,-0.571,-1.75%
2/12/2019,-0.571,-0.563,-0.55,-0.575,-0.70%
2/11/2019,-0.575,-0.574,-0.56,-0.583,-0.35%
2/8/2019,-0.577,-0.579,-0.565,-0.588,-0.69%
2/7/2019,-0.581,-0.553,-0.542,-0.584,4.12%
2/6/2019,-0.558,-0.567,-0.545,-0.571,-1.59%
2/5/2019,-0.567,-0.567,-0.55,-0.577,-1.05%
2/4/2019,-0.573,-0.576,-0.56,-0.587,2.50%
2/2/2019,-0.559,-0.559,-0.559,-0.559,-3.12%
2/1/2019,-0.577,-0.559,-0.548,-0.585,3.22%
1/31/2019,-0.559,-0.571,-0.542,-0.579,-0.71%
1/30/2019,-0.563,-0.572,-0.55,-0.578,-1.23%
1/29/2019,-0.57,-0.575,-0.555,-0.592,-2.40%
1/28/2019,-0.584,-0.578,-0.568,-0.588,0.86%
1/26/2019,-0.579,-0.579,-0.579,-0.579,-0.86%
1/25/2019,-0.584,-0.568,-0.566,-0.589,0.69%
1/24/2019,-0.58,-0.581,-0.573,-0.593,-0.34%
1/23/2019,-0.582,-0.586,-0.571,-0.601,-1.69%
1/22/2019,-0.592,-0.58,-0.574,-0.594,1.02%
1/21/2019,-0.586,-0.577,-0.569,-0.59,-0.51%
1/19/2019,-0.589,-0.589,-0.589,-0.589,2.08%
1/18/2019,-0.577,-0.584,-0.572,-0.594,-1.54%
1/17/2019,-0.586,-0.604,-0.583,-0.611,-3.46%
1/16/2019,-0.607,-0.622,-0.594,-0.622,-2.57%
1/15/2019,-0.623,-0.591,-0.59,-0.624,5.06%
1/14/2019,-0.593,-0.584,-0.567,-0.608,1.72%
1/12/2019,-0.583,-0.583,-0.583,-0.583,-1.02%
1/11/2019,-0.589,-0.588,-0.569,-0.6,-0.84%
1/10/2019,-0.594,-0.577,-0.57,-0.597,1.19%
1/9/2019,-0.587,-0.57,-0.554,-0.589,1.21%
1/8/2019,-0.58,-0.575,-0.559,-0.589,-1.53%
1/7/2019,-0.589,-0.582,-0.568,-0.602,-3.92%
1/5/2019,-0.613,-0.613,-0.613,-0.613,2.00%
1/4/2019,-0.601,-0.598,-0.577,-0.618,-2.44%
1/3/2019,-0.616,-0.612,-0.59,-0.626,-0.48%
1/2/2019,-0.619,-0.609,-0.589,-0.66,1.64%
1/1/2019,-0.609,-0.609,-0.609,-0.609,3.22%
12/31/2018,-0.59,-0.609,-0.59,-0.609,-3.75%
12/29/2018,-0.613,-0.613,-0.613,-0.613,0.82%
12/28/2018,-0.608,-0.63,-0.588,-0.638,-3.95%
12/27/2018,-0.633,-0.587,-0.576,-0.638,4.11%
12/26/2018,-0.608,-0.611,-0.608,-0.611,0.00%
12/25/2018,-0.608,-0.611,-0.608,-0.611,0.66%
12/24/2018,-0.604,-0.609,-0.604,-0.609,1.85%
12/22/2018,-0.593,-0.593,-0.593,-0.593,-2.47%
12/21/2018,-0.608,-0.601,-0.581,-0.612,1.67%
12/20/2018,-0.598,-0.609,-0.58,-0.614,-0.66%
12/19/2018,-0.602,-0.598,-0.583,-0.604,0.00%
12/18/2018,-0.602,-0.609,-0.592,-0.655,-0.82%
12/17/2018,-0.607,-0.604,-0.591,-0.662,4.48%
12/15/2018,-0.581,-0.581,-0.581,-0.581,-4.44%
12/14/2018,-0.608,-0.581,-0.576,-0.608,4.65%
12/13/2018,-0.581,-0.57,-0.545,-0.591,3.20%
12/12/2018,-0.563,-0.585,-0.562,-0.604,-5.85%
12/11/2018,-0.598,-0.572,-0.562,-0.604,4.00%
12/10/2018,-0.575,-0.596,-0.56,-0.598,-7.11%
12/8/2018,-0.619,-0.619,-0.619,-0.619,3.69%
12/7/2018,-0.597,-0.618,-0.59,-0.625,-3.86%
12/6/2018,-0.621,-0.621,-0.601,-0.626,2.64%
12/5/2018,-0.605,-0.633,-0.599,-0.634,-0.82%
12/4/2018,-0.61,-0.605,-0.599,-0.614,1.84%
12/3/2018,-0.599,-0.581,-0.575,-0.603,0.67%
11/30/2018,-0.595,-0.595,-0.589,-0.605,0.34%
11/29/2018,-0.593,-0.582,-0.578,-0.599,2.42%
11/28/2018,-0.579,-0.578,-0.571,-0.598,-9.77%
11/27/2018,-0.642,-0.642,-0.624,-0.65,1.02%
11/26/2018,-0.635,-0.65,-0.616,-0.65,-2.32%
11/25/2018,-0.65,-0.65,-0.65,-0.65,0.67%
11/24/2018,-0.646,-0.634,-0.634,-0.646,1.02%
11/23/2018,-0.64,-0.644,-0.62,-0.652,1.01%
11/22/2018,-0.633,-0.647,-0.623,-0.654,-0.33%
11/21/2018,-0.635,-0.65,-0.628,-0.651,-2.22%
11/20/2018,-0.65,-0.654,-0.636,-0.663,0.74%
11/19/2018,-0.645,-0.647,-0.622,-0.664,-2.80%
11/18/2018,-0.663,-0.663,-0.663,-0.663,0.65%
11/17/2018,-0.659,-0.659,-0.659,-0.659,1.06%
11/16/2018,-0.652,-0.658,-0.634,-0.662,-1.12%
11/15/2018,-0.66,-0.627,-0.626,-0.673,3.34%
11/14/2018,-0.638,-0.63,-0.619,-0.648,1.41%
11/13/2018,-0.629,-0.633,-0.622,-0.647,-2.28%
11/12/2018,-0.644,-0.638,-0.618,-0.651,1.50%
11/11/2018,-0.635,-0.628,-0.628,-0.635,0.67%
11/10/2018,-0.63,-0.612,-0.612,-0.63,-0.33%
11/9/2018,-0.632,-0.617,-0.61,-0.637,2.81%
11/8/2018,-0.615,-0.619,-0.599,-0.632,0.00%
11/7/2018,-0.615,-0.64,-0.602,-0.643,-3.29%
11/6/2018,-0.636,-0.643,-0.626,-0.655,-0.66%
11/5/2018,-0.64,-0.643,-0.629,-0.661,-0.88%
11/4/2018,-0.646,-0.646,-0.646,-0.646,0.64%
11/3/2018,-0.641,-0.645,-0.641,-0.645,-1.60%
11/2/2018,-0.652,-0.628,-0.625,-0.654,0.57%
11/1/2018,-0.648,-0.661,-0.629,-0.663,-0.78%
10/31/2018,-0.653,-0.646,-0.635,-0.659,0.32%
10/30/2018,-0.651,-0.646,-0.635,-0.664,-0.47%
10/29/2018,-0.654,-0.66,-0.635,-0.669,-1.55%
10/28/2018,-0.664,-0.664,-0.664,-0.664,0.64%
10/27/2018,-0.66,-0.642,-0.642,-0.66,-0.23%
10/26/2018,-0.662,-0.658,-0.646,-0.684,2.72%
10/25/2018,-0.644,-0.677,-0.632,-0.678,-1.63%
10/24/2018,-0.655,-0.644,-0.625,-0.669,2.89%
10/23/2018,-0.637,-0.625,-0.619,-0.648,1.39%
10/22/2018,-0.628,-0.621,-0.602,-0.636,-0.65%
10/21/2018,-0.632,-0.632,-0.632,-0.632,0.65%
10/20/2018,-0.628,-0.628,-0.628,-0.628,1.57%
10/19/2018,-0.618,-0.652,-0.603,-0.668,-4.11%
10/18/2018,-0.645,-0.607,-0.599,-0.657,6.00%
10/17/2018,-0.608,-0.608,-0.592,-0.616,2.74%
10/16/2018,-0.592,-0.593,-0.573,-0.602,-1.37%
10/15/2018,-0.6,-0.585,-0.584,-0.609,-0.08%
10/14/2018,-0.601,-0.601,-0.601,-0.601,0.67%
10/13/2018,-0.597,-0.57,-0.57,-0.597,0.52%
10/12/2018,-0.594,-0.568,-0.556,-0.594,4.69%
10/11/2018,-0.567,-0.577,-0.551,-0.582,3.24%
10/10/2018,-0.549,-0.551,-0.529,-0.555,0.44%
10/9/2018,-0.547,-0.555,-0.54,-0.58,-2.60%
10/8/2018,-0.561,-0.536,-0.535,-0.568,3.41%
10/7/2018,-0.543,-0.543,-0.543,-0.543,0.72%
10/6/2018,-0.539,-0.539,-0.539,-0.539,0.94%
10/5/2018,-0.534,-0.533,-0.522,-0.545,-1.51%
10/4/2018,-0.542,-0.534,-0.525,-0.564,-1.95%
10/3/2018,-0.553,-0.575,-0.547,-0.586,-5.70%
10/2/2018,-0.586,-0.564,-0.563,-0.596,3.49%
10/1/2018,-0.567,-0.551,-0.534,-0.571,1.41%
9/30/2018,-0.559,-0.559,-0.559,-0.559,0.70%
9/29/2018,-0.555,-0.516,-0.516,-0.555,2.19%
9/28/2018,-0.543,-0.536,-0.516,-0.556,4.95%
9/27/2018,-0.517,-0.54,-0.502,-0.543,1.35%
9/26/2018,-0.51,-0.519,-0.501,-0.525,-1.85%
9/25/2018,-0.52,-0.522,-0.502,-0.552,-1.05%
9/24/2018,-0.525,-0.551,-0.513,-0.557,-5.32%
9/23/2018,-0.555,-0.555,-0.555,-0.555,0.69%
9/22/2018,-0.551,-0.551,-0.551,-0.551,0.00%
9/21/2018,-0.551,-0.545,-0.534,-0.558,0.97%
9/20/2018,-0.546,-0.543,-0.52,-0.553,1.09%
9/19/2018,-0.54,-0.535,-0.518,-0.548,0.80%
9/18/2018,-0.536,-0.544,-0.52,-0.55,-1.27%
9/17/2018,-0.543,-0.553,-0.526,-0.555,-2.71%
9/16/2018,-0.558,-0.555,-0.554,-0.559,0.69%
9/15/2018,-0.554,-0.546,-0.546,-0.554,3.24%
9/14/2018,-0.536,-0.553,-0.536,-0.566,-3.25%
9/13/2018,-0.554,-0.547,-0.538,-0.572,-0.50%
9/12/2018,-0.557,-0.541,-0.537,-0.565,2.65%
9/11/2018,-0.543,-0.542,-0.537,-0.558,-2.20%
9/10/2018,-0.555,-0.558,-0.543,-0.572,-1.87%
9/9/2018,-0.566,-0.566,-0.566,-0.566,0.68%
9/8/2018,-0.562,-0.573,-0.562,-0.573,-0.43%
9/7/2018,-0.564,-0.579,-0.554,-0.592,-3.22%
9/6/2018,-0.583,-0.571,-0.563,-0.593,1.46%
9/5/2018,-0.575,-0.602,-0.558,-0.62,-3.61%
9/4/2018,-0.596,-0.622,-0.588,-0.622,-4.29%
9/3/2018,-0.623,-0.625,-0.604,-0.632,-0.22%
9/2/2018,-0.624,-0.624,-0.624,-0.624,0.60%
9/1/2018,-0.621,-0.613,-0.613,-0.621,0.00%
8/31/2018,-0.62,-0.613,-0.599,-0.626,-0.23%
8/30/2018,-0.622,-0.586,-0.582,-0.626,5.29%
8/29/2018,-0.59,-0.594,-0.578,-0.6,0.00%
8/28/2018,-0.59,-0.597,-0.585,-0.608,-1.19%
8/27/2018,-0.598,-0.605,-0.592,-0.616,-2.53%
8/26/2018,-0.613,-0.613,-0.613,-0.613,0.61%
8/25/2018,-0.609,-0.606,-0.606,-0.609,-0.23%
8/24/2018,-0.611,-0.611,-0.598,-0.616,-0.15%
8/23/2018,-0.612,-0.61,-0.598,-0.624,1.07%
8/22/2018,-0.605,-0.619,-0.604,-0.628,-1.45%
8/21/2018,-0.614,-0.634,-0.609,-0.637,-3.15%
8/20/2018,-0.634,-0.635,-0.621,-0.654,-0.38%
8/19/2018,-0.636,-0.636,-0.636,-0.636,0.60%
8/18/2018,-0.633,-0.627,-0.627,-0.633,1.41%
8/17/2018,-0.624,-0.625,-0.621,-0.655,0.76%
8/16/2018,-0.619,-0.64,-0.619,-0.652,-3.54%
8/15/2018,-0.642,-0.628,-0.623,-0.658,1.76%
8/14/2018,-0.631,-0.647,-0.625,-0.654,-4.27%
8/13/2018,-0.659,-0.641,-0.633,-0.669,0.92%
8/12/2018,-0.653,-0.653,-0.653,-0.653,0.59%
8/11/2018,-0.649,-0.619,-0.619,-0.649,1.28%
8/10/2018,-0.641,-0.613,-0.613,-0.65,3.59%
8/9/2018,-0.619,-0.612,-0.596,-0.624,2.11%
8/8/2018,-0.606,-0.578,-0.578,-0.609,3.20%
8/7/2018,-0.587,-0.6,-0.58,-0.606,-2.73%
8/6/2018,-0.604,-0.597,-0.589,-0.605,-0.17%
8/5/2018,-0.604,-0.604,-0.604,-0.604,0.62%
8/4/2018,-0.601,-0.594,-0.571,-0.601,1.23%
8/3/2018,-0.594,-0.584,-0.571,-0.614,2.50%
8/2/2018,-0.579,-0.564,-0.556,-0.589,2.48%
8/1/2018,-0.565,-0.579,-0.552,-0.582,-2.82%
7/31/2018,-0.581,-0.592,-0.573,-0.607,-1.77%
7/30/2018,-0.592,-0.604,-0.584,-0.614,-3.69%
7/29/2018,-0.615,-0.615,-0.615,-0.615,0.61%
7/28/2018,-0.611,-0.614,-0.611,-0.614,0.30%
7/27/2018,-0.609,-0.61,-0.599,-0.618,0.00%
7/26/2018,-0.609,-0.595,-0.595,-0.62,-0.08%
7/25/2018,-0.61,-0.613,-0.604,-0.626,-1.10%
7/24/2018,-0.616,-0.61,-0.599,-0.62,1.70%
7/23/2018,-0.606,-0.628,-0.605,-0.632,-4.58%
7/22/2018,-0.635,-0.635,-0.635,-0.635,0.57%
7/21/2018,-0.632,-0.633,-0.632,-0.633,0.43%
7/20/2018,-0.629,-0.633,-0.619,-0.657,-2.56%
7/19/2018,-0.645,-0.632,-0.629,-0.653,1.56%
7/18/2018,-0.636,-0.632,-0.63,-0.652,-0.49%
7/17/2018,-0.639,-0.636,-0.624,-0.649,-2.31%
7/16/2018,-0.654,-0.653,-0.642,-0.663,-1.61%
7/15/2018,-0.664,-0.664,-0.664,-0.664,0.17%
7/14/2018,-0.663,-0.663,-0.663,-0.663,0.67%
7/13/2018,-0.659,-0.662,-0.652,-0.673,-0.51%
7/12/2018,-0.662,-0.66,-0.644,-0.666,0.55%
7/11/2018,-0.659,-0.669,-0.645,-0.679,-0.68%
7/10/2018,-0.663,-0.664,-0.651,-0.675,-0.93%
7/9/2018,-0.669,-0.673,-0.661,-0.683,-2.03%
7/8/2018,-0.683,-0.683,-0.683,-0.683,0.15%
7/7/2018,-0.682,-0.666,-0.666,-0.682,0.25%
7/6/2018,-0.681,-0.672,-0.661,-0.689,1.64%
7/5/2018,-0.67,-0.669,-0.641,-0.677,-1.80%
7/4/2018,-0.682,-0.694,-0.662,-0.698,-1.91%
7/3/2018,-0.695,-0.693,-0.681,-0.706,-1.32%
7/2/2018,-0.705,-0.694,-0.681,-0.708,2.06%
7/1/2018,-0.69,-0.69,-0.69,-0.69,0.16%
6/30/2018,-0.689,-0.692,-0.689,-0.692,-0.63%
6/29/2018,-0.694,-0.694,-0.671,-0.694,1.43%
6/28/2018,-0.684,-0.71,-0.684,-0.712,-2.29%
6/27/2018,-0.7,-0.698,-0.674,-0.71,0.55%
6/26/2018,-0.696,-0.694,-0.678,-0.705,-1.01%
6/25/2018,-0.703,-0.698,-0.675,-0.704,1.65%
6/24/2018,-0.692,-0.692,-0.692,-0.692,0.16%
6/23/2018,-0.691,-0.69,-0.69,-0.691,1.28%
6/22/2018,-0.682,-0.696,-0.673,-0.711,-0.96%
6/21/2018,-0.688,-0.613,-0.613,-0.711,4.91%
6/20/2018,-0.656,-0.661,-0.637,-0.676,2.08%
6/19/2018,-0.643,-0.661,-0.638,-0.67,-1.34%
6/18/2018,-0.652,-0.652,-0.631,-0.658,-0.82%
6/17/2018,-0.657,-0.652,-0.652,-0.657,0.15%
6/16/2018,-0.656,-0.652,-0.645,-0.656,0.83%
6/15/2018,-0.651,-0.66,-0.636,-0.673,-1.00%
6/14/2018,-0.657,-0.608,-0.592,-0.664,7.39%
6/13/2018,-0.612,-0.622,-0.598,-0.631,-1.50%
6/12/2018,-0.621,-0.618,-0.597,-0.633,0.40%
6/11/2018,-0.619,-0.674,-0.604,-0.683,-8.79%
6/10/2018,-0.678,-0.678,-0.678,-0.678,0.15%
6/9/2018,-0.677,-0.633,-0.633,-0.677,-1.01%
6/8/2018,-0.684,-0.655,-0.599,-0.685,5.99%
6/7/2018,-0.646,-0.624,-0.566,-0.65,6.11%
6/6/2018,-0.608,-0.649,-0.602,-0.673,-8.22%
6/5/2018,-0.663,-0.65,-0.611,-0.679,3.53%
6/4/2018,-0.64,-0.646,-0.624,-0.659,-1.46%
6/3/2018,-0.65,-0.65,-0.65,-0.65,0.14%
6/2/2018,-0.649,-0.69,-0.649,-0.69,-0.08%
6/1/2018,-0.649,-0.667,-0.621,-0.674,-5.38%
5/31/2018,-0.686,-0.665,-0.636,-0.709,4.19%
5/30/2018,-0.659,-0.759,-0.645,-0.784,-17.55%
5/29/2018,-0.799,-0.72,-0.689,-0.85,14.98%
5/28/2018,-0.695,-0.638,-0.625,-0.715,3.81%
5/27/2018,-0.669,-0.669,-0.669,-0.669,6.99%
5/26/2018,-0.626,-0.668,-0.626,-0.668,-5.36%
5/25/2018,-0.661,-0.63,-0.617,-0.673,6.79%
5/24/2018,-0.619,-0.605,-0.597,-0.636,0.18%
5/23/2018,-0.618,-0.591,-0.582,-0.632,2.91%
5/22/2018,-0.6,-0.599,-0.577,-0.621,-2.14%
5/21/2018,-0.613,-0.567,-0.567,-0.621,4.39%
5/20/2018,-0.588,-0.588,-0.588,-0.588,6.43%
5/19/2018,-0.552,-0.587,-0.552,-0.587,-4.05%
5/18/2018,-0.576,-0.547,-0.545,-0.587,5.06%
5/17/2018,-0.548,-0.554,-0.539,-0.576,-2.96%
5/16/2018,-0.564,-0.548,-0.533,-0.571,5.02%
5/15/2018,-0.538,-0.535,-0.526,-0.546,0.24%
5/14/2018,-0.536,-0.517,-0.517,-0.575,-6.11%
5/13/2018,-0.571,-0.571,-0.571,-0.571,-0.21%
5/12/2018,-0.572,-0.57,-0.57,-0.572,0.81%
5/11/2018,-0.568,-0.564,-0.556,-0.577,-0.12%
5/10/2018,-0.568,-0.565,-0.549,-0.58,2.16%
5/9/2018,-0.556,-0.563,-0.544,-0.569,-0.86%
5/8/2018,-0.561,-0.569,-0.55,-0.572,-1.02%
5/7/2018,-0.567,-0.56,-0.557,-0.573,0.37%
5/6/2018,-0.565,-0.565,-0.565,-0.565,-0.32%
5/5/2018,-0.567,-0.564,-0.564,-0.567,0.27%
5/4/2018,-0.565,-0.57,-0.557,-0.579,-1.17%
5/3/2018,-0.572,-0.558,-0.551,-0.58,1.22%
5/2/2018,-0.565,-0.574,-0.549,-0.578,-1.96%
5/1/2018,-0.576,-0.569,-0.568,-0.576,0.61%
4/30/2018,-0.573,-0.566,-0.544,-0.576,1.17%
4/29/2018,-0.566,-0.566,-0.566,-0.566,0.12%
4/28/2018,-0.566,-0.552,-0.552,-0.566,-0.26%
4/27/2018,-0.567,-0.56,-0.542,-0.57,2.74%
4/26/2018,-0.552,-0.544,-0.522,-0.561,3.53%
4/25/2018,-0.533,-0.529,-0.516,-0.548,1.76%
4/24/2018,-0.524,-0.541,-0.517,-0.55,0.33%
4/23/2018,-0.522,-0.547,-0.522,-0.554,-5.31%
4/22/2018,-0.552,-0.552,-0.552,-0.552,0.13%
4/21/2018,-0.551,-0.546,-0.546,-0.551,-0.61%
4/20/2018,-0.554,-0.541,-0.534,-0.568,-0.93%
4/19/2018,-0.559,-0.549,-0.537,-0.57,0.00%
4/18/2018,-0.56,-0.564,-0.55,-0.584,-0.90%
4/17/2018,-0.565,-0.567,-0.561,-0.583,0.57%
4/16/2018,-0.562,-0.566,-0.551,-0.58,-3.47%
4/15/2018,-0.582,-0.582,-0.582,-0.582,0.90%
4/14/2018,-0.576,-0.581,-0.57,-0.581,-0.76%
4/13/2018,-0.581,-0.558,-0.55,-0.581,4.55%
4/12/2018,-0.556,-0.556,-0.549,-0.579,-1.07%
4/11/2018,-0.562,-0.553,-0.547,-0.57,0.48%
4/10/2018,-0.559,-0.573,-0.541,-0.582,-2.58%
4/9/2018,-0.574,-0.581,-0.563,-0.585,-1.60%
4/8/2018,-0.583,-0.583,-0.583,-0.583,0.14%
4/7/2018,-0.582,-0.56,-0.56,-0.582,0.24%
4/6/2018,-0.581,-0.567,-0.564,-0.585,2.02%
4/5/2018,-0.569,-0.577,-0.561,-0.586,-1.35%
4/4/2018,-0.577,-0.577,-0.577,-0.593,-0.45%
4/3/2018,-0.58,-0.598,-0.576,-0.599,-2.24%
4/2/2018,-0.593,-0.588,-0.588,-0.594,-0.24%
3/30/2018,-0.594,-0.593,-0.588,-0.594,1.07%
3/29/2018,-0.588,-0.583,-0.578,-0.599,0.20%
3/28/2018,-0.587,-0.606,-0.566,-0.612,-0.88%
3/27/2018,-0.592,-0.588,-0.565,-0.599,0.22%
3/26/2018,-0.591,-0.586,-0.558,-0.592,-0.81%
3/25/2018,-0.596,-0.596,-0.596,-0.596,0.13%
3/24/2018,-0.595,-0.586,-0.586,-0.595,0.49%
3/23/2018,-0.592,-0.566,-0.566,-0.598,0.29%
3/22/2018,-0.59,-0.592,-0.571,-0.601,2.73%
3/21/2018,-0.575,-0.582,-0.56,-0.586,-1.10%
3/20/2018,-0.581,-0.589,-0.567,-0.591,0.71%
3/19/2018,-0.577,-0.575,-0.561,-0.616,-3.95%
3/18/2018,-0.6,-0.582,-0.582,-0.6,4.84%
3/17/2018,-0.573,-0.6,-0.573,-0.6,-4.34%
3/16/2018,-0.599,-0.573,-0.506,-0.601,5.48%
3/15/2018,-0.568,-0.563,-0.556,-0.591,-1.66%
3/14/2018,-0.577,-0.559,-0.546,-0.581,1.62%
3/13/2018,-0.568,-0.553,-0.546,-0.579,0.55%
3/12/2018,-0.565,-0.53,-0.528,-0.568,2.39%
3/11/2018,-0.552,-0.552,-0.552,-0.552,0.55%
3/10/2018,-0.549,-0.551,-0.549,-0.551,-1.42%
3/9/2018,-0.557,-0.542,-0.528,-0.559,0.54%
3/8/2018,-0.554,-0.541,-0.497,-0.575,2.29%
3/7/2018,-0.541,-0.543,-0.521,-0.558,0.65%
3/6/2018,-0.538,-0.531,-0.507,-0.554,0.00%
3/5/2018,-0.538,-0.56,-0.529,-0.565,-0.87%
3/4/2018,-0.542,-0.542,-0.542,-0.542,0.13%
3/3/2018,-0.541,-0.535,-0.535,-0.541,0.00%
3/2/2018,-0.541,-0.534,-0.528,-0.562,-1.97%
3/1/2018,-0.552,-0.529,-0.526,-0.562,3.43%
2/28/2018,-0.534,-0.495,-0.49,-0.54,3.83%
2/27/2018,-0.514,-0.515,-0.493,-0.53,-0.77%
2/26/2018,-0.518,-0.53,-0.511,-0.539,-2.78%
2/25/2018,-0.533,-0.533,-0.533,-0.533,1.45%
2/23/2018,-0.526,-0.497,-0.496,-0.537,2.48%
2/22/2018,-0.513,-0.488,-0.482,-0.518,3.74%
2/21/2018,-0.494,-0.5,-0.492,-0.522,-2.43%
2/20/2018,-0.507,-0.485,-0.48,-0.519,3.03%
2/19/2018,-0.492,-0.488,-0.48,-0.513,-2.54%
2/18/2018,-0.505,-0.504,-0.504,-0.505,0.12%
2/17/2018,-0.504,-0.504,-0.504,-0.504,-1.16%
2/16/2018,-0.51,-0.489,-0.487,-0.521,2.41%
2/15/2018,-0.498,-0.488,-0.473,-0.504,0.57%
2/14/2018,-0.495,-0.515,-0.489,-0.521,-14.49%
2/13/2018,-0.579,-0.579,-0.568,-0.591,-1.03%
2/12/2018,-0.585,-0.565,-0.559,-0.588,2.09%
2/9/2018,-0.573,-0.551,-0.542,-0.575,3.43%
2/8/2018,-0.554,-0.54,-0.523,-0.558,0.91%
2/7/2018,-0.549,-0.561,-0.543,-0.577,-3.68%
2/6/2018,-0.57,-0.579,-0.544,-0.587,1.24%
2/5/2018,-0.563,-0.55,-0.543,-0.564,3.30%
2/2/2018,-0.545,-0.532,-0.524,-0.555,1.11%
2/1/2018,-0.539,-0.526,-0.515,-0.549,1.89%
1/31/2018,-0.529,-0.527,-0.523,-0.542,0.57%
1/30/2018,-0.526,-0.525,-0.518,-0.549,-0.38%
1/29/2018,-0.528,-0.531,-0.506,-0.543,-2.94%
1/26/2018,-0.544,-0.566,-0.539,-0.575,-3.89%
1/25/2018,-0.566,-0.599,-0.554,-0.599,-3.58%
1/24/2018,-0.587,-0.594,-0.579,-0.601,-1.18%
1/23/2018,-0.594,-0.601,-0.588,-0.611,-1.49%
1/22/2018,-0.603,-0.602,-0.594,-0.606,0.00%
1/19/2018,-0.603,-0.583,-0.575,-0.607,2.73%
1/18/2018,-0.587,-0.575,-0.56,-0.589,2.09%
1/17/2018,-0.575,-0.578,-0.566,-0.587,0.17%
1/16/2018,-0.574,-0.576,-0.568,-0.586,-0.52%
1/15/2018,-0.577,-0.573,-0.557,-0.581,1.23%
1/12/2018,-0.57,-0.565,-0.548,-0.577,-0.35%
1/11/2018,-0.572,-0.618,-0.556,-0.623,-7.14%
1/10/2018,-0.616,-0.608,-0.608,-0.621,0.00%
1/9/2018,-0.616,-0.616,-0.608,-0.628,-0.48%
1/8/2018,-0.619,-0.603,-0.599,-0.623,1.64%
1/5/2018,-0.609,-0.608,-0.599,-0.615,-0.16%
1/4/2018,-0.61,-0.612,-0.599,-0.619,-1.77%
1/3/2018,-0.621,-0.619,-0.613,-0.636,0.81%
1/2/2018,-0.616,-0.635,-0.603,-0.635,-2.53%
1/1/2018,-0.632,-0.63,-0.629,-0.632,0.00%
12/29/2017,-0.632,-0.61,-0.597,-0.637,3.27%
12/28/2017,-0.612,-0.644,-0.585,-0.646,-6.85%
12/27/2017,-0.657,-0.628,-0.623,-0.662,2.34%
12/26/2017,-0.642,-0.634,-0.634,-0.642,0.00%
12/25/2017,-0.642,-0.634,-0.634,-0.642,0.00%
12/22/2017,-0.642,-0.642,-0.629,-0.652,-1.98%
12/21/2017,-0.655,-0.653,-0.64,-0.684,-3.53%
12/20/2017,-0.679,-0.669,-0.652,-0.685,-1.88%
12/19/2017,-0.692,-0.705,-0.676,-0.715,-2.67%
12/18/2017,-0.711,-0.706,-0.689,-0.719,-0.28%
12/16/2017,-0.713,-0.713,-0.713,-0.713,-0.56%
12/15/2017,-0.717,-0.727,-0.708,-0.741,-2.18%
12/14/2017,-0.733,-0.737,-0.712,-0.749,-1.48%
12/13/2017,-0.744,-0.729,-0.717,-0.747,0.54%
12/12/2017,-0.74,-0.73,-0.718,-0.744,0.68%
12/11/2017,-0.735,-0.743,-0.727,-0.749,0.55%
12/8/2017,-0.731,-0.75,-0.731,-0.764,-4.19%
12/7/2017,-0.763,-0.747,-0.735,-0.765,2.83%
12/6/2017,-0.742,-0.73,-0.727,-0.752,1.37%
12/5/2017,-0.732,-0.706,-0.697,-0.734,4.72%
12/4/2017,-0.699,-0.696,-0.691,-0.714,-2.37%
12/2/2017,-0.716,-0.716,-0.716,-0.716,2.29%
12/1/2017,-0.7,-0.671,-0.671,-0.711,2.34%
11/30/2017,-0.684,-0.675,-0.664,-0.691,0.29%
11/29/2017,-0.682,-0.696,-0.672,-0.704,-1.87%
11/28/2017,-0.695,-0.705,-0.686,-0.712,-1.84%
11/27/2017,-0.708,-0.694,-0.68,-0.711,2.02%
11/25/2017,-0.694,-0.7,-0.694,-0.7,-0.86%
11/24/2017,-0.7,-0.688,-0.649,-0.702,1.16%
11/23/2017,-0.692,-0.694,-0.678,-0.708,-1.14%
11/22/2017,-0.7,-0.699,-0.675,-0.724,-2.37%
11/21/2017,-0.717,-0.708,-0.698,-0.725,0.00%
11/20/2017,-0.717,-0.707,-0.697,-0.72,2.28%
11/17/2017,-0.701,-0.706,-0.692,-0.741,4.94%
11/16/2017,-0.668,-0.721,-0.668,-0.726,-10.81%
11/15/2017,-0.749,-0.739,-0.731,-0.756,1.08%
11/14/2017,-0.741,-0.733,-0.73,-0.746,-0.13%
11/13/2017,-0.742,-0.742,-0.726,-0.755,-0.93%
11/10/2017,-0.749,-0.741,-0.737,-0.752,-0.53%
11/9/2017,-0.753,-0.756,-0.737,-0.766,-1.31%
11/8/2017,-0.763,-0.763,-0.753,-0.77,0.79%
11/7/2017,-0.757,-0.757,-0.748,-0.769,-0.92%
11/6/2017,-0.764,-0.744,-0.744,-0.769,1.19%
11/3/2017,-0.755,-0.754,-0.742,-0.763,0.00%
11/2/2017,-0.755,-0.748,-0.737,-0.76,0.67%
11/1/2017,-0.75,-0.744,-0.739,-0.759,0.00%
10/31/2017,-0.75,-0.751,-0.739,-0.76,-0.53%
10/30/2017,-0.754,-0.77,-0.746,-0.77,-1.05%
10/29/2017,-0.762,-0.762,-0.762,-0.762,-0.52%
10/27/2017,-0.766,-0.738,-0.726,-0.771,2.54%
10/26/2017,-0.747,-0.704,-0.695,-0.747,5.96%
10/25/2017,-0.705,-0.698,-0.692,-0.716,0.14%
10/24/2017,-0.704,-0.719,-0.699,-0.731,-3.30%
10/23/2017,-0.728,-0.708,-0.708,-0.732,1.11%
10/22/2017,-0.72,-0.72,-0.72,-0.72,0.00%
10/21/2017,-0.72,-0.718,-0.718,-0.72,0.28%
10/20/2017,-0.718,-0.723,-0.706,-0.733,-2.05%
10/19/2017,-0.733,-0.717,-0.711,-0.735,0.96%
10/18/2017,-0.726,-0.735,-0.714,-0.738,-0.82%
10/17/2017,-0.732,-0.734,-0.723,-0.743,-0.95%
10/16/2017,-0.739,-0.719,-0.713,-0.743,1.51%
10/13/2017,-0.728,-0.7,-0.699,-0.728,3.12%
10/12/2017,-0.706,-0.693,-0.686,-0.71,1.58%
10/11/2017,-0.695,-0.692,-0.684,-0.701,-1.00%
10/10/2017,-0.702,-0.701,-0.685,-0.714,0.00%
10/9/2017,-0.702,-0.69,-0.686,-0.707,0.43%
10/6/2017,-0.699,-0.709,-0.673,-0.709,0.72%
10/5/2017,-0.694,-0.698,-0.681,-0.713,-1.84%
10/4/2017,-0.707,-0.71,-0.696,-0.73,-0.14%
10/3/2017,-0.708,-0.697,-0.684,-0.71,0.00%
10/2/2017,-0.708,-0.682,-0.662,-0.711,3.96%
9/29/2017,-0.681,-0.692,-0.678,-0.712,-1.87%
9/28/2017,-0.694,-0.671,-0.664,-0.701,-0.57%
9/27/2017,-0.698,-0.706,-0.671,-0.713,-1.97%
9/26/2017,-0.712,-0.702,-0.69,-0.721,-0.14%
9/25/2017,-0.713,-0.671,-0.664,-0.717,4.09%
9/22/2017,-0.685,-0.671,-0.659,-0.689,0.44%
9/21/2017,-0.682,-0.674,-0.655,-0.688,-1.16%
9/20/2017,-0.69,-0.687,-0.67,-0.694,0.15%
9/19/2017,-0.689,-0.674,-0.671,-0.698,0.73%
9/18/2017,-0.684,-0.687,-0.673,-0.708,-2.01%
9/15/2017,-0.698,-0.733,-0.672,-0.736,-3.86%
9/14/2017,-0.726,-0.714,-0.696,-0.737,1.68%
9/13/2017,-0.714,-0.734,-0.705,-0.74,-1.52%
9/12/2017,-0.725,-0.74,-0.713,-0.756,-3.33%
9/11/2017,-0.75,-0.747,-0.732,-0.757,-1.45%
9/8/2017,-0.761,-0.756,-0.736,-0.775,1.20%
9/7/2017,-0.752,-0.733,-0.715,-0.768,3.44%
9/6/2017,-0.727,-0.761,-0.727,-0.77,-3.84%
9/5/2017,-0.756,-0.736,-0.731,-0.76,2.16%
9/4/2017,-0.74,-0.739,-0.725,-0.744,1.09%
9/1/2017,-0.732,-0.734,-0.716,-0.734,-0.14%
8/31/2017,-0.733,-0.716,-0.694,-0.737,-2.40%
8/30/2017,-0.751,-0.743,-0.733,-0.756,0.54%
8/29/2017,-0.747,-0.751,-0.736,-0.764,0.13%
8/28/2017,-0.746,-0.725,-0.72,-0.749,2.47%
8/25/2017,-0.728,-0.728,-0.708,-0.736,-1.62%
8/24/2017,-0.74,-0.736,-0.721,-0.74,1.09%
8/23/2017,-0.732,-0.711,-0.706,-0.737,2.23%
8/22/2017,-0.716,-0.71,-0.702,-0.726,-0.14%
8/21/2017,-0.717,-0.695,-0.693,-0.719,1.70%
8/18/2017,-0.705,-0.699,-0.696,-0.718,0.57%
8/17/2017,-0.701,-0.716,-0.688,-0.726,-1.41%
8/16/2017,-0.711,-0.708,-0.689,-0.728,0.14%
8/15/2017,-0.71,-0.704,-0.691,-0.727,-0.98%
8/14/2017,-0.717,-0.707,-0.698,-0.731,-0.28%
8/12/2017,-0.719,-0.719,-0.719,-0.719,0.56%
8/11/2017,-0.715,-0.709,-0.687,-0.73,3.77%
8/10/2017,-0.689,-0.692,-0.673,-0.708,0.29%
8/9/2017,-0.687,-0.678,-0.663,-0.699,3.93%
8/8/2017,-0.661,-0.676,-0.659,-0.682,-3.08%
8/7/2017,-0.682,-0.676,-0.656,-0.692,-0.29%
8/6/2017,-0.684,-0.684,-0.684,-0.684,0.00%
8/4/2017,-0.684,-0.686,-0.664,-0.691,0.44%
8/3/2017,-0.681,-0.681,-0.669,-0.697,-1.30%
8/2/2017,-0.69,-0.702,-0.683,-0.706,-1.85%
8/1/2017,-0.703,-0.676,-0.654,-0.707,3.38%
7/31/2017,-0.68,-0.68,-0.658,-0.706,-0.73%
7/28/2017,-0.685,-0.694,-0.636,-0.699,1.03%
7/27/2017,-0.678,-0.661,-0.646,-0.698,2.26%
7/26/2017,-0.663,-0.651,-0.638,-0.685,2.31%
7/25/2017,-0.648,-0.66,-0.632,-0.679,-1.07%
7/24/2017,-0.655,-0.643,-0.626,-0.678,2.66%
7/21/2017,-0.638,-0.661,-0.619,-0.672,-0.62%
7/20/2017,-0.642,-0.643,-0.625,-0.67,0.78%
7/19/2017,-0.637,-0.634,-0.623,-0.657,-0.16%
7/18/2017,-0.638,-0.624,-0.61,-0.651,3.07%
7/17/2017,-0.619,-0.603,-0.597,-0.64,0.98%
7/16/2017,-0.613,-0.613,-0.613,-0.613,0.49%
7/14/2017,-0.61,-0.606,-0.604,-0.649,0.16%
7/13/2017,-0.609,-0.623,-0.602,-0.648,-1.14%
7/12/2017,-0.616,-0.609,-0.593,-0.63,1.15%
7/11/2017,-0.609,-0.601,-0.585,-0.619,-0.65%
7/10/2017,-0.613,-0.598,-0.582,-0.634,3.37%
7/8/2017,-0.593,-0.593,-0.593,-0.593,-0.50%
7/7/2017,-0.596,-0.582,-0.573,-0.623,3.11%
7/6/2017,-0.578,-0.606,-0.569,-0.617,-3.83%
7/5/2017,-0.601,-0.609,-0.581,-0.624,-0.99%
7/4/2017,-0.607,-0.608,-0.583,-0.623,3.94%
7/3/2017,-0.584,-0.573,-0.562,-0.612,2.28%
7/2/2017,-0.571,-0.571,-0.571,-0.571,0.00%
7/1/2017,-0.571,-0.571,-0.571,-0.571,-0.35%
6/30/2017,-0.573,-0.591,-0.543,-0.601,1.96%
6/29/2017,-0.562,-0.564,-0.553,-0.605,-1.58%
6/28/2017,-0.571,-0.555,-0.533,-0.623,5.35%
6/27/2017,-0.542,-0.616,-0.542,-0.647,-12.30%
6/26/2017,-0.618,-0.61,-0.596,-0.661,1.31%
6/25/2017,-0.61,-0.61,-0.61,-0.61,-1.77%
6/23/2017,-0.621,-0.626,-0.595,-0.655,-1.27%
6/22/2017,-0.629,-0.636,-0.595,-0.669,0.00%
6/21/2017,-0.629,-0.677,-0.617,-0.687,-2.63%
6/20/2017,-0.646,-0.649,-0.626,-0.691,-0.77%
6/19/2017,-0.651,-0.645,-0.63,-0.689,-1.21%
6/17/2017,-0.659,-0.659,-0.659,-0.659,0.00%
6/16/2017,-0.659,-0.634,-0.614,-0.689,1.38%
6/15/2017,-0.65,-0.673,-0.623,-0.686,-5.52%
6/14/2017,-0.688,-0.702,-0.67,-0.729,-1.85%
6/13/2017,-0.701,-0.743,-0.694,-0.743,-2.91%
6/12/2017,-0.722,-0.742,-0.707,-0.751,-1.50%
6/9/2017,-0.733,-0.741,-0.716,-0.746,0.27%
6/8/2017,-0.731,-0.71,-0.691,-0.74,1.39%
6/7/2017,-0.721,-0.717,-0.707,-0.739,-1.37%
6/6/2017,-0.731,-0.711,-0.648,-0.74,3.39%
6/5/2017,-0.707,-0.715,-0.686,-0.722,-0.42%
6/2/2017,-0.71,-0.705,-0.705,-0.729,0.00%
6/1/2017,-0.71,-0.723,-0.694,-0.723,-0.84%
5/31/2017,-0.716,-0.696,-0.686,-0.718,0.70%
5/30/2017,-0.711,-0.711,-0.69,-0.729,-0.84%
5/29/2017,-0.717,-0.675,-0.675,-0.719,5.44%
5/26/2017,-0.68,-0.674,-0.664,-0.688,1.04%
5/25/2017,-0.673,-0.649,-0.649,-0.675,3.22%
5/24/2017,-0.652,-0.627,-0.627,-0.661,0.93%
5/23/2017,-0.646,-0.632,-0.616,-0.658,-4.30%
5/22/2017,-0.675,-0.69,-0.652,-0.697,-1.17%
5/19/2017,-0.683,-0.694,-0.662,-0.694,-1.87%
5/18/2017,-0.696,-0.697,-0.666,-0.71,1.61%
5/17/2017,-0.685,-0.663,-0.642,-0.689,3.95%
5/16/2017,-0.659,-0.675,-0.641,-0.683,-2.80%
5/15/2017,-0.678,-0.667,-0.656,-0.689,-0.15%
5/12/2017,-0.679,-0.659,-0.644,-0.686,3.82%
5/11/2017,-0.654,-0.659,-0.622,-0.67,-1.65%
5/10/2017,-0.665,-0.668,-0.641,-0.678,-0.89%
5/9/2017,-0.671,-0.65,-0.645,-0.676,3.39%
5/8/2017,-0.649,-0.676,-0.649,-0.687,-2.99%
5/7/2017,-0.669,-0.669,-0.669,-0.669,0.75%
5/5/2017,-0.664,-0.7,-0.664,-0.714,-2.21%
5/4/2017,-0.679,-0.711,-0.674,-0.721,-5.83%
5/3/2017,-0.721,-0.713,-0.708,-0.731,0.56%
5/2/2017,-0.717,-0.727,-0.701,-0.735,-1.65%
5/1/2017,-0.729,-0.734,-0.721,-0.734,0.00%
4/28/2017,-0.729,-0.734,-0.695,-0.737,-0.95%
4/27/2017,-0.736,-0.688,-0.663,-0.747,6.67%
4/26/2017,-0.69,-0.678,-0.669,-0.701,2.22%
4/25/2017,-0.675,-0.685,-0.667,-0.694,-2.32%
4/24/2017,-0.691,-0.745,-0.667,-0.745,-12.42%
4/22/2017,-0.789,-0.789,-0.789,-0.789,0.00%
4/21/2017,-0.789,-0.811,-0.77,-0.817,-0.13%
4/20/2017,-0.79,-0.816,-0.764,-0.826,-1.25%
4/19/2017,-0.8,-0.866,-0.781,-0.868,-6.54%
4/18/2017,-0.856,-0.87,-0.836,-0.877,-0.23%
4/17/2017,-0.858,-0.856,-0.835,-0.871,-0.12%
4/14/2017,-0.859,-0.856,-0.835,-0.871,0.00%
4/13/2017,-0.859,-0.856,-0.835,-0.871,2.38%
4/12/2017,-0.839,-0.86,-0.824,-0.87,-1.18%
4/11/2017,-0.849,-0.846,-0.818,-0.859,1.07%
4/10/2017,-0.84,-0.807,-0.791,-0.845,4.22%
4/7/2017,-0.806,-0.806,-0.775,-0.813,3.60%
4/6/2017,-0.778,-0.804,-0.764,-0.814,-2.02%
4/5/2017,-0.794,-0.788,-0.761,-0.806,0.89%
4/4/2017,-0.787,-0.8,-0.78,-0.835,-1.99%
4/3/2017,-0.803,-0.748,-0.733,-0.807,8.51%
3/31/2017,-0.74,-0.747,-0.712,-0.754,1.23%
3/30/2017,-0.731,-0.747,-0.716,-0.761,-2.14%
3/29/2017,-0.747,-0.703,-0.683,-0.753,6.87%
3/28/2017,-0.699,-0.707,-0.677,-0.722,-1.13%
3/27/2017,-0.707,-0.741,-0.691,-0.767,-4.20%
3/26/2017,-0.738,-0.738,-0.738,-0.738,-0.27%
3/24/2017,-0.74,-0.733,-0.715,-0.745,1.09%
3/23/2017,-0.732,-0.749,-0.724,-0.769,-3.81%
3/22/2017,-0.761,-0.731,-0.726,-0.771,2.56%
3/21/2017,-0.742,-0.776,-0.71,-0.78,-4.26%
3/20/2017,-0.775,-0.754,-0.744,-0.783,0.26%
3/18/2017,-0.773,-0.773,-0.773,-0.773,0.00%
3/17/2017,-0.773,-0.738,-0.738,-0.781,-2.28%
3/16/2017,-0.791,-0.801,-0.762,-0.821,-3.54%
3/15/2017,-0.82,-0.798,-0.788,-0.822,1.36%
3/14/2017,-0.809,-0.805,-0.782,-0.831,0.62%
3/13/2017,-0.804,-0.825,-0.803,-0.834,-3.37%
3/10/2017,-0.832,-0.849,-0.808,-0.858,-2.80%
3/9/2017,-0.856,-0.84,-0.823,-0.866,1.06%
3/8/2017,-0.847,-0.861,-0.829,-0.878,-2.76%
3/7/2017,-0.871,-0.834,-0.823,-0.877,5.83%
3/6/2017,-0.823,-0.813,-0.806,-0.828,2.24%
3/3/2017,-0.805,-0.85,-0.801,-0.85,-3.01%
3/2/2017,-0.83,-0.826,-0.823,-0.853,0.36%
3/1/2017,-0.827,-0.878,-0.818,-0.898,-7.70%
2/28/2017,-0.896,-0.912,-0.89,-0.926,-2.93%
2/27/2017,-0.923,-0.943,-0.915,-0.954,-2.02%
2/24/2017,-0.942,-0.927,-0.915,-0.964,3.97%
2/23/2017,-0.906,-0.889,-0.871,-0.919,3.07%
2/22/2017,-0.879,-0.866,-0.866,-0.919,1.97%
2/21/2017,-0.862,-0.845,-0.841,-0.867,2.13%
2/20/2017,-0.844,-0.807,-0.797,-0.858,4.46%
2/17/2017,-0.808,-0.77,-0.765,-0.819,5.07%
2/16/2017,-0.769,-0.79,-0.766,-0.796,-2.90%
2/15/2017,-0.792,-0.801,-0.782,-0.806,0.00%
2/14/2017,-0.792,-0.797,-0.785,-0.805,0.51%
2/13/2017,-0.788,-0.788,-0.78,-0.798,0.13%
2/10/2017,-0.787,-0.772,-0.764,-0.789,2.08%
2/9/2017,-0.771,-0.797,-0.771,-0.798,-1.91%
2/8/2017,-0.786,-0.78,-0.771,-0.801,1.42%
2/7/2017,-0.775,-0.783,-0.76,-0.788,1.04%
2/6/2017,-0.767,-0.737,-0.733,-0.777,4.35%
2/3/2017,-0.735,-0.729,-0.718,-0.746,0.27%
2/2/2017,-0.733,-0.72,-0.71,-0.743,3.24%
2/1/2017,-0.71,-0.693,-0.687,-0.715,1.72%
1/31/2017,-0.698,-0.67,-0.666,-0.704,3.71%
1/30/2017,-0.673,-0.659,-0.648,-0.68,1.82%
1/27/2017,-0.661,-0.645,-0.645,-0.668,2.64%
1/26/2017,-0.644,-0.644,-0.635,-0.659,-0.92%
1/25/2017,-0.65,-0.67,-0.644,-0.673,-2.55%
1/24/2017,-0.667,-0.679,-0.661,-0.688,-2.06%
1/23/2017,-0.681,-0.683,-0.665,-0.687,0.74%
1/21/2017,-0.676,-0.667,-0.667,-0.676,1.35%
1/20/2017,-0.667,-0.707,-0.664,-0.713,-4.30%
1/19/2017,-0.697,-0.718,-0.689,-0.722,-2.24%
1/18/2017,-0.713,-0.728,-0.71,-0.735,-2.19%
1/17/2017,-0.729,-0.734,-0.723,-0.75,-0.68%
1/16/2017,-0.734,-0.722,-0.721,-0.744,3.09%
1/13/2017,-0.712,-0.711,-0.699,-0.729,0.00%
1/12/2017,-0.712,-0.719,-0.705,-0.727,0.00%
1/11/2017,-0.712,-0.721,-0.702,-0.743,-1.25%
1/10/2017,-0.721,-0.733,-0.72,-0.747,-1.37%
1/9/2017,-0.731,-0.735,-0.727,-0.756,1.25%
1/6/2017,-0.722,-0.734,-0.706,-0.755,-0.96%
1/5/2017,-0.729,-0.786,-0.716,-0.8,-6.06%
1/4/2017,-0.776,-0.806,-0.756,-0.811,0.26%
1/3/2017,-0.774,-0.781,-0.767,-0.8,-0.90%
1/2/2017,-0.781,-0.787,-0.772,-0.804,-0.13%
12/30/2016,-0.782,-0.808,-0.771,-0.808,-0.38%
12/29/2016,-0.785,-0.832,-0.783,-0.841,-3.33%
12/28/2016,-0.812,-0.836,-0.809,-0.837,-0.98%
12/27/2016,-0.82,-0.799,-0.79,-0.838,3.67%
12/23/2016,-0.791,-0.8,-0.786,-0.805,0.51%
12/22/2016,-0.787,-0.802,-0.775,-0.803,-0.25%
12/21/2016,-0.789,-0.79,-0.776,-0.8,0.77%
12/20/2016,-0.783,-0.799,-0.783,-0.806,-2.13%
12/19/2016,-0.8,-0.786,-0.786,-0.808,0.88%
12/16/2016,-0.793,-0.778,-0.77,-0.807,2.06%
12/15/2016,-0.777,-0.764,-0.749,-0.786,1.04%
12/14/2016,-0.769,-0.75,-0.746,-0.775,3.22%
12/13/2016,-0.745,-0.743,-0.735,-0.767,0.40%
12/12/2016,-0.742,-0.75,-0.729,-0.766,-2.24%
12/9/2016,-0.759,-0.74,-0.73,-0.775,2.99%
12/8/2016,-0.737,-0.667,-0.632,-0.764,8.86%
12/7/2016,-0.677,-0.697,-0.659,-0.704,-2.59%
12/6/2016,-0.695,-0.709,-0.694,-0.723,-2.25%
12/5/2016,-0.711,-0.747,-0.692,-0.747,-3.66%
12/2/2016,-0.738,-0.73,-0.713,-0.746,0.54%
12/1/2016,-0.734,-0.741,-0.727,-0.757,0.82%
11/30/2016,-0.728,-0.761,-0.719,-0.762,-3.06%
11/29/2016,-0.751,-0.765,-0.742,-0.769,-0.92%
11/28/2016,-0.758,-0.749,-0.747,-0.767,1.07%
11/25/2016,-0.75,-0.739,-0.739,-0.759,2.04%
11/24/2016,-0.735,-0.709,-0.7,-0.742,4.11%
11/23/2016,-0.706,-0.73,-0.669,-0.747,-4.21%
11/22/2016,-0.737,-0.68,-0.68,-0.739,8.22%
11/21/2016,-0.681,-0.676,-0.664,-0.686,0.59%
11/19/2016,-0.677,-0.667,-0.667,-0.677,1.50%
11/18/2016,-0.667,-0.637,-0.628,-0.668,5.04%
11/17/2016,-0.635,-0.633,-0.628,-0.64,0.32%
11/16/2016,-0.633,-0.626,-0.618,-0.636,1.28%
11/15/2016,-0.625,-0.619,-0.614,-0.634,1.96%
11/14/2016,-0.613,-0.596,-0.583,-0.616,1.66%
11/11/2016,-0.603,-0.607,-0.573,-0.615,-2.43%
11/10/2016,-0.618,-0.625,-0.602,-0.635,-3.89%
11/9/2016,-0.643,-0.641,-0.623,-0.666,1.58%
11/8/2016,-0.633,-0.632,-0.617,-0.644,-0.94%
11/7/2016,-0.639,-0.637,-0.616,-0.643,0.00%
11/4/2016,-0.639,-0.627,-0.616,-0.648,1.43%
11/3/2016,-0.63,-0.636,-0.615,-0.642,-0.94%
11/2/2016,-0.636,-0.612,-0.612,-0.64,2.58%
11/1/2016,-0.62,-0.615,-0.602,-0.626,0.32%
10/31/2016,-0.618,-0.617,-0.602,-0.627,0.00%
10/28/2016,-0.618,-0.62,-0.595,-0.628,-0.64%
10/27/2016,-0.622,-0.637,-0.609,-0.641,-1.43%
10/26/2016,-0.631,-0.647,-0.626,-0.654,-2.92%
10/25/2016,-0.65,-0.652,-0.641,-0.658,-0.15%
10/24/2016,-0.651,-0.649,-0.648,-0.67,-1.51%
10/21/2016,-0.661,-0.665,-0.649,-0.672,-0.90%
10/20/2016,-0.667,-0.663,-0.643,-0.674,-0.45%
10/19/2016,-0.67,-0.664,-0.66,-0.678,0.60%
10/18/2016,-0.666,-0.655,-0.651,-0.674,1.06%
10/17/2016,-0.659,-0.658,-0.643,-0.666,0.30%
10/15/2016,-0.657,-0.657,-0.657,-0.657,-0.30%
10/14/2016,-0.659,-0.658,-0.647,-0.665,0.30%
10/13/2016,-0.657,-0.672,-0.655,-0.676,0.77%
10/12/2016,-0.652,-0.663,-0.651,-0.668,-2.69%
10/11/2016,-0.67,-0.665,-0.658,-0.672,1.21%
10/10/2016,-0.662,-0.661,-0.649,-0.669,-0.60%
10/7/2016,-0.666,-0.665,-0.648,-0.675,-0.89%
10/6/2016,-0.672,-0.678,-0.657,-0.684,0.30%
10/5/2016,-0.67,-0.676,-0.66,-0.692,-1.62%
10/4/2016,-0.681,-0.688,-0.675,-0.696,-1.59%
10/3/2016,-0.692,-0.685,-0.679,-0.697,0.58%
9/30/2016,-0.688,-0.698,-0.682,-0.71,-0.43%
9/29/2016,-0.691,-0.695,-0.681,-0.695,-0.58%
9/28/2016,-0.695,-0.696,-0.683,-0.713,-0.57%
9/27/2016,-0.699,-0.686,-0.679,-0.717,2.49%
9/26/2016,-0.682,-0.666,-0.666,-0.684,1.64%
9/25/2016,-0.671,-0.671,-0.671,-0.671,0.00%
9/24/2016,-0.671,-0.669,-0.669,-0.671,0.00%
9/23/2016,-0.671,-0.663,-0.656,-0.675,0.00%
9/22/2016,-0.671,-0.658,-0.658,-0.676,1.21%
9/21/2016,-0.663,-0.657,-0.649,-0.669,0.30%
9/20/2016,-0.661,-0.651,-0.65,-0.666,1.69%
9/19/2016,-0.65,-0.654,-0.646,-0.663,-1.22%
9/17/2016,-0.658,-0.658,-0.658,-0.658,0.77%
9/16/2016,-0.653,-0.647,-0.643,-0.664,1.40%
9/15/2016,-0.644,-0.646,-0.634,-0.655,-0.31%
9/14/2016,-0.646,-0.62,-0.618,-0.652,3.69%
9/13/2016,-0.623,-0.635,-0.621,-0.645,-1.58%
9/12/2016,-0.633,-0.619,-0.614,-0.637,0.16%
9/9/2016,-0.632,-0.643,-0.618,-0.647,-2.47%
9/8/2016,-0.648,-0.657,-0.622,-0.678,-3.71%
9/7/2016,-0.673,-0.664,-0.654,-0.678,0.00%
9/6/2016,-0.673,-0.637,-0.634,-0.673,4.83%
9/5/2016,-0.642,-0.631,-0.631,-0.643,1.74%
9/2/2016,-0.631,-0.617,-0.616,-0.638,1.45%
9/1/2016,-0.622,-0.613,-0.609,-0.628,0.65%
8/31/2016,-0.618,-0.617,-0.613,-0.629,-0.48%
8/30/2016,-0.621,-0.621,-0.611,-0.631,-0.32%
8/29/2016,-0.623,-0.617,-0.604,-0.628,1.63%
8/26/2016,-0.613,-0.614,-0.607,-0.621,0.16%
8/25/2016,-0.612,-0.626,-0.608,-0.63,-1.77%
8/24/2016,-0.623,-0.628,-0.62,-0.629,-0.80%
8/23/2016,-0.628,-0.619,-0.615,-0.633,0.80%
8/22/2016,-0.623,-0.61,-0.61,-0.625,2.47%
8/19/2016,-0.608,-0.617,-0.606,-0.624,-2.09%
8/18/2016,-0.621,-0.62,-0.602,-0.622,1.47%
8/17/2016,-0.612,-0.609,-0.605,-0.618,0.82%
8/16/2016,-0.607,-0.608,-0.603,-0.619,-0.16%
8/15/2016,-0.608,-0.624,-0.607,-0.631,-3.49%
8/14/2016,-0.63,-0.63,-0.63,-0.63,0.00%
8/13/2016,-0.63,-0.63,-0.63,-0.63,0.96%
8/12/2016,-0.624,-0.633,-0.613,-0.635,-0.16%
8/11/2016,-0.625,-0.635,-0.62,-0.643,-0.79%
8/10/2016,-0.63,-0.625,-0.616,-0.636,1.94%
8/9/2016,-0.618,-0.613,-0.61,-0.622,0.00%
8/8/2016,-0.618,-0.605,-0.6,-0.623,0.98%
8/6/2016,-0.612,-0.612,-0.612,-0.612,0.00%
8/5/2016,-0.612,-0.604,-0.601,-0.619,0.49%
8/4/2016,-0.609,-0.589,-0.585,-0.614,2.18%
8/3/2016,-0.596,-0.594,-0.582,-0.604,-0.33%
8/2/2016,-0.598,-0.612,-0.582,-0.621,-1.97%
8/1/2016,-0.61,-0.622,-0.606,-0.629,-2.56%
7/29/2016,-0.626,-0.605,-0.593,-0.629,1.95%
7/28/2016,-0.614,-0.624,-0.6,-0.625,-0.65%
7/27/2016,-0.618,-0.608,-0.597,-0.623,2.15%
7/26/2016,-0.605,-0.609,-0.599,-0.617,-0.49%
7/25/2016,-0.608,-0.61,-0.596,-0.616,-0.33%
7/22/2016,-0.61,-0.621,-0.602,-0.632,-1.61%
7/21/2016,-0.62,-0.625,-0.597,-0.634,-0.64%
7/20/2016,-0.624,-0.643,-0.616,-0.646,-2.19%
7/19/2016,-0.638,-0.659,-0.631,-0.673,-0.47%
7/18/2016,-0.641,-0.649,-0.64,-0.658,-0.77%
7/15/2016,-0.646,-0.661,-0.636,-0.665,-1.52%
7/14/2016,-0.656,-0.674,-0.638,-0.674,-2.24%
7/13/2016,-0.671,-0.674,-0.656,-0.679,1.36%
7/12/2016,-0.662,-0.692,-0.662,-0.692,-3.64%
7/11/2016,-0.687,-0.694,-0.681,-0.706,0.15%
7/8/2016,-0.686,-0.679,-0.663,-0.691,0.88%
7/7/2016,-0.68,-0.679,-0.657,-0.683,0.74%
7/6/2016,-0.675,-0.669,-0.66,-0.686,-0.15%
7/5/2016,-0.676,-0.666,-0.649,-0.681,1.65%
7/4/2016,-0.665,-0.649,-0.627,-0.668,2.47%
7/1/2016,-0.649,-0.627,-0.621,-0.653,0.00%
6/30/2016,-0.649,-0.651,-0.638,-0.66,-0.61%
6/29/2016,-0.653,-0.668,-0.626,-0.673,-1.80%
6/28/2016,-0.665,-0.654,-0.613,-0.665,2.47%
6/27/2016,-0.649,-0.619,-0.61,-0.665,1.25%
6/25/2016,-0.641,-0.615,-0.615,-0.641,-0.77%
6/24/2016,-0.646,-0.715,-0.607,-0.721,14.13%
6/23/2016,-0.566,-0.582,-0.545,-0.591,-1.74%
6/22/2016,-0.576,-0.577,-0.561,-0.587,-1.37%
6/21/2016,-0.584,-0.579,-0.566,-0.587,0.52%
6/20/2016,-0.581,-0.594,-0.566,-0.605,-3.65%
6/18/2016,-0.603,-0.603,-0.603,-0.603,0.33%
6/17/2016,-0.601,-0.593,-0.561,-0.607,-0.17%
6/16/2016,-0.602,-0.592,-0.577,-0.606,4.33%
6/15/2016,-0.577,-0.578,-0.561,-0.592,-0.52%
6/14/2016,-0.58,-0.544,-0.533,-0.59,6.03%
6/13/2016,-0.547,-0.541,-0.529,-0.549,0.37%
6/11/2016,-0.545,-0.545,-0.545,-0.545,0.00%
6/10/2016,-0.545,-0.538,-0.53,-0.551,0.18%
6/9/2016,-0.544,-0.536,-0.529,-0.548,1.68%
6/8/2016,-0.535,-0.533,-0.527,-0.545,-0.37%
6/7/2016,-0.537,-0.537,-0.526,-0.542,-0.19%
6/6/2016,-0.538,-0.536,-0.524,-0.545,4.06%
6/5/2016,-0.517,-0.517,-0.517,-0.517,-3.18%
6/4/2016,-0.534,-0.535,-0.534,-0.535,0.56%
6/3/2016,-0.531,-0.517,-0.51,-0.533,2.91%
6/2/2016,-0.516,-0.505,-0.503,-0.519,0.19%
6/1/2016,-0.515,-0.512,-0.51,-0.516,1.18%
5/31/2016,-0.509,-0.513,-0.5,-0.514,-0.78%
5/30/2016,-0.513,-0.517,-0.511,-0.517,-1.35%
5/27/2016,-0.52,-0.525,-0.52,-0.527,0.39%
5/26/2016,-0.518,-0.513,-0.507,-0.518,1.97%
5/25/2016,-0.508,-0.509,-0.502,-0.51,0.59%
5/24/2016,-0.505,-0.507,-0.503,-0.508,0.20%
5/23/2016,-0.504,-0.502,-0.502,-0.513,0.20%
5/20/2016,-0.503,-0.501,-0.498,-0.503,0.00%
5/19/2016,-0.503,-0.5,-0.495,-0.506,-0.79%
5/18/2016,-0.507,-0.512,-0.503,-0.514,0.00%
5/17/2016,-0.507,-0.507,-0.503,-0.509,0.40%
5/16/2016,-0.505,-0.511,-0.503,-0.511,0.60%
5/13/2016,-0.502,-0.507,-0.496,-0.51,-0.40%
5/12/2016,-0.504,-0.504,-0.498,-0.515,-0.40%
5/11/2016,-0.506,-0.504,-0.499,-0.512,0.20%
5/10/2016,-0.505,-0.505,-0.502,-0.514,-1.17%
5/9/2016,-0.511,-0.494,-0.491,-0.516,-0.39%
5/6/2016,-0.513,-0.51,-0.491,-0.515,1.18%
5/5/2016,-0.507,-0.493,-0.49,-0.509,3.47%
5/4/2016,-0.49,-0.496,-0.483,-0.502,-1.01%
5/3/2016,-0.495,-0.472,-0.467,-0.501,5.77%
5/2/2016,-0.468,-0.478,-0.468,-0.49,-1.68%
4/29/2016,-0.476,-0.494,-0.469,-0.5,-3.45%
4/28/2016,-0.493,-0.502,-0.491,-0.509,1.02%
4/27/2016,-0.488,-0.491,-0.485,-0.495,0.62%
4/26/2016,-0.485,-0.497,-0.483,-0.508,-1.02%
4/25/2016,-0.49,-0.509,-0.489,-0.509,-0.41%
4/22/2016,-0.492,-0.483,-0.476,-0.498,2.71%
4/21/2016,-0.479,-0.498,-0.472,-0.501,-2.84%
4/20/2016,-0.493,-0.507,-0.493,-0.512,-0.60%
4/19/2016,-0.496,-0.499,-0.491,-0.506,0.40%
4/18/2016,-0.494,-0.509,-0.491,-0.517,-2.95%
4/15/2016,-0.509,-0.498,-0.49,-0.512,3.04%
4/14/2016,-0.494,-0.516,-0.487,-0.518,-3.89%
4/13/2016,-0.514,-0.514,-0.507,-0.523,0.98%
4/12/2016,-0.509,-0.518,-0.507,-0.519,-1.17%
4/11/2016,-0.515,-0.515,-0.5,-0.519,0.59%
4/8/2016,-0.512,-0.495,-0.495,-0.517,2.40%
4/7/2016,-0.5,-0.488,-0.484,-0.506,3.31%
4/6/2016,-0.484,-0.479,-0.473,-0.486,0.83%
4/5/2016,-0.48,-0.483,-0.474,-0.489,1.27%
4/4/2016,-0.474,-0.477,-0.467,-0.482,-0.84%
4/2/2016,-0.478,-0.478,-0.478,-0.478,0.00%
4/1/2016,-0.478,-0.488,-0.474,-0.493,-1.44%
3/31/2016,-0.485,-0.491,-0.48,-0.498,-0.41%
3/30/2016,-0.487,-0.493,-0.481,-0.494,-0.81%
3/29/2016,-0.491,-0.481,-0.47,-0.492,4.91%
3/25/2016,-0.468,-0.478,-0.468,-0.478,-0.64%
3/24/2016,-0.471,-0.481,-0.466,-0.491,-0.42%
3/23/2016,-0.473,-0.475,-0.463,-0.486,1.72%
3/22/2016,-0.465,-0.482,-0.463,-0.488,-1.90%
3/21/2016,-0.474,-0.466,-0.457,-0.485,3.49%
3/18/2016,-0.458,-0.469,-0.456,-0.481,-0.65%
3/17/2016,-0.461,-0.466,-0.45,-0.471,2.44%
3/16/2016,-0.45,-0.452,-0.436,-0.461,2.74%
3/15/2016,-0.438,-0.462,-0.435,-0.466,-4.37%
3/14/2016,-0.458,-0.456,-0.447,-0.475,3.15%
3/11/2016,-0.444,-0.454,-0.433,-0.464,-1.11%
3/10/2016,-0.449,-0.532,-0.438,-0.565,-14.96%
3/9/2016,-0.528,-0.558,-0.527,-0.561,-6.22%
3/8/2016,-0.563,-0.55,-0.548,-0.57,2.93%
3/7/2016,-0.547,-0.549,-0.538,-0.558,0.37%
3/4/2016,-0.545,-0.58,-0.537,-0.581,-4.89%
3/3/2016,-0.573,-0.546,-0.543,-0.578,4.37%
3/2/2016,-0.549,-0.558,-0.545,-0.559,-1.96%
3/1/2016,-0.56,-0.574,-0.55,-0.576,-1.75%
2/29/2016,-0.57,-0.544,-0.542,-0.575,4.20%
2/27/2016,-0.547,-0.546,-0.546,-0.547,0.92%
2/26/2016,-0.542,-0.533,-0.532,-0.551,1.50%
2/25/2016,-0.534,-0.515,-0.51,-0.541,2.69%
2/24/2016,-0.52,-0.527,-0.516,-0.539,-0.95%
2/23/2016,-0.525,-0.529,-0.511,-0.534,-0.76%
2/22/2016,-0.529,-0.521,-0.521,-0.539,0.00%
2/19/2016,-0.529,-0.522,-0.516,-0.544,2.32%
2/18/2016,-0.517,-0.514,-0.504,-0.519,2.17%
2/17/2016,-0.506,-0.503,-0.498,-0.525,-0.59%
2/16/2016,-0.509,-0.507,-0.495,-0.516,-0.78%
2/15/2016,-0.513,-0.499,-0.487,-0.518,1.18%
2/14/2016,-0.507,-0.507,-0.507,-0.507,1.81%
2/12/2016,-0.498,-0.525,-0.494,-0.539,-6.92%
2/11/2016,-0.535,-0.517,-0.504,-0.55,7.00%
2/10/2016,-0.5,-0.507,-0.5,-0.518,-3.29%
2/9/2016,-0.517,-0.507,-0.496,-0.524,2.17%
2/8/2016,-0.506,-0.491,-0.485,-0.52,4.55%
2/5/2016,-0.484,-0.484,-0.472,-0.493,1.26%
2/4/2016,-0.478,-0.494,-0.475,-0.5,-2.85%
2/3/2016,-0.492,-0.482,-0.469,-0.5,3.80%
2/2/2016,-0.474,-0.463,-0.459,-0.483,1.72%
2/1/2016,-0.466,-0.474,-0.458,-0.49,-3.72%
1/29/2016,-0.484,-0.464,-0.458,-0.49,7.08%
1/28/2016,-0.452,-0.451,-0.44,-0.457,1.57%
1/27/2016,-0.445,-0.455,-0.437,-0.465,-2.84%
1/26/2016,-0.458,-0.449,-0.445,-0.459,2.23%
1/25/2016,-0.448,-0.443,-0.438,-0.453,1.13%
1/22/2016,-0.443,-0.448,-0.432,-0.453,1.14%
1/21/2016,-0.438,-0.407,-0.394,-0.449,7.88%
1/20/2016,-0.406,-0.399,-0.392,-0.42,3.31%
1/19/2016,-0.393,-0.387,-0.384,-0.399,-0.25%
1/18/2016,-0.394,-0.384,-0.375,-0.396,0.51%
1/15/2016,-0.392,-0.376,-0.376,-0.406,2.35%
1/14/2016,-0.383,-0.386,-0.374,-0.393,1.06%
1/13/2016,-0.379,-0.377,-0.37,-0.388,0.53%
1/12/2016,-0.377,-0.382,-0.365,-0.385,-1.82%
1/11/2016,-0.384,-0.385,-0.38,-0.394,-1.54%
1/10/2016,-0.39,-0.39,-0.39,-0.39,0.26%
1/8/2016,-0.389,-0.38,-0.375,-0.395,4.01%
1/7/2016,-0.374,-0.385,-0.373,-0.403,-1.06%
1/6/2016,-0.378,-0.375,-0.368,-0.384,1.89%
1/5/2016,-0.371,-0.347,-0.342,-0.376,6.00%
1/4/2016,-0.35,-0.347,-0.345,-0.361,2.34%
12/31/2015,-0.342,-0.342,-0.342,-0.342,0.59%
12/30/2015,-0.34,-0.33,-0.325,-0.344,2.41%
12/29/2015,-0.332,-0.337,-0.325,-0.342,-0.90%
12/28/2015,-0.335,-0.334,-0.328,-0.34,0.30%
12/24/2015,-0.334,-0.334,-0.334,-0.334,0.00%
12/23/2015,-0.334,-0.339,-0.332,-0.349,-2.34%
12/22/2015,-0.342,-0.356,-0.338,-0.361,-4.74%
12/21/2015,-0.359,-0.354,-0.343,-0.363,2.57%
12/18/2015,-0.35,-0.34,-0.34,-0.357,2.04%
12/17/2015,-0.343,-0.328,-0.326,-0.351,8.20%
12/16/2015,-0.317,-0.336,-0.317,-0.345,-5.65%
12/15/2015,-0.336,-0.334,-0.318,-0.34,-2.04%
12/14/2015,-0.343,-0.341,-0.33,-0.354,0.00%
12/11/2015,-0.343,-0.328,-0.325,-0.353,3.63%
12/10/2015,-0.331,-0.325,-0.319,-0.342,4.75%
12/9/2015,-0.316,-0.314,-0.304,-0.325,0.64%
12/8/2015,-0.314,-0.309,-0.299,-0.318,0.64%
12/7/2015,-0.312,-0.291,-0.291,-0.315,5.41%
12/4/2015,-0.296,-0.289,-0.276,-0.315,-3.58%
12/3/2015,-0.307,-0.432,-0.288,-0.452,-30.70%
12/2/2015,-0.443,-0.435,-0.421,-0.446,2.07%
12/1/2015,-0.434,-0.411,-0.408,-0.44,4.83%
11/30/2015,-0.414,-0.417,-0.404,-0.42,0.00%
11/27/2015,-0.414,-0.415,-0.412,-0.426,-0.48%
11/26/2015,-0.416,-0.409,-0.404,-0.421,1.71%
11/25/2015,-0.409,-0.369,-0.369,-0.422,7.63%
11/24/2015,-0.38,-0.394,-0.373,-0.404,-2.31%
11/23/2015,-0.389,-0.386,-0.377,-0.392,0.78%
11/22/2015,-0.386,-0.386,-0.386,-0.386,0.00%
11/20/2015,-0.386,-0.377,-0.373,-0.387,5.21%
11/19/2015,-0.367,-0.368,-0.353,-0.376,1.07%
11/18/2015,-0.363,-0.385,-0.363,-0.385,-1.49%
11/17/2015,-0.368,-0.365,-0.364,-0.384,1.21%
11/16/2015,-0.364,-0.375,-0.356,-0.382,-0.74%
11/15/2015,-0.367,-0.367,-0.367,-0.367,0.14%
11/14/2015,-0.366,-0.366,-0.366,-0.366,1.98%
11/13/2015,-0.359,-0.348,-0.347,-0.366,3.25%
11/12/2015,-0.348,-0.352,-0.345,-0.37,-2.14%
11/11/2015,-0.356,-0.345,-0.342,-0.361,3.77%
11/10/2015,-0.343,-0.329,-0.327,-0.349,9.60%
11/9/2015,-0.313,-0.278,-0.276,-0.32,10.07%
11/8/2015,-0.284,-0.282,-0.282,-0.284,0.50%
11/7/2015,-0.283,-0.283,-0.283,-0.283,-0.18%
11/6/2015,-0.283,-0.312,-0.281,-0.322,-8.05%
11/5/2015,-0.308,-0.313,-0.303,-0.321,-2.56%
11/4/2015,-0.316,-0.318,-0.306,-0.329,0.32%
11/3/2015,-0.315,-0.308,-0.299,-0.318,3.28%
11/2/2015,-0.305,-0.32,-0.291,-0.327,-2.56%
11/1/2015,-0.313,-0.323,-0.313,-0.323,-2.80%
10/31/2015,-0.322,-0.322,-0.322,-0.322,3.21%
10/30/2015,-0.312,-0.319,-0.305,-0.328,-1.89%
10/29/2015,-0.318,-0.329,-0.312,-0.34,-7.83%
10/28/2015,-0.345,-0.33,-0.326,-0.354,2.37%
10/27/2015,-0.337,-0.33,-0.32,-0.34,5.31%
10/26/2015,-0.32,-0.317,-0.316,-0.33,2.89%
10/25/2015,-0.311,-0.313,-0.311,-0.313,-0.32%
10/24/2015,-0.312,-0.312,-0.312,-0.312,-0.32%
10/23/2015,-0.313,-0.313,-0.301,-0.345,0.00%
10/22/2015,-0.313,-0.252,-0.252,-0.322,25.20%
10/21/2015,-0.25,-0.234,-0.231,-0.259,6.84%
10/20/2015,-0.234,-0.261,-0.231,-0.268,-11.36%
10/19/2015,-0.264,-0.272,-0.254,-0.275,0.00%
10/18/2015,-0.264,-0.263,-0.263,-0.264,0.38%
10/17/2015,-0.263,-0.263,-0.263,-0.263,0.77%
10/16/2015,-0.261,-0.252,-0.249,-0.268,2.76%
10/15/2015,-0.254,-0.254,-0.25,-0.27,0.00%
10/14/2015,-0.254,-0.247,-0.247,-0.264,2.83%
10/13/2015,-0.247,-0.248,-0.246,-0.262,-3.14%
10/12/2015,-0.255,-0.243,-0.24,-0.259,5.37%
10/11/2015,-0.242,-0.242,-0.242,-0.242,-2.42%
10/9/2015,-0.248,-0.249,-0.24,-0.253,-0.40%
10/8/2015,-0.249,-0.242,-0.24,-0.256,3.75%
10/7/2015,-0.24,-0.246,-0.237,-0.251,-2.83%
10/6/2015,-0.247,-0.248,-0.237,-0.259,-4.63%
10/5/2015,-0.259,-0.263,-0.25,-0.269,-1.89%
10/3/2015,-0.264,-0.264,-0.264,-0.264,-1.86%
10/2/2015,-0.269,-0.261,-0.251,-0.275,1.51%
10/1/2015,-0.265,-0.252,-0.246,-0.265,7.29%
9/30/2015,-0.247,-0.248,-0.24,-0.252,-1.59%
9/29/2015,-0.251,-0.252,-0.243,-0.258,-0.79%
9/28/2015,-0.253,-0.24,-0.24,-0.254,3.69%
9/27/2015,-0.244,-0.244,-0.244,-0.244,3.39%
9/25/2015,-0.236,-0.239,-0.226,-0.244,-4.84%
9/24/2015,-0.248,-0.246,-0.234,-0.255,-1.59%
9/23/2015,-0.252,-0.262,-0.239,-0.267,-1.56%
9/22/2015,-0.256,-0.235,-0.228,-0.266,10.34%
9/21/2015,-0.232,-0.232,-0.22,-0.235,0.00%
9/18/2015,-0.232,-0.216,-0.204,-0.234,17.77%
9/17/2015,-0.197,-0.207,-0.191,-0.215,-4.83%
9/16/2015,-0.207,-0.219,-0.207,-0.228,-8.00%
9/15/2015,-0.225,-0.228,-0.22,-0.24,-1.32%
9/14/2015,-0.228,-0.219,-0.217,-0.235,3.17%
9/11/2015,-0.221,-0.215,-0.214,-0.229,1.38%
9/10/2015,-0.218,-0.223,-0.215,-0.226,-1.80%
9/9/2015,-0.222,-0.217,-0.213,-0.226,1.37%
9/8/2015,-0.219,-0.228,-0.213,-0.228,-1.35%
9/7/2015,-0.222,-0.227,-0.213,-0.237,-5.53%
9/4/2015,-0.235,-0.227,-0.222,-0.24,1.29%
9/3/2015,-0.232,-0.202,-0.197,-0.237,15.42%
9/2/2015,-0.201,-0.206,-0.196,-0.21,-2.43%
9/1/2015,-0.206,-0.191,-0.186,-0.207,6.19%
8/31/2015,-0.194,-0.196,-0.191,-0.208,-5.37%
8/28/2015,-0.205,-0.215,-0.205,-0.218,-5.09%
8/27/2015,-0.216,-0.226,-0.213,-0.228,-1.37%
8/26/2015,-0.219,-0.224,-0.219,-0.233,-2.23%
8/25/2015,-0.224,-0.248,-0.219,-0.252,-12.84%
8/24/2015,-0.257,-0.247,-0.247,-0.263,2.80%
8/21/2015,-0.25,-0.252,-0.242,-0.257,-4.21%
8/20/2015,-0.261,-0.254,-0.251,-0.266,2.76%
8/19/2015,-0.254,-0.246,-0.241,-0.257,0.79%
8/18/2015,-0.252,-0.253,-0.241,-0.265,-1.95%
8/17/2015,-0.257,-0.271,-0.251,-0.272,-3.75%
8/14/2015,-0.267,-0.276,-0.262,-0.278,0.00%
8/13/2015,-0.267,-0.267,-0.267,-0.281,-4.30%
8/12/2015,-0.279,-0.271,-0.271,-0.288,1.45%
8/11/2015,-0.275,-0.271,-0.265,-0.281,2.23%
8/10/2015,-0.269,-0.263,-0.254,-0.277,3.07%
8/7/2015,-0.261,-0.243,-0.237,-0.269,7.85%
8/6/2015,-0.242,-0.24,-0.235,-0.253,1.26%
8/5/2015,-0.239,-0.24,-0.236,-0.254,-3.24%
8/4/2015,-0.247,-0.237,-0.236,-0.254,5.11%
8/3/2015,-0.235,-0.23,-0.219,-0.244,3.52%
7/31/2015,-0.227,-0.239,-0.219,-0.24,-3.40%
7/30/2015,-0.235,-0.237,-0.224,-0.242,-0.42%
7/29/2015,-0.236,-0.228,-0.218,-0.239,2.16%
7/28/2015,-0.231,-0.217,-0.207,-0.233,3.12%
7/27/2015,-0.224,-0.219,-0.212,-0.229,2.28%
7/24/2015,-0.219,-0.227,-0.219,-0.229,-1.35%
7/23/2015,-0.222,-0.223,-0.216,-0.227,0.45%
7/22/2015,-0.221,-0.218,-0.21,-0.229,2.79%
7/21/2015,-0.215,-0.216,-0.21,-0.225,0.00%
7/20/2015,-0.215,-0.22,-0.205,-0.225,-3.15%
7/18/2015,-0.222,-0.222,-0.222,-0.222,3.26%
7/17/2015,-0.215,-0.22,-0.209,-0.225,-0.92%
7/16/2015,-0.217,-0.23,-0.204,-0.232,-3.56%
7/15/2015,-0.225,-0.216,-0.215,-0.242,1.81%
7/14/2015,-0.221,-0.227,-0.213,-0.229,-0.90%
7/13/2015,-0.223,-0.213,-0.191,-0.229,7.73%
7/10/2015,-0.207,-0.243,-0.197,-0.25,-17.53%
7/9/2015,-0.251,-0.259,-0.247,-0.262,-2.33%
7/8/2015,-0.257,-0.267,-0.247,-0.271,-1.53%
7/7/2015,-0.261,-0.257,-0.252,-0.273,4.40%
7/6/2015,-0.25,-0.272,-0.247,-0.276,-0.40%
7/3/2015,-0.251,-0.249,-0.241,-0.259,3.72%
7/2/2015,-0.242,-0.237,-0.228,-0.252,2.98%
7/1/2015,-0.235,-0.228,-0.214,-0.24,5.86%
6/30/2015,-0.222,-0.214,-0.214,-0.231,6.73%
6/29/2015,-0.208,-0.217,-0.203,-0.233,10.64%
6/26/2015,-0.188,-0.203,-0.183,-0.205,-5.05%
6/25/2015,-0.198,-0.2,-0.188,-0.202,3.66%
6/24/2015,-0.191,-0.19,-0.182,-0.2,2.69%
6/23/2015,-0.186,-0.19,-0.177,-0.192,2.76%
6/22/2015,-0.181,-0.201,-0.176,-0.204,-8.12%
6/19/2015,-0.197,-0.196,-0.186,-0.207,2.07%
6/18/2015,-0.193,-0.196,-0.186,-0.205,2.66%
6/17/2015,-0.188,-0.191,-0.185,-0.198,-2.59%
6/16/2015,-0.193,-0.19,-0.18,-0.196,7.82%
6/15/2015,-0.179,-0.184,-0.17,-0.194,4.07%
6/12/2015,-0.172,-0.169,-0.16,-0.186,5.52%
6/11/2015,-0.163,-0.154,-0.154,-0.175,2.52%
6/10/2015,-0.159,-0.151,-0.134,-0.167,7.43%
6/9/2015,-0.148,-0.159,-0.144,-0.167,-10.84%
6/8/2015,-0.166,-0.184,-0.158,-0.191,-4.05%
6/7/2015,-0.173,-0.173,-0.173,-0.173,0.00%
6/6/2015,-0.173,-0.174,-0.173,-0.174,-2.81%
6/5/2015,-0.178,-0.188,-0.154,-0.189,-4.81%
6/4/2015,-0.187,-0.17,-0.158,-0.193,5.06%
6/3/2015,-0.178,-0.19,-0.168,-0.204,-6.32%
6/2/2015,-0.19,-0.211,-0.186,-0.219,-12.44%
6/1/2015,-0.217,-0.22,-0.211,-0.23,-1.36%
5/30/2015,-0.22,-0.22,-0.22,-0.22,0.00%
5/29/2015,-0.22,-0.225,-0.215,-0.231,-1.79%
5/28/2015,-0.224,-0.225,-0.215,-0.232,0.00%
5/27/2015,-0.224,-0.219,-0.214,-0.228,2.28%
5/26/2015,-0.219,-0.211,-0.209,-0.223,3.79%
5/22/2015,-0.211,-0.21,-0.208,-0.224,-2.76%
5/21/2015,-0.217,-0.218,-0.208,-0.219,2.36%
5/20/2015,-0.212,-0.204,-0.202,-0.216,4.95%
5/19/2015,-0.202,-0.193,-0.193,-0.216,4.66%
5/18/2015,-0.193,-0.188,-0.183,-0.194,-0.52%
5/15/2015,-0.194,-0.184,-0.178,-0.198,3.74%
5/14/2015,-0.187,-0.187,-0.187,-0.187,1.08%
5/13/2015,-0.185,-0.193,-0.183,-0.201,-5.13%
5/12/2015,-0.195,-0.196,-0.191,-0.207,-5.34%
5/11/2015,-0.206,-0.205,-0.195,-0.211,-0.48%
5/8/2015,-0.207,-0.208,-0.195,-0.215,-5.05%
5/7/2015,-0.218,-0.219,-0.191,-0.226,-2.24%
5/6/2015,-0.223,-0.221,-0.206,-0.226,0.00%
5/5/2015,-0.223,-0.216,-0.206,-0.231,3.24%
5/4/2015,-0.216,-0.211,-0.2,-0.225,-3.57%
4/30/2015,-0.224,-0.227,-0.205,-0.238,-5.08%
4/29/2015,-0.236,-0.259,-0.226,-0.273,-9.92%
4/28/2015,-0.262,-0.27,-0.257,-0.282,-2.24%
4/27/2015,-0.268,-0.263,-0.257,-0.273,3.08%
4/24/2015,-0.26,-0.267,-0.251,-0.267,1.56%
4/23/2015,-0.256,-0.26,-0.245,-0.268,0.39%
4/22/2015,-0.255,-0.255,-0.25,-0.272,-3.04%
4/21/2015,-0.263,-0.263,-0.249,-0.271,1.54%
4/20/2015,-0.259,-0.265,-0.254,-0.271,-3.36%
4/17/2015,-0.268,-0.275,-0.259,-0.284,-3.60%
4/16/2015,-0.278,-0.271,-0.264,-0.28,2.21%
4/15/2015,-0.272,-0.279,-0.263,-0.284,-1.45%
4/14/2015,-0.276,-0.278,-0.268,-0.282,0.36%
4/13/2015,-0.275,-0.267,-0.259,-0.28,0.00%
4/10/2015,-0.275,-0.275,-0.262,-0.276,0.73%
4/9/2015,-0.273,-0.277,-0.266,-0.278,-0.36%
4/8/2015,-0.274,-0.264,-0.255,-0.276,3.79%
4/7/2015,-0.264,-0.249,-0.244,-0.264,6.02%
4/3/2015,-0.249,-0.255,-0.249,-0.255,-2.35%
4/2/2015,-0.255,-0.255,-0.249,-0.259,0.00%
4/1/2015,-0.255,-0.238,-0.233,-0.259,3.24%
3/31/2015,-0.247,-0.242,-0.231,-0.253,4.66%
3/30/2015,-0.236,-0.241,-0.236,-0.249,0.00%
3/27/2015,-0.236,-0.246,-0.236,-0.251,-2.48%
3/26/2015,-0.242,-0.23,-0.225,-0.248,4.76%
3/25/2015,-0.231,-0.219,-0.214,-0.236,4.05%
3/24/2015,-0.222,-0.225,-0.214,-0.23,1.37%
3/23/2015,-0.219,-0.234,-0.214,-0.241,-4.37%
3/20/2015,-0.229,-0.229,-0.229,-0.243,-2.97%
3/19/2015,-0.236,-0.226,-0.222,-0.241,4.42%
3/18/2015,-0.226,-0.201,-0.197,-0.231,12.44%
3/17/2015,-0.201,-0.204,-0.192,-0.213,-3.83%
3/16/2015,-0.209,-0.227,-0.207,-0.229,-5.43%
3/13/2015,-0.221,-0.229,-0.216,-0.236,-2.21%
3/12/2015,-0.226,-0.232,-0.226,-0.245,-1.31%
3/11/2015,-0.229,-0.24,-0.222,-0.243,-2.55%
3/10/2015,-0.235,-0.215,-0.21,-0.251,9.30%
3/9/2015,-0.215,-0.206,-0.2,-0.215,5.39%
3/6/2015,-0.204,-0.201,-0.192,-0.204,7.37%
3/5/2015,-0.19,-0.199,-0.167,-0.208,-4.04%
3/4/2015,-0.198,-0.198,-0.197,-0.208,-1.49%
3/3/2015,-0.201,-0.204,-0.2,-0.213,-3.37%
3/2/2015,-0.208,-0.222,-0.204,-0.227,-5.45%
2/27/2015,-0.22,-0.225,-0.215,-0.232,-3.08%
2/26/2015,-0.227,-0.225,-0.224,-0.232,0.00%
2/25/2015,-0.227,-0.211,-0.211,-0.229,2.71%
2/24/2015,-0.221,-0.211,-0.211,-0.224,0.00%
2/23/2015,-0.221,-0.218,-0.201,-0.221,1.38%
2/20/2015,-0.218,-0.215,-0.21,-0.228,0.46%
2/19/2015,-0.217,-0.225,-0.214,-0.228,-2.69%
2/18/2015,-0.223,-0.205,-0.199,-0.224,6.19%
2/17/2015,-0.21,-0.232,-0.199,-0.232,-3.67%
2/16/2015,-0.218,-0.221,-0.209,-0.225,0.93%
2/13/2015,-0.216,-0.219,-0.204,-0.219,-3.14%
2/12/2015,-0.223,-0.227,-0.207,-0.229,0.90%
2/11/2015,-0.221,-0.219,-0.206,-0.221,1.38%
2/10/2015,-0.218,-0.203,-0.195,-0.221,7.92%
2/9/2015,-0.202,-0.203,-0.195,-0.211,-0.98%
2/6/2015,-0.204,-0.199,-0.184,-0.208,4.08%
2/5/2015,-0.196,-0.2,-0.183,-0.21,2.08%
2/4/2015,-0.192,-0.191,-0.177,-0.204,-2.54%
2/3/2015,-0.197,-0.181,-0.166,-0.201,7.65%
2/2/2015,-0.183,-0.188,-0.171,-0.191,3.39%
2/1/2015,-0.177,-0.177,-0.177,-0.177,-3.80%
1/30/2015,-0.184,-0.183,-0.16,-0.187,5.14%
1/29/2015,-0.175,-0.179,-0.166,-0.179,2.94%
1/28/2015,-0.17,-0.144,-0.142,-0.173,8.97%
1/27/2015,-0.156,-0.15,-0.143,-0.16,0.65%
1/26/2015,-0.155,-0.17,-0.143,-0.176,-2.52%
1/24/2015,-0.159,-0.159,-0.159,-0.159,-5.36%
1/23/2015,-0.168,-0.177,-0.159,-0.185,-1.75%
1/22/2015,-0.171,-0.161,-0.138,-0.186,11.76%
1/21/2015,-0.153,-0.153,-0.142,-0.167,-3.77%
1/20/2015,-0.159,-0.168,-0.147,-0.17,-4.79%
1/19/2015,-0.167,-0.147,-0.147,-0.174,4.37%
1/16/2015,-0.16,-0.153,-0.136,-0.166,8.11%
1/15/2015,-0.148,-0.118,-0.11,-0.154,24.37%
1/14/2015,-0.119,-0.121,-0.109,-0.126,-1.65%
1/13/2015,-0.121,-0.119,-0.109,-0.124,2.54%
1/12/2015,-0.118,-0.114,-0.104,-0.122,-4.84%
1/9/2015,-0.124,-0.104,-0.099,-0.129,16.98%
1/8/2015,-0.106,-0.11,-0.093,-0.11,8.16%
1/7/2015,-0.098,-0.098,-0.093,-0.113,-6.67%
1/6/2015,-0.105,-0.098,-0.093,-0.108,2.94%
1/5/2015,-0.102,-0.098,-0.093,-0.108,-4.67%
1/2/2015,-0.107,-0.103,-0.098,-0.112,1.90%
12/31/2014,-0.105,-0.105,-0.105,-0.105,0.00%
12/30/2014,-0.105,-0.108,-0.092,-0.11,8.25%
12/29/2014,-0.097,-0.087,-0.082,-0.104,3.19%
12/28/2014,-0.094,-0.094,-0.094,-0.094,0.00%
12/24/2014,-0.094,-0.094,-0.094,-0.094,-3.09%
12/23/2014,-0.097,-0.081,-0.081,-0.099,6.59%
12/22/2014,-0.091,-0.076,-0.076,-0.097,9.64%
12/19/2014,-0.083,-0.083,-0.071,-0.088,6.41%
12/18/2014,-0.078,-0.077,-0.065,-0.09,30.00%
12/17/2014,-0.06,-0.065,-0.06,-0.078,-1.64%
12/16/2014,-0.061,-0.056,-0.05,-0.079,12.96%
12/15/2014,-0.054,-0.035,-0.03,-0.054,31.71%
12/14/2014,-0.041,-0.041,-0.041,-0.041,-4.65%
12/12/2014,-0.043,-0.032,-0.03,-0.048,26.47%
12/11/2014,-0.034,-0.029,-0.015,-0.034,25.93%
12/10/2014,-0.027,-0.037,-0.02,-0.037,-15.63%
12/9/2014,-0.032,-0.035,-0.02,-0.037,60.00%
12/8/2014,-0.02,-0.01,-0.005,-0.035,81.82%
12/5/2014,-0.011,-0.025,-0.004,-0.03,-26.67%
12/4/2014,-0.015,-0.034,-0.01,-0.037,-55.88%
12/3/2014,-0.034,-0.028,-0.02,-0.037,9.68%
12/2/2014,-0.031,-0.02,-0.005,-0.034,47.62%
12/1/2014,-0.021,-0.025,-0.01,-0.034,-27.59%
11/30/2014,-0.029,-0.029,-0.029,-0.029,-9.38%
11/28/2014,-0.032,-0.042,-0.029,-0.042,-17.95%
11/27/2014,-0.039,-0.042,-0.029,-0.051,-4.88%
11/26/2014,-0.041,-0.034,-0.024,-0.044,20.59%
11/25/2014,-0.034,-0.038,-0.024,-0.045,-10.53%
11/24/2014,-0.038,-0.024,-0.024,-0.045,5.56%
11/21/2014,-0.036,-0.019,-0.014,-0.042,89.47%
11/20/2014,-0.019,-0.015,0.005,-0.024,35.71%
11/19/2014,-0.014,-0.026,0,-0.028,-44.00%
11/18/2014,-0.025,-0.04,-0.019,-0.043,-35.90%
11/17/2014,-0.039,-0.046,-0.029,-0.047,-11.36%
11/16/2014,-0.044,-0.044,-0.044,-0.044,0.00%
11/14/2014,-0.044,-0.042,-0.034,-0.045,12.82%
11/13/2014,-0.039,-0.044,-0.033,-0.049,-17.02%
11/12/2014,-0.047,-0.043,-0.04,-0.051,4.44%
11/11/2014,-0.045,-0.047,-0.042,-0.049,-6.25%
11/10/2014,-0.048,-0.06,-0.044,-0.063,-21.31%
11/8/2014,-0.061,-0.057,-0.054,-0.061,7.02%
11/7/2014,-0.057,-0.058,-0.052,-0.062,5.56%
11/6/2014,-0.054,-0.058,-0.045,-0.063,-3.57%
11/5/2014,-0.056,-0.046,-0.04,-0.059,9.80%
11/4/2014,-0.051,-0.051,-0.042,-0.056,4.08%
11/3/2014,-0.049,-0.056,-0.044,-0.061,-12.50%
11/2/2014,-0.056,-0.055,-0.049,-0.056,1.82%
11/1/2014,-0.055,-0.055,-0.049,-0.057,-1.79%
10/31/2014,-0.056,-0.041,-0.036,-0.057,27.27%
10/30/2014,-0.044,-0.034,-0.033,-0.052,22.22%
10/29/2014,-0.036,-0.044,-0.035,-0.046,-12.20%
10/28/2014,-0.041,-0.039,-0.034,-0.047,2.50%
10/27/2014,-0.04,-0.032,-0.029,-0.046,21.21%
10/25/2014,-0.033,-0.033,-0.028,-0.037,-10.81%
10/24/2014,-0.037,-0.043,-0.034,-0.054,-15.91%
10/23/2014,-0.044,-0.043,-0.036,-0.048,4.76%
10/22/2014,-0.042,-0.033,-0.031,-0.045,-8.70%
10/21/2014,-0.046,-0.057,-0.043,-0.063,-24.59%
10/20/2014,-0.061,-0.039,-0.037,-0.065,29.79%
10/18/2014,-0.047,-0.046,-0.046,-0.054,20.51%
10/17/2014,-0.039,-0.046,-0.032,-0.052,-22.00%
10/16/2014,-0.05,-0.054,-0.043,-0.076,-10.71%
10/15/2014,-0.056,-0.045,-0.042,-0.063,7.69%
10/14/2014,-0.052,-0.04,-0.04,-0.056,18.18%
10/13/2014,-0.044,-0.055,-0.035,-0.055,-12.00%
10/10/2014,-0.05,-0.058,-0.047,-0.062,-21.88%
10/9/2014,-0.064,-0.058,-0.057,-0.069,0.00%
10/8/2014,-0.064,-0.06,-0.055,-0.067,6.67%
10/7/2014,-0.06,-0.07,-0.058,-0.073,-11.76%
10/6/2014,-0.068,-0.061,-0.056,-0.072,11.48%
10/4/2014,-0.061,-0.061,-0.059,-0.066,0.00%
10/3/2014,-0.061,-0.059,-0.049,-0.071,-10.29%
10/2/2014,-0.068,-0.078,-0.062,-0.082,-13.92%
10/1/2014,-0.079,-0.073,-0.071,-0.086,5.33%
9/30/2014,-0.075,-0.057,-0.056,-0.078,25.00%
9/29/2014,-0.06,-0.064,-0.058,-0.072,-3.23%
9/27/2014,-0.062,-0.061,-0.061,-0.067,-4.62%
9/26/2014,-0.065,-0.063,-0.056,-0.067,4.84%
9/25/2014,-0.062,-0.046,-0.044,-0.067,16.98%
9/24/2014,-0.053,-0.044,-0.038,-0.053,12.77%
9/23/2014,-0.047,-0.047,-0.041,-0.047,-21.67%
9/22/2014,-0.06,-0.062,-0.051,-0.063,-6.25%
9/19/2014,-0.064,-0.045,-0.04,-0.064,30.61%
9/18/2014,-0.049,-0.058,-0.045,-0.064,-22.22%
9/17/2014,-0.063,-0.059,-0.045,-0.063,18.87%
9/16/2014,-0.053,-0.068,-0.05,-0.071,-19.70%
9/15/2014,-0.066,-0.054,-0.05,-0.071,26.92%
9/13/2014,-0.052,-0.052,-0.052,-0.052,-5.45%
9/12/2014,-0.055,-0.071,-0.045,-0.071,-21.43%
9/11/2014,-0.07,-0.07,-0.065,-0.073,9.37%
9/10/2014,-0.064,-0.067,-0.055,-0.07,-11.11%
9/9/2014,-0.072,-0.061,-0.061,-0.074,10.77%
9/8/2014,-0.065,-0.067,-0.057,-0.075,3.17%
9/5/2014,-0.063,-0.069,-0.061,-0.092,3.28%
9/4/2014,-0.061,-0.009,-0.009,-0.081,306.67%
9/3/2014,-0.015,-0.023,-0.013,-0.033,-46.43%
9/2/2014,-0.028,-0.032,-0.026,-0.039,-17.65%
9/1/2014,-0.034,-0.022,-0.022,-0.039,17.24%
8/31/2014,-0.029,-0.029,-0.029,-0.029,0.00%
8/29/2014,-0.029,-0.01,-0.007,-0.029,383.33%
8/28/2014,-0.006,-0.008,-0.006,-0.022,-66.67%
8/27/2014,-0.018,-0.011,-0.003,-0.024,100.00%
8/26/2014,-0.009,-0.028,-0.009,-0.03,-67.86%
8/25/2014,-0.028,0.008,0.008,-0.046,-380.00%
8/22/2014,0.01,0.011,0.015,0.003,-600.00%
8/21/2014,-0.002,-0.003,-0.001,-0.009,-60.00%
8/20/2014,-0.005,-0.003,-0.001,-0.009,-28.57%
8/19/2014,-0.007,-0.004,0.003,-0.01,250.00%
8/18/2014,-0.002,-0.003,0.006,-0.007,-80.00%
8/15/2014,-0.01,0,0.011,-0.013,150.00%
8/14/2014,-0.004,-0.005,0.007,-0.009,-200.00%
8/13/2014,0.004,-0.002,0.008,-0.007,-200.00%
8/12/2014,-0.004,-0.004,0.007,-0.008,-300.00%
8/11/2014,0.002,0.015,0.019,-0.005,-88.24%
8/10/2014,0.017,0.017,0.017,0.017,0.00%
8/8/2014,0.017,0.005,0.017,-0.004,30.77%
8/7/2014,0.013,0.01,0.02,-0.001,18.18%
8/6/2014,0.011,0.025,0.032,0.009,-62.07%
8/5/2014,0.029,0.026,0.039,0.023,11.54%
8/4/2014,0.026,0.032,0.034,0.022,-13.33%
8/2/2014,0.03,0.03,0.03,0.03,-3.23%
8/1/2014,0.031,0.026,0.04,0.022,-18.42%
7/31/2014,0.038,0.043,0.045,0.028,11.76%
7/30/2014,0.034,0.027,0.043,0.026,0.00%
7/29/2014,0.034,0.038,0.045,0.027,-15.00%
7/28/2014,0.04,0.03,0.043,0.026,33.33%
7/27/2014,0.03,0.03,0.03,0.03,0.00%
7/25/2014,0.03,0.036,0.041,0.026,-18.92%
7/24/2014,0.037,0.036,0.043,0.028,2.78%
7/23/2014,0.036,0.032,0.038,0.026,-2.70%
7/22/2014,0.037,0.03,0.044,0.027,37.04%
7/21/2014,0.027,0.028,0.037,0.025,-12.90%
7/20/2014,0.031,0.031,0.031,0.031,0.00%
7/18/2014,0.031,0.024,0.037,0.02,24.00%
7/17/2014,0.025,0.022,0.03,0.02,8.70%
7/16/2014,0.023,0.024,0.03,0.018,-4.17%
7/15/2014,0.024,0.027,0.035,0.016,0.00%
7/14/2014,0.024,0.021,0.032,0.02,14.29%
7/12/2014,0.021,0.021,0.021,0.021,5.00%
7/11/2014,0.02,0.024,0.032,0.013,-9.09%
7/10/2014,0.022,0.024,0.029,0.012,-12.00%
7/9/2014,0.025,0.016,0.03,0.016,31.58%
7/8/2014,0.019,0.025,0.029,0.014,-13.64%
7/7/2014,0.022,0.02,0.03,0.016,10.00%
7/4/2014,0.02,0.027,0.028,0.013,-20.00%
7/3/2014,0.025,0.027,0.042,0.017,-13.79%
7/2/2014,0.029,0.023,0.034,0.018,16.00%
7/1/2014,0.025,0.032,0.035,0.014,-19.35%
6/30/2014,0.031,0.044,0.047,0.031,-18.42%
6/27/2014,0.038,0.03,0.043,0.028,22.58%
6/26/2014,0.031,0.032,0.039,0.027,-8.82%
6/25/2014,0.034,0.036,0.043,0.026,-8.11%
6/24/2014,0.037,0.044,0.046,0.037,-13.95%
6/23/2014,0.043,0.043,0.047,0.032,10.26%
6/20/2014,0.039,0.033,0.047,0.033,2.63%
6/19/2014,0.038,0.036,0.043,0.031,-5.00%
6/18/2014,0.04,0.053,0.055,0.036,-20.00%
6/17/2014,0.05,0.04,0.061,0.028,61.29%
6/16/2014,0.031,0.029,0.04,0.025,3.33%
6/13/2014,0.03,0.047,0.056,0.027,-25.00%
6/12/2014,0.04,0.054,0.055,0.029,-13.04%
6/11/2014,0.046,0.068,0.073,0.045,-33.33%
6/10/2014,0.069,0.059,0.073,0.054,11.29%
6/9/2014,0.062,0.053,0.068,0.046,10.71%
6/6/2014,0.056,0.048,0.064,0.037,7.69%
6/5/2014,0.052,0.052,0.074,0.034,-10.34%
6/4/2014,0.058,0.06,0.066,0.052,-9.38%
6/3/2014,0.064,0.057,0.074,0.056,3.23%
6/2/2014,0.062,0.063,0.066,0.048,-6.06%
5/30/2014,0.066,0.064,0.077,0.063,1.54%
5/29/2014,0.065,0.057,0.067,0.054,16.07%
5/28/2014,0.056,0.052,0.061,0.051,5.66%
5/27/2014,0.053,0.059,0.06,0.048,-5.36%
5/26/2014,0.056,0.066,0.066,0.054,-15.15%
5/25/2014,0.066,0.066,0.066,0.066,0.00%
5/23/2014,0.066,0.068,0.071,0.064,-5.71%
5/22/2014,0.07,0.085,0.085,0.07,-17.65%
5/21/2014,0.085,0.078,0.087,0.076,0.00%
5/20/2014,0.085,0.089,0.094,0.083,-6.59%
5/19/2014,0.091,0.092,0.098,0.087,-8.08%
5/16/2014,0.099,0.109,0.109,0.088,17.86%
5/15/2014,0.084,0.103,0.105,0.081,-16.00%
5/14/2014,0.1,0.112,0.114,0.096,-9.91%
5/13/2014,0.111,0.135,0.135,0.105,-16.54%
5/12/2014,0.133,0.134,0.144,0.131,-2.92%
5/9/2014,0.137,0.119,0.139,0.109,13.22%
5/8/2014,0.121,0.152,0.171,0.114,-20.39%
5/7/2014,0.152,0.147,0.164,0.142,0.00%
5/6/2014,0.152,0.132,0.159,0.13,9.35%
5/5/2014,0.139,0.127,0.143,0.127,4.51%
5/2/2014,0.133,0.135,0.159,0.127,-7.64%
4/30/2014,0.144,0.146,0.168,0.144,-5.88%
4/29/2014,0.153,0.178,0.197,0.152,-15.47%
4/28/2014,0.181,0.179,0.193,0.173,3.43%
4/25/2014,0.175,0.189,0.192,0.167,-6.42%
4/24/2014,0.187,0.19,0.207,0.173,6.86%
4/23/2014,0.175,0.174,0.188,0.172,-1.13%
4/22/2014,0.177,0.167,0.182,0.167,4.12%
4/17/2014,0.17,0.14,0.172,0.135,21.43%
4/16/2014,0.14,0.132,0.142,0.128,10.24%
4/15/2014,0.127,0.155,0.161,0.127,-19.62%
4/14/2014,0.158,0.154,0.161,0.15,-1.25%
4/11/2014,0.16,0.168,0.176,0.15,0.00%
4/10/2014,0.16,0.171,0.176,0.158,-13.51%
4/9/2014,0.185,0.178,0.192,0.172,6.32%
4/8/2014,0.174,0.179,0.182,0.169,0.00%
4/7/2014,0.174,0.169,0.177,0.155,4.19%
4/4/2014,0.167,0.188,0.2,0.155,-7.73%
4/3/2014,0.181,0.189,0.21,0.179,-6.22%
4/2/2014,0.193,0.179,0.204,0.177,4.32%
4/1/2014,0.185,0.16,0.187,0.16,12.12%
3/31/2014,0.165,0.158,0.185,0.149,7.14%
3/28/2014,0.154,0.137,0.161,0.123,8.45%
3/27/2014,0.142,0.163,0.171,0.134,-13.41%
3/26/2014,0.164,0.176,0.19,0.158,-7.34%
3/25/2014,0.177,0.192,0.197,0.172,-7.81%
3/24/2014,0.192,0.213,0.233,0.19,-8.57%
3/21/2014,0.21,0.214,0.233,0.204,-0.94%
3/20/2014,0.212,0.193,0.228,0.189,21.14%
3/19/2014,0.175,0.161,0.19,0.159,0.57%
3/18/2014,0.174,0.162,0.176,0.151,10.13%
3/17/2014,0.158,0.155,0.175,0.148,0.00%
3/14/2014,0.158,0.135,0.162,0.13,10.49%
3/13/2014,0.143,0.169,0.169,0.143,-12.80%
3/12/2014,0.164,0.169,0.182,0.154,-5.75%
3/11/2014,0.174,0.17,0.189,0.164,-3.33%
3/10/2014,0.18,0.176,0.202,0.17,-0.55%
3/9/2014,0.181,0.181,0.181,0.181,0.00%
3/7/2014,0.181,0.165,0.207,0.165,2.26%
3/6/2014,0.177,0.125,0.189,0.121,34.09%
3/5/2014,0.132,0.113,0.139,0.112,7.32%
3/4/2014,0.123,0.127,0.132,0.106,6.03%
3/3/2014,0.116,0.118,0.127,0.1,-10.77%
2/28/2014,0.13,0.09,0.14,0.088,39.78%
2/27/2014,0.093,0.1,0.1,0.08,-8.82%
2/26/2014,0.102,0.127,0.13,0.099,-19.05%
2/25/2014,0.126,0.129,0.145,0.124,0.00%
2/24/2014,0.126,0.12,0.133,0.12,2.44%
2/21/2014,0.123,0.122,0.128,0.113,-10.87%
2/20/2014,0.138,0.11,0.143,0.102,25.45%
2/19/2014,0.11,0.113,0.116,0.097,-4.35%
2/18/2014,0.115,0.119,0.121,0.106,-2.54%
2/17/2014,0.118,0.113,0.123,0.113,1.72%
2/14/2014,0.116,0.112,0.137,0.112,13.73%
2/13/2014,0.102,0.111,0.116,0.083,-7.27%
2/12/2014,0.11,0.116,0.124,0.094,5.77%
2/11/2014,0.104,0.121,0.132,0.104,-11.86%
2/10/2014,0.118,0.104,0.123,0.093,15.69%
2/7/2014,0.102,0.132,0.132,0.082,-15.00%
2/6/2014,0.12,0.087,0.148,0.077,39.53%
2/5/2014,0.086,0.076,0.093,0.065,4.88%
2/4/2014,0.082,0.076,0.093,0.065,1.23%
2/3/2014,0.081,0.076,0.098,0.065,10.96%
1/31/2014,0.073,0.103,0.103,0.06,-24.74%
1/30/2014,0.097,0.108,0.125,0.091,-14.91%
1/29/2014,0.114,0.124,0.146,0.106,-10.94%
1/28/2014,0.128,0.135,0.151,0.124,-6.57%
1/27/2014,0.137,0.134,0.151,0.124,11.38%
1/24/2014,0.123,0.14,0.145,0.113,-21.15%
1/23/2014,0.156,0.172,0.182,0.156,-8.77%
1/22/2014,0.171,0.171,0.182,0.155,6.88%
1/21/2014,0.16,0.171,0.187,0.16,-5.88%
1/20/2014,0.17,0.186,0.186,0.16,0.00%
1/17/2014,0.17,0.186,0.197,0.17,-2.86%
1/16/2014,0.175,0.218,0.223,0.175,-19.72%
1/15/2014,0.218,0.218,0.223,0.202,5.83%
1/14/2014,0.206,0.195,0.217,0.179,10.16%
1/13/2014,0.187,0.19,0.2,0.179,-1.58%
1/10/2014,0.19,0.211,0.221,0.184,-9.52%
1/9/2014,0.21,0.237,0.247,0.2,-10.26%
1/8/2014,0.234,0.226,0.247,0.205,6.36%
1/7/2014,0.22,0.209,0.23,0.204,5.26%
1/6/2014,0.209,0.209,0.225,0.198,-2.34%
1/3/2014,0.214,0.224,0.229,0.214,-2.28%
1/2/2014,0.219,0.24,0.24,0.208,5.80%
12/31/2013,0.207,0.207,0.207,0.207,0.00%
12/30/2013,0.207,0.233,0.254,0.207,-13.03%
12/27/2013,0.238,0.222,0.254,0.222,4.85%
12/25/2013,0.227,0.227,0.227,0.227,0.00%
12/24/2013,0.227,0.227,0.227,0.227,0.00%
12/23/2013,0.227,0.237,0.242,0.221,0.44%
12/20/2013,0.226,0.226,0.246,0.215,5.61%
12/19/2013,0.214,0.24,0.245,0.214,-10.83%
12/18/2013,0.24,0.229,0.245,0.229,2.56%
12/17/2013,0.234,0.264,0.269,0.234,-7.87%
12/16/2013,0.254,0.254,0.259,0.238,2.42%
12/13/2013,0.248,0.253,0.269,0.248,-1.98%
12/12/2013,0.253,0.255,0.268,0.233,6.75%
12/11/2013,0.237,0.228,0.243,0.217,7.24%
12/10/2013,0.221,0.231,0.236,0.211,-2.21%
12/9/2013,0.226,0.22,0.236,0.216,7.11%
12/6/2013,0.211,0.217,0.251,0.206,2.93%
12/5/2013,0.205,0.165,0.228,0.143,12.02%
12/4/2013,0.183,0.127,0.185,0.125,44.09%
12/3/2013,0.127,0.124,0.144,0.123,-1.55%
12/2/2013,0.129,0.122,0.139,0.114,8.40%
11/29/2013,0.119,0.123,0.139,0.119,-6.30%
11/28/2013,0.127,0.134,0.154,0.119,-3.05%
11/27/2013,0.131,0.133,0.135,0.12,3.15%
11/26/2013,0.127,0.137,0.14,0.121,-7.97%
11/25/2013,0.138,0.148,0.148,0.123,0.00%
11/22/2013,0.138,0.104,0.145,0.102,40.82%
11/21/2013,0.098,0.118,0.13,0.097,-4.85%
11/20/2013,0.103,0.127,0.132,0.088,-18.90%
11/19/2013,0.127,0.112,0.127,0.107,18.69%
11/18/2013,0.107,0.122,0.127,0.102,-8.55%
11/17/2013,0.117,0.117,0.117,0.117,-8.59%
11/15/2013,0.128,0.113,0.128,0.102,37.63%
11/14/2013,0.093,0.079,0.106,0.079,8.14%
11/13/2013,0.086,0.097,0.108,0.082,-14.00%
11/12/2013,0.1,0.099,0.114,0.091,0.00%
11/11/2013,0.1,0.102,0.111,0.089,-9.91%
11/8/2013,0.111,0.093,0.133,0.086,29.07%
11/7/2013,0.086,0.128,0.145,0.052,-40.69%
11/6/2013,0.145,0.138,0.154,0.129,-2.03%
11/5/2013,0.148,0.117,0.155,0.115,26.50%
11/4/2013,0.117,0.112,0.125,0.108,0.00%
11/3/2013,0.117,0.117,0.117,0.117,0.00%
11/1/2013,0.117,0.109,0.131,0.089,-6.40%
10/31/2013,0.125,0.169,0.174,0.116,-20.89%
10/30/2013,0.158,0.185,0.19,0.155,-15.51%
10/29/2013,0.187,0.2,0.201,0.182,-3.11%
10/28/2013,0.193,0.207,0.21,0.188,-2.03%
10/27/2013,0.197,0.197,0.197,0.197,4.23%
10/25/2013,0.189,0.185,0.197,0.177,5.59%
10/24/2013,0.179,0.168,0.187,0.158,6.55%
10/23/2013,0.168,0.156,0.18,0.154,7.01%
10/22/2013,0.157,0.193,0.196,0.152,-16.49%
10/21/2013,0.188,0.189,0.196,0.18,3.87%
10/20/2013,0.181,0.181,0.181,0.181,0.00%
10/18/2013,0.181,0.187,0.197,0.169,-1.63%
10/17/2013,0.184,0.211,0.217,0.181,-15.60%
10/16/2013,0.218,0.211,0.236,0.199,6.86%
10/15/2013,0.204,0.189,0.213,0.189,13.33%
10/14/2013,0.18,0.185,0.19,0.176,-3.74%
10/11/2013,0.187,0.187,0.197,0.171,0.00%
10/10/2013,0.187,0.185,0.197,0.177,5.65%
10/9/2013,0.177,0.171,0.187,0.16,-0.56%
10/8/2013,0.178,0.162,0.187,0.16,11.25%
10/7/2013,0.16,0.164,0.177,0.148,-12.09%
10/6/2013,0.182,0.182,0.182,0.182,4.00%
10/4/2013,0.175,0.172,0.187,0.162,6.06%
10/3/2013,0.165,0.167,0.181,0.164,-0.60%
10/2/2013,0.166,0.17,0.193,0.162,-3.49%
10/1/2013,0.172,0.169,0.188,0.163,0.00%
9/30/2013,0.172,0.162,0.188,0.156,-1.15%
9/29/2013,0.174,0.174,0.174,0.174,0.00%
9/27/2013,0.174,0.198,0.204,0.164,-9.84%
9/26/2013,0.193,0.19,0.209,0.179,0.00%
9/25/2013,0.193,0.182,0.204,0.174,6.04%
9/24/2013,0.182,0.194,0.199,0.178,-4.71%
9/23/2013,0.191,0.208,0.219,0.188,-8.17%
9/22/2013,0.208,0.208,0.208,0.208,-2.80%
9/20/2013,0.214,0.192,0.221,0.179,10.31%
9/19/2013,0.194,0.168,0.21,0.163,-19.83%
9/18/2013,0.242,0.216,0.25,0.213,7.56%
9/17/2013,0.225,0.21,0.235,0.204,8.17%
9/16/2013,0.208,0.2,0.22,0.198,-9.17%
9/15/2013,0.229,0.229,0.229,0.229,0.00%
9/13/2013,0.229,0.235,0.245,0.219,1.33%
9/12/2013,0.226,0.245,0.25,0.215,-14.07%
9/11/2013,0.263,0.269,0.285,0.251,-2.95%
9/10/2013,0.271,0.268,0.29,0.261,3.83%
9/9/2013,0.261,0.267,0.283,0.249,-4.74%
9/8/2013,0.274,0.274,0.274,0.274,0.00%
9/7/2013,0.274,0.274,0.274,0.274,3.01%
9/6/2013,0.266,0.332,0.337,0.258,-20.12%
9/5/2013,0.333,0.296,0.343,0.28,20.22%
9/4/2013,0.277,0.287,0.29,0.268,-4.81%
9/3/2013,0.291,0.264,0.292,0.256,8.99%
9/2/2013,0.267,0.255,0.285,0.255,11.25%
9/1/2013,0.24,0.24,0.24,0.24,-3.23%
8/30/2013,0.248,0.239,0.254,0.222,3.77%
8/29/2013,0.239,0.26,0.265,0.233,-6.27%
8/28/2013,0.255,0.233,0.255,0.223,6.25%
8/27/2013,0.24,0.264,0.269,0.239,-11.44%
8/26/2013,0.271,0.293,0.295,0.263,-6.87%
8/23/2013,0.291,0.273,0.326,0.268,24.36%
8/22/2013,0.234,0.243,0.246,0.219,5.41%
8/21/2013,0.222,0.216,0.229,0.202,5.21%
8/20/2013,0.211,0.219,0.229,0.201,-9.83%
8/19/2013,0.234,0.234,0.242,0.208,4.46%
8/16/2013,0.224,0.233,0.237,0.211,-4.68%
8/15/2013,0.235,0.212,0.254,0.205,10.33%
8/14/2013,0.213,0.233,0.241,0.204,-5.75%
8/13/2013,0.226,0.171,0.236,0.169,36.14%
8/12/2013,0.166,0.163,0.186,0.158,1.22%
8/11/2013,0.164,0.164,0.164,0.164,0.00%
8/10/2013,0.164,0.164,0.164,0.164,-2.38%
8/9/2013,0.168,0.182,0.182,0.156,3.07%
8/8/2013,0.163,0.164,0.186,0.155,-5.23%
8/7/2013,0.172,0.171,0.181,0.152,-2.82%
8/6/2013,0.177,0.172,0.186,0.163,-1.67%
8/5/2013,0.18,0.152,0.183,0.142,13.21%
8/2/2013,0.159,0.161,0.202,0.149,6.00%
8/1/2013,0.15,0.144,0.174,0.107,-0.66%
7/31/2013,0.151,0.154,0.174,0.146,-1.95%
7/30/2013,0.154,0.169,0.169,0.149,-3.14%
7/29/2013,0.159,0.144,0.18,0.144,0.00%
7/26/2013,0.159,0.147,0.167,0.139,0.63%
7/25/2013,0.158,0.163,0.174,0.138,-4.82%
7/24/2013,0.166,0.141,0.177,0.135,18.57%
7/23/2013,0.14,0.109,0.15,0.103,32.08%
7/22/2013,0.106,0.081,0.111,0.079,17.78%
7/19/2013,0.09,0.074,0.096,0.067,7.14%
7/18/2013,0.084,0.087,0.1,0.072,-3.45%
7/17/2013,0.087,0.085,0.126,0.079,-8.42%
7/16/2013,0.095,0.119,0.125,0.088,-22.76%
7/15/2013,0.123,0.102,0.147,0.102,26.80%
7/12/2013,0.097,0.105,0.127,0.087,-19.83%
7/11/2013,0.121,0.078,0.14,0.078,9.01%
7/10/2013,0.111,0.068,0.126,0.065,33.73%
7/9/2013,0.083,0.096,0.12,0.075,-14.43%
7/8/2013,0.097,0.099,0.136,0.087,-17.80%
7/5/2013,0.118,0.113,0.164,0.107,-2.48%
7/4/2013,0.121,0.177,0.198,0.088,-31.64%
7/3/2013,0.177,0.16,0.187,0.143,-5.35%
7/2/2013,0.187,0.194,0.218,0.17,-6.97%
7/1/2013,0.201,0.214,0.233,0.191,4.15%
6/28/2013,0.193,0.201,0.229,0.17,1.05%
6/27/2013,0.191,0.208,0.228,0.184,-5.91%
6/26/2013,0.203,0.248,0.262,0.191,-17.14%
6/25/2013,0.245,0.26,0.285,0.23,-11.55%
6/24/2013,0.277,0.283,0.341,0.259,4.53%
6/23/2013,0.265,0.265,0.265,0.265,-5.02%
6/21/2013,0.279,0.252,0.284,0.226,12.05%
6/20/2013,0.249,0.205,0.265,0.205,50.00%
6/19/2013,0.166,0.18,0.197,0.153,-6.21%
6/18/2013,0.177,0.162,0.193,0.137,22.92%
6/17/2013,0.144,0.138,0.167,0.127,4.35%
6/16/2013,0.138,0.138,0.138,0.138,5.34%
6/14/2013,0.131,0.139,0.158,0.127,-17.61%
6/13/2013,0.159,0.177,0.196,0.145,-14.05%
6/12/2013,0.185,0.21,0.23,0.177,-13.95%
6/11/2013,0.215,0.207,0.243,0.199,11.40%
6/10/2013,0.193,0.183,0.213,0.164,4.89%
6/8/2013,0.184,0.184,0.184,0.184,3.37%
6/7/2013,0.178,0.137,0.194,0.125,21.92%
6/6/2013,0.146,0.107,0.173,0.085,39.05%
6/5/2013,0.105,0.117,0.135,0.1,-6.25%
6/4/2013,0.112,0.111,0.138,0.09,9.80%
6/3/2013,0.102,0.067,0.129,0.064,32.47%
5/31/2013,0.077,0.082,0.103,0.036,-8.33%
5/30/2013,0.084,0.081,0.108,0.069,-5.62%
5/29/2013,0.089,0.082,0.101,0.049,85.42%
5/28/2013,0.048,0.03,0.054,0.015,77.78%
5/27/2013,0.027,0.009,0.053,0.005,22.73%
5/25/2013,0.022,0.022,0.022,0.022,57.14%
5/24/2013,0.014,0.002,0.044,-0.005,55.56%
5/23/2013,0.009,-0.002,0.025,-0.02,-280.00%
5/22/2013,-0.005,0.006,0.03,-0.015,-155.56%
5/21/2013,0.009,0.009,0.019,-0.01,-550.00%
5/20/2013,-0.002,-0.015,0.01,-0.021,-88.89%
5/18/2013,-0.018,-0.022,-0.004,-0.023,-30.77%
5/17/2013,-0.026,0.001,0.009,-0.029,73.33%
5/16/2013,-0.015,0.015,0.02,-0.015,-193.75%
5/15/2013,0.016,0.028,0.037,0.009,-40.74%
5/14/2013,0.027,0.024,0.036,0.019,0.00%
5/13/2013,0.027,0.052,0.058,0.015,-52.63%
5/10/2013,0.057,0.014,0.058,0.014,418.18%
5/9/2013,0.011,0.015,0.015,-0.001,-8.33%
5/8/2013,0.012,0.028,0.037,0.012,-58.62%
5/7/2013,0.029,-0.007,0.033,-0.009,2800.00%
5/6/2013,0.001,0.004,0.013,-0.006,-200.00%
5/3/2013,-0.001,-0.032,0.012,-0.046,-107.69%
5/2/2013,0.013,0.008,0.015,-0.035,-35.00%
5/1/2013,0.02,0.02,0.02,0.02,185.71%
4/30/2013,0.007,0.003,0.015,-0.002,40.00%
4/29/2013,0.005,0.006,0.019,-0.004,0.00%
4/26/2013,0.005,0.004,0.014,0.001,-66.67%
4/25/2013,0.015,0.015,0.02,0.003,15.38%
4/24/2013,0.013,0.022,0.031,0.006,-38.10%
4/23/2013,0.021,0.01,0.026,0.005,-12.50%
4/22/2013,0.024,0.021,0.027,0.007,4.35%
4/19/2013,0.023,0.019,0.028,0.011,15.00%
4/18/2013,0.02,0.006,0.03,-0.002,400.00%
4/17/2013,0.004,0.023,0.044,0,-83.33%
4/16/2013,0.024,0.013,0.034,0.009,118.18%
4/15/2013,0.011,0.018,0.029,0.009,-42.11%
4/12/2013,0.019,0.037,0.04,0.013,-45.71%
4/11/2013,0.035,0.045,0.052,0.028,-20.45%
4/10/2013,0.044,0.033,0.051,0.027,29.41%
4/9/2013,0.034,0.028,0.047,0.014,41.67%
4/8/2013,0.024,0.016,0.029,0.009,100.00%
4/5/2013,0.012,-0.015,0.026,-0.017,-400.00%
4/4/2013,-0.004,-0.004,0.011,-0.029,0.00%
4/3/2013,0,-0.006,0.022,-0.01,-100.00%
4/2/2013,-0.002,-0.035,0.014,-0.037,-88.89%
3/29/2013,-0.018,-0.019,-0.018,-0.019,-21.74%
3/28/2013,-0.023,-0.021,-0.008,-0.047,35.29%
3/27/2013,-0.017,0.001,0.006,-0.021,-525.00%
3/26/2013,0.004,0.021,0.034,-0.007,-69.23%
3/25/2013,0.013,0.04,0.051,0.011,-58.06%
3/22/2013,0.031,0.01,0.033,0.01,40.91%
3/21/2013,0.022,0.017,0.038,0.015,10.00%
3/20/2013,0.02,-0.004,0.037,-0.004,-2100.00%
3/19/2013,-0.001,0.017,0.027,-0.005,-105.26%
3/18/2013,0.019,-0.002,0.032,-0.002,-56.82%
3/17/2013,0.044,0.044,0.044,0.044,-12.00%
3/15/2013,0.05,0.065,0.071,0.043,-18.03%
3/14/2013,0.061,0.059,0.076,0.056,1.67%
3/13/2013,0.06,0.079,0.084,0.049,-18.92%
3/12/2013,0.074,0.074,0.086,0.062,1.37%
3/11/2013,0.073,0.068,0.082,0.065,-18.89%
3/9/2013,0.09,0.09,0.09,0.09,4.65%
3/8/2013,0.086,0.086,0.116,0.068,2.38%
3/7/2013,0.084,0.042,0.102,0.035,133.33%
3/6/2013,0.036,0.067,0.068,0.034,-36.84%
3/5/2013,0.057,0.039,0.062,0.031,72.73%
3/4/2013,0.033,0.032,0.042,0.025,-10.81%
3/1/2013,0.037,0.046,0.057,0.023,-24.49%
2/28/2013,0.049,0.068,0.077,0.04,-30.00%
2/27/2013,0.07,0.074,0.088,0.049,-9.09%
2/26/2013,0.077,0.086,0.105,0.07,-41.67%
2/25/2013,0.132,0.116,0.165,0.116,5.60%
2/22/2013,0.125,0.173,0.187,0.123,-28.16%
2/21/2013,0.174,0.182,0.199,0.168,-14.71%
2/20/2013,0.204,0.19,0.212,0.184,10.87%
2/19/2013,0.184,0.179,0.189,0.166,0.00%
2/18/2013,0.184,0.182,0.186,0.163,-2.65%
2/17/2013,0.189,0.189,0.189,0.189,0.00%
2/15/2013,0.189,0.178,0.193,0.171,21.15%
2/14/2013,0.156,0.193,0.215,0.15,-23.53%
2/13/2013,0.204,0.19,0.22,0.186,2.00%
2/12/2013,0.2,0.176,0.203,0.168,8.11%
2/11/2013,0.185,0.182,0.2,0.176,1.09%
2/9/2013,0.183,0.183,0.183,0.183,-1.61%
2/8/2013,0.186,0.174,0.193,0.159,6.29%
2/7/2013,0.175,0.219,0.237,0.163,-18.98%
2/6/2013,0.216,0.234,0.243,0.208,-8.47%
2/5/2013,0.236,0.211,0.245,0.2,14.56%
2/4/2013,0.206,0.266,0.28,0.201,-15.57%
2/1/2013,0.244,0.274,0.29,0.216,-8.27%
1/31/2013,0.266,0.277,0.294,0.255,-10.74%
1/30/2013,0.298,0.273,0.309,0.26,8.76%
1/29/2013,0.274,0.287,0.304,0.248,-9.27%
1/28/2013,0.302,0.26,0.324,0.25,15.27%
1/25/2013,0.262,0.189,0.285,0.169,46.37%
1/24/2013,0.179,0.17,0.182,0.142,7.83%
1/23/2013,0.166,0.167,0.183,0.157,-6.74%
1/22/2013,0.178,0.204,0.213,0.171,-11.44%
1/21/2013,0.201,0.192,0.213,0.177,8.06%
1/18/2013,0.186,0.22,0.245,0.166,-5.10%
1/17/2013,0.196,0.126,0.203,0.118,54.33%
1/16/2013,0.127,0.141,0.141,0.111,-7.30%
1/15/2013,0.137,0.139,0.147,0.12,3.01%
1/14/2013,0.133,0.13,0.137,0.12,-2.92%
1/13/2013,0.137,0.137,0.137,0.137,4.58%
1/11/2013,0.131,0.111,0.142,0.1,29.70%
1/10/2013,0.101,0.064,0.111,0.052,60.32%
1/9/2013,0.063,0.07,0.075,0.05,-4.55%
1/8/2013,0.066,0.073,0.078,0.059,-12.00%
1/7/2013,0.075,0.091,0.091,0.066,-6.25%
1/4/2013,0.08,0.072,0.096,0.058,56.86%
1/3/2013,0.051,0.037,0.057,0.016,41.67%
1/2/2013,0.036,0,0.049,-0.016,-228.57%
1/1/2013,-0.028,-0.028,-0.028,-0.028,0.00%
12/31/2012,-0.028,-0.028,-0.028,-0.028,0.00%
12/30/2012,-0.028,-0.028,-0.028,-0.028,0.00%
12/28/2012,-0.028,0.01,0.018,-0.048,-2900.00%
12/27/2012,0.001,0.014,0.02,-0.01,-114.29%
12/24/2012,-0.007,-0.007,-0.007,-0.007,0.00%
12/23/2012,-0.007,-0.007,-0.007,-0.007,0.00%
12/22/2012,-0.007,-0.007,-0.007,-0.007,-12.50%
12/21/2012,-0.008,-0.01,0.013,-0.01,-214.29%
12/20/2012,0.007,0,0.012,-0.016,-275.00%
12/19/2012,-0.004,0.009,0.016,-0.015,-166.67%
12/18/2012,0.006,0.006,0.014,-0.011,-185.71%
12/17/2012,-0.007,-0.02,0.002,-0.032,-82.05%
12/14/2012,-0.039,-0.045,-0.031,-0.061,-33.90%
12/13/2012,-0.059,-0.044,-0.036,-0.065,18.00%
12/12/2012,-0.05,-0.051,-0.028,-0.062,-21.88%
12/11/2012,-0.064,-0.066,-0.055,-0.084,-12.33%
12/10/2012,-0.073,-0.079,-0.065,-0.095,-2.67%
12/7/2012,-0.075,-0.034,-0.034,-0.086,74.42%
12/6/2012,-0.043,0.002,0.014,-0.053,975.00%
12/5/2012,-0.004,0.026,0.026,-0.007,-122.22%
12/4/2012,0.018,0.027,0.035,0.007,-25.00%
12/3/2012,0.024,0.011,0.053,-0.002,140.00%
11/30/2012,0.01,0.01,0.021,0.002,-37.50%
11/29/2012,0.016,-0.004,0.021,-0.006,-328.57%
11/28/2012,-0.007,0.02,0.02,-0.016,-143.75%
11/27/2012,0.016,0.018,0.041,0.005,1500.00%
11/26/2012,0.001,-0.005,0.007,-0.014,-200.00%
11/23/2012,-0.001,0.006,0.013,-0.007,-125.00%
11/22/2012,0.004,0.012,0.023,0.002,-66.67%
11/21/2012,0.012,-0.01,0.021,-0.01,100.00%
11/20/2012,0.006,-0.024,0.009,-0.025,-130.00%
11/19/2012,-0.02,-0.025,-0.015,-0.025,-41.18%
11/16/2012,-0.034,-0.024,-0.018,-0.034,-19.05%
11/15/2012,-0.042,-0.034,-0.024,-0.043,40.00%
11/14/2012,-0.03,-0.039,-0.018,-0.041,-3.23%
11/13/2012,-0.031,-0.043,-0.026,-0.048,-13.89%
11/12/2012,-0.036,-0.039,-0.025,-0.042,5.88%
11/9/2012,-0.034,-0.036,-0.022,-0.047,47.83%
11/8/2012,-0.023,-0.04,-0.014,-0.045,-42.50%
11/7/2012,-0.04,-0.006,0.005,-0.057,300.00%
11/6/2012,-0.01,-0.01,-0.005,-0.017,25.00%
11/5/2012,-0.008,0.005,0.005,-0.015,-180.00%
11/3/2012,0.01,0.01,0.01,0.01,150.00%
11/2/2012,0.004,0.024,0.038,0.001,-82.61%
11/1/2012,0.023,0.033,0.045,0.022,-39.47%
10/31/2012,0.038,0.044,0.059,0.034,-5.00%
10/30/2012,0.04,0.025,0.052,0.02,37.93%
10/29/2012,0.029,0.041,0.054,0.02,-46.30%
10/26/2012,0.054,0.078,0.084,0.044,-34.15%
10/25/2012,0.082,0.091,0.11,0.08,-5.75%
10/24/2012,0.087,0.111,0.122,0.084,-19.44%
10/23/2012,0.108,0.123,0.129,0.105,-18.80%
10/22/2012,0.133,0.133,0.133,0.133,20.91%
10/19/2012,0.11,0.11,0.11,0.11,4.76%
10/18/2012,0.105,0.105,0.105,0.105,3.96%
10/17/2012,0.101,0.101,0.101,0.101,23.17%
10/16/2012,0.082,0.082,0.082,0.082,70.83%
10/15/2012,0.048,0.048,0.048,0.048,4.35%
10/12/2012,0.046,0.046,0.046,0.046,-17.86%
10/11/2012,0.056,0.056,0.056,0.056,0.00%
10/10/2012,0.056,0.056,0.056,0.056,0.00%
10/9/2012,0.056,0.056,0.056,0.056,14.29%
10/8/2012,0.049,0.049,0.049,0.049,-20.97%
10/5/2012,0.062,0.062,0.062,0.062,26.53%
10/4/2012,0.049,0.049,0.049,0.049,48.48%
10/3/2012,0.033,0.033,0.033,0.033,-29.79%
10/2/2012,0.047,0.047,0.047,0.047,-17.54%
10/1/2012,0.057,0.057,0.057,0.057,111.11%
9/28/2012,0.027,0.027,0.027,0.027,-30.77%
9/27/2012,0.039,0.039,0.039,0.039,-15.22%
9/26/2012,0.046,0.046,0.046,0.046,-28.13%
9/25/2012,0.064,0.064,0.064,0.064,23.08%
9/24/2012,0.052,0.052,0.052,0.052,57.58%
9/23/2012,0.033,0.033,0.033,0.033,0.00%
9/22/2012,0.033,0.033,0.033,0.033,-25.00%
9/21/2012,0.044,0.044,0.044,0.044,12.82%
9/20/2012,0.039,0.039,0.039,0.039,-30.36%
9/19/2012,0.056,0.056,0.056,0.056,-26.32%
9/18/2012,0.076,0.076,0.076,0.076,-10.59%
9/17/2012,0.085,0.085,0.085,0.085,-19.81%
9/15/2012,0.106,0.106,0.106,0.106,0.95%
9/14/2012,0.105,0.105,0.105,0.105,75.00%
9/13/2012,0.06,0.06,0.06,0.06,-28.57%
9/12/2012,0.084,0.084,0.084,0.084,75.00%
9/11/2012,0.048,0.048,0.048,0.048,11.63%
9/10/2012,0.043,0.043,0.043,0.043,-2.27%
9/7/2012,0.044,0.044,0.044,0.044,12.82%
9/6/2012,0.039,0.039,0.039,0.039,-250.00%
9/5/2012,-0.026,-0.026,-0.026,-0.026,-18.75%
9/4/2012,-0.032,-0.032,-0.032,-0.032,14.29%
9/3/2012,-0.028,-0.028,-0.028,-0.028,21.74%
8/31/2012,-0.023,-0.023,-0.023,-0.023,-39.47%
8/30/2012,-0.038,-0.038,-0.038,-0.038,850.00%
8/29/2012,-0.004,-0.004,-0.004,-0.004,-20.00%
8/28/2012,-0.005,-0.005,-0.005,-0.005,-266.67%
8/27/2012,0.003,0.003,0.003,0.003,-117.65%
8/24/2012,-0.017,-0.017,-0.017,-0.017,54.55%
8/23/2012,-0.011,-0.011,-0.011,-0.011,-283.33%
8/22/2012,0.006,0.006,0.006,0.006,-200.00%
8/21/2012,-0.006,-0.006,-0.006,-0.006,-76.00%
8/20/2012,-0.025,-0.025,-0.025,-0.025,-32.43%
8/17/2012,-0.037,-0.037,-0.037,-0.037,27.59%
8/16/2012,-0.029,-0.029,-0.029,-0.029,31.82%
8/15/2012,-0.022,-0.022,-0.022,-0.022,-43.59%
8/14/2012,-0.039,-0.039,-0.039,-0.039,-9.30%
8/13/2012,-0.043,-0.043,-0.043,-0.043,-42.67%
8/10/2012,-0.075,-0.075,-0.075,-0.075,66.67%
8/9/2012,-0.045,-0.045,-0.045,-0.045,-16.67%
8/8/2012,-0.054,-0.054,-0.054,-0.054,74.19%
8/7/2012,-0.031,-0.031,-0.031,-0.031,-42.59%
8/6/2012,-0.054,-0.054,-0.054,-0.054,145.45%
8/5/2012,-0.022,-0.022,-0.022,-0.022,-15.38%
8/3/2012,-0.026,-0.026,-0.026,-0.026,-69.77%
8/2/2012,-0.086,-0.086,-0.086,-0.086,43.33%
8/1/2012,-0.06,-0.06,-0.06,-0.06,-21.05%
7/31/2012,-0.076,-0.076,-0.076,-0.076,1.33%
7/30/2012,-0.075,-0.075,-0.075,-0.075,200.00%
7/27/2012,-0.025,-0.025,-0.025,-0.025,-50.98%
7/26/2012,-0.051,-0.051,-0.051,-0.051,-13.56%
7/25/2012,-0.059,-0.059,-0.059,-0.059,-1.67%
7/24/2012,-0.06,-0.06,-0.06,-0.06,7.14%
7/23/2012,-0.056,-0.056,-0.056,-0.056,-13.85%
7/20/2012,-0.065,-0.065,-0.065,-0.065,32.65%
7/19/2012,-0.049,-0.049,-0.049,-0.049,-19.67%
7/18/2012,-0.061,-0.061,-0.061,-0.061,45.24%
7/17/2012,-0.042,-0.042,-0.042,-0.042,-27.59%
7/16/2012,-0.058,-0.058,-0.058,-0.058,28.89%
7/13/2012,-0.045,-0.045,-0.045,-0.045,25.00%
7/12/2012,-0.036,-0.036,-0.036,-0.036,350.00%
7/11/2012,-0.008,-0.008,-0.008,-0.008,-260.00%
7/10/2012,0.005,0.005,0.005,0.005,-44.44%
7/9/2012,0.009,0.009,0.009,0.009,-200.00%
7/8/2012,-0.009,-0.009,-0.009,-0.009,0.00%
7/7/2012,-0.009,-0.009,-0.009,-0.009,350.00%
7/6/2012,-0.002,-0.002,-0.002,-0.002,-110.00%
7/5/2012,0.02,0.02,0.02,0.02,-74.03%
7/4/2012,0.077,0.077,0.077,0.077,-13.48%
7/3/2012,0.089,0.089,0.089,0.089,-13.59%
7/2/2012,0.103,0.103,0.103,0.103,-29.45%
7/1/2012,0.146,0.146,0.146,0.146,2.10%
6/29/2012,0.143,0.143,0.143,0.143,31.19%
6/28/2012,0.109,0.109,0.109,0.109,-6.03%
6/27/2012,0.116,0.116,0.116,0.116,6.42%
6/26/2012,0.109,0.109,0.109,0.109,21.11%
6/25/2012,0.09,0.09,0.09,0.09,-36.62%
6/23/2012,0.142,0.142,0.142,0.142,2.90%
6/22/2012,0.138,0.138,0.138,0.138,20.00%
6/21/2012,0.115,0.115,0.115,0.115,-24.84%
6/20/2012,0.153,0.153,0.153,0.153,135.38%
6/19/2012,0.065,0.065,0.065,0.065,75.68%
6/18/2012,0.037,0.037,0.037,0.037,-53.16%
6/15/2012,0.079,0.079,0.079,0.079,-22.55%
6/14/2012,0.102,0.102,0.102,0.102,-19.05%
6/13/2012,0.126,0.126,0.126,0.126,18.87%
6/12/2012,0.106,0.106,0.106,0.106,76.67%
6/11/2012,0.06,0.06,0.06,0.06,17.65%
6/8/2012,0.051,0.051,0.051,0.051,-38.55%
6/7/2012,0.083,0.083,0.083,0.083,62.75%
6/6/2012,0.051,0.051,0.051,0.051,131.82%
6/5/2012,0.022,0.022,0.022,0.022,10.00%
6/4/2012,0.02,0.02,0.02,0.02,66.67%
6/1/2012,0.012,0.012,0.012,0.012,33.33%
5/31/2012,0.009,0.009,0.009,0.009,-60.87%
5/30/2012,0.023,0.023,0.023,0.023,-48.89%
5/29/2012,0.045,0.045,0.045,0.045,36.36%
5/28/2012,0.033,0.033,0.033,0.033,-40.00%
5/25/2012,0.055,0.055,0.055,0.055,-15.38%
5/24/2012,0.065,0.065,0.065,0.065,116.67%
5/23/2012,0.03,0.03,0.03,0.03,-55.22%
5/22/2012,0.067,0.067,0.067,0.067,26.42%
5/21/2012,0.053,0.053,0.053,0.053,-5.36%
5/18/2012,0.056,0.056,0.056,0.056,5.66%
5/17/2012,0.053,0.053,0.053,0.053,-29.33%
5/16/2012,0.075,0.075,0.075,0.075,7.14%
5/15/2012,0.07,0.07,0.07,0.07,7.69%
5/14/2012,0.065,0.065,0.065,0.065,-24.42%
5/11/2012,0.086,0.086,0.086,0.086,-2.27%
5/10/2012,0.088,0.088,0.088,0.088,25.71%
5/9/2012,0.07,0.07,0.07,0.07,-25.53%
5/8/2012,0.094,0.094,0.094,0.094,-4.08%
5/7/2012,0.098,0.098,0.098,0.098,5.38%
5/6/2012,0.093,0.093,0.093,0.093,0.00%
5/5/2012,0.093,0.093,0.093,0.093,3.33%
5/4/2012,0.09,0.09,0.09,0.09,2.27%
5/3/2012,0.088,0.088,0.088,0.088,12.82%
5/2/2012,0.078,0.078,0.078,0.078,-29.09%
5/1/2012,0.11,0.11,0.11,0.11,20.88%
4/30/2012,0.091,0.091,0.091,0.091,-9.00%
4/27/2012,0.1,0.1,0.1,0.1,9.89%
4/26/2012,0.091,0.091,0.091,0.091,-28.91%
4/25/2012,0.128,0.128,0.128,0.128,0.79%
4/24/2012,0.127,0.127,0.127,0.127,18.69%
4/23/2012,0.107,0.107,0.107,0.107,-27.70%
4/20/2012,0.148,0.148,0.148,0.148,8.82%
4/19/2012,0.136,0.136,0.136,0.136,-4.23%
4/18/2012,0.142,0.142,0.142,0.142,-10.13%
4/17/2012,0.158,0.158,0.158,0.158,14.49%
4/16/2012,0.138,0.138,0.138,0.138,7.81%
4/13/2012,0.128,0.128,0.128,0.128,-12.33%
4/12/2012,0.146,0.146,0.146,0.146,-7.59%
4/11/2012,0.158,0.158,0.158,0.158,44.95%
4/10/2012,0.109,0.109,0.109,0.109,-27.81%
4/9/2012,0.151,0.151,0.151,0.151,0.00%
4/8/2012,0.151,0.151,0.151,0.151,0.00%
4/6/2012,0.151,0.198,0.198,0.146,3.42%
4/5/2012,0.146,0.146,0.146,0.146,-28.08%
4/4/2012,0.203,0.203,0.203,0.203,-4.69%
4/3/2012,0.213,0.213,0.213,0.213,-2.74%
4/2/2012,0.219,0.219,0.219,0.219,-4.37%
3/30/2012,0.229,0.229,0.229,0.229,7.01%
3/29/2012,0.214,0.214,0.214,0.214,-1.38%
3/28/2012,0.217,0.217,0.217,0.217,-9.21%
3/27/2012,0.239,0.239,0.239,0.239,-8.08%
3/26/2012,0.26,0.26,0.26,0.26,13.54%
3/25/2012,0.229,0.229,0.229,0.229,-4.98%
3/23/2012,0.241,0.241,0.241,0.241,-9.40%
3/22/2012,0.266,0.266,0.266,0.266,-10.14%
3/21/2012,0.296,0.296,0.296,0.296,-12.43%
3/20/2012,0.338,0.338,0.338,0.338,-0.29%
3/19/2012,0.339,0.339,0.339,0.339,-2.02%
3/16/2012,0.346,0.346,0.346,0.346,23.57%
3/15/2012,0.28,0.28,0.28,0.28,20.17%
3/14/2012,0.233,0.233,0.233,0.233,22.63%
3/13/2012,0.19,0.19,0.19,0.19,18.75%
3/12/2012,0.16,0.16,0.16,0.16,-3.61%
3/9/2012,0.166,0.166,0.166,0.166,7.10%
3/8/2012,0.155,0.155,0.155,0.155,0.00%
3/7/2012,0.155,0.155,0.155,0.155,-6.06%
3/6/2012,0.165,0.165,0.165,0.165,-8.33%
3/5/2012,0.18,0.18,0.18,0.18,0.00%
3/2/2012,0.18,0.18,0.18,0.18,-16.28%
3/1/2012,0.215,0.215,0.215,0.215,-2.27%
2/29/2012,0.22,0.22,0.22,0.22,9.45%
2/28/2012,0.201,0.201,0.201,0.201,-6.51%
2/27/2012,0.215,0.215,0.215,0.215,-14.00%
2/24/2012,0.25,0.25,0.25,0.25,-14.38%
2/23/2012,0.292,0.292,0.292,0.292,14.96%
2/22/2012,0.254,0.254,0.254,0.254,-3.42%
2/21/2012,0.263,0.263,0.263,0.263,-3.31%
2/20/2012,0.272,0.272,0.272,0.272,6.67%
2/19/2012,0.255,0.255,0.255,0.255,0.00%
2/17/2012,0.255,0.255,0.255,0.255,6.69%
2/16/2012,0.239,0.239,0.239,0.239,9.13%
2/15/2012,0.219,0.219,0.219,0.219,-12.75%
2/14/2012,0.251,0.251,0.251,0.251,-0.79%
2/13/2012,0.253,0.253,0.253,0.253,0.40%
2/10/2012,0.252,0.252,0.252,0.252,-2.70%
2/9/2012,0.259,0.259,0.259,0.259,8.37%
2/8/2012,0.239,0.239,0.239,0.239,10.14%
2/7/2012,0.217,0.217,0.217,0.217,16.67%
2/6/2012,0.186,0.186,0.186,0.186,-14.68%
2/3/2012,0.218,0.218,0.218,0.218,0.46%
2/2/2012,0.217,0.217,0.217,0.217,19.89%
2/1/2012,0.181,0.181,0.181,0.181,0.56%
1/31/2012,0.18,0.18,0.18,0.18,-2.70%
1/30/2012,0.185,0.185,0.185,0.185,-4.15%
1/27/2012,0.193,0.193,0.193,0.193,1.05%
1/26/2012,0.191,0.191,0.191,0.191,-6.37%
1/25/2012,0.204,0.204,0.204,0.204,-10.92%
1/24/2012,0.229,0.229,0.229,0.229,5.05%
1/23/2012,0.218,0.218,0.218,0.218,0.00%
1/20/2012,0.218,0.218,0.218,0.218,5.31%
1/19/2012,0.207,0.207,0.207,0.207,6.15%
1/18/2012,0.195,0.195,0.195,0.195,4.84%
1/17/2012,0.186,0.186,0.186,0.186,20.78%
1/16/2012,0.154,0.154,0.154,0.154,-1.28%
1/13/2012,0.156,0.156,0.156,0.156,1.96%
1/12/2012,0.153,0.153,0.153,0.153,7.75%
1/11/2012,0.142,0.142,0.142,0.142,-13.94%
1/10/2012,0.165,0.165,0.165,0.165,13.01%
1/9/2012,0.146,0.146,0.146,0.146,-15.12%
1/6/2012,0.172,0.172,0.172,0.172,0.00%
1/5/2012,0.172,0.172,0.172,0.172,-8.51%
1/4/2012,0.188,0.188,0.188,0.188,-12.15%
1/3/2012,0.214,0.214,0.214,0.214,2.39%
1/2/2012,0.209,0.209,0.209,0.209,48.23%
12/30/2011,0.141,0.141,0.141,0.141,-9.62%
12/29/2011,0.156,0.156,0.156,0.156,-7.14%
12/28/2011,0.168,0.168,0.168,0.168,-0.59%
12/27/2011,0.169,0.169,0.169,0.169,-23.87%
12/23/2011,0.222,0.222,0.222,0.222,-8.26%
12/22/2011,0.242,0.242,0.242,0.242,4.31%
12/21/2011,0.232,0.232,0.232,0.232,-1.28%
12/20/2011,0.235,0.235,0.235,0.235,5.38%
12/19/2011,0.223,0.223,0.223,0.223,-4.70%
12/16/2011,0.234,0.234,0.234,0.234,-13.65%
12/15/2011,0.271,0.271,0.271,0.271,-9.36%
12/14/2011,0.299,0.299,0.299,0.299,3.10%
12/13/2011,0.29,0.29,0.29,0.29,5.45%
12/12/2011,0.275,0.275,0.275,0.275,-17.42%
12/9/2011,0.333,0.333,0.333,0.333,15.63%
12/8/2011,0.288,0.288,0.288,0.288,-12.73%
12/7/2011,0.33,0.33,0.33,0.33,-13.39%
12/6/2011,0.381,0.381,0.381,0.381,12.72%
12/5/2011,0.338,0.338,0.338,0.338,7.99%
12/2/2011,0.313,0.313,0.313,0.313,-7.94%
12/1/2011,0.34,0.34,0.34,0.34,3.34%
11/30/2011,0.329,0.329,0.329,0.329,-27.85%
11/29/2011,0.456,0.456,0.456,0.456,0.44%
11/28/2011,0.454,0.454,0.454,0.454,-2.99%
11/25/2011,0.468,0.468,0.468,0.468,1.52%
11/24/2011,0.461,0.461,0.461,0.461,-2.74%
11/23/2011,0.474,0.474,0.474,0.474,18.50%
11/22/2011,0.4,0.4,0.4,0.4,-0.50%
11/21/2011,0.402,0.402,0.402,0.402,-11.06%
11/18/2011,0.452,0.452,0.452,0.452,2.49%
11/17/2011,0.441,0.441,0.441,0.441,26.72%
11/16/2011,0.348,0.348,0.348,0.348,7.08%
11/15/2011,0.325,0.325,0.325,0.325,-8.96%
11/14/2011,0.357,0.357,0.357,0.357,-8.70%
11/11/2011,0.391,0.391,0.391,0.391,5.68%
11/10/2011,0.37,0.37,0.37,0.37,-1.07%
11/9/2011,0.374,0.374,0.374,0.374,-9.44%
11/8/2011,0.413,0.413,0.413,0.413,6.17%
11/7/2011,0.389,0.389,0.389,0.389,-1.52%
11/4/2011,0.395,0.395,0.395,0.395,-1.00%
11/3/2011,0.399,0.399,0.399,0.399,-10.34%
11/2/2011,0.445,0.445,0.445,0.445,11.81%
11/1/2011,0.398,0.398,0.398,0.398,-27.50%
10/31/2011,0.549,0.549,0.549,0.549,-11.45%
10/28/2011,0.62,0.62,0.62,0.62,-5.78%
10/27/2011,0.658,0.658,0.658,0.658,25.10%
10/26/2011,0.526,0.526,0.526,0.526,-8.36%
10/25/2011,0.574,0.574,0.574,0.574,-12.77%
10/24/2011,0.658,0.658,0.658,0.658,-0.90%
10/21/2011,0.664,0.664,0.664,0.664,8.67%
10/20/2011,0.611,0.611,0.611,0.611,-1.77%
10/19/2011,0.622,0.622,0.622,0.622,9.31%
10/18/2011,0.569,0.569,0.569,0.569,-2.90%
10/17/2011,0.586,0.586,0.586,0.586,-13.19%
10/14/2011,0.675,0.675,0.675,0.675,5.97%
10/13/2011,0.637,0.637,0.637,0.637,-9.90%
10/12/2011,0.707,0.707,0.707,0.707,8.77%
10/11/2011,0.65,0.65,0.65,0.65,-2.26%
10/10/2011,0.665,0.665,0.665,0.665,7.95%
10/7/2011,0.616,0.616,0.616,0.616,-1.75%
10/6/2011,0.627,0.627,0.627,0.627,26.92%
10/5/2011,0.494,0.494,0.494,0.494,9.05%
10/4/2011,0.453,0.453,0.453,0.453,-8.48%
10/3/2011,0.495,0.495,0.495,0.495,-11.29%
9/30/2011,0.558,0.558,0.558,0.558,-6.84%
9/29/2011,0.599,0.599,0.599,0.599,1.70%
9/28/2011,0.589,0.589,0.589,0.589,7.29%
9/27/2011,0.549,0.549,0.549,0.549,21.19%
9/26/2011,0.453,0.453,0.453,0.453,14.68%
9/23/2011,0.395,0.395,0.395,0.395,-6.40%
9/22/2011,0.422,0.422,0.422,0.422,-5.59%
9/21/2011,0.447,0.447,0.447,0.447,-4.49%
9/20/2011,0.468,0.468,0.468,0.468,-0.43%
9/19/2011,0.47,0.47,0.47,0.47,-8.91%
9/16/2011,0.516,0.516,0.516,0.516,-14.71%
9/15/2011,0.605,0.605,0.605,0.605,11.21%
9/14/2011,0.544,0.544,0.544,0.544,7.30%
9/13/2011,0.507,0.507,0.507,0.507,17.63%
9/12/2011,0.431,0.431,0.431,0.431,10.51%
9/9/2011,0.39,0.39,0.39,0.39,-12.95%
9/8/2011,0.448,0.448,0.448,0.448,-8.38%
9/7/2011,0.489,0.489,0.489,0.489,11.14%
9/6/2011,0.44,0.44,0.44,0.44,0.00%
9/5/2011,0.44,0.44,0.44,0.44,-19.27%
9/2/2011,0.545,0.545,0.545,0.545,-16.79%
9/1/2011,0.655,0.655,0.655,0.655,-10.27%
8/31/2011,0.73,0.73,0.73,0.73,11.79%
8/30/2011,0.653,0.653,0.653,0.653,-14.08%
8/29/2011,0.76,0.76,0.76,0.76,16.03%
8/26/2011,0.655,0.655,0.655,0.655,2.18%
8/25/2011,0.641,0.641,0.641,0.641,-11.34%
8/24/2011,0.723,0.723,0.723,0.723,10.21%
8/23/2011,0.656,0.656,0.656,0.656,2.98%
8/22/2011,0.637,0.637,0.637,0.637,-0.93%
8/19/2011,0.643,0.643,0.643,0.643,6.63%
8/18/2011,0.603,0.603,0.603,0.603,-14.35%
8/17/2011,0.704,0.704,0.704,0.704,-4.09%
8/16/2011,0.734,0.734,0.734,0.734,2.95%
8/15/2011,0.713,0.713,0.713,0.713,1.57%
8/12/2011,0.702,0.702,0.702,0.702,4.46%
8/11/2011,0.672,0.672,0.672,0.672,20.00%
8/10/2011,0.56,0.56,0.56,0.56,-27.46%
8/9/2011,0.772,0.772,0.772,0.772,4.47%
8/8/2011,0.739,0.739,0.739,0.739,-8.88%
8/5/2011,0.811,0.811,0.811,0.811,-6.67%
8/4/2011,0.869,0.869,0.869,0.869,-18.25%
8/3/2011,1.063,1.063,1.063,1.063,0.76%
8/2/2011,1.055,1.055,1.055,1.055,-5.04%
8/1/2011,1.111,1.111,1.111,1.111,-4.72%
7/29/2011,1.166,1.166,1.166,1.166,-6.87%
7/28/2011,1.252,1.252,1.252,1.252,-3.17%
7/27/2011,1.293,1.293,1.293,1.293,-3.58%
7/26/2011,1.341,1.341,1.341,1.341,1.06%
7/25/2011,1.327,1.327,1.327,1.327,-3.49%
7/22/2011,1.375,1.375,1.375,1.375,-3.78%
7/21/2011,1.429,1.429,1.429,1.429,9.50%
7/20/2011,1.305,1.305,1.305,1.305,4.40%
7/19/2011,1.25,1.25,1.25,1.25,3.99%
7/18/2011,1.202,1.202,1.202,1.202,-1.31%
7/15/2011,1.218,1.218,1.218,1.218,-2.64%
7/14/2011,1.251,1.251,1.251,1.251,-1.34%
7/13/2011,1.268,1.268,1.268,1.268,-0.55%
7/12/2011,1.275,1.275,1.275,1.275,1.59%
7/11/2011,1.255,1.255,1.255,1.255,-13.80%
7/8/2011,1.456,1.456,1.456,1.456,-7.50%
7/7/2011,1.574,1.574,1.574,1.574,0.06%
7/6/2011,1.573,1.573,1.573,1.573,-4.26%
7/5/2011,1.643,1.643,1.643,1.643,-1.20%
7/4/2011,1.663,1.663,1.663,1.663,-0.06%
7/1/2011,1.664,1.664,1.664,1.664,3.61%
6/30/2011,1.606,1.606,1.606,1.606,3.35%
6/29/2011,1.554,1.554,1.554,1.554,5.21%
6/28/2011,1.477,1.477,1.477,1.477,6.34%
6/27/2011,1.389,1.389,1.389,1.389,1.91%
6/24/2011,1.363,1.363,1.363,1.363,-0.44%
6/23/2011,1.369,1.369,1.369,1.369,-7.94%
6/22/2011,1.487,1.487,1.487,1.487,-3.19%
6/21/2011,1.536,1.536,1.536,1.536,1.32%
6/20/2011,1.516,1.516,1.516,1.516,0.33%
6/17/2011,1.511,1.511,1.511,1.511,4.21%
6/16/2011,1.45,1.45,1.45,1.45,-5.35%
6/15/2011,1.532,1.532,1.532,1.532,-3.59%
6/14/2011,1.589,1.589,1.589,1.589,2.58%
6/13/2011,1.549,1.549,1.549,1.549,0.32%
6/10/2011,1.544,1.544,1.544,1.544,-4.75%
6/9/2011,1.621,1.621,1.621,1.621,-2.58%
6/8/2011,1.664,1.664,1.664,1.664,-2.58%
6/7/2011,1.708,1.708,1.708,1.708,2.46%
6/6/2011,1.667,1.667,1.667,1.667,-0.95%
6/3/2011,1.683,1.683,1.683,1.683,2.94%
6/2/2011,1.635,1.635,1.635,1.635,1.43%
6/1/2011,1.612,1.612,1.612,1.612,-0.06%
5/31/2011,1.613,1.613,1.613,1.613,1.57%
5/30/2011,1.588,1.588,1.588,1.588,1.60%
5/27/2011,1.563,1.563,1.563,1.563,-3.70%
5/26/2011,1.623,1.623,1.623,1.623,-1.70%
5/25/2011,1.651,1.651,1.651,1.651,-3.39%
5/24/2011,1.709,1.709,1.709,1.709,0.29%
5/23/2011,1.704,1.704,1.704,1.704,-3.67%
5/20/2011,1.769,1.769,1.769,1.769,-4.07%
5/19/2011,1.844,1.844,1.844,1.844,1.32%
5/18/2011,1.82,1.82,1.82,1.82,1.73%
5/17/2011,1.789,1.789,1.789,1.789,-1.11%
5/16/2011,1.809,1.809,1.809,1.809,1.12%
5/13/2011,1.789,1.789,1.789,1.789,0.56%
5/12/2011,1.779,1.779,1.779,1.779,3.31%
5/11/2011,1.722,1.722,1.722,1.722,0.00%
5/10/2011,1.722,1.722,1.722,1.722,1.12%
5/9/2011,1.703,1.703,1.703,1.703,-4.91%
5/6/2011,1.791,1.791,1.791,1.791,1.82%
5/5/2011,1.759,1.759,1.759,1.759,-8.15%
5/4/2011,1.915,1.915,1.915,1.915,2.46%
5/3/2011,1.869,1.869,1.869,1.869,2.86%
5/2/2011,1.817,1.817,1.817,1.817,2.42%
4/29/2011,1.774,1.774,1.774,1.774,-0.56%
4/28/2011,1.784,1.784,1.784,1.784,-1.82%
4/27/2011,1.817,1.817,1.817,1.817,4.49%
4/26/2011,1.739,1.739,1.739,1.739,-1.53%
4/21/2011,1.766,1.766,1.766,1.766,-4.02%
4/20/2011,1.84,1.84,1.84,1.84,2.34%
4/19/2011,1.798,1.798,1.798,1.798,3.57%
4/18/2011,1.736,1.736,1.736,1.736,-6.82%
4/15/2011,1.863,1.863,1.863,1.863,-0.43%
4/14/2011,1.871,1.871,1.871,1.871,-0.85%
4/13/2011,1.887,1.887,1.887,1.887,0.91%
4/12/2011,1.87,1.87,1.87,1.87,-2.76%
4/11/2011,1.923,1.923,1.923,1.923,0.37%
4/8/2011,1.916,1.916,1.916,1.916,5.04%
4/7/2011,1.824,1.824,1.824,1.824,-1.14%
4/6/2011,1.845,1.845,1.845,1.845,0.33%
4/5/2011,1.839,1.839,1.839,1.839,1.21%
4/4/2011,1.817,1.817,1.817,1.817,-1.20%
4/1/2011,1.839,1.839,1.839,1.839,2.74%
3/31/2011,1.79,1.79,1.79,1.79,1.53%
3/30/2011,1.763,1.763,1.763,1.763,-0.84%
3/29/2011,1.778,1.778,1.778,1.778,2.18%
3/28/2011,1.74,1.74,1.74,1.74,0.40%
3/25/2011,1.733,1.733,1.733,1.733,2.73%
3/24/2011,1.687,1.687,1.687,1.687,-0.59%
3/23/2011,1.697,1.697,1.697,1.697,-1.16%
3/22/2011,1.717,1.717,1.717,1.717,-1.21%
3/21/2011,1.738,1.738,1.738,1.738,6.04%
3/18/2011,1.639,1.639,1.639,1.639,3.15%
3/17/2011,1.589,1.589,1.589,1.589,7.44%
3/16/2011,1.479,1.479,1.479,1.479,-3.65%
3/15/2011,1.535,1.535,1.535,1.535,-6.29%
3/14/2011,1.638,1.638,1.638,1.638,-0.91%
3/11/2011,1.653,1.653,1.653,1.653,-2.42%
3/10/2011,1.694,1.694,1.694,1.694,-3.03%
3/9/2011,1.747,1.747,1.747,1.747,0.17%
3/8/2011,1.744,1.744,1.744,1.744,-0.57%
3/7/2011,1.754,1.754,1.754,1.754,-0.85%
3/4/2011,1.769,1.769,1.769,1.769,-0.84%
3/3/2011,1.784,1.784,1.784,1.784,14.87%
3/2/2011,1.553,1.553,1.553,1.553,0.84%
3/1/2011,1.54,1.54,1.54,1.54,0.98%
2/28/2011,1.525,1.525,1.525,1.525,-1.55%
2/25/2011,1.549,1.549,1.549,1.549,0.58%
2/24/2011,1.54,1.54,1.54,1.54,5.91%
2/23/2011,1.454,1.454,1.454,1.454,1.61%
2/22/2011,1.431,1.431,1.431,1.431,3.47%
2/21/2011,1.383,1.383,1.383,1.383,-1.36%
2/18/2011,1.402,1.402,1.402,1.402,6.70%
2/17/2011,1.314,1.314,1.314,1.314,-6.01%
2/16/2011,1.398,1.398,1.398,1.398,-0.99%
2/15/2011,1.412,1.412,1.412,1.412,0.07%
2/14/2011,1.411,1.411,1.411,1.411,0.93%
2/11/2011,1.398,1.398,1.398,1.398,-3.32%
2/10/2011,1.446,1.446,1.446,1.446,-1.30%
2/9/2011,1.465,1.465,1.465,1.465,2.16%
2/8/2011,1.434,1.434,1.434,1.434,5.29%
2/7/2011,1.362,1.362,1.362,1.362,-5.68%
2/4/2011,1.444,1.444,1.444,1.444,6.80%
2/3/2011,1.352,1.352,1.352,1.352,-8.53%
2/2/2011,1.478,1.478,1.478,1.478,5.12%
2/1/2011,1.406,1.406,1.406,1.406,2.63%
1/31/2011,1.37,1.37,1.37,1.37,-0.87%
1/28/2011,1.382,1.382,1.382,1.382,0.80%
1/27/2011,1.371,1.371,1.371,1.371,3.94%
1/26/2011,1.319,1.319,1.319,1.319,3.86%
1/25/2011,1.27,1.27,1.27,1.27,1.28%
1/24/2011,1.254,1.254,1.254,1.254,-3.69%
1/21/2011,1.302,1.302,1.302,1.302,4.83%
1/20/2011,1.242,1.242,1.242,1.242,6.98%
1/19/2011,1.161,1.161,1.161,1.161,-3.25%
1/18/2011,1.2,1.2,1.2,1.2,5.45%
1/17/2011,1.138,1.138,1.138,1.138,-1.90%
1/14/2011,1.16,1.16,1.16,1.16,4.98%
1/13/2011,1.105,1.105,1.105,1.105,11.73%
1/12/2011,0.989,0.989,0.989,0.989,10.63%
1/11/2011,0.894,0.894,0.894,0.894,3.00%
1/10/2011,0.868,0.868,0.868,0.868,1.40%
1/7/2011,0.856,0.856,0.856,0.856,-5.52%
1/6/2011,0.906,0.906,0.906,0.906,-0.33%
1/5/2011,0.909,0.909,0.909,0.909,10.45%
1/4/2011,0.823,0.823,0.823,0.823,3.26%
1/3/2011,0.797,0.797,0.797,0.797,-6.67%
12/30/2010,0.854,0.854,0.854,0.854,-4.37%
12/29/2010,0.893,0.893,0.893,0.893,2.06%
12/28/2010,0.875,0.875,0.875,0.875,-8.18%
12/27/2010,0.953,0.953,0.953,0.953,-0.52%
12/23/2010,0.958,0.958,0.958,0.958,0.21%
12/22/2010,0.956,0.956,0.956,0.956,-7.18%
12/21/2010,1.03,1.03,1.03,1.03,-0.58%
12/20/2010,1.036,1.036,1.036,1.036,-1.89%
12/17/2010,1.056,1.056,1.056,1.056,-2.40%
12/16/2010,1.082,1.082,1.082,1.082,2.08%
12/15/2010,1.06,1.06,1.06,1.06,-2.39%
12/14/2010,1.086,1.086,1.086,1.086,2.84%
12/13/2010,1.056,1.056,1.056,1.056,-2.76%
12/10/2010,1.086,1.086,1.086,1.086,6.47%
12/9/2010,1.02,1.02,1.02,1.02,2.00%
12/8/2010,1,1,1,1,15.07%
12/7/2010,0.869,0.869,0.869,0.869,6.76%
12/6/2010,0.814,0.814,0.814,0.814,-5.24%
12/3/2010,0.859,0.859,0.859,0.859,-2.16%
12/2/2010,0.878,0.878,0.878,0.878,1.62%
12/1/2010,0.864,0.864,0.864,0.864,0.70%
11/30/2010,0.858,0.858,0.858,0.858,-6.23%
11/29/2010,0.915,0.915,0.915,0.915,-1.61%
11/26/2010,0.93,0.93,0.93,0.93,-2.52%
11/25/2010,0.954,0.954,0.954,0.954,-2.25%
11/24/2010,0.976,0.976,0.976,0.976,5.86%
11/23/2010,0.922,0.922,0.922,0.922,-11.35%
11/22/2010,1.04,1.04,1.04,1.04,-6.89%
11/19/2010,1.117,1.117,1.117,1.117,0.63%
11/18/2010,1.11,1.11,1.11,1.11,5.61%
11/17/2010,1.051,1.051,1.051,1.051,-0.10%
11/16/2010,1.052,1.052,1.052,1.052,1.25%
11/15/2010,1.039,1.039,1.039,1.039,0.48%
11/12/2010,1.034,1.034,1.034,1.034,8.50%
11/11/2010,0.953,0.953,0.953,0.953,2.80%
11/10/2010,0.927,0.927,0.927,0.927,-0.22%
11/9/2010,0.929,0.929,0.929,0.929,0.32%
11/8/2010,0.926,0.926,0.926,0.926,1.31%
11/5/2010,0.914,0.914,0.914,0.914,-0.65%
11/4/2010,0.92,0.92,0.92,0.92,-5.74%
11/3/2010,0.976,0.976,0.976,0.976,-1.41%
11/2/2010,0.99,0.99,0.99,0.99,0.61%
11/1/2010,0.984,0.984,0.984,0.984,-0.20%
10/29/2010,0.986,0.986,0.986,0.986,-6.45%
10/28/2010,1.054,1.054,1.054,1.054,3.23%
10/27/2010,1.021,1.021,1.021,1.021,-1.54%
10/26/2010,1.037,1.037,1.037,1.037,5.49%
10/25/2010,0.983,0.983,0.983,0.983,-2.87%
10/22/2010,1.012,1.012,1.012,1.012,0.40%
10/21/2010,1.008,1.008,1.008,1.008,5.66%
10/20/2010,0.954,0.954,0.954,0.954,5.88%
10/19/2010,0.901,0.901,0.901,0.901,0.67%
10/18/2010,0.895,0.895,0.895,0.895,9.01%
10/15/2010,0.821,0.821,0.821,0.821,1.86%
10/14/2010,0.806,0.806,0.806,0.806,3.20%
10/13/2010,0.781,0.781,0.781,0.781,2.76%
10/12/2010,0.76,0.76,0.76,0.76,-4.76%
10/11/2010,0.798,0.798,0.798,0.798,0.38%
10/8/2010,0.795,0.795,0.795,0.795,-1.61%
10/7/2010,0.808,0.808,0.808,0.808,4.12%
10/6/2010,0.776,0.776,0.776,0.776,-4.32%
10/5/2010,0.811,0.811,0.811,0.811,-2.64%
10/4/2010,0.833,0.833,0.833,0.833,-1.88%
10/1/2010,0.849,0.849,0.849,0.849,0.83%
9/30/2010,0.842,0.842,0.842,0.842,6.85%
9/29/2010,0.788,0.788,0.788,0.788,7.36%
9/28/2010,0.734,0.734,0.734,0.734,1.38%
9/27/2010,0.724,0.724,0.724,0.724,-2.95%
9/24/2010,0.746,0.746,0.746,0.746,7.65%
9/23/2010,0.693,0.693,0.693,0.693,-8.21%
9/22/2010,0.755,0.755,0.755,0.755,-4.55%
9/21/2010,0.791,0.791,0.791,0.791,-2.47%
9/20/2010,0.811,0.811,0.811,0.811,3.97%
9/17/2010,0.78,0.78,0.78,0.78,-4.06%
9/16/2010,0.813,0.813,0.813,0.813,7.97%
9/15/2010,0.753,0.753,0.753,0.753,4.73%
9/14/2010,0.719,0.719,0.719,0.719,-4.13%
9/13/2010,0.75,0.75,0.75,0.75,1.21%
9/10/2010,0.741,0.741,0.741,0.741,4.51%
9/9/2010,0.709,0.709,0.709,0.709,12.01%
9/8/2010,0.633,0.633,0.633,0.633,9.33%
9/7/2010,0.579,0.579,0.579,0.579,-10.92%
9/6/2010,0.65,0.65,0.65,0.65,1.40%
9/3/2010,0.641,0.641,0.641,0.641,4.23%
9/2/2010,0.615,0.615,0.615,0.615,-1.60%
9/1/2010,0.625,0.625,0.625,0.625,3.99%
8/31/2010,0.601,0.601,0.601,0.601,0.84%
8/30/2010,0.596,0.596,0.596,0.596,-7.88%
8/27/2010,0.647,0.647,0.647,0.647,5.89%
8/26/2010,0.611,0.611,0.611,0.611,3.21%
8/25/2010,0.592,0.592,0.592,0.592,-0.34%
8/24/2010,0.594,0.594,0.594,0.594,-2.94%
8/23/2010,0.612,0.612,0.612,0.612,0.66%
8/20/2010,0.608,0.608,0.608,0.608,-8.71%
8/19/2010,0.666,0.666,0.666,0.666,0.60%
8/18/2010,0.662,0.662,0.662,0.662,-2.22%
8/17/2010,0.677,0.677,0.677,0.677,2.27%
8/16/2010,0.662,0.662,0.662,0.662,-0.15%
8/13/2010,0.663,0.663,0.663,0.663,6.25%
8/12/2010,0.624,0.624,0.624,0.624,-1.73%
8/11/2010,0.635,0.635,0.635,0.635,-9.80%
8/10/2010,0.704,0.704,0.704,0.704,-3.56%
8/9/2010,0.73,0.73,0.73,0.73,-2.93%
8/6/2010,0.752,0.752,0.752,0.752,0.00%
8/5/2010,0.752,0.752,0.752,0.752,-1.05%
8/4/2010,0.76,0.76,0.76,0.76,4.83%
8/3/2010,0.725,0.725,0.725,0.725,-9.26%
8/2/2010,0.799,0.799,0.799,0.799,-0.75%
7/30/2010,0.805,0.805,0.805,0.805,-4.05%
7/29/2010,0.839,0.839,0.839,0.839,-1.87%
7/28/2010,0.855,0.855,0.855,0.855,-3.06%
7/27/2010,0.882,0.882,0.882,0.882,5.63%
7/26/2010,0.835,0.835,0.835,0.835,11.04%
7/23/2010,0.752,0.752,0.752,0.752,6.21%
7/22/2010,0.708,0.708,0.708,0.708,-3.01%
7/21/2010,0.73,0.73,0.73,0.73,-6.89%
7/20/2010,0.784,0.784,0.784,0.784,-5.54%
7/19/2010,0.83,0.83,0.83,0.83,6.96%
7/16/2010,0.776,0.776,0.776,0.776,-3.36%
7/15/2010,0.803,0.803,0.803,0.803,3.61%
7/14/2010,0.775,0.775,0.775,0.775,5.16%
7/13/2010,0.737,0.737,0.737,0.737,6.35%
7/12/2010,0.693,0.693,0.693,0.693,-10.47%
7/9/2010,0.774,0.774,0.774,0.774,6.61%
7/8/2010,0.726,0.726,0.726,0.726,6.14%
7/7/2010,0.684,0.684,0.684,0.684,4.11%
7/6/2010,0.657,0.657,0.657,0.657,4.29%
7/5/2010,0.63,0.63,0.63,0.63,-6.25%
7/2/2010,0.672,0.672,0.672,0.672,-1.47%
7/1/2010,0.682,0.682,0.682,0.682,16.18%
6/30/2010,0.587,0.587,0.587,0.587,7.51%
6/29/2010,0.546,0.546,0.546,0.546,-3.70%
6/28/2010,0.567,0.567,0.567,0.567,-1.05%
6/25/2010,0.573,0.573,0.573,0.573,5.33%
6/24/2010,0.544,0.544,0.544,0.544,-9.78%
6/23/2010,0.603,0.603,0.603,0.603,1.86%
6/22/2010,0.592,0.592,0.592,0.592,-7.21%
6/21/2010,0.638,0.638,0.638,0.638,9.81%
6/18/2010,0.581,0.581,0.581,0.581,11.95%
6/17/2010,0.519,0.519,0.519,0.519,4.85%
6/16/2010,0.495,0.495,0.495,0.495,-2.94%
6/15/2010,0.51,0.51,0.51,0.51,2.20%
6/14/2010,0.499,0.499,0.499,0.499,6.40%
6/11/2010,0.469,0.469,0.469,0.469,-8.22%
6/10/2010,0.511,0.511,0.511,0.511,4.29%
6/9/2010,0.49,0.49,0.49,0.49,8.89%
6/8/2010,0.45,0.45,0.45,0.45,-7.79%
6/7/2010,0.488,0.488,0.488,0.488,0.83%
6/4/2010,0.484,0.484,0.484,0.484,-4.54%
6/3/2010,0.507,0.507,0.507,0.507,1.20%
6/2/2010,0.501,0.501,0.501,0.501,0.40%
6/1/2010,0.499,0.499,0.499,0.499,-3.11%
5/31/2010,0.515,0.515,0.515,0.515,3.00%
5/28/2010,0.5,0.5,0.5,0.5,-5.66%
5/27/2010,0.53,0.53,0.53,0.53,4.95%
5/26/2010,0.505,0.505,0.505,0.505,2.02%
5/25/2010,0.495,0.495,0.495,0.495,-7.82%
5/24/2010,0.537,0.537,0.537,0.537,5.29%
5/21/2010,0.51,0.51,0.51,0.51,-1.35%
5/20/2010,0.517,0.517,0.517,0.517,-4.26%
5/19/2010,0.54,0.54,0.54,0.54,-4.93%
5/18/2010,0.568,0.568,0.568,0.568,0.00%
5/17/2010,0.568,0.568,0.568,0.568,0.89%
5/14/2010,0.563,0.563,0.563,0.563,5.43%
5/13/2010,0.534,0.534,0.534,0.534,-8.25%
5/12/2010,0.582,0.582,0.582,0.582,-2.51%
5/11/2010,0.597,0.597,0.597,0.597,-4.78%
5/10/2010,0.627,0.627,0.627,0.627,8.85%
5/7/2010,0.576,0.576,0.576,0.576,6.27%
5/6/2010,0.542,0.542,0.542,0.542,-9.06%
5/5/2010,0.596,0.596,0.596,0.596,-16.64%
5/4/2010,0.715,0.715,0.715,0.715,-13.96%
5/3/2010,0.831,0.831,0.831,0.831,5.46%
4/30/2010,0.788,0.788,0.788,0.788,-4.02%
4/29/2010,0.821,0.821,0.821,0.821,3.53%
4/28/2010,0.793,0.793,0.793,0.793,0.51%
4/27/2010,0.789,0.789,0.789,0.789,-10.44%
4/26/2010,0.881,0.881,0.881,0.881,-4.13%
4/23/2010,0.919,0.919,0.919,0.919,3.03%
4/22/2010,0.892,0.892,0.892,0.892,0.11%
4/21/2010,0.891,0.891,0.891,0.891,-1.00%
4/20/2010,0.9,0.9,0.9,0.9,2.62%
4/19/2010,0.877,0.877,0.877,0.877,-3.41%
4/16/2010,0.908,0.908,0.908,0.908,-3.09%
4/15/2010,0.937,0.937,0.937,0.937,-3.10%
4/14/2010,0.967,0.967,0.967,0.967,-1.73%
4/13/2010,0.984,0.984,0.984,0.984,-2.77%
4/12/2010,1.012,1.012,1.012,1.012,2.02%
4/9/2010,0.992,0.992,0.992,0.992,6.55%
4/8/2010,0.931,0.931,0.931,0.931,-4.41%
4/7/2010,0.974,0.974,0.974,0.974,-2.50%
4/6/2010,0.999,0.999,0.999,0.999,2.67%
4/1/2010,0.973,0.973,0.973,0.973,-0.41%
3/31/2010,0.977,0.977,0.977,0.977,-1.21%
3/30/2010,0.989,0.989,0.989,0.989,9.28%
3/29/2010,0.905,0.905,0.905,0.905,1.34%
3/26/2010,0.893,0.893,0.893,0.893,-2.93%
3/25/2010,0.92,0.92,0.92,0.92,4.07%
3/24/2010,0.884,0.884,0.884,0.884,3.27%
3/23/2010,0.856,0.856,0.856,0.856,-2.39%
3/22/2010,0.877,0.877,0.877,0.877,-3.63%
3/19/2010,0.91,0.91,0.91,0.91,0.33%
3/18/2010,0.907,0.907,0.907,0.907,3.30%
3/17/2010,0.878,0.878,0.878,0.878,-4.04%
3/16/2010,0.915,0.915,0.915,0.915,-2.97%
3/15/2010,0.943,0.943,0.943,0.943,-1.46%
3/12/2010,0.957,0.957,0.957,0.957,0.63%
3/11/2010,0.951,0.951,0.951,0.951,3.37%
3/10/2010,0.92,0.92,0.92,0.92,5.63%
3/9/2010,0.871,0.871,0.871,0.871,-2.79%
3/8/2010,0.896,0.896,0.896,0.896,1.01%
3/5/2010,0.887,0.887,0.887,0.887,1.03%
3/4/2010,0.878,0.878,0.878,0.878,0.00%
3/3/2010,0.878,0.878,0.878,0.878,1.74%
3/2/2010,0.863,0.863,0.863,0.863,0.12%
3/1/2010,0.862,0.862,0.862,0.862,-1.60%
2/26/2010,0.876,0.876,0.876,0.876,0.46%
2/25/2010,0.872,0.872,0.872,0.872,-5.22%
2/24/2010,0.92,0.92,0.92,0.92,-2.02%
2/23/2010,0.939,0.939,0.939,0.939,-6.57%
2/22/2010,1.005,1.005,1.005,1.005,-0.30%
2/19/2010,1.008,1.008,1.008,1.008,0.90%
2/18/2010,0.999,0.999,0.999,0.999,2.25%
2/17/2010,0.977,0.977,0.977,0.977,-0.81%
2/16/2010,0.985,0.985,0.985,0.985,-0.10%
2/15/2010,0.986,0.986,0.986,0.986,-0.40%
2/12/2010,0.99,0.99,0.99,0.99,-6.60%
2/11/2010,1.06,1.06,1.06,1.06,-0.28%
2/10/2010,1.063,1.063,1.063,1.063,-1.67%
2/9/2010,1.081,1.081,1.081,1.081,7.14%
2/8/2010,1.009,1.009,1.009,1.009,2.02%
2/5/2010,0.989,0.989,0.989,0.989,-6.96%
2/4/2010,1.063,1.063,1.063,1.063,-8.20%
2/3/2010,1.158,1.158,1.158,1.158,1.31%
2/2/2010,1.143,1.143,1.143,1.143,0.44%
2/1/2010,1.138,1.138,1.138,1.138,0.98%
1/29/2010,1.127,1.127,1.127,1.127,-0.27%
1/28/2010,1.13,1.13,1.13,1.13,-1.40%
1/27/2010,1.146,1.146,1.146,1.146,1.78%
1/26/2010,1.126,1.126,1.126,1.126,1.08%
1/25/2010,1.114,1.114,1.114,1.114,-0.89%
1/22/2010,1.124,1.124,1.124,1.124,0.09%
1/21/2010,1.123,1.123,1.123,1.123,-1.14%
1/20/2010,1.136,1.136,1.136,1.136,-4.86%
1/19/2010,1.194,1.194,1.194,1.194,3.11%
1/18/2010,1.158,1.158,1.158,1.158,1.05%
1/15/2010,1.146,1.146,1.146,1.146,-3.37%
1/14/2010,1.186,1.186,1.186,1.186,-1.82%
1/13/2010,1.208,1.208,1.208,1.208,-1.71%
1/12/2010,1.229,1.229,1.229,1.229,-1.60%
1/11/2010,1.249,1.249,1.249,1.249,-0.16%
1/8/2010,1.251,1.251,1.251,1.251,-3.25%
1/7/2010,1.293,1.293,1.293,1.293,-2.12%
1/6/2010,1.321,1.321,1.321,1.321,0.76%
1/5/2010,1.311,1.311,1.311,1.311,-4.03%
1/4/2010,1.366,1.366,1.366,1.366,0.44%
12/30/2009,1.36,1.36,1.36,1.36,2.95%
12/29/2009,1.321,1.321,1.321,1.321,4.34%
12/28/2009,1.266,1.266,1.266,1.266,3.77%
12/23/2009,1.22,1.22,1.22,1.22,0.99%
12/22/2009,1.208,1.208,1.208,1.208,2.11%
12/21/2009,1.183,1.183,1.183,1.183,1.28%
12/18/2009,1.168,1.168,1.168,1.168,0.09%
12/17/2009,1.167,1.167,1.167,1.167,-3.87%
12/16/2009,1.214,1.214,1.214,1.214,-4.71%
12/15/2009,1.274,1.274,1.274,1.274,1.84%
12/14/2009,1.251,1.251,1.251,1.251,-1.88%
12/11/2009,1.275,1.275,1.275,1.275,1.76%
12/10/2009,1.253,1.253,1.253,1.253,2.79%
12/9/2009,1.219,1.219,1.219,1.219,-2.48%
12/8/2009,1.25,1.25,1.25,1.25,-6.30%
12/7/2009,1.334,1.334,1.334,1.334,-0.82%
12/4/2009,1.345,1.345,1.345,1.345,4.26%
12/3/2009,1.29,1.29,1.29,1.29,3.61%
12/2/2009,1.245,1.245,1.245,1.245,0.00%
12/1/2009,1.245,1.245,1.245,1.245,-2.20%
11/30/2009,1.273,1.273,1.273,1.273,1.43%
11/27/2009,1.255,1.255,1.255,1.255,1.21%
11/26/2009,1.24,1.24,1.24,1.24,-8.42%
11/25/2009,1.354,1.354,1.354,1.354,0.52%
11/24/2009,1.347,1.347,1.347,1.347,-1.10%
11/23/2009,1.362,1.362,1.362,1.362,1.79%
11/20/2009,1.338,1.338,1.338,1.338,3.00%
11/19/2009,1.299,1.299,1.299,1.299,-0.76%
11/18/2009,1.309,1.309,1.309,1.309,10.74%
11/17/2009,1.182,1.182,1.182,1.182,-0.76%
11/16/2009,1.191,1.191,1.191,1.191,-0.67%
11/13/2009,1.199,1.199,1.199,1.199,-2.28%
11/12/2009,1.227,1.227,1.227,1.227,-1.37%
11/11/2009,1.244,1.244,1.244,1.244,-0.40%
11/10/2009,1.249,1.249,1.249,1.249,-1.34%
11/9/2009,1.266,1.266,1.266,1.266,-1.25%
11/6/2009,1.282,1.282,1.282,1.282,-2.14%
11/5/2009,1.31,1.31,1.31,1.31,-1.28%
11/4/2009,1.327,1.327,1.327,1.327,2.63%
11/3/2009,1.293,1.293,1.293,1.293,-0.84%
11/2/2009,1.304,1.304,1.304,1.304,1.24%
10/30/2009,1.288,1.288,1.288,1.288,-5.57%
10/29/2009,1.364,1.364,1.364,1.364,4.36%
10/28/2009,1.307,1.307,1.307,1.307,0.46%
10/27/2009,1.301,1.301,1.301,1.301,-5.31%
10/26/2009,1.374,1.374,1.374,1.374,-1.51%
10/23/2009,1.395,1.395,1.395,1.395,0.65%
10/22/2009,1.386,1.386,1.386,1.386,-1.42%
10/21/2009,1.406,1.406,1.406,1.406,2.18%
10/20/2009,1.376,1.376,1.376,1.376,-4.11%
10/19/2009,1.435,1.435,1.435,1.435,-0.21%
10/16/2009,1.438,1.438,1.438,1.438,1.99%
10/15/2009,1.41,1.41,1.41,1.41,4.37%
10/14/2009,1.351,1.351,1.351,1.351,3.68%
10/13/2009,1.303,1.303,1.303,1.303,-2.76%
10/12/2009,1.34,1.34,1.34,1.34,-2.33%
10/9/2009,1.372,1.372,1.372,1.372,9.32%
10/8/2009,1.255,1.255,1.255,1.255,1.29%
10/7/2009,1.239,1.239,1.239,1.239,0.81%
10/6/2009,1.229,1.229,1.229,1.229,0.90%
10/5/2009,1.218,1.218,1.218,1.218,0.83%
10/2/2009,1.208,1.208,1.208,1.208,-1.71%
10/1/2009,1.229,1.229,1.229,1.229,-3.68%
9/30/2009,1.276,1.276,1.276,1.276,2.08%
9/29/2009,1.25,1.25,1.25,1.25,1.71%
9/28/2009,1.229,1.229,1.229,1.229,0.90%
9/25/2009,1.218,1.218,1.218,1.218,1.67%
9/24/2009,1.198,1.198,1.198,1.198,-5.67%
9/23/2009,1.27,1.27,1.27,1.27,-1.24%
9/22/2009,1.286,1.286,1.286,1.286,1.74%
9/21/2009,1.264,1.264,1.264,1.264,-2.84%
9/18/2009,1.301,1.301,1.301,1.301,0.39%
9/17/2009,1.296,1.296,1.296,1.296,1.57%
9/16/2009,1.276,1.276,1.276,1.276,1.27%
9/15/2009,1.26,1.26,1.26,1.26,1.61%
9/14/2009,1.24,1.24,1.24,1.24,8.77%
9/11/2009,1.14,1.14,1.14,1.14,1.88%
9/10/2009,1.119,1.119,1.119,1.119,2.66%
9/9/2009,1.09,1.09,1.09,1.09,2.64%
9/8/2009,1.062,1.062,1.062,1.062,-1.76%
9/7/2009,1.081,1.081,1.081,1.081,-2.17%
9/4/2009,1.105,1.105,1.105,1.105,-3.49%
9/3/2009,1.145,1.145,1.145,1.145,-3.86%
9/2/2009,1.191,1.191,1.191,1.191,-0.25%
9/1/2009,1.194,1.194,1.194,1.194,-5.46%
8/31/2009,1.263,1.263,1.263,1.263,-0.16%
8/28/2009,1.265,1.265,1.265,1.265,-0.47%
8/27/2009,1.271,1.271,1.271,1.271,-0.78%
8/26/2009,1.281,1.281,1.281,1.281,-3.97%
8/25/2009,1.334,1.334,1.334,1.334,-0.74%
8/24/2009,1.344,1.344,1.344,1.344,-4.55%
8/21/2009,1.408,1.408,1.408,1.408,8.22%
8/20/2009,1.301,1.301,1.301,1.301,-1.96%
8/19/2009,1.327,1.327,1.327,1.327,-1.92%
8/18/2009,1.353,1.353,1.353,1.353,-0.51%
8/17/2009,1.36,1.36,1.36,1.36,2.03%
8/14/2009,1.333,1.333,1.333,1.333,-3.05%
8/13/2009,1.375,1.375,1.375,1.375,-5.11%
8/12/2009,1.449,1.449,1.449,1.449,-3.08%
8/11/2009,1.495,1.495,1.495,1.495,-3.24%
8/10/2009,1.545,1.545,1.545,1.545,-3.38%
8/7/2009,1.599,1.599,1.599,1.599,8.26%
8/6/2009,1.477,1.477,1.477,1.477,2.86%
8/5/2009,1.436,1.436,1.436,1.436,0.35%
8/4/2009,1.431,1.431,1.431,1.431,4.45%
8/3/2009,1.37,1.37,1.37,1.37,8.39%
7/31/2009,1.264,1.264,1.264,1.264,-6.02%
7/30/2009,1.345,1.345,1.345,1.345,0.00%
7/29/2009,1.345,1.345,1.345,1.345,1.20%
7/28/2009,1.329,1.329,1.329,1.329,-3.20%
7/27/2009,1.373,1.373,1.373,1.373,2.31%
7/24/2009,1.342,1.342,1.342,1.342,2.13%
7/23/2009,1.314,1.314,1.314,1.314,2.98%
7/22/2009,1.276,1.276,1.276,1.276,2.49%
7/21/2009,1.245,1.245,1.245,1.245,-2.96%
7/20/2009,1.283,1.283,1.283,1.283,1.26%
7/17/2009,1.267,1.267,1.267,1.267,3.94%
7/16/2009,1.219,1.219,1.219,1.219,-5.43%
7/15/2009,1.289,1.289,1.289,1.289,3.37%
7/14/2009,1.247,1.247,1.247,1.247,2.13%
7/13/2009,1.221,1.221,1.221,1.221,1.33%
7/10/2009,1.205,1.205,1.205,1.205,-2.67%
7/9/2009,1.238,1.238,1.238,1.238,4.47%
7/8/2009,1.185,1.185,1.185,1.185,-3.11%
7/7/2009,1.223,1.223,1.223,1.223,-0.08%
7/6/2009,1.224,1.224,1.224,1.224,-1.69%
7/3/2009,1.245,1.245,1.245,1.245,1.22%
7/2/2009,1.23,1.23,1.23,1.23,-9.36%
7/1/2009,1.357,1.357,1.357,1.357,-0.80%
6/30/2009,1.368,1.368,1.368,1.368,0.00%
6/29/2009,1.368,1.368,1.368,1.368,2.78%
6/26/2009,1.331,1.331,1.331,1.331,0.38%
6/25/2009,1.326,1.326,1.326,1.326,-5.62%
6/24/2009,1.405,1.405,1.405,1.405,-5.32%
6/23/2009,1.484,1.484,1.484,1.484,0.75%
6/22/2009,1.473,1.473,1.473,1.473,0.34%
6/19/2009,1.468,1.468,1.468,1.468,-5.05%
6/18/2009,1.546,1.546,1.546,1.546,0.98%
6/17/2009,1.531,1.531,1.531,1.531,-6.30%
6/16/2009,1.634,1.634,1.634,1.634,-1.27%
6/15/2009,1.655,1.655,1.655,1.655,-4.78%
6/12/2009,1.738,1.738,1.738,1.738,-2.58%
6/11/2009,1.784,1.784,1.784,1.784,1.48%
6/10/2009,1.758,1.758,1.758,1.758,2.15%
6/9/2009,1.721,1.721,1.721,1.721,-1.71%
6/8/2009,1.751,1.751,1.751,1.751,3.67%
6/5/2009,1.689,1.689,1.689,1.689,11.12%
6/4/2009,1.52,1.52,1.52,1.52,7.95%
6/3/2009,1.408,1.408,1.408,1.408,-0.78%
6/2/2009,1.419,1.419,1.419,1.419,-5.71%
6/1/2009,1.505,1.505,1.505,1.505,6.06%
5/29/2009,1.419,1.419,1.419,1.419,-8.45%
5/28/2009,1.55,1.55,1.55,1.55,-0.64%
5/27/2009,1.56,1.56,1.56,1.56,9.40%
5/26/2009,1.426,1.426,1.426,1.426,0.78%
5/25/2009,1.415,1.415,1.415,1.415,3.36%
5/22/2009,1.369,1.369,1.369,1.369,0.88%
5/21/2009,1.357,1.357,1.357,1.357,-2.44%
5/20/2009,1.391,1.391,1.391,1.391,6.51%
5/19/2009,1.306,1.306,1.306,1.306,4.56%
5/18/2009,1.249,1.249,1.249,1.249,-1.34%
5/15/2009,1.266,1.266,1.266,1.266,-0.47%
5/14/2009,1.272,1.272,1.272,1.272,-2.15%
5/13/2009,1.3,1.3,1.3,1.3,-6.07%
5/12/2009,1.384,1.384,1.384,1.384,-1.56%
5/11/2009,1.406,1.406,1.406,1.406,6.52%
5/8/2009,1.32,1.32,1.32,1.32,-7.17%
5/7/2009,1.422,1.422,1.422,1.422,6.28%
5/6/2009,1.338,1.338,1.338,1.338,-6.24%
5/5/2009,1.427,1.427,1.427,1.427,-2.59%
5/4/2009,1.465,1.465,1.465,1.465,6.86%
4/30/2009,1.371,1.371,1.371,1.371,3.79%
4/29/2009,1.321,1.321,1.321,1.321,-1.20%
4/28/2009,1.337,1.337,1.337,1.337,-5.04%
4/27/2009,1.408,1.408,1.408,1.408,-1.54%
4/24/2009,1.43,1.43,1.43,1.43,-2.46%
4/23/2009,1.466,1.466,1.466,1.466,-0.14%
4/22/2009,1.468,1.468,1.468,1.468,3.97%
4/21/2009,1.412,1.412,1.412,1.412,-1.88%
4/20/2009,1.439,1.439,1.439,1.439,-2.57%
4/17/2009,1.477,1.477,1.477,1.477,7.11%
4/16/2009,1.379,1.379,1.379,1.379,1.62%
4/15/2009,1.357,1.357,1.357,1.357,-2.93%
4/14/2009,1.398,1.398,1.398,1.398,1.45%
4/9/2009,1.378,1.378,1.378,1.378,-6.89%
4/8/2009,1.48,1.48,1.48,1.48,-0.34%
4/7/2009,1.485,1.485,1.485,1.485,-1.33%
4/6/2009,1.505,1.505,1.505,1.505,-1.70%
4/3/2009,1.531,1.531,1.531,1.531,6.25%
4/2/2009,1.441,1.441,1.441,1.441,16.30%
4/1/2009,1.239,1.239,1.239,1.239,-3.73%
3/31/2009,1.287,1.287,1.287,1.287,1.26%
3/30/2009,1.271,1.271,1.271,1.271,-3.20%
3/27/2009,1.313,1.313,1.313,1.313,-6.95%
3/26/2009,1.411,1.411,1.411,1.411,1.07%
3/25/2009,1.396,1.396,1.396,1.396,-0.36%
3/24/2009,1.401,1.401,1.401,1.401,4.71%
3/23/2009,1.338,1.338,1.338,1.338,-2.34%
3/20/2009,1.37,1.37,1.37,1.37,-4.99%
3/19/2009,1.442,1.442,1.442,1.442,1.48%
3/18/2009,1.421,1.421,1.421,1.421,0.00%
3/17/2009,1.421,1.421,1.421,1.421,4.26%
3/16/2009,1.363,1.363,1.363,1.363,3.10%
3/13/2009,1.322,1.322,1.322,1.322,-1.12%
3/12/2009,1.337,1.337,1.337,1.337,-7.15%
3/11/2009,1.44,1.44,1.44,1.44,8.52%
3/10/2009,1.327,1.327,1.327,1.327,3.43%
3/9/2009,1.283,1.283,1.283,1.283,8.82%
3/6/2009,1.179,1.179,1.179,1.179,-1.67%
3/5/2009,1.199,1.199,1.199,1.199,1.61%
3/4/2009,1.18,1.18,1.18,1.18,-0.34%
3/3/2009,1.184,1.184,1.184,1.184,-0.92%
3/2/2009,1.195,1.195,1.195,1.195,-9.06%
2/27/2009,1.314,1.314,1.314,1.314,-2.52%
2/26/2009,1.348,1.348,1.348,1.348,7.75%
2/25/2009,1.251,1.251,1.251,1.251,-3.17%
2/24/2009,1.292,1.292,1.292,1.292,-2.64%
2/23/2009,1.327,1.327,1.327,1.327,1.38%
2/20/2009,1.309,1.309,1.309,1.309,-5.01%
2/19/2009,1.378,1.378,1.378,1.378,9.11%
2/18/2009,1.263,1.263,1.263,1.263,7.76%
2/17/2009,1.172,1.172,1.172,1.172,-4.17%
2/16/2009,1.223,1.223,1.223,1.223,-6.28%
2/13/2009,1.305,1.305,1.305,1.305,0.69%
2/12/2009,1.296,1.296,1.296,1.296,-5.61%
2/11/2009,1.373,1.373,1.373,1.373,-6.92%
2/10/2009,1.475,1.475,1.475,1.475,1.65%
2/9/2009,1.451,1.451,1.451,1.451,3.57%
2/6/2009,1.401,1.401,1.401,1.401,-1.55%
2/5/2009,1.423,1.423,1.423,1.423,-4.37%
2/4/2009,1.488,1.488,1.488,1.488,-0.40%
2/3/2009,1.494,1.494,1.494,1.494,-0.80%
2/2/2009,1.506,1.506,1.506,1.506,-1.89%
1/30/2009,1.535,1.535,1.535,1.535,-2.48%
1/29/2009,1.574,1.574,1.574,1.574,-2.18%
1/28/2009,1.609,1.609,1.609,1.609,-3.36%
1/27/2009,1.665,1.665,1.665,1.665,0.24%
1/26/2009,1.661,1.661,1.661,1.661,15.43%
1/23/2009,1.439,1.439,1.439,1.439,-0.83%
1/22/2009,1.451,1.451,1.451,1.451,2.18%
1/21/2009,1.42,1.42,1.42,1.42,-5.96%
1/20/2009,1.51,1.51,1.51,1.51,-2.45%
1/19/2009,1.548,1.548,1.548,1.548,5.38%
1/16/2009,1.469,1.469,1.469,1.469,-4.92%
1/15/2009,1.545,1.545,1.545,1.545,3.14%
1/14/2009,1.498,1.498,1.498,1.498,-2.28%
1/13/2009,1.533,1.533,1.533,1.533,0.66%
1/12/2009,1.523,1.523,1.523,1.523,-1.10%
1/9/2009,1.54,1.54,1.54,1.54,-2.47%
1/8/2009,1.579,1.579,1.579,1.579,-5.73%
1/7/2009,1.675,1.675,1.675,1.675,-4.99%
1/6/2009,1.763,1.763,1.763,1.763,4.07%
1/5/2009,1.694,1.694,1.694,1.694,-2.48%
1/2/2009,1.737,1.737,1.737,1.737,-2.20%
12/30/2008,1.776,1.776,1.776,1.776,2.96%
12/29/2008,1.725,1.725,1.725,1.725,-3.95%
12/23/2008,1.796,1.796,1.796,1.796,0.84%
12/22/2008,1.781,1.781,1.781,1.781,-3.26%
12/19/2008,1.841,1.841,1.841,1.841,-1.71%
12/18/2008,1.873,1.873,1.873,1.873,0.27%
12/17/2008,1.868,1.868,1.868,1.868,-10.54%
12/16/2008,2.088,2.088,2.088,2.088,-1.97%
12/15/2008,2.13,2.13,2.13,2.13,-4.23%
12/12/2008,2.224,2.224,2.224,2.224,3.63%
12/11/2008,2.146,2.146,2.146,2.146,-2.37%
12/10/2008,2.198,2.198,2.198,2.198,-4.35%
12/9/2008,2.298,2.298,2.298,2.298,3.23%
12/8/2008,2.226,2.226,2.226,2.226,8.59%
12/5/2008,2.05,2.05,2.05,2.05,-5.49%
12/4/2008,2.169,2.169,2.169,2.169,3.43%
12/3/2008,2.097,2.097,2.097,2.097,-0.94%
12/2/2008,2.117,2.117,2.117,2.117,-0.14%
12/1/2008,2.12,2.12,2.12,2.12,-3.72%
11/28/2008,2.202,2.202,2.202,2.202,-1.39%
11/27/2008,2.233,2.233,2.233,2.233,0.90%
11/26/2008,2.213,2.213,2.213,2.213,-1.60%
11/25/2008,2.249,2.249,2.249,2.249,1.40%
11/24/2008,2.218,2.218,2.218,2.218,5.47%
11/21/2008,2.103,2.103,2.103,2.103,2.29%
11/20/2008,2.056,2.056,2.056,2.056,-5.99%
11/19/2008,2.187,2.187,2.187,2.187,0.14%
11/18/2008,2.184,2.184,2.184,2.184,0.00%
11/17/2008,2.184,2.184,2.184,2.184,-1.71%
11/14/2008,2.222,2.222,2.222,2.222,-2.54%
11/13/2008,2.28,2.28,2.28,2.28,-0.13%
11/12/2008,2.283,2.283,2.283,2.283,-1.51%
11/11/2008,2.318,2.318,2.318,2.318,-3.13%
11/10/2008,2.393,2.393,2.393,2.393,-0.54%
11/7/2008,2.406,2.406,2.406,2.406,-1.23%
11/6/2008,2.436,2.436,2.436,2.436,-2.95%
11/5/2008,2.51,2.51,2.51,2.51,-0.91%
11/4/2008,2.533,2.533,2.533,2.533,0.36%
11/3/2008,2.524,2.524,2.524,2.524,-1.48%
10/31/2008,2.562,2.562,2.562,2.562,3.56%
10/30/2008,2.474,2.474,2.474,2.474,-2.02%
10/29/2008,2.525,2.525,2.525,2.525,-1.52%
10/28/2008,2.564,2.564,2.564,2.564,-0.74%
10/27/2008,2.583,2.583,2.583,2.583,-3.15%
10/24/2008,2.667,2.667,2.667,2.667,-4.55%
10/23/2008,2.794,2.794,2.794,2.794,-1.03%
10/22/2008,2.823,2.823,2.823,2.823,-1.88%
10/21/2008,2.877,2.877,2.877,2.877,-1.71%
10/20/2008,2.927,2.927,2.927,2.927,-1.91%
10/17/2008,2.984,2.984,2.984,2.984,2.97%
10/16/2008,2.898,2.898,2.898,2.898,-7.53%
10/15/2008,3.134,3.134,3.134,3.134,-2.64%
10/14/2008,3.219,3.219,3.219,3.219,1.48%
10/13/2008,3.172,3.172,3.172,3.172,5.17%
10/10/2008,3.016,3.016,3.016,3.016,-2.65%
10/9/2008,3.098,3.098,3.098,3.098,0.85%
10/8/2008,3.072,3.072,3.072,3.072,-3.03%
10/7/2008,3.168,3.168,3.168,3.168,3.12%
10/6/2008,3.072,3.072,3.072,3.072,-6.91%
10/3/2008,3.3,3.3,3.3,3.3,0.15%
10/2/2008,3.295,3.295,3.295,3.295,-4.27%
10/1/2008,3.442,3.442,3.442,3.442,-1.29%
9/30/2008,3.487,3.487,3.487,3.487,1.22%
9/29/2008,3.445,3.445,3.445,3.445,-6.05%
9/26/2008,3.667,3.667,3.667,3.667,-4.93%
9/25/2008,3.857,3.857,3.857,3.857,2.44%
9/24/2008,3.765,3.765,3.765,3.765,-3.21%
9/23/2008,3.89,3.89,3.89,3.89,-2.85%
9/22/2008,4.004,4.004,4.004,4.004,-0.94%
9/19/2008,4.042,4.042,4.042,4.042,12.06%
9/18/2008,3.607,3.607,3.607,3.607,1.04%
9/17/2008,3.57,3.57,3.57,3.57,-3.93%
9/16/2008,3.716,3.716,3.716,3.716,-0.16%
9/15/2008,3.722,3.722,3.722,3.722,-5.80%
9/12/2008,3.951,3.951,3.951,3.951,1.91%
9/11/2008,3.877,3.877,3.877,3.877,-4.03%
9/10/2008,4.04,4.04,4.04,4.04,0.80%
9/9/2008,4.008,4.008,4.008,4.008,-0.47%
9/8/2008,4.027,4.027,4.027,4.027,0.57%
9/5/2008,4.004,4.004,4.004,4.004,-1.21%
9/4/2008,4.053,4.053,4.053,4.053,-1.89%
9/3/2008,4.131,4.131,4.131,4.131,0.63%
9/2/2008,4.105,4.105,4.105,4.105,1.89%
9/1/2008,4.029,4.029,4.029,4.029,-2.19%
8/29/2008,4.119,4.119,4.119,4.119,-0.58%
8/28/2008,4.143,4.143,4.143,4.143,1.57%
8/27/2008,4.079,4.079,4.079,4.079,2.41%
8/26/2008,3.983,3.983,3.983,3.983,-0.90%
8/25/2008,4.019,4.019,4.019,4.019,-2.85%
8/22/2008,4.137,4.137,4.137,4.137,1.10%
8/21/2008,4.092,4.092,4.092,4.092,2.30%
8/20/2008,4,4,4,4,0.35%
8/19/2008,3.986,3.986,3.986,3.986,0.13%
8/18/2008,3.981,3.981,3.981,3.981,-0.48%
8/15/2008,4,4,4,4,-0.60%
8/14/2008,4.024,4.024,4.024,4.024,-0.57%
8/13/2008,4.047,4.047,4.047,4.047,-0.25%
8/12/2008,4.057,4.057,4.057,4.057,-1.00%
8/11/2008,4.098,4.098,4.098,4.098,0.81%
8/8/2008,4.065,4.065,4.065,4.065,-0.02%
8/7/2008,4.066,4.066,4.066,4.066,-3.95%
8/6/2008,4.233,4.233,4.233,4.233,-0.19%
8/5/2008,4.241,4.241,4.241,4.241,-0.16%
8/4/2008,4.248,4.248,4.248,4.248,-0.42%
8/1/2008,4.266,4.266,4.266,4.266,0.52%
7/31/2008,4.244,4.244,4.244,4.244,-1.21%
7/30/2008,4.296,4.296,4.296,4.296,-0.97%
7/29/2008,4.338,4.338,4.338,4.338,-0.14%
7/28/2008,4.344,4.344,4.344,4.344,-2.05%
7/25/2008,4.435,4.435,4.435,4.435,0.36%
7/24/2008,4.419,4.419,4.419,4.419,-3.70%
7/23/2008,4.589,4.589,4.589,4.589,-0.15%
7/22/2008,4.596,4.596,4.596,4.596,-0.50%
7/21/2008,4.619,4.619,4.619,4.619,1.74%
7/18/2008,4.54,4.54,4.54,4.54,3.70%
7/17/2008,4.378,4.378,4.378,4.378,1.27%
7/16/2008,4.323,4.323,4.323,4.323,-0.18%
7/15/2008,4.331,4.331,4.331,4.331,-1.14%
7/14/2008,4.381,4.381,4.381,4.381,-1.33%
7/11/2008,4.44,4.44,4.44,4.44,1.30%
7/10/2008,4.383,4.383,4.383,4.383,-0.88%
7/9/2008,4.422,4.422,4.422,4.422,0.59%
7/8/2008,4.396,4.396,4.396,4.396,0.48%
7/7/2008,4.375,4.375,4.375,4.375,-1.00%
7/4/2008,4.419,4.419,4.419,4.419,-1.01%
7/3/2008,4.464,4.464,4.464,4.464,-3.69%
7/2/2008,4.635,4.635,4.635,4.635,1.02%
7/1/2008,4.588,4.588,4.588,4.588,-0.46%
6/30/2008,4.609,4.609,4.609,4.609,4.06%
6/27/2008,4.429,4.429,4.429,4.429,-0.38%
6/26/2008,4.446,4.446,4.446,4.446,-2.52%
6/25/2008,4.561,4.561,4.561,4.561,0.46%
6/24/2008,4.54,4.54,4.54,4.54,-0.72%
6/23/2008,4.573,4.573,4.573,4.573,-0.61%
6/20/2008,4.601,4.601,4.601,4.601,-2.31%
6/19/2008,4.71,4.71,4.71,4.71,1.99%
6/18/2008,4.618,4.618,4.618,4.618,-0.37%
6/17/2008,4.635,4.635,4.635,4.635,-1.15%
6/16/2008,4.689,4.689,4.689,4.689,1.38%
6/13/2008,4.625,4.625,4.625,4.625,0.48%
6/12/2008,4.603,4.603,4.603,4.603,-1.18%
6/11/2008,4.658,4.658,4.658,4.658,1.24%
6/10/2008,4.601,4.601,4.601,4.601,1.28%
6/9/2008,4.543,4.543,4.543,4.543,-2.34%
6/6/2008,4.652,4.652,4.652,4.652,0.45%
6/5/2008,4.631,4.631,4.631,4.631,6.58%
6/4/2008,4.345,4.345,4.345,4.345,-0.84%
6/3/2008,4.382,4.382,4.382,4.382,2.03%
6/2/2008,4.295,4.295,4.295,4.295,-0.65%
5/30/2008,4.323,4.323,4.323,4.323,-0.67%
5/29/2008,4.352,4.352,4.352,4.352,2.93%
5/28/2008,4.228,4.228,4.228,4.228,0.26%
5/27/2008,4.217,4.217,4.217,4.217,-0.09%
5/26/2008,4.221,4.221,4.221,4.221,0.33%
5/23/2008,4.207,4.207,4.207,4.207,-0.12%
5/22/2008,4.212,4.212,4.212,4.212,2.23%
5/21/2008,4.12,4.12,4.12,4.12,3.08%
5/20/2008,3.997,3.997,3.997,3.997,-0.55%
5/19/2008,4.019,4.019,4.019,4.019,0.63%
5/16/2008,3.994,3.994,3.994,3.994,-0.25%
5/15/2008,4.004,4.004,4.004,4.004,2.46%
5/14/2008,3.908,3.908,3.908,3.908,2.22%
5/13/2008,3.823,3.823,3.823,3.823,2.85%
5/12/2008,3.717,3.717,3.717,3.717,1.14%
5/9/2008,3.675,3.675,3.675,3.675,-1.08%
5/8/2008,3.715,3.715,3.715,3.715,-1.80%
5/7/2008,3.783,3.783,3.783,3.783,0.08%
5/6/2008,3.78,3.78,3.78,3.78,-0.74%
5/5/2008,3.808,3.808,3.808,3.808,-0.73%
5/2/2008,3.836,3.836,3.836,3.836,3.28%
4/30/2008,3.714,3.714,3.714,3.714,-1.49%
4/29/2008,3.77,3.77,3.77,3.77,-1.72%
4/28/2008,3.836,3.836,3.836,3.836,-0.83%
4/25/2008,3.868,3.868,3.868,3.868,-1.28%
4/24/2008,3.918,3.918,3.918,3.918,-0.25%
4/23/2008,3.928,3.928,3.928,3.928,0.38%
4/22/2008,3.913,3.913,3.913,3.913,2.57%
4/21/2008,3.815,3.815,3.815,3.815,0.16%
4/18/2008,3.809,3.809,3.809,3.809,2.95%
4/17/2008,3.7,3.7,3.7,3.7,2.83%
4/16/2008,3.598,3.598,3.598,3.598,2.77%
4/15/2008,3.501,3.501,3.501,3.501,2.13%
4/14/2008,3.428,3.428,3.428,3.428,-0.92%
4/11/2008,3.46,3.46,3.46,3.46,0.00%
4/10/2008,3.46,3.46,3.46,3.46,-1.98%
4/9/2008,3.53,3.53,3.53,3.53,-0.59%
4/8/2008,3.551,3.551,3.551,3.551,1.75%
4/7/2008,3.49,3.49,3.49,3.49,0.49%
4/4/2008,3.473,3.473,3.473,3.473,-1.84%
4/3/2008,3.538,3.538,3.538,3.538,1.00%
4/2/2008,3.503,3.503,3.503,3.503,0.00%
4/1/2008,3.503,3.503,3.503,3.503,1.42%
3/31/2008,3.454,3.454,3.454,3.454,0.85%
3/28/2008,3.425,3.425,3.425,3.425,0.00%
3/27/2008,3.425,3.425,3.425,3.425,-1.35%
3/26/2008,3.472,3.472,3.472,3.472,0.00%
3/25/2008,3.472,3.472,3.472,3.472,9.35%
3/20/2008,3.175,3.175,3.175,3.175,0.51%
3/19/2008,3.159,3.159,3.159,3.159,7.01%
3/18/2008,2.952,2.952,2.952,2.952,-3.84%
3/17/2008,3.07,3.07,3.07,3.07,-2.29%
3/14/2008,3.142,3.142,3.142,3.142,-1.13%
3/13/2008,3.178,3.178,3.178,3.178,-4.31%
3/12/2008,3.321,3.321,3.321,3.321,4.43%
3/11/2008,3.18,3.18,3.18,3.18,-2.57%
3/10/2008,3.264,3.264,3.264,3.264,-1.81%
3/7/2008,3.324,3.324,3.324,3.324,3.07%
3/6/2008,3.225,3.225,3.225,3.225,2.12%
3/5/2008,3.158,3.158,3.158,3.158,-2.05%
3/4/2008,3.224,3.224,3.224,3.224,1.99%
3/3/2008,3.161,3.161,3.161,3.161,-3.24%
2/29/2008,3.267,3.267,3.267,3.267,-1.63%
2/28/2008,3.321,3.321,3.321,3.321,-2.15%
2/27/2008,3.394,3.394,3.394,3.394,0.86%
2/26/2008,3.365,3.365,3.365,3.365,0.81%
2/25/2008,3.338,3.338,3.338,3.338,0.33%
2/22/2008,3.327,3.327,3.327,3.327,1.19%
2/21/2008,3.288,3.288,3.288,3.288,3.72%
2/20/2008,3.17,3.17,3.17,3.17,-1.31%
2/19/2008,3.212,3.212,3.212,3.212,2.88%
2/18/2008,3.122,3.122,3.122,3.122,-2.35%
2/15/2008,3.197,3.197,3.197,3.197,1.59%
2/14/2008,3.147,3.147,3.147,3.147,0.77%
2/13/2008,3.123,3.123,3.123,3.123,1.43%
2/12/2008,3.079,3.079,3.079,3.079,-0.77%
2/11/2008,3.103,3.103,3.103,3.103,-0.58%
2/8/2008,3.121,3.121,3.121,3.121,-4.35%
2/7/2008,3.263,3.263,3.263,3.263,0.77%
2/6/2008,3.238,3.238,3.238,3.238,-4.51%
2/5/2008,3.391,3.391,3.391,3.391,0.30%
2/4/2008,3.381,3.381,3.381,3.381,-0.03%
2/1/2008,3.382,3.382,3.382,3.382,-3.09%
1/31/2008,3.49,3.49,3.49,3.49,0.43%
1/30/2008,3.475,3.475,3.475,3.475,0.93%
1/29/2008,3.443,3.443,3.443,3.443,0.15%
1/28/2008,3.438,3.438,3.438,3.438,-1.32%
1/25/2008,3.484,3.484,3.484,3.484,7.73%
1/24/2008,3.234,3.234,3.234,3.234,-5.30%
1/23/2008,3.415,3.415,3.415,3.415,2.65%
1/22/2008,3.327,3.327,3.327,3.327,-4.31%
1/21/2008,3.477,3.477,3.477,3.477,-0.03%
1/18/2008,3.478,3.478,3.478,3.478,-2.36%
1/17/2008,3.562,3.562,3.562,3.562,-2.62%
1/16/2008,3.658,3.658,3.658,3.658,-0.60%
1/15/2008,3.68,3.68,3.68,3.68,-0.62%
1/14/2008,3.703,3.703,3.703,3.703,-1.46%
1/11/2008,3.758,3.758,3.758,3.758,0.13%
1/10/2008,3.753,3.753,3.753,3.753,-1.34%
1/9/2008,3.804,3.804,3.804,3.804,0.71%
1/8/2008,3.777,3.777,3.777,3.777,0.13%
1/7/2008,3.772,3.772,3.772,3.772,-0.87%
1/4/2008,3.805,3.805,3.805,3.805,-1.30%
1/3/2008,3.855,3.855,3.855,3.855,-3.55%
1/2/2008,3.997,3.997,3.997,3.997,-1.09%
12/28/2007,4.041,4.041,4.041,4.041,0.67%
12/27/2007,4.014,4.014,4.014,4.014,2.06%
12/21/2007,3.933,3.933,3.933,3.933,-0.30%
12/20/2007,3.945,3.945,3.945,3.945,-0.80%
12/19/2007,3.977,3.977,3.977,3.977,-0.15%
12/18/2007,3.983,3.983,3.983,3.983,-0.52%
12/17/2007,4.004,4.004,4.004,4.004,0.55%
12/14/2007,3.982,3.982,3.982,3.982,0.10%
12/13/2007,3.978,3.978,3.978,3.978,1.66%
12/12/2007,3.913,3.913,3.913,3.913,-0.91%
12/11/2007,3.949,3.949,3.949,3.949,0.77%
12/10/2007,3.919,3.919,3.919,3.919,2.19%
12/7/2007,3.835,3.835,3.835,3.835,2.70%
12/6/2007,3.734,3.734,3.734,3.734,-1.61%
12/5/2007,3.795,3.795,3.795,3.795,0.48%
12/4/2007,3.777,3.777,3.777,3.777,-1.56%
12/3/2007,3.837,3.837,3.837,3.837,2.84%
11/30/2007,3.731,3.731,3.731,3.731,-1.87%
11/29/2007,3.802,3.802,3.802,3.802,2.34%
11/28/2007,3.715,3.715,3.715,3.715,4.09%
11/27/2007,3.569,3.569,3.569,3.569,-2.43%
11/26/2007,3.658,3.658,3.658,3.658,1.13%
11/23/2007,3.617,3.617,3.617,3.617,0.61%
11/22/2007,3.595,3.595,3.595,3.595,-3.46%
11/21/2007,3.724,3.724,3.724,3.724,1.39%
11/20/2007,3.673,3.673,3.673,3.673,-3.21%
11/19/2007,3.795,3.795,3.795,3.795,0.29%
11/16/2007,3.784,3.784,3.784,3.784,-1.66%
11/15/2007,3.848,3.848,3.848,3.848,-1.05%
11/14/2007,3.889,3.889,3.889,3.889,1.81%
11/13/2007,3.82,3.82,3.82,3.82,0.29%
11/12/2007,3.809,3.809,3.809,3.809,-1.35%
11/9/2007,3.861,3.861,3.861,3.861,-0.75%
11/8/2007,3.89,3.89,3.89,3.89,-1.32%
11/7/2007,3.942,3.942,3.942,3.942,-0.03%
11/6/2007,3.943,3.943,3.943,3.943,0.00%
11/5/2007,3.943,3.943,3.943,3.943,-0.85%
11/2/2007,3.977,3.977,3.977,3.977,-3.33%
11/1/2007,4.114,4.114,4.114,4.114,3.58%
10/31/2007,3.972,3.972,3.972,3.972,0.43%
10/30/2007,3.955,3.955,3.955,3.955,-0.30%
10/29/2007,3.967,3.967,3.967,3.967,0.86%
10/26/2007,3.933,3.933,3.933,3.933,2.66%
10/25/2007,3.831,3.831,3.831,3.831,-2.59%
10/24/2007,3.933,3.933,3.933,3.933,-1.13%
10/23/2007,3.978,3.978,3.978,3.978,-0.57%
10/22/2007,4.001,4.001,4.001,4.001,-1.79%
10/19/2007,4.074,4.074,4.074,4.074,-2.02%
10/18/2007,4.158,4.158,4.158,4.158,-1.07%
10/17/2007,4.203,4.203,4.203,4.203,-0.38%
10/16/2007,4.219,4.219,4.219,4.219,-0.40%
10/15/2007,4.236,4.236,4.236,4.236,2.99%
10/12/2007,4.113,4.113,4.113,4.113,1.08%
10/11/2007,4.069,4.069,4.069,4.069,-0.27%
10/10/2007,4.08,4.08,4.08,4.08,0.84%
10/9/2007,4.046,4.046,4.046,4.046,0.27%
10/8/2007,4.035,4.035,4.035,4.035,0.95%
10/5/2007,3.997,3.997,3.997,3.997,-0.82%
10/4/2007,4.03,4.03,4.03,4.03,0.12%
10/3/2007,4.025,4.025,4.025,4.025,0.42%
10/2/2007,4.008,4.008,4.008,4.008,-0.55%
10/1/2007,4.03,4.03,4.03,4.03,-0.81%
9/28/2007,4.063,4.063,4.063,4.063,-0.42%
9/27/2007,4.08,4.08,4.08,4.08,1.09%
9/26/2007,4.036,4.036,4.036,4.036,-0.54%
9/25/2007,4.058,4.058,4.058,4.058,0.00%
9/24/2007,4.058,4.058,4.058,4.058,-0.54%
9/21/2007,4.08,4.08,4.08,4.08,0.27%
9/20/2007,4.069,4.069,4.069,4.069,3.27%
9/19/2007,3.94,3.94,3.94,3.94,-1.08%
9/18/2007,3.983,3.983,3.983,3.983,-0.28%
9/17/2007,3.994,3.994,3.994,3.994,-0.27%
9/14/2007,4.005,4.005,4.005,4.005,0.96%
9/13/2007,3.967,3.967,3.967,3.967,2.08%
9/12/2007,3.886,3.886,3.886,3.886,1.38%
9/11/2007,3.833,3.833,3.833,3.833,-2.32%
9/10/2007,3.924,3.924,3.924,3.924,-2.53%
9/7/2007,4.026,4.026,4.026,4.026,1.80%
9/6/2007,3.955,3.955,3.955,3.955,-3.28%
9/5/2007,4.089,4.089,4.089,4.089,1.16%
9/4/2007,4.042,4.042,4.042,4.042,0.15%
9/3/2007,4.036,4.036,4.036,4.036,1.61%
8/31/2007,3.972,3.972,3.972,3.972,0.28%
8/30/2007,3.961,3.961,3.961,3.961,0.81%
8/29/2007,3.929,3.929,3.929,3.929,-1.92%
8/28/2007,4.006,4.006,4.006,4.006,-1.31%
8/27/2007,4.059,4.059,4.059,4.059,1.00%
8/24/2007,4.019,4.019,4.019,4.019,-0.17%
8/23/2007,4.026,4.026,4.026,4.026,4.00%
8/22/2007,3.871,3.871,3.871,3.871,-1.95%
8/21/2007,3.948,3.948,3.948,3.948,-0.73%
8/20/2007,3.977,3.977,3.977,3.977,1.90%
8/17/2007,3.903,3.903,3.903,3.903,-4.83%
8/16/2007,4.101,4.101,4.101,4.101,-1.98%
8/15/2007,4.184,4.184,4.184,4.184,-0.69%
8/14/2007,4.213,4.213,4.213,4.213,-0.43%
8/13/2007,4.231,4.231,4.231,4.231,-0.96%
8/10/2007,4.272,4.272,4.272,4.272,-1.59%
8/9/2007,4.341,4.341,4.341,4.341,0.77%
8/8/2007,4.308,4.308,4.308,4.308,0.40%
8/7/2007,4.291,4.291,4.291,4.291,0.12%
8/6/2007,4.286,4.286,4.286,4.286,-0.92%
8/3/2007,4.326,4.326,4.326,4.326,2.15%
8/2/2007,4.235,4.235,4.235,4.235,-0.45%
8/1/2007,4.254,4.254,4.254,4.254,-0.40%
7/31/2007,4.271,4.271,4.271,4.271,-0.02%
7/30/2007,4.272,4.272,4.272,4.272,0.66%
7/27/2007,4.244,4.244,4.244,4.244,-3.24%
7/26/2007,4.386,4.386,4.386,4.386,-0.14%
7/25/2007,4.392,4.392,4.392,4.392,0.50%
7/24/2007,4.37,4.37,4.37,4.37,-1.15%
7/23/2007,4.421,4.421,4.421,4.421,-1.62%
7/20/2007,4.494,4.494,4.494,4.494,0.11%
7/19/2007,4.489,4.489,4.489,4.489,-0.27%
7/18/2007,4.501,4.501,4.501,4.501,0.63%
7/17/2007,4.473,4.473,4.473,4.473,-1.24%
7/16/2007,4.529,4.529,4.529,4.529,0.00%
7/13/2007,4.529,4.529,4.529,4.529,0.76%
7/12/2007,4.495,4.495,4.495,4.495,0.60%
7/11/2007,4.468,4.468,4.468,4.468,-1.59%
7/10/2007,4.54,4.54,4.54,4.54,0.00%
7/9/2007,4.54,4.54,4.54,4.54,1.48%
7/6/2007,4.474,4.474,4.474,4.474,0.86%
7/5/2007,4.436,4.436,4.436,4.436,-0.14%
7/4/2007,4.442,4.442,4.442,4.442,1.90%
7/3/2007,4.359,4.359,4.359,4.359,-2.00%
7/2/2007,4.448,4.448,4.448,4.448,1.00%
6/29/2007,4.404,4.404,4.404,4.404,-0.50%
6/28/2007,4.426,4.426,4.426,4.426,-0.52%
6/27/2007,4.449,4.449,4.449,4.449,1.11%
6/26/2007,4.4,4.4,4.4,4.4,-1.10%
6/25/2007,4.449,4.449,4.449,4.449,0.36%
6/22/2007,4.433,4.433,4.433,4.433,-0.25%
6/21/2007,4.444,4.444,4.444,4.444,1.35%
6/20/2007,4.385,4.385,4.385,4.385,-2.30%
6/19/2007,4.488,4.488,4.488,4.488,-0.36%
6/18/2007,4.504,4.504,4.504,4.504,0.36%
6/15/2007,4.488,4.488,4.488,4.488,-0.24%
6/14/2007,4.499,4.499,4.499,4.499,-0.20%
6/13/2007,4.508,4.508,4.508,4.508,1.12%
6/12/2007,4.458,4.458,4.458,4.458,0.29%
6/11/2007,4.445,4.445,4.445,4.445,-0.38%
6/8/2007,4.462,4.462,4.462,4.462,1.27%
6/7/2007,4.406,4.406,4.406,4.406,-0.90%
6/6/2007,4.446,4.446,4.446,4.446,0.57%
6/5/2007,4.421,4.421,4.421,4.421,-0.38%
6/4/2007,4.438,4.438,4.438,4.438,1.12%
6/1/2007,4.389,4.389,4.389,4.389,1.83%
5/31/2007,4.31,4.31,4.31,4.31,-1.17%
5/30/2007,4.361,4.361,4.361,4.361,0.30%
5/29/2007,4.348,4.348,4.348,4.348,1.14%
5/25/2007,4.299,4.299,4.299,4.299,-0.67%
5/24/2007,4.328,4.328,4.328,4.328,0.32%
5/23/2007,4.314,4.314,4.314,4.314,1.13%
5/22/2007,4.266,4.266,4.266,4.266,-0.12%
5/21/2007,4.271,4.271,4.271,4.271,-0.12%
5/18/2007,4.276,4.276,4.276,4.276,0.14%
5/17/2007,4.27,4.27,4.27,4.27,0.61%
5/16/2007,4.244,4.244,4.244,4.244,0.98%
5/15/2007,4.203,4.203,4.203,4.203,0.72%
5/14/2007,4.173,4.173,4.173,4.173,0.29%
5/11/2007,4.161,4.161,4.161,4.161,-0.67%
5/10/2007,4.189,4.189,4.189,4.189,0.58%
5/9/2007,4.165,4.165,4.165,4.165,-0.38%
5/8/2007,4.181,4.181,4.181,4.181,0.41%
5/7/2007,4.164,4.164,4.164,4.164,-0.38%
5/4/2007,4.18,4.18,4.18,4.18,0.00%
5/3/2007,4.18,4.18,4.18,4.18,1.43%
5/2/2007,4.121,4.121,4.121,4.121,-0.96%
4/30/2007,4.161,4.161,4.161,4.161,-0.26%
4/27/2007,4.172,4.172,4.172,4.172,0.99%
4/26/2007,4.131,4.131,4.131,4.131,0.32%
4/25/2007,4.118,4.118,4.118,4.118,0.00%
4/24/2007,4.118,4.118,4.118,4.118,-0.12%
4/23/2007,4.123,4.123,4.123,4.123,-0.27%
4/20/2007,4.134,4.134,4.134,4.134,0.71%
4/19/2007,4.105,4.105,4.105,4.105,-0.24%
4/18/2007,4.115,4.115,4.115,4.115,-0.27%
4/17/2007,4.126,4.126,4.126,4.126,-0.39%
4/16/2007,4.142,4.142,4.142,4.142,0.83%
4/13/2007,4.108,4.108,4.108,4.108,0.42%
4/12/2007,4.091,4.091,4.091,4.091,0.57%
4/11/2007,4.068,4.068,4.068,4.068,0.97%
4/10/2007,4.029,4.029,4.029,4.029,0.30%
4/5/2007,4.017,4.017,4.017,4.017,-0.54%
4/4/2007,4.039,4.039,4.039,4.039,-0.10%
4/3/2007,4.043,4.043,4.043,4.043,0.70%
4/2/2007,4.015,4.015,4.015,4.015,0.27%
3/30/2007,4.004,4.004,4.004,4.004,0.68%
3/29/2007,3.977,3.977,3.977,3.977,-0.10%
3/28/2007,3.981,3.981,3.981,3.981,0.53%
3/27/2007,3.96,3.96,3.96,3.96,0.03%
3/26/2007,3.959,3.959,3.959,3.959,0.69%
3/23/2007,3.932,3.932,3.932,3.932,2.40%
3/22/2007,3.84,3.84,3.84,3.84,-2.07%
3/21/2007,3.921,3.921,3.921,3.921,-0.25%
3/20/2007,3.931,3.931,3.931,3.931,0.54%
3/19/2007,3.91,3.91,3.91,3.91,0.28%
3/16/2007,3.899,3.899,3.899,3.899,0.28%
3/15/2007,3.888,3.888,3.888,3.888,-0.28%
3/14/2007,3.899,3.899,3.899,3.899,-0.46%
3/13/2007,3.917,3.917,3.917,3.917,-0.46%
3/12/2007,3.935,3.935,3.935,3.935,2.69%
3/9/2007,3.832,3.832,3.832,3.832,-1.14%
3/8/2007,3.876,3.876,3.876,3.876,0.05%
3/7/2007,3.874,3.874,3.874,3.874,1.10%
3/6/2007,3.832,3.832,3.832,3.832,0.47%
3/5/2007,3.814,3.814,3.814,3.814,-1.55%
3/2/2007,3.874,3.874,3.874,3.874,0.18%
3/1/2007,3.867,3.867,3.867,3.867,0.00%
2/28/2007,3.867,3.867,3.867,3.867,-0.77%
2/27/2007,3.897,3.897,3.897,3.897,-1.62%
2/26/2007,3.961,3.961,3.961,3.961,-0.75%
2/23/2007,3.991,3.991,3.991,3.991,0.76%
2/22/2007,3.961,3.961,3.961,3.961,0.03%
2/21/2007,3.96,3.96,3.96,3.96,-0.30%
2/20/2007,3.972,3.972,3.972,3.972,0.61%
2/19/2007,3.948,3.948,3.948,3.948,0.46%
2/16/2007,3.93,3.93,3.93,3.93,-0.73%
2/15/2007,3.959,3.959,3.959,3.959,-0.58%
2/14/2007,3.982,3.982,3.982,3.982,2.10%
2/13/2007,3.9,3.9,3.9,3.9,-1.49%
2/12/2007,3.959,3.959,3.959,3.959,0.61%
2/9/2007,3.935,3.935,3.935,3.935,0.46%
2/8/2007,3.917,3.917,3.917,3.917,0.46%
2/7/2007,3.899,3.899,3.899,3.899,0.13%
2/6/2007,3.894,3.894,3.894,3.894,-0.28%
2/5/2007,3.905,3.905,3.905,3.905,-1.29%
2/2/2007,3.956,3.956,3.956,3.956,0.00%
2/1/2007,3.956,3.956,3.956,3.956,-0.13%
1/31/2007,3.961,3.961,3.961,3.961,-0.43%
1/30/2007,3.978,3.978,3.978,3.978,0.43%
1/29/2007,3.961,3.961,3.961,3.961,-0.13%
1/26/2007,3.966,3.966,3.966,3.966,0.28%
1/25/2007,3.955,3.955,3.955,3.955,0.30%
1/24/2007,3.943,3.943,3.943,3.943,0.43%
1/23/2007,3.926,3.926,3.926,3.926,-0.71%
1/22/2007,3.954,3.954,3.954,3.954,0.15%
1/19/2007,3.948,3.948,3.948,3.948,0.43%
1/18/2007,3.931,3.931,3.931,3.931,-0.41%
1/17/2007,3.947,3.947,3.947,3.947,0.15%
1/16/2007,3.941,3.941,3.941,3.941,0.28%
1/15/2007,3.93,3.93,3.93,3.93,0.00%
1/12/2007,3.93,3.93,3.93,3.93,-0.41%
1/11/2007,3.946,3.946,3.946,3.946,0.00%
1/10/2007,3.946,3.946,3.946,3.946,1.00%
1/9/2007,3.907,3.907,3.907,3.907,-0.13%
1/8/2007,3.912,3.912,3.912,3.912,0.57%
1/5/2007,3.89,3.89,3.89,3.89,0.00%
1/4/2007,3.89,3.89,3.89,3.89,0.15%
1/3/2007,3.884,3.884,3.884,3.884,-0.15%
1/2/2007,3.89,3.89,3.89,3.89,-0.28%
12/29/2006,3.901,3.901,3.901,3.901,0.57%
12/28/2006,3.879,3.879,3.879,3.879,0.86%
12/27/2006,3.846,3.846,3.846,3.846,0.44%
12/22/2006,3.829,3.829,3.829,3.829,0.00%
12/21/2006,3.829,3.829,3.829,3.829,0.26%
12/20/2006,3.819,3.819,3.819,3.819,0.42%
12/19/2006,3.803,3.803,3.803,3.803,0.29%
12/18/2006,3.792,3.792,3.792,3.792,0.13%
12/15/2006,3.787,3.787,3.787,3.787,0.72%
12/14/2006,3.76,3.76,3.76,3.76,0.29%
12/13/2006,3.749,3.749,3.749,3.749,0.32%
12/12/2006,3.737,3.737,3.737,3.737,0.59%
12/11/2006,3.715,3.715,3.715,3.715,0.32%
12/8/2006,3.703,3.703,3.703,3.703,1.15%
12/7/2006,3.661,3.661,3.661,3.661,0.69%
12/6/2006,3.636,3.636,3.636,3.636,1.14%
12/5/2006,3.595,3.595,3.595,3.595,-0.47%
12/4/2006,3.612,3.612,3.612,3.612,-1.15%
12/1/2006,3.654,3.654,3.654,3.654,-0.95%
11/30/2006,3.689,3.689,3.689,3.689,1.32%
11/29/2006,3.641,3.641,3.641,3.641,-0.16%
11/28/2006,3.647,3.647,3.647,3.647,-0.95%
11/27/2006,3.682,3.682,3.682,3.682,-0.78%
11/24/2006,3.711,3.711,3.711,3.711,1.34%
11/23/2006,3.662,3.662,3.662,3.662,-0.54%
11/22/2006,3.682,3.682,3.682,3.682,0.66%
11/21/2006,3.658,3.658,3.658,3.658,-0.97%
11/20/2006,3.694,3.694,3.694,3.694,-0.91%
11/17/2006,3.728,3.728,3.728,3.728,0.03%
11/16/2006,3.727,3.727,3.727,3.727,0.65%
11/15/2006,3.703,3.703,3.703,3.703,-0.16%
11/14/2006,3.709,3.709,3.709,3.709,0.71%
11/13/2006,3.683,3.683,3.683,3.683,-1.45%
11/10/2006,3.737,3.737,3.737,3.737,0.16%
11/9/2006,3.731,3.731,3.731,3.731,0.03%
11/8/2006,3.73,3.73,3.73,3.73,0.05%
11/7/2006,3.728,3.728,3.728,3.728,0.54%
11/6/2006,3.708,3.708,3.708,3.708,1.12%
11/3/2006,3.667,3.667,3.667,3.667,0.96%
11/2/2006,3.632,3.632,3.632,3.632,-1.09%
11/1/2006,3.672,3.672,3.672,3.672,-1.05%
10/31/2006,3.711,3.711,3.711,3.711,-0.03%
10/30/2006,3.712,3.712,3.712,3.712,-0.72%
10/27/2006,3.739,3.739,3.739,3.739,0.16%
10/26/2006,3.733,3.733,3.733,3.733,0.00%
10/25/2006,3.733,3.733,3.733,3.733,0.03%
10/24/2006,3.732,3.732,3.732,3.732,1.19%
10/23/2006,3.688,3.688,3.688,3.688,0.57%
10/20/2006,3.667,3.667,3.667,3.667,0.69%
10/19/2006,3.642,3.642,3.642,3.642,-0.14%
10/18/2006,3.647,3.647,3.647,3.647,-0.30%
10/17/2006,3.658,3.658,3.658,3.658,-0.38%
10/16/2006,3.672,3.672,3.672,3.672,0.55%
10/13/2006,3.652,3.652,3.652,3.652,-0.76%
10/12/2006,3.68,3.68,3.68,3.68,0.33%
10/11/2006,3.668,3.668,3.668,3.668,1.52%
10/10/2006,3.613,3.613,3.613,3.613,0.44%
10/9/2006,3.597,3.597,3.597,3.597,0.62%
10/6/2006,3.575,3.575,3.575,3.575,0.62%
10/5/2006,3.553,3.553,3.553,3.553,-0.92%
10/4/2006,3.586,3.586,3.586,3.586,0.48%
10/3/2006,3.569,3.569,3.569,3.569,-0.22%
10/2/2006,3.577,3.577,3.577,3.577,2.23%
9/29/2006,3.499,3.499,3.499,3.499,0.00%
9/28/2006,3.499,3.499,3.499,3.499,-0.46%
9/27/2006,3.515,3.515,3.515,3.515,1.24%
9/26/2006,3.472,3.472,3.472,3.472,1.25%
9/25/2006,3.429,3.429,3.429,3.429,-2.59%
9/22/2006,3.52,3.52,3.52,3.52,-1.81%
9/21/2006,3.585,3.585,3.585,3.585,-1.32%
9/20/2006,3.633,3.633,3.633,3.633,0.00%
9/19/2006,3.633,3.633,3.633,3.633,-0.71%
9/18/2006,3.659,3.659,3.659,3.659,-0.05%
9/15/2006,3.661,3.661,3.661,3.661,0.49%
9/14/2006,3.643,3.643,3.643,3.643,-0.60%
9/13/2006,3.665,3.665,3.665,3.665,0.00%
9/12/2006,3.665,3.665,3.665,3.665,0.69%
9/11/2006,3.64,3.64,3.64,3.64,0.19%
9/8/2006,3.633,3.633,3.633,3.633,0.67%
9/7/2006,3.609,3.609,3.609,3.609,0.73%
9/6/2006,3.583,3.583,3.583,3.583,1.79%
9/5/2006,3.52,3.52,3.52,3.52,0.17%
9/4/2006,3.514,3.514,3.514,3.514,0.37%
9/1/2006,3.501,3.501,3.501,3.501,-0.77%
8/31/2006,3.528,3.528,3.528,3.528,0.03%
8/30/2006,3.527,3.527,3.527,3.527,0.69%
8/29/2006,3.503,3.503,3.503,3.503,-0.17%
8/28/2006,3.509,3.509,3.509,3.509,-0.20%
8/25/2006,3.516,3.516,3.516,3.516,-0.11%
8/24/2006,3.52,3.52,3.52,3.52,0.23%
8/23/2006,3.512,3.512,3.512,3.512,-2.15%
8/22/2006,3.589,3.589,3.589,3.589,-0.86%
8/21/2006,3.62,3.62,3.62,3.62,-0.08%
8/18/2006,3.623,3.623,3.623,3.623,0.50%
8/17/2006,3.605,3.605,3.605,3.605,-0.58%
8/16/2006,3.626,3.626,3.626,3.626,-0.79%
8/15/2006,3.655,3.655,3.655,3.655,1.30%
8/14/2006,3.608,3.608,3.608,3.608,1.63%
8/11/2006,3.55,3.55,3.55,3.55,-0.14%
8/10/2006,3.555,3.555,3.555,3.555,0.99%
8/9/2006,3.52,3.52,3.52,3.52,-0.48%
8/8/2006,3.537,3.537,3.537,3.537,-0.08%
8/7/2006,3.54,3.54,3.54,3.54,-0.84%
8/4/2006,3.57,3.57,3.57,3.57,1.80%
8/3/2006,3.507,3.507,3.507,3.507,0.57%
8/2/2006,3.487,3.487,3.487,3.487,-0.71%
8/1/2006,3.512,3.512,3.512,3.512,0.29%
7/31/2006,3.502,3.502,3.502,3.502,-0.91%
7/28/2006,3.534,3.534,3.534,3.534,-0.31%
7/27/2006,3.545,3.545,3.545,3.545,0.51%
7/26/2006,3.527,3.527,3.527,3.527,0.03%
7/25/2006,3.526,3.526,3.526,3.526,0.00%
7/24/2006,3.526,3.526,3.526,3.526,-0.45%
7/21/2006,3.542,3.542,3.542,3.542,-0.31%
7/20/2006,3.553,3.553,3.553,3.553,-0.14%
7/19/2006,3.558,3.558,3.558,3.558,0.96%
7/18/2006,3.524,3.524,3.524,3.524,0.00%
7/17/2006,3.524,3.524,3.524,3.524,-0.76%
7/14/2006,3.551,3.551,3.551,3.551,-1.69%
7/13/2006,3.612,3.612,3.612,3.612,0.67%
7/12/2006,3.588,3.588,3.588,3.588,-0.75%
7/11/2006,3.615,3.615,3.615,3.615,0.31%
7/10/2006,3.604,3.604,3.604,3.604,-0.91%
7/7/2006,3.637,3.637,3.637,3.637,0.64%
7/6/2006,3.614,3.614,3.614,3.614,1.40%
7/5/2006,3.564,3.564,3.564,3.564,-0.59%
7/4/2006,3.585,3.585,3.585,3.585,0.31%
7/3/2006,3.574,3.574,3.574,3.574,0.79%
6/30/2006,3.546,3.546,3.546,3.546,-1.50%
6/29/2006,3.6,3.6,3.6,3.6,0.03%
6/28/2006,3.599,3.599,3.599,3.599,1.07%
6/27/2006,3.561,3.561,3.561,3.561,0.62%
6/26/2006,3.539,3.539,3.539,3.539,0.63%
6/23/2006,3.517,3.517,3.517,3.517,0.63%
6/22/2006,3.495,3.495,3.495,3.495,0.92%
6/21/2006,3.463,3.463,3.463,3.463,1.14%
6/20/2006,3.424,3.424,3.424,3.424,1.45%
6/19/2006,3.375,3.375,3.375,3.375,-0.15%
6/16/2006,3.38,3.38,3.38,3.38,0.72%
6/15/2006,3.356,3.356,3.356,3.356,1.33%
6/14/2006,3.312,3.312,3.312,3.312,-0.54%
6/13/2006,3.33,3.33,3.33,3.33,-0.51%
6/12/2006,3.347,3.347,3.347,3.347,-0.71%
6/9/2006,3.371,3.371,3.371,3.371,-1.89%
6/8/2006,3.436,3.436,3.436,3.436,0.50%
6/7/2006,3.419,3.419,3.419,3.419,0.26%
6/6/2006,3.41,3.41,3.41,3.41,2.34%
6/5/2006,3.332,3.332,3.332,3.332,-1.57%
6/2/2006,3.385,3.385,3.385,3.385,0.39%
6/1/2006,3.372,3.372,3.372,3.372,2.00%
5/31/2006,3.306,3.306,3.306,3.306,1.10%
5/30/2006,3.27,3.27,3.27,3.27,0.37%
5/29/2006,3.258,3.258,3.258,3.258,0.18%
5/26/2006,3.252,3.252,3.252,3.252,-0.15%
5/25/2006,3.257,3.257,3.257,3.257,-0.34%
5/24/2006,3.268,3.268,3.268,3.268,0.18%
5/23/2006,3.262,3.262,3.262,3.262,-1.75%
5/22/2006,3.32,3.32,3.32,3.32,0.36%
5/19/2006,3.308,3.308,3.308,3.308,-0.66%
5/18/2006,3.33,3.33,3.33,3.33,2.68%
5/17/2006,3.243,3.243,3.243,3.243,-0.86%
5/16/2006,3.271,3.271,3.271,3.271,-3.65%
5/15/2006,3.395,3.395,3.395,3.395,0.80%
5/12/2006,3.368,3.368,3.368,3.368,1.38%
5/11/2006,3.322,3.322,3.322,3.322,-1.16%
5/10/2006,3.361,3.361,3.361,3.361,0.03%
5/9/2006,3.36,3.36,3.36,3.36,-0.83%
5/8/2006,3.388,3.388,3.388,3.388,0.86%
5/5/2006,3.359,3.359,3.359,3.359,0.69%
5/4/2006,3.336,3.336,3.336,3.336,-0.12%
5/3/2006,3.34,3.34,3.34,3.34,-0.83%
5/2/2006,3.368,3.368,3.368,3.368,-0.50%
4/28/2006,3.385,3.385,3.385,3.385,-0.29%
4/27/2006,3.395,3.395,3.395,3.395,0.21%
4/26/2006,3.388,3.388,3.388,3.388,2.39%
4/25/2006,3.309,3.309,3.309,3.309,0.18%
4/24/2006,3.303,3.303,3.303,3.303,-0.33%
4/21/2006,3.314,3.314,3.314,3.314,0.18%
4/20/2006,3.308,3.308,3.308,3.308,0.36%
4/19/2006,3.296,3.296,3.296,3.296,-0.63%
4/18/2006,3.317,3.317,3.317,3.317,0.52%
4/13/2006,3.3,3.3,3.3,3.3,0.86%
4/12/2006,3.272,3.272,3.272,3.272,-0.64%
4/11/2006,3.293,3.293,3.293,3.293,1.04%
4/10/2006,3.259,3.259,3.259,3.259,-0.82%
4/7/2006,3.286,3.286,3.286,3.286,-0.33%
4/6/2006,3.297,3.297,3.297,3.297,-1.11%
4/5/2006,3.334,3.334,3.334,3.334,-0.15%
4/4/2006,3.339,3.339,3.339,3.339,0.82%
4/3/2006,3.312,3.312,3.312,3.312,0.18%
3/31/2006,3.306,3.306,3.306,3.306,0.67%
3/30/2006,3.284,3.284,3.284,3.284,0.37%
3/29/2006,3.272,3.272,3.272,3.272,3.06%
3/28/2006,3.175,3.175,3.175,3.175,0.35%
3/27/2006,3.164,3.164,3.164,3.164,-1.49%
3/24/2006,3.212,3.212,3.212,3.212,0.16%
3/23/2006,3.207,3.207,3.207,3.207,0.03%
3/22/2006,3.206,3.206,3.206,3.206,-0.16%
3/21/2006,3.211,3.211,3.211,3.211,-0.65%
3/20/2006,3.232,3.232,3.232,3.232,1.00%
3/17/2006,3.2,3.2,3.2,3.2,0.00%
3/16/2006,3.2,3.2,3.2,3.2,1.01%
3/15/2006,3.168,3.168,3.168,3.168,-1.12%
3/14/2006,3.204,3.204,3.204,3.204,0.66%
3/13/2006,3.183,3.183,3.183,3.183,1.02%
3/10/2006,3.151,3.151,3.151,3.151,-0.19%
3/9/2006,3.157,3.157,3.157,3.157,4.85%
3/8/2006,3.011,3.011,3.011,3.011,0.60%
3/7/2006,2.993,2.993,2.993,2.993,-3.61%
3/6/2006,3.105,3.105,3.105,3.105,0.00%
3/3/2006,3.105,3.105,3.105,3.105,5.65%
3/2/2006,2.939,2.939,2.939,2.939,-2.71%
3/1/2006,3.021,3.021,3.021,3.021,-0.56%
2/28/2006,3.038,3.038,3.038,3.038,1.91%
2/27/2006,2.981,2.981,2.981,2.981,0.07%
2/24/2006,2.979,2.979,2.979,2.979,1.81%
2/23/2006,2.926,2.926,2.926,2.926,0.62%
2/22/2006,2.908,2.908,2.908,2.908,0.41%
2/21/2006,2.896,2.896,2.896,2.896,0.21%
2/20/2006,2.89,2.89,2.89,2.89,-1.57%
2/17/2006,2.936,2.936,2.936,2.936,0.00%
2/16/2006,2.936,2.936,2.936,2.936,0.62%
2/15/2006,2.918,2.918,2.918,2.918,-0.21%
2/14/2006,2.924,2.924,2.924,2.924,0.00%
2/13/2006,2.924,2.924,2.924,2.924,-0.17%
2/10/2006,2.929,2.929,2.929,2.929,2.81%
2/9/2006,2.849,2.849,2.849,2.849,-0.38%
2/8/2006,2.86,2.86,2.86,2.86,-3.25%
2/7/2006,2.956,2.956,2.956,2.956,0.00%
2/6/2006,2.956,2.956,2.956,2.956,-0.57%
2/3/2006,2.973,2.973,2.973,2.973,-0.37%
2/2/2006,2.984,2.984,2.984,2.984,0.61%
2/1/2006,2.966,2.966,2.966,2.966,0.20%
1/31/2006,2.96,2.96,2.96,2.96,0.95%
1/30/2006,2.932,2.932,2.932,2.932,-0.17%
1/27/2006,2.937,2.937,2.937,2.937,1.70%
1/26/2006,2.888,2.888,2.888,2.888,-0.52%
1/25/2006,2.903,2.903,2.903,2.903,-0.17%
1/24/2006,2.908,2.908,2.908,2.908,0.76%
1/23/2006,2.886,2.886,2.886,2.886,3.18%
1/20/2006,2.797,2.797,2.797,2.797,2.60%
1/19/2006,2.726,2.726,2.726,2.726,-3.13%
1/18/2006,2.814,2.814,2.814,2.814,-1.16%
1/17/2006,2.847,2.847,2.847,2.847,0.85%
1/16/2006,2.823,2.823,2.823,2.823,-0.63%
1/13/2006,2.841,2.841,2.841,2.841,-0.56%
1/12/2006,2.857,2.857,2.857,2.857,0.78%
1/11/2006,2.835,2.835,2.835,2.835,5.23%
1/10/2006,2.694,2.694,2.694,2.694,-2.00%
1/9/2006,2.749,2.749,2.749,2.749,-0.58%
1/6/2006,2.765,2.765,2.765,2.765,0.18%
1/5/2006,2.76,2.76,2.76,2.76,-3.73%
1/4/2006,2.867,2.867,2.867,2.867,-0.55%
1/3/2006,2.883,2.883,2.883,2.883,0.95%
1/2/2006,2.856,2.856,2.856,2.856,-1.11%
12/30/2005,2.888,2.888,2.888,2.888,5.25%
12/29/2005,2.744,2.744,2.744,2.744,-0.36%
12/28/2005,2.754,2.754,2.754,2.754,-0.58%
12/27/2005,2.77,2.77,2.77,2.77,-3.72%
12/23/2005,2.877,2.877,2.877,2.877,3.45%
12/22/2005,2.781,2.781,2.781,2.781,-1.70%
12/21/2005,2.829,2.829,2.829,2.829,0.78%
12/20/2005,2.807,2.807,2.807,2.807,-0.21%
12/19/2005,2.813,2.813,2.813,2.813,-0.57%
12/16/2005,2.829,2.829,2.829,2.829,0.78%
12/15/2005,2.807,2.807,2.807,2.807,-1.13%
12/14/2005,2.839,2.839,2.839,2.839,2.09%
12/13/2005,2.781,2.781,2.781,2.781,-0.39%
12/12/2005,2.792,2.792,2.792,2.792,5.40%
12/9/2005,2.649,2.649,2.649,2.649,-3.85%
12/8/2005,2.755,2.755,2.755,2.755,3.65%
12/7/2005,2.658,2.658,2.658,2.658,-1.08%
12/6/2005,2.687,2.687,2.687,2.687,2.25%
12/5/2005,2.628,2.628,2.628,2.628,-2.16%
12/2/2005,2.686,2.686,2.686,2.686,-2.75%
12/1/2005,2.762,2.762,2.762,2.762,2.03%
11/30/2005,2.707,2.707,2.707,2.707,-0.62%
11/29/2005,2.724,2.724,2.724,2.724,0.48%
11/28/2005,2.711,2.711,2.711,2.711,0.22%
11/25/2005,2.705,2.705,2.705,2.705,-2.28%
11/24/2005,2.768,2.768,2.768,2.768,0.91%
11/23/2005,2.743,2.743,2.743,2.743,-1.44%
11/22/2005,2.783,2.783,2.783,2.783,0.87%
11/21/2005,2.759,2.759,2.759,2.759,1.96%
11/18/2005,2.706,2.706,2.706,2.706,1.77%
11/17/2005,2.659,2.659,2.659,2.659,-1.63%
11/16/2005,2.703,2.703,2.703,2.703,-4.05%
11/15/2005,2.817,2.817,2.817,2.817,3.38%
11/14/2005,2.725,2.725,2.725,2.725,-0.18%
11/11/2005,2.73,2.73,2.73,2.73,-1.23%
11/10/2005,2.764,2.764,2.764,2.764,6.88%
11/9/2005,2.586,2.586,2.586,2.586,-0.84%
11/8/2005,2.608,2.608,2.608,2.608,0.66%
11/7/2005,2.591,2.591,2.591,2.591,-3.10%
11/4/2005,2.674,2.674,2.674,2.674,0.07%
11/3/2005,2.672,2.672,2.672,2.672,1.29%
11/2/2005,2.638,2.638,2.638,2.638,0.65%
11/1/2005,2.621,2.621,2.621,2.621,-0.19%
10/31/2005,2.626,2.626,2.626,2.626,1.74%
10/28/2005,2.581,2.581,2.581,2.581,0.70%
10/27/2005,2.563,2.563,2.563,2.563,4.06%
10/26/2005,2.463,2.463,2.463,2.463,0.24%
10/25/2005,2.457,2.457,2.457,2.457,2.37%
10/24/2005,2.4,2.4,2.4,2.4,-0.41%
10/21/2005,2.41,2.41,2.41,2.41,0.00%
10/20/2005,2.41,2.41,2.41,2.41,1.26%
10/19/2005,2.38,2.38,2.38,2.38,-1.24%
10/18/2005,2.41,2.41,2.41,2.41,0.42%
10/17/2005,2.4,2.4,2.4,2.4,1.27%
10/14/2005,2.37,2.37,2.37,2.37,-0.42%
10/13/2005,2.38,2.38,2.38,2.38,3.48%
10/12/2005,2.3,2.3,2.3,2.3,-2.54%
10/11/2005,2.36,2.36,2.36,2.36,0.00%
10/10/2005,2.36,2.36,2.36,2.36,0.85%
10/7/2005,2.34,2.34,2.34,2.34,-1.31%
10/6/2005,2.371,2.371,2.371,2.371,1.76%
10/5/2005,2.33,2.33,2.33,2.33,1.30%
10/4/2005,2.3,2.3,2.3,2.3,-0.43%
10/3/2005,2.31,2.31,2.31,2.31,5.00%
9/30/2005,2.2,2.2,2.2,2.2,0.00%
9/29/2005,2.2,2.2,2.2,2.2,0.00%
9/28/2005,2.2,2.2,2.2,2.2,-2.22%
9/27/2005,2.25,2.25,2.25,2.25,0.13%
9/26/2005,2.247,2.247,2.247,2.247,2.28%
9/23/2005,2.197,2.197,2.197,2.197,1.71%
9/22/2005,2.16,2.16,2.16,2.16,-0.46%
9/21/2005,2.17,2.17,2.17,2.17,-0.46%
9/20/2005,2.18,2.18,2.18,2.18,-1.36%
9/19/2005,2.21,2.21,2.21,2.21,-0.58%
9/16/2005,2.223,2.223,2.223,2.223,0.59%
9/15/2005,2.21,2.21,2.21,2.21,0.50%
9/14/2005,2.199,2.199,2.199,2.199,0.05%
9/13/2005,2.198,2.198,2.198,2.198,2.19%
9/12/2005,2.151,2.151,2.151,2.151,0.28%
9/9/2005,2.145,2.145,2.145,2.145,0.61%
9/8/2005,2.132,2.132,2.132,2.132,0.00%
9/7/2005,2.132,2.132,2.132,2.132,0.80%
9/6/2005,2.115,2.115,2.115,2.115,0.05%
9/5/2005,2.114,2.114,2.114,2.114,-1.08%
9/2/2005,2.137,2.137,2.137,2.137,1.09%
9/1/2005,2.114,2.114,2.114,2.114,-2.67%
8/31/2005,2.172,2.172,2.172,2.172,-2.29%
8/30/2005,2.223,2.223,2.223,2.223,1.32%
8/29/2005,2.194,2.194,2.194,2.194,1.06%
8/26/2005,2.171,2.171,2.171,2.171,-0.23%
8/25/2005,2.176,2.176,2.176,2.176,-0.78%
8/24/2005,2.193,2.193,2.193,2.193,1.29%
8/23/2005,2.165,2.165,2.165,2.165,-0.18%
8/22/2005,2.169,2.169,2.169,2.169,0.51%
8/19/2005,2.158,2.158,2.158,2.158,0.28%
8/18/2005,2.152,2.152,2.152,2.152,-1.56%
8/17/2005,2.186,2.186,2.186,2.186,0.05%
8/16/2005,2.185,2.185,2.185,2.185,-1.53%
8/15/2005,2.219,2.219,2.219,2.219,-0.98%
8/12/2005,2.241,2.241,2.241,2.241,-1.97%
8/11/2005,2.286,2.286,2.286,2.286,0.26%
8/10/2005,2.28,2.28,2.28,2.28,-0.44%
8/9/2005,2.29,2.29,2.29,2.29,4.09%
8/8/2005,2.2,2.2,2.2,2.2,-3.68%
8/5/2005,2.284,2.284,2.284,2.284,1.96%
8/4/2005,2.24,2.24,2.24,2.24,-0.88%
8/3/2005,2.26,2.26,2.26,2.26,0.04%
8/2/2005,2.259,2.259,2.259,2.259,0.36%
8/1/2005,2.251,2.251,2.251,2.251,1.90%
7/29/2005,2.209,2.209,2.209,2.209,0.55%
7/28/2005,2.197,2.197,2.197,2.197,0.32%
7/27/2005,2.19,2.19,2.19,2.19,0.83%
7/26/2005,2.172,2.172,2.172,2.172,0.18%
7/25/2005,2.168,2.168,2.168,2.168,0.00%
7/22/2005,2.168,2.168,2.168,2.168,0.00%
7/21/2005,2.168,2.168,2.168,2.168,-1.72%
7/20/2005,2.206,2.206,2.206,2.206,-0.09%
7/19/2005,2.208,2.208,2.208,2.208,1.15%
7/18/2005,2.183,2.183,2.183,2.183,-1.18%
7/15/2005,2.209,2.209,2.209,2.209,0.96%
7/14/2005,2.188,2.188,2.188,2.188,0.23%
7/13/2005,2.183,2.183,2.183,2.183,1.30%
7/12/2005,2.155,2.155,2.155,2.155,0.80%
7/11/2005,2.138,2.138,2.138,2.138,1.66%
7/8/2005,2.103,2.103,2.103,2.103,7.19%
7/7/2005,1.962,1.962,1.962,1.962,-8.23%
7/6/2005,2.138,2.138,2.138,2.138,2.05%
7/5/2005,2.095,2.095,2.095,2.095,2.05%
7/4/2005,2.053,2.053,2.053,2.053,2.65%
7/1/2005,2,2,2,2,-1.04%
6/30/2005,2.021,2.021,2.021,2.021,0.30%
6/29/2005,2.015,2.015,2.015,2.015,0.65%
6/28/2005,2.002,2.002,2.002,2.002,-0.94%
6/27/2005,2.021,2.021,2.021,2.021,1.35%
6/24/2005,1.994,1.994,1.994,1.994,0.00%
6/23/2005,1.994,1.994,1.994,1.994,0.66%
6/22/2005,1.981,1.981,1.981,1.981,-3.22%
6/21/2005,2.047,2.047,2.047,2.047,-2.94%
6/20/2005,2.109,2.109,2.109,2.109,-0.28%
6/17/2005,2.115,2.115,2.115,2.115,-0.84%
6/16/2005,2.133,2.133,2.133,2.133,2.70%
6/15/2005,2.077,2.077,2.077,2.077,1.42%
6/14/2005,2.048,2.048,2.048,2.048,-1.21%
6/13/2005,2.073,2.073,2.073,2.073,2.52%
6/10/2005,2.022,2.022,2.022,2.022,0.60%
6/9/2005,2.01,2.01,2.01,2.01,0.80%
6/8/2005,1.994,1.994,1.994,1.994,-1.48%
6/7/2005,2.024,2.024,2.024,2.024,-1.99%
6/6/2005,2.065,2.065,2.065,2.065,0.24%
6/3/2005,2.06,2.06,2.06,2.06,-0.34%
6/2/2005,2.067,2.067,2.067,2.067,0.24%
6/1/2005,2.062,2.062,2.062,2.062,-2.74%
5/31/2005,2.12,2.12,2.12,2.12,-1.90%
5/30/2005,2.161,2.161,2.161,2.161,0.51%
5/27/2005,2.15,2.15,2.15,2.15,-1.33%
5/26/2005,2.179,2.179,2.179,2.179,0.79%
5/25/2005,2.162,2.162,2.162,2.162,-3.61%
5/24/2005,2.243,2.243,2.243,2.243,0.00%
5/23/2005,2.243,2.243,2.243,2.243,0.22%
5/20/2005,2.238,2.238,2.238,2.238,1.04%
5/19/2005,2.215,2.215,2.215,2.215,0.45%
5/18/2005,2.205,2.205,2.205,2.205,-0.05%
5/17/2005,2.206,2.206,2.206,2.206,-0.27%
5/16/2005,2.212,2.212,2.212,2.212,0.45%
5/13/2005,2.202,2.202,2.202,2.202,0.27%
5/12/2005,2.196,2.196,2.196,2.196,-1.08%
5/11/2005,2.22,2.22,2.22,2.22,-1.77%
5/10/2005,2.26,2.26,2.26,2.26,0.00%
5/9/2005,2.26,2.26,2.26,2.26,2.77%
5/6/2005,2.199,2.199,2.199,2.199,-1.52%
5/5/2005,2.233,2.233,2.233,2.233,1.73%
5/4/2005,2.195,2.195,2.195,2.195,-1.79%
5/3/2005,2.235,2.235,2.235,2.235,-0.27%
5/2/2005,2.241,2.241,2.241,2.241,0.49%
4/29/2005,2.23,2.23,2.23,2.23,-0.27%
4/28/2005,2.236,2.236,2.236,2.236,-1.19%
4/27/2005,2.263,2.263,2.263,2.263,-0.96%
4/26/2005,2.285,2.285,2.285,2.285,-0.04%
4/25/2005,2.286,2.286,2.286,2.286,-0.48%
4/22/2005,2.297,2.297,2.297,2.297,0.92%
4/21/2005,2.276,2.276,2.276,2.276,0.22%
4/20/2005,2.271,2.271,2.271,2.271,-1.00%
4/19/2005,2.294,2.294,2.294,2.294,0.00%
4/18/2005,2.294,2.294,2.294,2.294,-1.38%
4/15/2005,2.326,2.326,2.326,2.326,-1.86%
4/14/2005,2.37,2.37,2.37,2.37,0.47%
4/13/2005,2.359,2.359,2.359,2.359,-1.13%
4/12/2005,2.386,2.386,2.386,2.386,0.42%
4/11/2005,2.376,2.376,2.376,2.376,-0.67%
4/8/2005,2.392,2.392,2.392,2.392,-0.25%
4/7/2005,2.398,2.398,2.398,2.398,-0.42%
4/6/2005,2.408,2.408,2.408,2.408,-1.43%
4/5/2005,2.443,2.443,2.443,2.443,0.08%
4/4/2005,2.441,2.441,2.441,2.441,1.33%
4/1/2005,2.409,2.409,2.409,2.409,-2.59%
3/31/2005,2.473,2.473,2.473,2.473,-2.06%
3/30/2005,2.525,2.525,2.525,2.525,-1.37%
3/29/2005,2.56,2.56,2.56,2.56,0.79%
3/24/2005,2.54,2.54,2.54,2.54,-1.47%
3/23/2005,2.578,2.578,2.578,2.578,4.92%
3/22/2005,2.457,2.457,2.457,2.457,-0.93%
3/21/2005,2.48,2.48,2.48,2.48,0.53%
3/18/2005,2.467,2.467,2.467,2.467,0.49%
3/17/2005,2.455,2.455,2.455,2.455,1.28%
3/16/2005,2.424,2.424,2.424,2.424,-0.98%
3/15/2005,2.448,2.448,2.448,2.448,1.24%
3/14/2005,2.418,2.418,2.418,2.418,0.25%
3/11/2005,2.412,2.412,2.412,2.412,-1.19%
3/10/2005,2.441,2.441,2.441,2.441,2.48%
3/9/2005,2.382,2.382,2.382,2.382,0.04%
3/8/2005,2.381,2.381,2.381,2.381,-1.45%
3/7/2005,2.416,2.416,2.416,2.416,-2.19%
3/4/2005,2.47,2.47,2.47,2.47,-0.40%
3/3/2005,2.48,2.48,2.48,2.48,0.28%
3/2/2005,2.473,2.473,2.473,2.473,-0.68%
3/1/2005,2.49,2.49,2.49,2.49,0.24%
2/28/2005,2.484,2.484,2.484,2.484,-0.16%
2/25/2005,2.488,2.488,2.488,2.488,0.16%
2/24/2005,2.484,2.484,2.484,2.484,0.28%
2/23/2005,2.477,2.477,2.477,2.477,-0.88%
2/22/2005,2.499,2.499,2.499,2.499,0.44%
2/21/2005,2.488,2.488,2.488,2.488,1.88%
2/18/2005,2.442,2.442,2.442,2.442,0.49%
2/17/2005,2.43,2.43,2.43,2.43,0.29%
2/16/2005,2.423,2.423,2.423,2.423,1.64%
2/15/2005,2.384,2.384,2.384,2.384,0.25%
2/14/2005,2.378,2.378,2.378,2.378,0.21%
2/11/2005,2.373,2.373,2.373,2.373,-0.88%
2/10/2005,2.394,2.394,2.394,2.394,-0.91%
2/9/2005,2.416,2.416,2.416,2.416,0.00%
2/8/2005,2.416,2.416,2.416,2.416,0.71%
2/7/2005,2.399,2.399,2.399,2.399,-1.19%
2/4/2005,2.428,2.428,2.428,2.428,0.54%
2/3/2005,2.415,2.415,2.415,2.415,1.17%
2/2/2005,2.387,2.387,2.387,2.387,-0.21%
2/1/2005,2.392,2.392,2.392,2.392,0.72%
1/31/2005,2.375,2.375,2.375,2.375,-2.26%
1/28/2005,2.43,2.43,2.43,2.43,1.38%
1/27/2005,2.397,2.397,2.397,2.397,0.46%
1/26/2005,2.386,2.386,2.386,2.386,1.66%
1/25/2005,2.347,2.347,2.347,2.347,0.00%
1/24/2005,2.347,2.347,2.347,2.347,-1.39%
1/21/2005,2.38,2.38,2.38,2.38,0.72%
1/20/2005,2.363,2.363,2.363,2.363,0.00%
1/19/2005,2.363,2.363,2.363,2.363,-0.67%
1/18/2005,2.379,2.379,2.379,2.379,0.68%
1/17/2005,2.363,2.363,2.363,2.363,-0.21%
1/14/2005,2.368,2.368,2.368,2.368,0.25%
1/13/2005,2.362,2.362,2.362,2.362,-2.28%
1/12/2005,2.417,2.417,2.417,2.417,0.71%
1/11/2005,2.4,2.4,2.4,2.4,-0.21%
1/10/2005,2.405,2.405,2.405,2.405,1.39%
1/7/2005,2.372,2.372,2.372,2.372,-1.78%
1/6/2005,2.415,2.415,2.415,2.415,-3.01%
1/5/2005,2.49,2.49,2.49,2.49,1.34%
1/4/2005,2.457,2.457,2.457,2.457,0.20%
1/3/2005,2.452,2.452,2.452,2.452,1.32%
12/31/2004,2.42,2.42,2.42,2.42,-1.71%
12/30/2004,2.462,2.462,2.462,2.462,1.78%
12/29/2004,2.419,2.419,2.419,2.419,0.25%
12/28/2004,2.413,2.413,2.413,2.413,0.67%
12/27/2004,2.397,2.397,2.397,2.397,-0.87%
12/24/2004,2.418,2.418,2.418,2.418,0.46%
12/23/2004,2.407,2.407,2.407,2.407,-0.86%
12/22/2004,2.428,2.428,2.428,2.428,2.92%
12/21/2004,2.359,2.359,2.359,2.359,0.00%
12/20/2004,2.359,2.359,2.359,2.359,0.21%
12/17/2004,2.354,2.354,2.354,2.354,2.53%
12/16/2004,2.296,2.296,2.296,2.296,0.44%
12/15/2004,2.286,2.286,2.286,2.286,-0.65%
12/14/2004,2.301,2.301,2.301,2.301,0.00%
12/13/2004,2.301,2.301,2.301,2.301,-0.26%
12/10/2004,2.307,2.307,2.307,2.307,0.92%
12/9/2004,2.286,2.286,2.286,2.286,-0.44%
12/8/2004,2.296,2.296,2.296,2.296,0.57%
12/7/2004,2.283,2.283,2.283,2.283,-0.78%
12/6/2004,2.301,2.301,2.301,2.301,-4.56%
12/3/2004,2.411,2.411,2.411,2.411,6.35%
12/2/2004,2.267,2.267,2.267,2.267,-3.20%
12/1/2004,2.342,2.342,2.342,2.342,-1.47%
11/30/2004,2.377,2.377,2.377,2.377,2.68%
11/29/2004,2.315,2.315,2.315,2.315,-0.26%
11/26/2004,2.321,2.321,2.321,2.321,0.96%
11/25/2004,2.299,2.299,2.299,2.299,-3.36%
11/24/2004,2.379,2.379,2.379,2.379,-1.16%
11/23/2004,2.407,2.407,2.407,2.407,-1.63%
11/22/2004,2.447,2.447,2.447,2.447,-0.24%
11/19/2004,2.453,2.453,2.453,2.453,2.12%
11/18/2004,2.402,2.402,2.402,2.402,-0.50%
11/17/2004,2.414,2.414,2.414,2.414,0.25%
11/16/2004,2.408,2.408,2.408,2.408,1.86%
11/15/2004,2.364,2.364,2.364,2.364,-1.17%
11/12/2004,2.392,2.392,2.392,2.392,-0.50%
11/11/2004,2.404,2.404,2.404,2.404,-1.60%
11/10/2004,2.443,2.443,2.443,2.443,-2.63%
11/9/2004,2.509,2.509,2.509,2.509,0.93%
11/8/2004,2.486,2.486,2.486,2.486,2.98%
11/5/2004,2.414,2.414,2.414,2.414,-0.74%
11/4/2004,2.432,2.432,2.432,2.432,-1.14%
11/3/2004,2.46,2.46,2.46,2.46,1.82%
11/2/2004,2.416,2.416,2.416,2.416,0.00%
11/1/2004,2.416,2.416,2.416,2.416,-1.63%
10/29/2004,2.456,2.456,2.456,2.456,0.95%
10/28/2004,2.433,2.433,2.433,2.433,2.10%
10/27/2004,2.383,2.383,2.383,2.383,0.38%
10/26/2004,2.374,2.374,2.374,2.374,-1.58%
10/25/2004,2.412,2.412,2.412,2.412,0.21%
10/22/2004,2.407,2.407,2.407,2.407,0.67%
10/21/2004,2.391,2.391,2.391,2.391,-1.12%
10/20/2004,2.418,2.418,2.418,2.418,-0.25%
10/19/2004,2.424,2.424,2.424,2.424,-0.86%
10/18/2004,2.445,2.445,2.445,2.445,0.20%
10/15/2004,2.44,2.44,2.44,2.44,-0.89%
10/14/2004,2.462,2.462,2.462,2.462,-0.44%
10/13/2004,2.473,2.473,2.473,2.473,-0.20%
10/12/2004,2.478,2.478,2.478,2.478,-0.44%
10/11/2004,2.489,2.489,2.489,2.489,-3.90%
10/8/2004,2.59,2.59,2.59,2.59,0.43%
10/7/2004,2.579,2.579,2.579,2.579,0.43%
10/6/2004,2.568,2.568,2.568,2.568,-1.23%
10/5/2004,2.6,2.6,2.6,2.6,1.44%
10/4/2004,2.563,2.563,2.563,2.563,0.43%
10/1/2004,2.552,2.552,2.552,2.552,-1.62%
9/30/2004,2.594,2.594,2.594,2.594,0.19%
9/29/2004,2.589,2.589,2.589,2.589,0.86%
9/28/2004,2.567,2.567,2.567,2.567,-0.62%
9/27/2004,2.583,2.583,2.583,2.583,1.41%
9/24/2004,2.547,2.547,2.547,2.547,-1.39%
9/23/2004,2.583,2.583,2.583,2.583,0.98%
9/22/2004,2.558,2.558,2.558,2.558,0.35%
9/21/2004,2.549,2.549,2.549,2.549,-0.08%
9/20/2004,2.551,2.551,2.551,2.551,-0.47%
9/17/2004,2.563,2.563,2.563,2.563,-1.16%
9/16/2004,2.593,2.593,2.593,2.593,1.09%
9/15/2004,2.565,2.565,2.565,2.565,-1.12%
9/14/2004,2.594,2.594,2.594,2.594,1.13%
9/13/2004,2.565,2.565,2.565,2.565,-0.93%
9/10/2004,2.589,2.589,2.589,2.589,-0.88%
9/9/2004,2.612,2.612,2.612,2.612,-1.36%
9/8/2004,2.648,2.648,2.648,2.648,1.77%
9/7/2004,2.602,2.602,2.602,2.602,0.39%
9/6/2004,2.592,2.592,2.592,2.592,3.97%
9/3/2004,2.493,2.493,2.493,2.493,3.06%
9/2/2004,2.419,2.419,2.419,2.419,0.42%
9/1/2004,2.409,2.409,2.409,2.409,-1.87%
8/31/2004,2.455,2.455,2.455,2.455,0.45%
8/30/2004,2.444,2.444,2.444,2.444,0.00%
8/27/2004,2.444,2.444,2.444,2.444,-0.57%
8/26/2004,2.458,2.458,2.458,2.458,-1.80%
8/25/2004,2.503,2.503,2.503,2.503,0.68%
8/24/2004,2.486,2.486,2.486,2.486,2.52%
8/23/2004,2.425,2.425,2.425,2.425,-0.49%
8/20/2004,2.437,2.437,2.437,2.437,-0.69%
8/19/2004,2.454,2.454,2.454,2.454,0.41%
8/18/2004,2.444,2.444,2.444,2.444,-0.69%
8/17/2004,2.461,2.461,2.461,2.461,1.82%
8/16/2004,2.417,2.417,2.417,2.417,-1.39%
8/13/2004,2.451,2.451,2.451,2.451,-0.93%
8/12/2004,2.474,2.474,2.474,2.474,0.41%
8/11/2004,2.464,2.464,2.464,2.464,0.00%
8/10/2004,2.464,2.464,2.464,2.464,0.65%
8/9/2004,2.448,2.448,2.448,2.448,-3.51%
8/6/2004,2.537,2.537,2.537,2.537,-0.67%
8/5/2004,2.554,2.554,2.554,2.554,-0.89%
8/4/2004,2.577,2.577,2.577,2.577,-0.85%
8/3/2004,2.599,2.599,2.599,2.599,-0.88%
8/2/2004,2.622,2.622,2.622,2.622,-2.46%
7/30/2004,2.688,2.688,2.688,2.688,-0.41%
7/29/2004,2.699,2.699,2.699,2.699,-0.81%
7/28/2004,2.721,2.721,2.721,2.721,1.00%
7/27/2004,2.694,2.694,2.694,2.694,1.66%
7/26/2004,2.65,2.65,2.65,2.65,0.38%
7/23/2004,2.64,2.64,2.64,2.64,-1.42%
7/22/2004,2.678,2.678,2.678,2.678,3.96%
7/21/2004,2.576,2.576,2.576,2.576,0.63%
7/20/2004,2.56,2.56,2.56,2.56,-0.66%
7/19/2004,2.577,2.577,2.577,2.577,-2.24%
7/16/2004,2.636,2.636,2.636,2.636,-0.19%
7/15/2004,2.641,2.641,2.641,2.641,-0.23%
7/14/2004,2.647,2.647,2.647,2.647,2.28%
7/13/2004,2.588,2.588,2.588,2.588,-0.42%
7/12/2004,2.599,2.599,2.599,2.599,-0.04%
7/9/2004,2.6,2.6,2.6,2.6,0.19%
7/8/2004,2.595,2.595,2.595,2.595,-1.63%
7/7/2004,2.638,2.638,2.638,2.638,0.61%
7/6/2004,2.622,2.622,2.622,2.622,-0.61%
7/5/2004,2.638,2.638,2.638,2.638,-1.97%
7/2/2004,2.691,2.691,2.691,2.691,-0.77%
7/1/2004,2.712,2.712,2.712,2.712,-1.74%
6/30/2004,2.76,2.76,2.76,2.76,-0.40%
6/29/2004,2.771,2.771,2.771,2.771,1.95%
6/28/2004,2.718,2.718,2.718,2.718,0.37%
6/25/2004,2.708,2.708,2.708,2.708,-2.27%
6/24/2004,2.771,2.771,2.771,2.771,-0.61%
6/23/2004,2.788,2.788,2.788,2.788,3.95%
6/22/2004,2.682,2.682,2.682,2.682,-0.19%
6/21/2004,2.687,2.687,2.687,2.687,-1.72%
6/18/2004,2.734,2.734,2.734,2.734,0.70%
6/17/2004,2.715,2.715,2.715,2.715,2.41%
6/16/2004,2.651,2.651,2.651,2.651,-4.12%
6/15/2004,2.765,2.765,2.765,2.765,-0.18%
6/14/2004,2.77,2.77,2.77,2.77,2.94%
6/11/2004,2.691,2.691,2.691,2.691,2.09%
6/10/2004,2.636,2.636,2.636,2.636,2.57%
6/9/2004,2.57,2.57,2.57,2.57,2.80%
6/8/2004,2.5,2.5,2.5,2.5,-3.92%
6/7/2004,2.602,2.602,2.602,2.602,0.85%
6/4/2004,2.58,2.58,2.58,2.58,0.16%
6/3/2004,2.576,2.576,2.576,2.576,0.74%
6/2/2004,2.557,2.557,2.557,2.557,1.95%
6/1/2004,2.508,2.508,2.508,2.508,0.52%
5/31/2004,2.495,2.495,2.495,2.495,1.96%
5/28/2004,2.447,2.447,2.447,2.447,0.25%
5/27/2004,2.441,2.441,2.441,2.441,-2.52%
5/26/2004,2.504,2.504,2.504,2.504,-0.40%
5/25/2004,2.514,2.514,2.514,2.514,0.72%
5/24/2004,2.496,2.496,2.496,2.496,0.28%
5/21/2004,2.489,2.489,2.489,2.489,-1.81%
5/20/2004,2.535,2.535,2.535,2.535,0.48%
5/19/2004,2.523,2.523,2.523,2.523,0.80%
5/18/2004,2.503,2.503,2.503,2.503,0.48%
5/17/2004,2.491,2.491,2.491,2.491,-2.01%
5/14/2004,2.542,2.542,2.542,2.542,0.04%
5/13/2004,2.541,2.541,2.541,2.541,0.47%
5/12/2004,2.529,2.529,2.529,2.529,-0.59%
5/11/2004,2.544,2.544,2.544,2.544,0.04%
5/10/2004,2.543,2.543,2.543,2.543,4.48%
5/7/2004,2.434,2.434,2.434,2.434,1.21%
5/6/2004,2.405,2.405,2.405,2.405,1.48%
5/5/2004,2.37,2.37,2.37,2.37,-1.37%
5/4/2004,2.403,2.403,2.403,2.403,0.04%
5/3/2004,2.402,2.402,2.402,2.402,-0.58%
4/30/2004,2.416,2.416,2.416,2.416,-0.08%
4/29/2004,2.418,2.418,2.418,2.418,-0.41%
4/28/2004,2.428,2.428,2.428,2.428,1.00%
4/27/2004,2.404,2.404,2.404,2.404,0.29%
4/26/2004,2.397,2.397,2.397,2.397,2.09%
4/23/2004,2.348,2.348,2.348,2.348,-1.14%
4/22/2004,2.375,2.375,2.375,2.375,-0.21%
4/21/2004,2.38,2.38,2.38,2.38,1.71%
4/20/2004,2.34,2.34,2.34,2.34,0.30%
4/19/2004,2.333,2.333,2.333,2.333,-0.26%
4/16/2004,2.339,2.339,2.339,2.339,-1.35%
4/15/2004,2.371,2.371,2.371,2.371,0.51%
4/14/2004,2.359,2.359,2.359,2.359,3.87%
4/13/2004,2.271,2.271,2.271,2.271,0.75%
4/8/2004,2.254,2.254,2.254,2.254,1.21%
4/7/2004,2.227,2.227,2.227,2.227,-2.84%
4/6/2004,2.292,2.292,2.292,2.292,0.84%
4/5/2004,2.273,2.273,2.273,2.273,3.93%
4/2/2004,2.187,2.187,2.187,2.187,4.64%
4/1/2004,2.09,2.09,2.09,2.09,-0.76%
3/31/2004,2.106,2.106,2.106,2.106,0.77%
3/30/2004,2.09,2.09,2.09,2.09,1.75%
3/29/2004,2.054,2.054,2.054,2.054,1.03%
3/26/2004,2.033,2.033,2.033,2.033,-1.17%
3/25/2004,2.057,2.057,2.057,2.057,-2.14%
3/24/2004,2.102,2.102,2.102,2.102,0.82%
3/23/2004,2.085,2.085,2.085,2.085,-0.86%
3/22/2004,2.103,2.103,2.103,2.103,0.19%
3/19/2004,2.099,2.099,2.099,2.099,-1.18%
3/18/2004,2.124,2.124,2.124,2.124,-1.98%
3/17/2004,2.167,2.167,2.167,2.167,0.46%
3/16/2004,2.157,2.157,2.157,2.157,-0.05%
3/15/2004,2.158,2.158,2.158,2.158,-0.55%
3/12/2004,2.17,2.17,2.17,2.17,-0.32%
3/11/2004,2.177,2.177,2.177,2.177,0.97%
3/10/2004,2.156,2.156,2.156,2.156,0.47%
3/9/2004,2.146,2.146,2.146,2.146,-0.56%
3/8/2004,2.158,2.158,2.158,2.158,-5.43%
3/5/2004,2.282,2.282,2.282,2.282,-2.52%
3/4/2004,2.341,2.341,2.341,2.341,1.47%
3/3/2004,2.307,2.307,2.307,2.307,3.59%
3/2/2004,2.227,2.227,2.227,2.227,1.46%
3/1/2004,2.195,2.195,2.195,2.195,-1.75%
2/27/2004,2.234,2.234,2.234,2.234,1.50%
2/26/2004,2.201,2.201,2.201,2.201,-2.87%
2/25/2004,2.266,2.266,2.266,2.266,-2.45%
2/24/2004,2.323,2.323,2.323,2.323,-2.19%
2/23/2004,2.375,2.375,2.375,2.375,1.98%
2/20/2004,2.329,2.329,2.329,2.329,1.39%
2/19/2004,2.297,2.297,2.297,2.297,0.66%
2/18/2004,2.282,2.282,2.282,2.282,-1.72%
2/17/2004,2.322,2.322,2.322,2.322,0.22%
2/16/2004,2.317,2.317,2.317,2.317,-0.26%
2/13/2004,2.323,2.323,2.323,2.323,0.22%
2/12/2004,2.318,2.318,2.318,2.318,-2.44%
2/11/2004,2.376,2.376,2.376,2.376,2.41%
2/10/2004,2.32,2.32,2.32,2.32,-1.69%
2/9/2004,2.36,2.36,2.36,2.36,0.21%
2/6/2004,2.355,2.355,2.355,2.355,-2.57%
2/5/2004,2.417,2.417,2.417,2.417,0.00%
2/4/2004,2.417,2.417,2.417,2.417,-0.29%
2/3/2004,2.424,2.424,2.424,2.424,-2.49%
2/2/2004,2.486,2.486,2.486,2.486,-1.11%
1/30/2004,2.514,2.514,2.514,2.514,-1.30%
1/29/2004,2.547,2.547,2.547,2.547,7.38%
1/28/2004,2.372,2.372,2.372,2.372,3.13%
1/27/2004,2.3,2.3,2.3,2.3,1.32%
1/26/2004,2.27,2.27,2.27,2.27,0.44%
1/23/2004,2.26,2.26,2.26,2.26,-0.44%
1/22/2004,2.27,2.27,2.27,2.27,3.18%
1/21/2004,2.2,2.2,2.2,2.2,0.00%
1/20/2004,2.2,2.2,2.2,2.2,0.00%
1/19/2004,2.2,2.2,2.2,2.2,-4.35%
1/16/2004,2.3,2.3,2.3,2.3,0.00%
1/15/2004,2.3,2.3,2.3,2.3,-5.27%
1/14/2004,2.428,2.428,2.428,2.428,5.57%
1/13/2004,2.3,2.3,2.3,2.3,-3.64%
1/12/2004,2.387,2.387,2.387,2.387,0.34%
1/9/2004,2.379,2.379,2.379,2.379,-0.25%
1/8/2004,2.385,2.385,2.385,2.385,-1.04%
1/7/2004,2.41,2.41,2.41,2.41,0.00%
1/6/2004,2.41,2.41,2.41,2.41,-2.74%
1/5/2004,2.478,2.478,2.478,2.478,2.02%
1/2/2004,2.429,2.429,2.429,2.429,-1.26%
12/31/2003,2.46,2.46,2.46,2.46,1.32%
12/29/2003,2.428,2.428,2.428,2.428,-3.65%
12/24/2003,2.52,2.52,2.52,2.52,2.94%
12/23/2003,2.448,2.448,2.448,2.448,-1.21%
12/22/2003,2.478,2.478,2.478,2.478,-0.24%
12/19/2003,2.484,2.484,2.484,2.484,0.69%
12/18/2003,2.467,2.467,2.467,2.467,-1.40%
12/17/2003,2.502,2.502,2.502,2.502,-0.44%
12/16/2003,2.513,2.513,2.513,2.513,-0.28%
12/15/2003,2.52,2.52,2.52,2.52,-2.29%
12/13/2003,2.579,2.579,2.579,2.579,0.90%
12/12/2003,2.556,2.556,2.556,2.556,-2.70%
12/11/2003,2.627,2.627,2.627,2.627,-0.42%
12/10/2003,2.638,2.638,2.638,2.638,0.50%
12/9/2003,2.625,2.625,2.625,2.625,0.88%
12/8/2003,2.602,2.602,2.602,2.602,-1.77%
12/6/2003,2.649,2.649,2.649,2.649,0.88%
12/5/2003,2.626,2.626,2.626,2.626,-3.42%
12/4/2003,2.719,2.719,2.719,2.719,-0.84%
12/3/2003,2.742,2.742,2.742,2.742,-1.05%
12/2/2003,2.771,2.771,2.771,2.771,-0.82%
12/1/2003,2.794,2.794,2.794,2.794,-0.82%
11/29/2003,2.817,2.817,2.817,2.817,1.37%
11/28/2003,2.779,2.779,2.779,2.779,-0.36%
11/27/2003,2.789,2.789,2.789,2.789,3.33%
11/26/2003,2.699,2.699,2.699,2.699,0.00%
11/25/2003,2.699,2.699,2.699,2.699,0.75%
11/24/2003,2.679,2.679,2.679,2.679,3.24%
11/21/2003,2.595,2.595,2.595,2.595,-0.88%
11/20/2003,2.618,2.618,2.618,2.618,0.42%
11/19/2003,2.607,2.607,2.607,2.607,0.42%
11/18/2003,2.596,2.596,2.596,2.596,-1.52%
11/17/2003,2.636,2.636,2.636,2.636,-1.42%
11/15/2003,2.674,2.674,2.674,2.674,0.41%
11/14/2003,2.663,2.663,2.663,2.663,-2.28%
11/13/2003,2.725,2.725,2.725,2.725,-2.22%
11/12/2003,2.787,2.787,2.787,2.787,-1.17%
11/11/2003,2.82,2.82,2.82,2.82,0.64%
11/10/2003,2.802,2.802,2.802,2.802,-1.41%
11/8/2003,2.842,2.842,2.842,2.842,0.82%
11/7/2003,2.819,2.819,2.819,2.819,1.11%
11/6/2003,2.788,2.788,2.788,2.788,2.20%
11/5/2003,2.728,2.728,2.728,2.728,-0.98%
11/4/2003,2.755,2.755,2.755,2.755,1.32%
11/3/2003,2.719,2.719,2.719,2.719,1.38%
11/1/2003,2.682,2.682,2.682,2.682,0.00%
10/31/2003,2.682,2.682,2.682,2.682,-0.26%
10/30/2003,2.689,2.689,2.689,2.689,0.49%
10/29/2003,2.676,2.676,2.676,2.676,-0.48%
10/28/2003,2.689,2.689,2.689,2.689,0.75%
10/27/2003,2.669,2.669,2.669,2.669,0.91%
10/24/2003,2.645,2.645,2.645,2.645,0.00%
10/23/2003,2.645,2.645,2.645,2.645,0.92%
10/22/2003,2.621,2.621,2.621,2.621,-0.46%
10/21/2003,2.633,2.633,2.633,2.633,-2.30%
10/20/2003,2.695,2.695,2.695,2.695,-0.22%
10/19/2003,2.701,2.701,2.701,2.701,0.00%
10/17/2003,2.701,2.701,2.701,2.701,0.15%
10/16/2003,2.697,2.697,2.697,2.697,4.09%
10/14/2003,2.591,2.591,2.591,2.591,0.47%
10/13/2003,2.579,2.579,2.579,2.579,1.66%
10/11/2003,2.537,2.537,2.537,2.537,-1.97%
10/10/2003,2.588,2.588,2.588,2.588,0.54%
10/9/2003,2.574,2.574,2.574,2.574,3.00%
10/8/2003,2.499,2.499,2.499,2.499,-0.44%
10/7/2003,2.51,2.51,2.51,2.51,-2.68%
10/6/2003,2.579,2.579,2.579,2.579,-0.85%
10/5/2003,2.601,2.601,2.601,2.601,0.62%
10/3/2003,2.585,2.585,2.585,2.585,7.08%
10/2/2003,2.414,2.414,2.414,2.414,4.59%
10/1/2003,2.308,2.308,2.308,2.308,0.44%
9/30/2003,2.298,2.298,2.298,2.298,-1.84%
9/29/2003,2.341,2.341,2.341,2.341,-0.21%
9/26/2003,2.346,2.346,2.346,2.346,1.56%
9/25/2003,2.31,2.31,2.31,2.31,-0.26%
9/24/2003,2.316,2.316,2.316,2.316,-0.94%
9/23/2003,2.338,2.338,2.338,2.338,-0.76%
9/22/2003,2.356,2.356,2.356,2.356,-2.44%
9/20/2003,2.415,2.415,2.415,2.415,0.17%
9/19/2003,2.411,2.411,2.411,2.411,-0.90%
9/18/2003,2.433,2.433,2.433,2.433,0.54%
9/17/2003,2.42,2.42,2.42,2.42,-1.87%
9/16/2003,2.466,2.466,2.466,2.466,0.28%
9/15/2003,2.459,2.459,2.459,2.459,-3.49%
9/13/2003,2.548,2.548,2.548,2.548,4.38%
9/12/2003,2.441,2.441,2.441,2.441,-4.16%
9/11/2003,2.547,2.547,2.547,2.547,1.92%
9/10/2003,2.499,2.499,2.499,2.499,-1.07%
9/9/2003,2.526,2.526,2.526,2.526,1.45%
9/8/2003,2.49,2.49,2.49,2.49,-2.12%
9/6/2003,2.544,2.544,2.544,2.544,0.08%
9/5/2003,2.542,2.542,2.542,2.542,-4.18%
9/4/2003,2.653,2.653,2.653,2.653,-3.00%
9/3/2003,2.735,2.735,2.735,2.735,-0.73%
9/2/2003,2.755,2.755,2.755,2.755,4.71%
9/1/2003,2.631,2.631,2.631,2.631,2.33%
8/29/2003,2.571,2.571,2.571,2.571,-1.34%
8/28/2003,2.606,2.606,2.606,2.606,-0.19%
8/27/2003,2.611,2.611,2.611,2.611,0.58%
8/26/2003,2.596,2.596,2.596,2.596,-0.31%
8/25/2003,2.604,2.604,2.604,2.604,-0.53%
8/22/2003,2.618,2.618,2.618,2.618,-0.61%
8/21/2003,2.634,2.634,2.634,2.634,1.82%
8/20/2003,2.587,2.587,2.587,2.587,1.45%
8/19/2003,2.55,2.55,2.55,2.55,-0.43%
8/18/2003,2.561,2.561,2.561,2.561,0.79%
8/16/2003,2.541,2.541,2.541,2.541,0.16%
8/15/2003,2.537,2.537,2.537,2.537,-3.72%
8/14/2003,2.635,2.635,2.635,2.635,3.21%
8/13/2003,2.553,2.553,2.553,2.553,2.37%
8/12/2003,2.494,2.494,2.494,2.494,-0.12%
8/11/2003,2.497,2.497,2.497,2.497,3.48%
8/8/2003,2.413,2.413,2.413,2.413,-2.94%
8/7/2003,2.486,2.486,2.486,2.486,-1.58%
8/6/2003,2.526,2.526,2.526,2.526,-1.41%
8/5/2003,2.562,2.562,2.562,2.562,-0.16%
8/4/2003,2.566,2.566,2.566,2.566,-4.00%
8/2/2003,2.673,2.673,2.673,2.673,-0.41%
8/1/2003,2.684,2.684,2.684,2.684,8.18%
7/31/2003,2.481,2.481,2.481,2.481,4.99%
7/30/2003,2.363,2.363,2.363,2.363,0.51%
7/29/2003,2.351,2.351,2.351,2.351,0.47%
7/28/2003,2.34,2.34,2.34,2.34,2.81%
7/25/2003,2.276,2.276,2.276,2.276,-1.51%
7/24/2003,2.311,2.311,2.311,2.311,3.22%
7/23/2003,2.239,2.239,2.239,2.239,-4.19%
7/22/2003,2.337,2.337,2.337,2.337,1.21%
7/21/2003,2.309,2.309,2.309,2.309,2.17%
7/18/2003,2.26,2.26,2.26,2.26,-0.92%
7/17/2003,2.281,2.281,2.281,2.281,0.00%
7/16/2003,2.281,2.281,2.281,2.281,-0.65%
7/15/2003,2.296,2.296,2.296,2.296,8.46%
7/14/2003,2.117,2.117,2.117,2.117,-1.03%
7/11/2003,2.139,2.139,2.139,2.139,1.04%
7/10/2003,2.117,2.117,2.117,2.117,-2.49%
7/9/2003,2.171,2.171,2.171,2.171,0.79%
7/8/2003,2.154,2.154,2.154,2.154,0.51%
7/7/2003,2.143,2.143,2.143,2.143,2.29%
7/4/2003,2.095,2.095,2.095,2.095,-2.69%
7/3/2003,2.153,2.153,2.153,2.153,1.51%
7/2/2003,2.121,2.121,2.121,2.121,1.68%
7/1/2003,2.086,2.086,2.086,2.086,-1.14%
6/30/2003,2.11,2.11,2.11,2.11,-3.03%
6/27/2003,2.176,2.176,2.176,2.176,2.16%
6/26/2003,2.13,2.13,2.13,2.13,7.79%
6/25/2003,1.976,1.976,1.976,1.976,-1.59%
6/24/2003,2.008,2.008,2.008,2.008,-0.94%
6/23/2003,2.027,2.027,2.027,2.027,-0.88%
6/21/2003,2.045,2.045,2.045,2.045,0.00%
6/20/2003,2.045,2.045,2.045,2.045,2.00%
6/19/2003,2.005,2.005,2.005,2.005,-2.34%
6/18/2003,2.053,2.053,2.053,2.053,2.55%
6/17/2003,2.002,2.002,2.002,2.002,2.93%
6/16/2003,1.945,1.945,1.945,1.945,3.29%
6/14/2003,1.883,1.883,1.883,1.883,0.11%
6/13/2003,1.881,1.881,1.881,1.881,-1.88%
6/12/2003,1.917,1.917,1.917,1.917,0.84%
6/11/2003,1.901,1.901,1.901,1.901,0.48%
6/10/2003,1.892,1.892,1.892,1.892,-4.40%
6/9/2003,1.979,1.979,1.979,1.979,-1.49%
6/6/2003,2.009,2.009,2.009,2.009,0.55%
6/5/2003,1.998,1.998,1.998,1.998,-2.58%
6/4/2003,2.051,2.051,2.051,2.051,2.50%
6/3/2003,2.001,2.001,2.001,2.001,-5.70%
6/2/2003,2.122,2.122,2.122,2.122,1.05%
5/30/2003,2.1,2.1,2.1,2.1,0.53%
5/29/2003,2.089,2.089,2.089,2.089,-3.47%
5/28/2003,2.164,2.164,2.164,2.164,2.08%
5/27/2003,2.12,2.12,2.12,2.12,2.42%
5/26/2003,2.07,2.07,2.07,2.07,-1.38%
5/24/2003,2.099,2.099,2.099,2.099,0.29%
5/23/2003,2.093,2.093,2.093,2.093,-2.65%
5/22/2003,2.15,2.15,2.15,2.15,0.00%
5/21/2003,2.15,2.15,2.15,2.15,0.94%
5/20/2003,2.13,2.13,2.13,2.13,-0.56%
5/19/2003,2.142,2.142,2.142,2.142,-3.56%
5/16/2003,2.221,2.221,2.221,2.221,0.23%
5/15/2003,2.216,2.216,2.216,2.216,-1.03%
5/14/2003,2.239,2.239,2.239,2.239,0.22%
5/13/2003,2.234,2.234,2.234,2.234,-2.45%
5/12/2003,2.29,2.29,2.29,2.29,-0.74%
5/9/2003,2.307,2.307,2.307,2.307,0.70%
5/8/2003,2.291,2.291,2.291,2.291,-0.99%
5/7/2003,2.314,2.314,2.314,2.314,-3.06%
5/6/2003,2.387,2.387,2.387,2.387,-0.46%
5/5/2003,2.398,2.398,2.398,2.398,-0.46%
5/2/2003,2.409,2.409,2.409,2.409,1.13%
5/1/2003,2.382,2.382,2.382,2.382,-0.21%
4/30/2003,2.387,2.387,2.387,2.387,-4.25%
4/29/2003,2.493,2.493,2.493,2.493,0.89%
4/28/2003,2.471,2.471,2.471,2.471,1.15%
4/25/2003,2.443,2.443,2.443,2.443,-4.31%
4/23/2003,2.553,2.553,2.553,2.553,-1.88%
4/17/2003,2.602,2.602,2.602,2.602,0.85%
4/16/2003,2.58,2.58,2.58,2.58,-1.26%
4/15/2003,2.613,2.613,2.613,2.613,-0.61%
4/14/2003,2.629,2.629,2.629,2.629,3.22%
4/13/2003,2.547,2.547,2.547,2.547,0.39%
4/11/2003,2.537,2.537,2.537,2.537,3.09%
4/10/2003,2.461,2.461,2.461,2.461,-0.44%
4/9/2003,2.472,2.472,2.472,2.472,-2.75%
4/8/2003,2.542,2.542,2.542,2.542,2.38%
4/5/2003,2.483,2.483,2.483,2.483,0.00%
4/4/2003,2.483,2.483,2.483,2.483,-0.20%
4/3/2003,2.488,2.488,2.488,2.488,-0.24%
4/2/2003,2.494,2.494,2.494,2.494,5.14%
4/1/2003,2.372,2.372,2.372,2.372,-1.54%
3/31/2003,2.409,2.409,2.409,2.409,-3.41%
3/28/2003,2.494,2.494,2.494,2.494,-1.69%
3/27/2003,2.537,2.537,2.537,2.537,-1.67%
3/26/2003,2.58,2.58,2.58,2.58,0.16%
3/25/2003,2.576,2.576,2.576,2.576,0.43%
3/24/2003,2.565,2.565,2.565,2.565,-3.43%
3/21/2003,2.656,2.656,2.656,2.656,2.31%
3/20/2003,2.596,2.596,2.596,2.596,-1.41%
3/19/2003,2.633,2.633,2.633,2.633,1.31%
3/18/2003,2.599,2.599,2.599,2.599,-0.69%
3/17/2003,2.617,2.617,2.617,2.617,5.74%
3/15/2003,2.475,2.475,2.475,2.475,0.00%
3/14/2003,2.475,2.475,2.475,2.475,-0.28%
3/13/2003,2.482,2.482,2.482,2.482,9.00%
3/12/2003,2.277,2.277,2.277,2.277,1.16%
3/11/2003,2.251,2.251,2.251,2.251,2.36%
3/10/2003,2.199,2.199,2.199,2.199,-1.83%
3/7/2003,2.24,2.24,2.24,2.24,-1.15%
3/6/2003,2.266,2.266,2.266,2.266,-1.31%
3/5/2003,2.296,2.296,2.296,2.296,0.88%
3/4/2003,2.276,2.276,2.276,2.276,-0.83%
3/3/2003,2.295,2.295,2.295,2.295,0.48%
3/1/2003,2.284,2.284,2.284,2.284,0.26%
2/28/2003,2.278,2.278,2.278,2.278,-3.72%
2/27/2003,2.366,2.366,2.366,2.366,3.73%
2/26/2003,2.281,2.281,2.281,2.281,-0.87%
2/25/2003,2.301,2.301,2.301,2.301,-1.54%
2/24/2003,2.337,2.337,2.337,2.337,-3.79%
2/22/2003,2.429,2.429,2.429,2.429,0.21%
2/21/2003,2.424,2.424,2.424,2.424,0.92%
2/20/2003,2.402,2.402,2.402,2.402,0.21%
2/19/2003,2.397,2.397,2.397,2.397,-2.20%
2/18/2003,2.451,2.451,2.451,2.451,-0.24%
2/17/2003,2.457,2.457,2.457,2.457,1.11%
2/14/2003,2.43,2.43,2.43,2.43,2.62%
2/13/2003,2.368,2.368,2.368,2.368,-1.91%
2/12/2003,2.414,2.414,2.414,2.414,-2.27%
2/11/2003,2.47,2.47,2.47,2.47,-1.52%
2/10/2003,2.508,2.508,2.508,2.508,0.88%
2/7/2003,2.486,2.486,2.486,2.486,-1.62%
2/6/2003,2.527,2.527,2.527,2.527,-2.62%
2/5/2003,2.595,2.595,2.595,2.595,1.68%
2/4/2003,2.552,2.552,2.552,2.552,-1.35%
1/31/2003,2.587,2.587,2.587,2.587,0.19%
1/30/2003,2.582,2.582,2.582,2.582,-0.65%
1/29/2003,2.599,2.599,2.599,2.599,-0.50%
1/28/2003,2.612,2.612,2.612,2.612,0.38%
1/27/2003,2.602,2.602,2.602,2.602,0.62%
1/25/2003,2.586,2.586,2.586,2.586,0.47%
1/24/2003,2.574,2.574,2.574,2.574,-0.77%
1/23/2003,2.594,2.594,2.594,2.594,-0.15%
1/22/2003,2.598,2.598,2.598,2.598,-0.69%
1/21/2003,2.616,2.616,2.616,2.616,0.38%
1/20/2003,2.606,2.606,2.606,2.606,-0.84%
1/17/2003,2.628,2.628,2.628,2.628,-2.67%
1/16/2003,2.7,2.7,2.7,2.7,0.60%
1/15/2003,2.684,2.684,2.684,2.684,-0.07%
1/14/2003,2.686,2.686,2.686,2.686,-0.59%
1/13/2003,2.702,2.702,2.702,2.702,1.73%
1/10/2003,2.656,2.656,2.656,2.656,-1.56%
1/9/2003,2.698,2.698,2.698,2.698,2.24%
1/8/2003,2.639,2.639,2.639,2.639,-2.87%
1/7/2003,2.717,2.717,2.717,2.717,-1.95%
1/6/2003,2.771,2.771,2.771,2.771,0.00%
1/3/2003,2.771,2.771,2.771,2.771,-1.35%
1/2/2003,2.809,2.809,2.809,2.809,3.58%
12/31/2002,2.712,2.712,2.712,2.712,-2.48%
12/30/2002,2.781,2.781,2.781,2.781,2.24%
12/27/2002,2.72,2.72,2.72,2.72,-3.78%
12/24/2002,2.827,2.827,2.827,2.827,0.53%
12/23/2002,2.812,2.812,2.812,2.812,1.52%
12/20/2002,2.77,2.77,2.77,2.77,-0.61%
12/19/2002,2.787,2.787,2.787,2.787,-2.69%
12/18/2002,2.864,2.864,2.864,2.864,0.21%
12/17/2002,2.858,2.858,2.858,2.858,0.99%
12/16/2002,2.83,2.83,2.83,2.83,-3.02%
12/13/2002,2.918,2.918,2.918,2.918,1.78%
12/12/2002,2.867,2.867,2.867,2.867,-1.24%
12/11/2002,2.903,2.903,2.903,2.903,0.48%
12/10/2002,2.889,2.889,2.889,2.889,-1.80%
12/9/2002,2.942,2.942,2.942,2.942,-4.17%
12/6/2002,3.07,3.07,3.07,3.07,-2.04%
12/5/2002,3.134,3.134,3.134,3.134,0.93%
12/4/2002,3.105,3.105,3.105,3.105,1.77%
12/3/2002,3.051,3.051,3.051,3.051,0.03%
12/2/2002,3.05,3.05,3.05,3.05,2.14%
11/29/2002,2.986,2.986,2.986,2.986,-4.63%
11/28/2002,3.131,3.131,3.131,3.131,-0.25%
11/27/2002,3.139,3.139,3.139,3.139,2.48%
11/26/2002,3.063,3.063,3.063,3.063,-0.55%
11/25/2002,3.08,3.08,3.08,3.08,1.28%
11/22/2002,3.041,3.041,3.041,3.041,0.56%
11/21/2002,3.024,3.024,3.024,3.024,0.60%
11/20/2002,3.006,3.006,3.006,3.006,1.83%
11/19/2002,2.952,2.952,2.952,2.952,-1.34%
11/18/2002,2.992,2.992,2.992,2.992,-2.48%
11/15/2002,3.068,3.068,3.068,3.068,1.49%
11/14/2002,3.023,3.023,3.023,3.023,0.93%
11/13/2002,2.995,2.995,2.995,2.995,-0.86%
11/12/2002,3.021,3.021,3.021,3.021,-0.36%
11/11/2002,3.032,3.032,3.032,3.032,-2.32%
11/8/2002,3.104,3.104,3.104,3.104,-2.21%
11/7/2002,3.174,3.174,3.174,3.174,1.05%
11/6/2002,3.141,3.141,3.141,3.141,0.71%
11/5/2002,3.119,3.119,3.119,3.119,0.68%
11/4/2002,3.098,3.098,3.098,3.098,0.75%
11/1/2002,3.075,3.075,3.075,3.075,-0.49%
10/31/2002,3.09,3.09,3.09,3.09,-0.96%
10/30/2002,3.12,3.12,3.12,3.12,-0.54%
10/29/2002,3.137,3.137,3.137,3.137,-1.07%
10/28/2002,3.171,3.171,3.171,3.171,-0.94%
10/25/2002,3.201,3.201,3.201,3.201,0.03%
10/24/2002,3.2,3.2,3.2,3.2,-0.62%
10/23/2002,3.22,3.22,3.22,3.22,-0.31%
10/22/2002,3.23,3.23,3.23,3.23,-0.55%
10/21/2002,3.248,3.248,3.248,3.248,-0.67%
10/18/2002,3.27,3.27,3.27,3.27,-0.34%
10/17/2002,3.281,3.281,3.281,3.281,-1.14%
10/16/2002,3.319,3.319,3.319,3.319,1.53%
10/15/2002,3.269,3.269,3.269,3.269,2.16%
10/14/2002,3.2,3.2,3.2,3.2,0.16%
10/11/2002,3.195,3.195,3.195,3.195,1.72%
10/10/2002,3.141,3.141,3.141,3.141,4.25%
10/9/2002,3.013,3.013,3.013,3.013,-0.72%
10/8/2002,3.035,3.035,3.035,3.035,0.70%
10/7/2002,3.014,3.014,3.014,3.014,0.00%
10/4/2002,3.014,3.014,3.014,3.014,-1.92%
10/3/2002,3.073,3.073,3.073,3.073,-1.88%
10/2/2002,3.132,3.132,3.132,3.132,1.36%
10/1/2002,3.09,3.09,3.09,3.09,1.01%
9/30/2002,3.059,3.059,3.059,3.059,-3.50%
9/27/2002,3.17,3.17,3.17,3.17,-0.28%
9/26/2002,3.179,3.179,3.179,3.179,0.54%
9/25/2002,3.162,3.162,3.162,3.162,2.23%
9/24/2002,3.093,3.093,3.093,3.093,-1.81%
9/23/2002,3.15,3.15,3.15,3.15,-1.50%
9/20/2002,3.198,3.198,3.198,3.198,-0.06%
9/19/2002,3.2,3.2,3.2,3.2,-0.03%
9/18/2002,3.201,3.201,3.201,3.201,-0.84%
9/17/2002,3.228,3.228,3.228,3.228,-0.22%
9/16/2002,3.235,3.235,3.235,3.235,-1.22%
9/13/2002,3.275,3.275,3.275,3.275,-1.00%
9/12/2002,3.308,3.308,3.308,3.308,-3.27%
9/11/2002,3.42,3.42,3.42,3.42,1.66%
9/10/2002,3.364,3.364,3.364,3.364,1.36%
9/9/2002,3.319,3.319,3.319,3.319,2.85%
9/6/2002,3.227,3.227,3.227,3.227,-0.03%
9/5/2002,3.228,3.228,3.228,3.228,-1.97%
9/4/2002,3.293,3.293,3.293,3.293,-1.14%
9/3/2002,3.331,3.331,3.331,3.331,-1.71%
9/2/2002,3.389,3.389,3.389,3.389,-2.02%
8/30/2002,3.459,3.459,3.459,3.459,-1.34%
8/29/2002,3.506,3.506,3.506,3.506,-0.85%
8/28/2002,3.536,3.536,3.536,3.536,-2.59%
8/27/2002,3.63,3.63,3.63,3.63,1.11%
8/26/2002,3.59,3.59,3.59,3.59,-0.03%
8/23/2002,3.591,3.591,3.591,3.591,-2.05%
8/22/2002,3.666,3.666,3.666,3.666,-0.16%
8/21/2002,3.672,3.672,3.672,3.672,4.02%
8/20/2002,3.53,3.53,3.53,3.53,-1.89%
8/19/2002,3.598,3.598,3.598,3.598,-0.25%
8/16/2002,3.607,3.607,3.607,3.607,0.78%
8/15/2002,3.579,3.579,3.579,3.579,4.07%
8/14/2002,3.439,3.439,3.439,3.439,0.73%
8/13/2002,3.414,3.414,3.414,3.414,-1.30%
8/12/2002,3.459,3.459,3.459,3.459,0.35%
8/9/2002,3.447,3.447,3.447,3.447,0.91%
8/8/2002,3.416,3.416,3.416,3.416,1.12%
8/7/2002,3.378,3.378,3.378,3.378,-2.48%
8/6/2002,3.464,3.464,3.464,3.464,3.62%
8/5/2002,3.343,3.343,3.343,3.343,-1.99%
8/2/2002,3.411,3.411,3.411,3.411,-3.62%
8/1/2002,3.539,3.539,3.539,3.539,-2.16%
7/31/2002,3.617,3.617,3.617,3.617,-1.39%
7/30/2002,3.668,3.668,3.668,3.668,-1.21%
7/29/2002,3.713,3.713,3.713,3.713,3.20%
7/26/2002,3.598,3.598,3.598,3.598,-1.48%
7/25/2002,3.652,3.652,3.652,3.652,-0.35%
7/24/2002,3.665,3.665,3.665,3.665,-2.66%
7/23/2002,3.765,3.765,3.765,3.765,0.86%
7/22/2002,3.733,3.733,3.733,3.733,-1.61%
7/19/2002,3.794,3.794,3.794,3.794,-1.20%
7/18/2002,3.84,3.84,3.84,3.84,-0.10%
7/17/2002,3.844,3.844,3.844,3.844,0.13%
7/16/2002,3.839,3.839,3.839,3.839,1.00%
7/15/2002,3.801,3.801,3.801,3.801,-0.86%
7/12/2002,3.834,3.834,3.834,3.834,-0.57%
7/11/2002,3.856,3.856,3.856,3.856,-1.81%
7/10/2002,3.927,3.927,3.927,3.927,-2.05%
7/9/2002,4.009,4.009,4.009,4.009,0.12%
7/8/2002,4.004,4.004,4.004,4.004,-0.52%
7/5/2002,4.025,4.025,4.025,4.025,0.93%
7/4/2002,3.988,3.988,3.988,3.988,1.73%
7/3/2002,3.92,3.92,3.92,3.92,0.18%
7/2/2002,3.913,3.913,3.913,3.913,-0.81%
7/1/2002,3.945,3.945,3.945,3.945,0.77%
6/28/2002,3.915,3.915,3.915,3.915,-0.96%
6/27/2002,3.953,3.953,3.953,3.953,0.46%
6/26/2002,3.935,3.935,3.935,3.935,-2.02%
6/25/2002,4.016,4.016,4.016,4.016,1.54%
6/24/2002,3.955,3.955,3.955,3.955,-1.25%
6/21/2002,4.005,4.005,4.005,4.005,-0.62%
6/20/2002,4.03,4.03,4.03,4.03,0.30%
6/19/2002,4.018,4.018,4.018,4.018,-0.17%
6/18/2002,4.025,4.025,4.025,4.025,-0.25%
6/17/2002,4.035,4.035,4.035,4.035,0.52%
6/14/2002,4.014,4.014,4.014,4.014,-1.35%
6/13/2002,4.069,4.069,4.069,4.069,-1.19%
6/12/2002,4.118,4.118,4.118,4.118,-0.75%
6/11/2002,4.149,4.149,4.149,4.149,-0.14%
6/10/2002,4.155,4.155,4.155,4.155,-0.31%
6/7/2002,4.168,4.168,4.168,4.168,0.29%
6/6/2002,4.156,4.156,4.156,4.156,-0.72%
6/5/2002,4.186,4.186,4.186,4.186,0.84%
6/4/2002,4.151,4.151,4.151,4.151,-1.98%
6/3/2002,4.235,4.235,4.235,4.235,-0.56%
5/31/2002,4.259,4.259,4.259,4.259,1.57%
5/30/2002,4.193,4.193,4.193,4.193,-0.99%
5/29/2002,4.235,4.235,4.235,4.235,-0.42%
5/28/2002,4.253,4.253,4.253,4.253,-0.28%
5/27/2002,4.265,4.265,4.265,4.265,0.99%
5/24/2002,4.223,4.223,4.223,4.223,0.98%
5/23/2002,4.182,4.182,4.182,4.182,-1.13%
5/22/2002,4.23,4.23,4.23,4.23,-0.28%
5/21/2002,4.242,4.242,4.242,4.242,-1.37%
5/20/2002,4.301,4.301,4.301,4.301,-1.19%
5/17/2002,4.353,4.353,4.353,4.353,0.67%
5/16/2002,4.324,4.324,4.324,4.324,-0.28%
5/15/2002,4.336,4.336,4.336,4.336,0.14%
5/14/2002,4.33,4.33,4.33,4.33,1.93%
5/13/2002,4.248,4.248,4.248,4.248,1.09%
5/10/2002,4.202,4.202,4.202,4.202,0.26%
5/9/2002,4.191,4.191,4.191,4.191,0.84%
5/8/2002,4.156,4.156,4.156,4.156,1.66%
5/7/2002,4.088,4.088,4.088,4.088,0.00%
5/6/2002,4.088,4.088,4.088,4.088,0.12%
5/3/2002,4.083,4.083,4.083,4.083,-1.80%
5/2/2002,4.158,4.158,4.158,4.158,2.11%
5/1/2002,4.072,4.072,4.072,4.072,0.00%
4/30/2002,4.072,4.072,4.072,4.072,-0.02%
4/29/2002,4.073,4.073,4.073,4.073,1.12%
4/26/2002,4.028,4.028,4.028,4.028,-0.02%
4/25/2002,4.029,4.029,4.029,4.029,-1.80%
4/24/2002,4.103,4.103,4.103,4.103,-0.97%
4/23/2002,4.143,4.143,4.143,4.143,0.68%
4/22/2002,4.115,4.115,4.115,4.115,-1.08%
4/19/2002,4.16,4.16,4.16,4.16,0.95%
4/18/2002,4.121,4.121,4.121,4.121,-0.96%
4/17/2002,4.161,4.161,4.161,4.161,-0.69%
4/16/2002,4.19,4.19,4.19,4.19,2.60%
4/15/2002,4.084,4.084,4.084,4.084,-1.35%
4/12/2002,4.14,4.14,4.14,4.14,-0.14%
4/11/2002,4.146,4.146,4.146,4.146,-0.53%
4/10/2002,4.168,4.168,4.168,4.168,0.24%
4/9/2002,4.158,4.158,4.158,4.158,-0.12%
4/8/2002,4.163,4.163,4.163,4.163,-0.41%
4/5/2002,4.18,4.18,4.18,4.18,-0.52%
4/4/2002,4.202,4.202,4.202,4.202,-1.18%
4/3/2002,4.252,4.252,4.252,4.252,-1.02%
4/2/2002,4.296,4.296,4.296,4.296,-1.01%
4/1/2002,4.34,4.34,4.34,4.34,0.00%
3/29/2002,4.34,4.34,4.34,4.34,0.00%
3/28/2002,4.34,4.34,4.34,4.34,1.00%
3/27/2002,4.297,4.297,4.297,4.297,0.00%
3/26/2002,4.297,4.297,4.297,4.297,-1.24%
3/25/2002,4.351,4.351,4.351,4.351,0.62%
3/22/2002,4.324,4.324,4.324,4.324,0.89%
3/21/2002,4.286,4.286,4.286,4.286,0.00%
3/20/2002,4.286,4.286,4.286,4.286,0.87%
3/19/2002,4.249,4.249,4.249,4.249,0.00%
3/18/2002,4.249,4.249,4.249,4.249,0.00%
3/15/2002,4.249,4.249,4.249,4.249,3.79%
3/13/2002,4.094,4.094,4.094,4.094,0.22%
3/12/2002,4.085,4.085,4.085,4.085,-0.44%
3/11/2002,4.103,4.103,4.103,4.103,-0.41%
3/8/2002,4.12,4.12,4.12,4.12,0.91%
3/7/2002,4.083,4.083,4.083,4.083,2.00%
3/6/2002,4.003,4.003,4.003,4.003,0.76%
3/5/2002,3.973,3.973,3.973,3.973,0.68%
3/4/2002,3.946,3.946,3.946,3.946,0.77%
3/1/2002,3.916,3.916,3.916,3.916,1.56%
2/28/2002,3.856,3.856,3.856,3.856,-0.90%
2/27/2002,3.891,3.891,3.891,3.891,0.96%
2/26/2002,3.854,3.854,3.854,3.854,0.31%
2/25/2002,3.842,3.842,3.842,3.842,0.79%
2/22/2002,3.812,3.812,3.812,3.812,-1.35%
2/21/2002,3.864,3.864,3.864,3.864,0.47%
2/20/2002,3.846,3.846,3.846,3.846,0.34%
2/19/2002,3.833,3.833,3.833,3.833,0.31%
2/18/2002,3.821,3.821,3.821,3.821,0.16%
2/15/2002,3.815,3.815,3.815,3.815,-1.62%
2/14/2002,3.878,3.878,3.878,3.878,-0.59%
2/13/2002,3.901,3.901,3.901,3.901,1.85%
2/12/2002,3.83,3.83,3.83,3.83,0.00%
2/11/2002,3.83,3.83,3.83,3.83,0.47%
2/8/2002,3.812,3.812,3.812,3.812,-0.88%
2/7/2002,3.846,3.846,3.846,3.846,3.25%
2/6/2002,3.725,3.725,3.725,3.725,-0.88%
2/5/2002,3.758,3.758,3.758,3.758,-0.45%
2/4/2002,3.775,3.775,3.775,3.775,-2.23%
2/1/2002,3.861,3.861,3.861,3.861,-0.44%
1/31/2002,3.878,3.878,3.878,3.878,0.18%
1/30/2002,3.871,3.871,3.871,3.871,-0.26%
1/29/2002,3.881,3.881,3.881,3.881,-1.60%
1/28/2002,3.944,3.944,3.944,3.944,0.61%
1/25/2002,3.92,3.92,3.92,3.92,1.48%
1/24/2002,3.863,3.863,3.863,3.863,3.04%
1/23/2002,3.749,3.749,3.749,3.749,1.38%
1/22/2002,3.698,3.698,3.698,3.698,1.40%
1/21/2002,3.647,3.647,3.647,3.647,-0.46%
1/18/2002,3.664,3.664,3.664,3.664,0.77%
1/17/2002,3.636,3.636,3.636,3.636,0.94%
1/16/2002,3.602,3.602,3.602,3.602,-1.23%
1/15/2002,3.647,3.647,3.647,3.647,1.39%
1/14/2002,3.597,3.597,3.597,3.597,-2.39%
1/11/2002,3.685,3.685,3.685,3.685,0.90%
1/10/2002,3.652,3.652,3.652,3.652,-1.03%
1/9/2002,3.69,3.69,3.69,3.69,2.93%
1/8/2002,3.585,3.585,3.585,3.585,-0.17%
1/7/2002,3.591,3.591,3.591,3.591,-0.31%
1/4/2002,3.602,3.602,3.602,3.602,0.17%
1/3/2002,3.596,3.596,3.596,3.596,-0.30%
1/2/2002,3.607,3.607,3.607,3.607,-1.04%
12/31/2001,3.645,3.645,3.645,3.645,0.44%
12/28/2001,3.629,3.629,3.629,3.629,0.30%
12/27/2001,3.618,3.618,3.618,3.618,1.54%
12/25/2001,3.563,3.563,3.563,3.563,0.00%
12/24/2001,3.563,3.563,3.563,3.563,0.14%
12/21/2001,3.558,3.558,3.558,3.558,1.08%
12/20/2001,3.52,3.52,3.52,3.52,0.60%
12/19/2001,3.499,3.499,3.499,3.499,-2.10%
12/18/2001,3.574,3.574,3.574,3.574,-0.94%
12/17/2001,3.608,3.608,3.608,3.608,0.98%
12/14/2001,3.573,3.573,3.573,3.573,1.36%
12/13/2001,3.525,3.525,3.525,3.525,1.21%
12/12/2001,3.483,3.483,3.483,3.483,-2.55%
12/11/2001,3.574,3.574,3.574,3.574,-1.97%
12/10/2001,3.646,3.646,3.646,3.646,-1.30%
12/7/2001,3.694,3.694,3.694,3.694,0.46%
12/6/2001,3.677,3.677,3.677,3.677,3.17%
12/5/2001,3.564,3.564,3.564,3.564,5.76%
12/4/2001,3.37,3.37,3.37,3.37,0.51%
12/3/2001,3.353,3.353,3.353,3.353,-0.71%
11/30/2001,3.377,3.377,3.377,3.377,-1.72%
11/29/2001,3.436,3.436,3.436,3.436,-1.52%
11/28/2001,3.489,3.489,3.489,3.489,-3.78%
11/27/2001,3.626,3.626,3.626,3.626,4.92%
11/26/2001,3.456,3.456,3.456,3.456,-1.34%
11/23/2001,3.503,3.503,3.503,3.503,-0.20%
11/22/2001,3.51,3.51,3.51,3.51,6.53%
11/21/2001,3.295,3.295,3.295,3.295,-0.06%
11/20/2001,3.297,3.297,3.297,3.297,-1.23%
11/19/2001,3.338,3.338,3.338,3.338,-0.71%
11/16/2001,3.362,3.362,3.362,3.362,1.17%
11/15/2001,3.323,3.323,3.323,3.323,4.50%
11/14/2001,3.18,3.18,3.18,3.18,5.37%
11/13/2001,3.018,3.018,3.018,3.018,0.50%
11/12/2001,3.003,3.003,3.003,3.003,-1.51%
11/9/2001,3.049,3.049,3.049,3.049,1.26%
11/8/2001,3.011,3.011,3.011,3.011,2.07%
11/7/2001,2.95,2.95,2.95,2.95,-2.35%
11/6/2001,3.021,3.021,3.021,3.021,-0.95%
11/5/2001,3.05,3.05,3.05,3.05,-1.10%
11/2/2001,3.084,3.084,3.084,3.084,0.69%
11/1/2001,3.063,3.063,3.063,3.063,-1.64%
10/31/2001,3.114,3.114,3.114,3.114,0.06%
10/30/2001,3.112,3.112,3.112,3.112,-2.63%
10/29/2001,3.196,3.196,3.196,3.196,-2.23%
10/26/2001,3.269,3.269,3.269,3.269,-0.03%
10/25/2001,3.27,3.27,3.27,3.27,-1.36%
10/24/2001,3.315,3.315,3.315,3.315,-1.04%
10/23/2001,3.35,3.35,3.35,3.35,0.81%
10/22/2001,3.323,3.323,3.323,3.323,-0.36%
10/19/2001,3.335,3.335,3.335,3.335,-1.16%
10/18/2001,3.374,3.374,3.374,3.374,-0.35%
10/17/2001,3.386,3.386,3.386,3.386,0.59%
10/16/2001,3.366,3.366,3.366,3.366,-0.65%
10/15/2001,3.388,3.388,3.388,3.388,-0.50%
10/12/2001,3.405,3.405,3.405,3.405,-0.03%
10/11/2001,3.406,3.406,3.406,3.406,0.00%
10/10/2001,3.406,3.406,3.406,3.406,1.55%
10/9/2001,3.354,3.354,3.354,3.354,1.79%
10/8/2001,3.295,3.295,3.295,3.295,-0.66%
10/5/2001,3.317,3.317,3.317,3.317,-0.18%
10/4/2001,3.323,3.323,3.323,3.323,-0.18%
10/3/2001,3.329,3.329,3.329,3.329,-2.12%
10/2/2001,3.401,3.401,3.401,3.401,-1.28%
10/1/2001,3.445,3.445,3.445,3.445,-0.78%
9/28/2001,3.472,3.472,3.472,3.472,1.08%
9/27/2001,3.435,3.435,3.435,3.435,-1.41%
9/26/2001,3.484,3.484,3.484,3.484,0.58%
9/25/2001,3.464,3.464,3.464,3.464,-1.09%
9/24/2001,3.502,3.502,3.502,3.502,0.78%
9/21/2001,3.475,3.475,3.475,3.475,-0.17%
9/20/2001,3.481,3.481,3.481,3.481,0.43%
9/19/2001,3.466,3.466,3.466,3.466,0.58%
9/18/2001,3.446,3.446,3.446,3.446,-0.92%
9/17/2001,3.478,3.478,3.478,3.478,-1.95%
9/14/2001,3.547,3.547,3.547,3.547,-4.03%
9/13/2001,3.696,3.696,3.696,3.696,-0.03%
9/12/2001,3.697,3.697,3.697,3.697,-3.65%
9/11/2001,3.837,3.837,3.837,3.837,-2.44%
9/10/2001,3.933,3.933,3.933,3.933,0.43%
9/7/2001,3.916,3.916,3.916,3.916,-1.66%
9/6/2001,3.982,3.982,3.982,3.982,-2.21%
9/5/2001,4.072,4.072,4.072,4.072,3.46%
9/4/2001,3.936,3.936,3.936,3.936,0.43%
9/3/2001,3.919,3.919,3.919,3.919,-0.46%
8/31/2001,3.937,3.937,3.937,3.937,0.43%
8/30/2001,3.92,3.92,3.92,3.92,-1.51%
8/29/2001,3.98,3.98,3.98,3.98,-0.33%
8/28/2001,3.993,3.993,3.993,3.993,-1.60%
8/27/2001,4.058,4.058,4.058,4.058,-0.15%
8/24/2001,4.064,4.064,4.064,4.064,1.45%
8/23/2001,4.006,4.006,4.006,4.006,0.12%
8/22/2001,4.001,4.001,4.001,4.001,0.70%
8/21/2001,3.973,3.973,3.973,3.973,0.58%
8/20/2001,3.95,3.95,3.95,3.95,-0.03%
8/17/2001,3.951,3.951,3.951,3.951,0.15%
8/16/2001,3.945,3.945,3.945,3.945,-1.62%
8/15/2001,4.01,4.01,4.01,4.01,-0.30%
8/14/2001,4.022,4.022,4.022,4.022,0.40%
8/13/2001,4.006,4.006,4.006,4.006,0.30%
8/10/2001,3.994,3.994,3.994,3.994,-0.75%
8/9/2001,4.024,4.024,4.024,4.024,-2.78%
8/8/2001,4.139,4.139,4.139,4.139,0.27%
8/7/2001,4.128,4.128,4.128,4.128,0.68%
8/6/2001,4.1,4.1,4.1,4.1,-0.15%
8/3/2001,4.106,4.106,4.106,4.106,-0.96%
8/2/2001,4.146,4.146,4.146,4.146,0.53%
8/1/2001,4.124,4.124,4.124,4.124,0.12%
7/31/2001,4.119,4.119,4.119,4.119,-0.70%
7/30/2001,4.148,4.148,4.148,4.148,0.29%
7/27/2001,4.136,4.136,4.136,4.136,-0.84%
7/26/2001,4.171,4.171,4.171,4.171,-0.52%
7/25/2001,4.193,4.193,4.193,4.193,0.53%
7/24/2001,4.171,4.171,4.171,4.171,-0.29%
7/23/2001,4.183,4.183,4.183,4.183,-0.55%
7/20/2001,4.206,4.206,4.206,4.206,-0.26%
7/19/2001,4.217,4.217,4.217,4.217,0.67%
7/18/2001,4.189,4.189,4.189,4.189,-1.60%
7/17/2001,4.257,4.257,4.257,4.257,0.40%
7/16/2001,4.24,4.24,4.24,4.24,-0.66%
7/13/2001,4.268,4.268,4.268,4.268,1.19%
7/12/2001,4.218,4.218,4.218,4.218,-0.40%
7/11/2001,4.235,4.235,4.235,4.235,-1.05%
7/10/2001,4.28,4.28,4.28,4.28,-1.13%
7/9/2001,4.329,4.329,4.329,4.329,0.77%
7/6/2001,4.296,4.296,4.296,4.296,-0.26%
7/5/2001,4.307,4.307,4.307,4.307,0.26%
7/4/2001,4.296,4.296,4.296,4.296,-0.28%
7/3/2001,4.308,4.308,4.308,4.308,1.82%
7/2/2001,4.231,4.231,4.231,4.231,-0.63%
6/29/2001,4.258,4.258,4.258,4.258,2.63%
6/28/2001,4.149,4.149,4.149,4.149,-0.26%
6/27/2001,4.16,4.16,4.16,4.16,0.63%
6/26/2001,4.134,4.134,4.134,4.134,-0.14%
6/25/2001,4.14,4.14,4.14,4.14,-0.38%
6/22/2001,4.156,4.156,4.156,4.156,-1.17%
6/21/2001,4.205,4.205,4.205,4.205,-0.52%
6/20/2001,4.227,4.227,4.227,4.227,-0.63%
6/19/2001,4.254,4.254,4.254,4.254,0.12%
6/18/2001,4.249,4.249,4.249,4.249,-0.75%
6/15/2001,4.281,4.281,4.281,4.281,-0.60%
6/14/2001,4.307,4.307,4.307,4.307,0.00%
6/13/2001,4.307,4.307,4.307,4.307,0.02%
6/12/2001,4.306,4.306,4.306,4.306,0.00%
6/11/2001,4.306,4.306,4.306,4.306,0.28%
6/8/2001,4.294,4.294,4.294,4.294,0.00%
6/7/2001,4.294,4.294,4.294,4.294,0.99%
6/6/2001,4.252,4.252,4.252,4.252,0.40%
6/5/2001,4.235,4.235,4.235,4.235,-1.10%
6/4/2001,4.282,4.282,4.282,4.282,-0.42%
6/1/2001,4.3,4.3,4.3,4.3,-1.65%
5/31/2001,4.372,4.372,4.372,4.372,1.53%
5/30/2001,4.306,4.306,4.306,4.306,0.00%
5/29/2001,4.306,4.306,4.306,4.306,0.40%
5/28/2001,4.289,4.289,4.289,4.289,-1.63%
5/25/2001,4.36,4.36,4.36,4.36,0.69%
5/24/2001,4.33,4.33,4.33,4.33,-0.69%
5/23/2001,4.36,4.36,4.36,4.36,-0.25%
5/22/2001,4.371,4.371,4.371,4.371,0.53%
5/21/2001,4.348,4.348,4.348,4.348,0.69%
5/18/2001,4.318,4.318,4.318,4.318,0.28%
5/17/2001,4.306,4.306,4.306,4.306,0.00%
5/16/2001,4.306,4.306,4.306,4.306,-0.42%
5/15/2001,4.324,4.324,4.324,4.324,0.42%
5/14/2001,4.306,4.306,4.306,4.306,1.63%
5/11/2001,4.237,4.237,4.237,4.237,0.83%
5/10/2001,4.202,4.202,4.202,4.202,-3.98%
5/9/2001,4.376,4.376,4.376,4.376,-1.93%
5/8/2001,4.462,4.462,4.462,4.462,0.00%
5/7/2001,4.462,4.462,4.462,4.462,-0.51%
5/4/2001,4.485,4.485,4.485,4.485,-1.28%
5/3/2001,4.543,4.543,4.543,4.543,-0.48%
5/2/2001,4.565,4.565,4.565,4.565,-1.38%
5/1/2001,4.629,4.629,4.629,4.629,2.71%
4/30/2001,4.507,4.507,4.507,4.507,2.62%
4/27/2001,4.392,4.392,4.392,4.392,0.39%
4/26/2001,4.375,4.375,4.375,4.375,-1.80%
4/25/2001,4.455,4.455,4.455,4.455,0.16%
4/24/2001,4.448,4.448,4.448,4.448,0.77%
4/23/2001,4.414,4.414,4.414,4.414,-0.63%
4/20/2001,4.442,4.442,4.442,4.442,1.81%
4/19/2001,4.363,4.363,4.363,4.363,1.04%
4/18/2001,4.318,4.318,4.318,4.318,-1.42%
4/17/2001,4.38,4.38,4.38,4.38,-1.26%
4/16/2001,4.436,4.436,4.436,4.436,-0.14%
4/13/2001,4.442,4.442,4.442,4.442,1.55%
4/12/2001,4.374,4.374,4.374,4.374,1.04%
4/11/2001,4.329,4.329,4.329,4.329,5.56%
4/10/2001,4.101,4.101,4.101,4.101,0.07%
4/9/2001,4.098,4.098,4.098,4.098,0.00%
4/6/2001,4.098,4.098,4.098,4.098,-1.59%
4/5/2001,4.164,4.164,4.164,4.164,1.07%
4/4/2001,4.12,4.12,4.12,4.12,-0.02%
4/3/2001,4.121,4.121,4.121,4.121,-0.02%
4/2/2001,4.122,4.122,4.122,4.122,0.54%
3/30/2001,4.1,4.1,4.1,4.1,-0.27%
3/29/2001,4.111,4.111,4.111,4.111,-0.41%
3/28/2001,4.128,4.128,4.128,4.128,0.90%
3/27/2001,4.091,4.091,4.091,4.091,0.39%
3/26/2001,4.075,4.075,4.075,4.075,0.00%
3/23/2001,4.075,4.075,4.075,4.075,0.79%
3/22/2001,4.043,4.043,4.043,4.043,-2.74%
3/21/2001,4.157,4.157,4.157,4.157,-2.17%
3/20/2001,4.249,4.249,4.249,4.249,0.64%
3/19/2001,4.222,4.222,4.222,4.222,0.76%
3/16/2001,4.19,4.19,4.19,4.19,-2.94%
3/15/2001,4.317,4.317,4.317,4.317,-0.14%
3/14/2001,4.323,4.323,4.323,4.323,-1.71%
3/13/2001,4.398,4.398,4.398,4.398,0.41%
3/12/2001,4.38,4.38,4.38,4.38,0.11%
3/9/2001,4.375,4.375,4.375,4.375,0.11%
3/8/2001,4.37,4.37,4.37,4.37,0.83%
3/7/2001,4.334,4.334,4.334,4.334,-1.14%
3/6/2001,4.384,4.384,4.384,4.384,0.11%
3/5/2001,4.379,4.379,4.379,4.379,0.11%
3/2/2001,4.374,4.374,4.374,4.374,0.00%
3/1/2001,4.374,4.374,4.374,4.374,0.39%
2/28/2001,4.357,4.357,4.357,4.357,0.09%
2/27/2001,4.353,4.353,4.353,4.353,-2.14%
2/26/2001,4.448,4.448,4.448,4.448,0.11%
2/23/2001,4.443,4.443,4.443,4.443,-1.44%
2/22/2001,4.508,4.508,4.508,4.508,0.51%
2/21/2001,4.485,4.485,4.485,4.485,-0.04%
2/20/2001,4.487,4.487,4.487,4.487,0.38%
2/19/2001,4.47,4.47,4.47,4.47,0.00%
2/16/2001,4.47,4.47,4.47,4.47,1.18%
2/15/2001,4.418,4.418,4.418,4.418,-0.02%
2/14/2001,4.419,4.419,4.419,4.419,0.75%
2/13/2001,4.386,4.386,4.386,4.386,-0.52%
2/12/2001,4.409,4.409,4.409,4.409,0.25%
2/9/2001,4.398,4.398,4.398,4.398,-1.19%
2/8/2001,4.451,4.451,4.451,4.451,1.30%
2/7/2001,4.394,4.394,4.394,4.394,-0.68%
2/6/2001,4.424,4.424,4.424,4.424,0.75%
2/5/2001,4.391,4.391,4.391,4.391,-0.27%
2/2/2001,4.403,4.403,4.403,4.403,0.92%
2/1/2001,4.363,4.363,4.363,4.363,-0.16%
1/31/2001,4.37,4.37,4.37,4.37,-0.82%
1/30/2001,4.406,4.406,4.406,4.406,-1.78%
1/29/2001,4.486,4.486,4.486,4.486,0.00%
1/26/2001,4.486,4.486,4.486,4.486,-0.53%
1/25/2001,4.51,4.51,4.51,4.51,0.89%
1/24/2001,4.47,4.47,4.47,4.47,2.26%
1/23/2001,4.371,4.371,4.371,4.371,-0.77%
1/22/2001,4.405,4.405,4.405,4.405,0.64%
1/19/2001,4.377,4.377,4.377,4.377,-0.41%
1/18/2001,4.395,4.395,4.395,4.395,-0.90%
1/17/2001,4.435,4.435,4.435,4.435,-0.02%
1/16/2001,4.436,4.436,4.436,4.436,-0.27%
1/15/2001,4.448,4.448,4.448,4.448,1.00%
1/12/2001,4.404,4.404,4.404,4.404,1.13%
1/11/2001,4.355,4.355,4.355,4.355,0.11%
1/10/2001,4.35,4.35,4.35,4.35,2.43%
1/9/2001,4.247,4.247,4.247,4.247,0.88%
1/8/2001,4.21,4.21,4.21,4.21,0.24%
1/5/2001,4.2,4.2,4.2,4.2,-1.69%
1/4/2001,4.272,4.272,4.272,4.272,-1.27%
1/3/2001,4.327,4.327,4.327,4.327,0.32%
1/2/2001,4.313,4.313,4.313,4.313,-3.19%
1/1/2001,4.455,4.455,4.455,4.455,1.37%
12/29/2000,4.395,4.395,4.395,4.395,-2.33%
12/28/2000,4.5,4.5,4.5,4.5,0.25%
12/27/2000,4.489,4.489,4.489,4.489,-0.62%
12/26/2000,4.517,4.517,4.517,4.517,-0.35%
12/25/2000,4.533,4.533,4.533,4.533,0.33%
12/22/2000,4.518,4.518,4.518,4.518,0.47%
12/21/2000,4.497,4.497,4.497,4.497,-0.86%
12/20/2000,4.536,4.536,4.536,4.536,-1.67%
12/19/2000,4.613,4.613,4.613,4.613,0.81%
12/18/2000,4.576,4.576,4.576,4.576,-0.82%
12/15/2000,4.614,4.614,4.614,4.614,-1.39%
12/14/2000,4.679,4.679,4.679,4.679,-0.40%
12/13/2000,4.698,4.698,4.698,4.698,-1.45%
12/12/2000,4.767,4.767,4.767,4.767,0.00%
12/11/2000,4.767,4.767,4.767,4.767,0.76%
12/8/2000,4.731,4.731,4.731,4.731,0.75%
12/7/2000,4.696,4.696,4.696,4.696,1.29%
12/6/2000,4.636,4.636,4.636,4.636,-2.56%
12/5/2000,4.758,4.758,4.758,4.758,0.00%
12/4/2000,4.758,4.758,4.758,4.758,-1.39%
12/1/2000,4.825,4.825,4.825,4.825,0.50%
11/30/2000,4.801,4.801,4.801,4.801,-1.72%
11/29/2000,4.885,4.885,4.885,4.885,-1.11%
11/28/2000,4.94,4.94,4.94,4.94,-0.36%
11/27/2000,4.958,4.958,4.958,4.958,-0.60%
11/24/2000,4.988,4.988,4.988,4.988,0.24%
11/23/2000,4.976,4.976,4.976,4.976,0.24%
11/22/2000,4.964,4.964,4.964,4.964,-0.50%
11/21/2000,4.989,4.989,4.989,4.989,0.36%
11/20/2000,4.971,4.971,4.971,4.971,0.12%
11/17/2000,4.965,4.965,4.965,4.965,0.22%
11/16/2000,4.954,4.954,4.954,4.954,-0.34%
11/15/2000,4.971,4.971,4.971,4.971,-0.14%
11/14/2000,4.978,4.978,4.978,4.978,0.59%
11/13/2000,4.949,4.949,4.949,4.949,-0.94%
11/10/2000,4.996,4.996,4.996,4.996,-0.70%
11/9/2000,5.031,5.031,5.031,5.031,-0.57%
11/8/2000,5.06,5.06,5.06,5.06,0.46%
11/7/2000,5.037,5.037,5.037,5.037,-0.12%
11/6/2000,5.043,5.043,5.043,5.043,0.12%
11/3/2000,5.037,5.037,5.037,5.037,0.00%
11/2/2000,5.037,5.037,5.037,5.037,0.46%
11/1/2000,5.014,5.014,5.014,5.014,-0.69%
10/31/2000,5.049,5.049,5.049,5.049,0.00%
10/30/2000,5.049,5.049,5.049,5.049,0.10%
10/27/2000,5.044,5.044,5.044,5.044,-0.34%
10/26/2000,5.061,5.061,5.061,5.061,-0.12%
10/25/2000,5.067,5.067,5.067,5.067,0.00%
10/24/2000,5.067,5.067,5.067,5.067,-0.12%
10/23/2000,5.073,5.073,5.073,5.073,0.79%
10/20/2000,5.033,5.033,5.033,5.033,0.22%
10/19/2000,5.022,5.022,5.022,5.022,0.92%
10/18/2000,4.976,4.976,4.976,4.976,-0.12%
10/17/2000,4.982,4.982,4.982,4.982,-0.02%
10/16/2000,4.983,4.983,4.983,4.983,0.57%
10/13/2000,4.955,4.955,4.955,4.955,0.79%
10/12/2000,4.916,4.916,4.916,4.916,-1.25%
10/11/2000,4.978,4.978,4.978,4.978,-0.78%
10/10/2000,5.017,5.017,5.017,5.017,-0.12%
10/9/2000,5.023,5.023,5.023,5.023,-0.67%
10/6/2000,5.057,5.057,5.057,5.057,-0.22%
10/5/2000,5.068,5.068,5.068,5.068,1.12%
10/4/2000,5.012,5.012,5.012,5.012,0.44%
10/3/2000,4.99,4.99,4.99,4.99,-0.12%
10/2/2000,4.996,4.996,4.996,4.996,-0.77%
9/29/2000,5.035,5.035,5.035,5.035,-0.55%
9/28/2000,5.063,5.063,5.063,5.063,0.38%
9/27/2000,5.044,5.044,5.044,5.044,-0.38%
9/26/2000,5.063,5.063,5.063,5.063,-0.55%
9/25/2000,5.091,5.091,5.091,5.091,2.09%
9/22/2000,4.987,4.987,4.987,4.987,-1.05%
9/21/2000,5.04,5.04,5.04,5.04,-0.14%
9/20/2000,5.047,5.047,5.047,5.047,0.20%
9/19/2000,5.037,5.037,5.037,5.037,-0.96%
9/18/2000,5.086,5.086,5.086,5.086,0.22%
9/15/2000,5.075,5.075,5.075,5.075,-0.41%
9/14/2000,5.096,5.096,5.096,5.096,-0.49%
9/13/2000,5.121,5.121,5.121,5.121,-0.95%
9/12/2000,5.17,5.17,5.17,5.17,-0.12%
9/11/2000,5.176,5.176,5.176,5.176,-0.23%
9/8/2000,5.188,5.188,5.188,5.188,0.14%
9/7/2000,5.181,5.181,5.181,5.181,-0.59%
9/6/2000,5.212,5.212,5.212,5.212,4.39%
9/5/2000,4.993,4.993,4.993,4.993,-1.71%
9/4/2000,5.08,5.08,5.08,5.08,0.04%
9/1/2000,5.078,5.078,5.078,5.078,-2.31%
8/31/2000,5.198,5.198,5.198,5.198,-0.57%
8/30/2000,5.228,5.228,5.228,5.228,-0.02%
8/29/2000,5.229,5.229,5.229,5.229,-0.06%
8/28/2000,5.232,5.232,5.232,5.232,0.04%
8/25/2000,5.23,5.23,5.23,5.23,0.58%
8/24/2000,5.2,5.2,5.2,5.2,-0.29%
8/23/2000,5.215,5.215,5.215,5.215,-0.67%
8/22/2000,5.25,5.25,5.25,5.25,-0.79%
8/21/2000,5.292,5.292,5.292,5.292,1.32%
8/18/2000,5.223,5.223,5.223,5.223,0.06%
8/17/2000,5.22,5.22,5.22,5.22,0.06%
8/16/2000,5.217,5.217,5.217,5.217,1.10%
8/15/2000,5.16,5.16,5.16,5.16,0.23%
8/14/2000,5.148,5.148,5.148,5.148,1.16%
8/11/2000,5.089,5.089,5.089,5.089,1.03%
8/10/2000,5.037,5.037,5.037,5.037,-0.51%
8/9/2000,5.063,5.063,5.063,5.063,0.64%
8/8/2000,5.031,5.031,5.031,5.031,0.58%
8/7/2000,5.002,5.002,5.002,5.002,-0.81%
8/4/2000,5.043,5.043,5.043,5.043,-0.30%
8/3/2000,5.058,5.058,5.058,5.058,0.06%
8/2/2000,5.055,5.055,5.055,5.055,0.46%
8/1/2000,5.032,5.032,5.032,5.032,-1.14%
7/31/2000,5.09,5.09,5.09,5.09,0.00%
7/28/2000,5.09,5.09,5.09,5.09,-0.10%
7/27/2000,5.095,5.095,5.095,5.095,0.45%
7/26/2000,5.072,5.072,5.072,5.072,-0.24%
7/25/2000,5.084,5.084,5.084,5.084,-0.57%
7/24/2000,5.113,5.113,5.113,5.113,0.91%
7/21/2000,5.067,5.067,5.067,5.067,-0.45%
7/20/2000,5.09,5.09,5.09,5.09,-0.88%
7/19/2000,5.135,5.135,5.135,5.135,0.61%
7/18/2000,5.104,5.104,5.104,5.104,-0.72%
7/17/2000,5.141,5.141,5.141,5.141,1.34%
7/14/2000,5.073,5.073,5.073,5.073,0.00%
7/13/2000,5.073,5.073,5.073,5.073,0.67%
7/12/2000,5.039,5.039,5.039,5.039,0.66%
7/11/2000,5.006,5.006,5.006,5.006,0.00%
7/10/2000,5.006,5.006,5.006,5.006,0.56%
7/7/2000,4.978,4.978,4.978,4.978,-0.12%
7/6/2000,4.984,4.984,4.984,4.984,1.24%
7/5/2000,4.923,4.923,4.923,4.923,-1.58%
7/4/2000,5.002,5.002,5.002,5.002,0.34%
7/3/2000,4.985,4.985,4.985,4.985,1.12%
6/30/2000,4.93,4.93,4.93,4.93,0.20%
6/29/2000,4.92,4.92,4.92,4.92,-1.28%
6/28/2000,4.984,4.984,4.984,4.984,0.40%
6/27/2000,4.964,4.964,4.964,4.964,0.20%
6/26/2000,4.954,4.954,4.954,4.954,-0.44%
6/23/2000,4.976,4.976,4.976,4.976,0.20%
6/22/2000,4.966,4.966,4.966,4.966,0.77%
6/21/2000,4.928,4.928,4.928,4.928,1.84%
6/20/2000,4.839,4.839,4.839,4.839,1.30%
6/19/2000,4.777,4.777,4.777,4.777,0.00%
6/16/2000,4.777,4.777,4.777,4.777,-0.75%
6/15/2000,4.813,4.813,4.813,4.813,-1.13%
6/14/2000,4.868,4.868,4.868,4.868,2.08%
6/13/2000,4.769,4.769,4.769,4.769,-3.81%
6/12/2000,4.958,4.958,4.958,4.958,0.14%
6/9/2000,4.951,4.951,4.951,4.951,-0.36%
6/8/2000,4.969,4.969,4.969,4.969,7.09%
6/7/2000,4.64,4.64,4.64,4.64,-2.15%
6/6/2000,4.742,4.742,4.742,4.742,0.25%
6/5/2000,4.73,4.73,4.73,4.73,-0.50%
6/2/2000,4.754,4.754,4.754,4.754,-2.46%
6/1/2000,4.874,4.874,4.874,4.874,-0.37%
5/31/2000,4.892,4.892,4.892,4.892,1.66%
5/30/2000,4.812,4.812,4.812,4.812,-0.12%
5/29/2000,4.818,4.818,4.818,4.818,0.88%
5/26/2000,4.776,4.776,4.776,4.776,-0.97%
5/25/2000,4.823,4.823,4.823,4.823,-0.50%
5/24/2000,4.847,4.847,4.847,4.847,-1.78%
5/23/2000,4.935,4.935,4.935,4.935,-0.70%
5/22/2000,4.97,4.97,4.97,4.97,-0.64%
5/19/2000,5.002,5.002,5.002,5.002,-0.06%
5/18/2000,5.005,5.005,5.005,5.005,1.05%
5/17/2000,4.953,4.953,4.953,4.953,2.40%
5/16/2000,4.837,4.837,4.837,4.837,0.37%
5/15/2000,4.819,4.819,4.819,4.819,-0.90%
5/12/2000,4.863,4.863,4.863,4.863,2.29%
5/11/2000,4.754,4.754,4.754,4.754,0.38%
5/10/2000,4.736,4.736,4.736,4.736,-0.36%
5/9/2000,4.753,4.753,4.753,4.753,-0.73%
5/8/2000,4.788,4.788,4.788,4.788,0.38%
5/5/2000,4.77,4.77,4.77,4.77,-0.60%
5/4/2000,4.799,4.799,4.799,4.799,2.04%
5/3/2000,4.703,4.703,4.703,4.703,1.71%
5/2/2000,4.624,4.624,4.624,4.624,0.48%
5/1/2000,4.602,4.602,4.602,4.602,0.50%
4/28/2000,4.579,4.579,4.579,4.579,1.04%
4/27/2000,4.532,4.532,4.532,4.532,0.09%
4/26/2000,4.528,4.528,4.528,4.528,0.18%
4/25/2000,4.52,4.52,4.52,4.52,-1.42%
4/24/2000,4.585,4.585,4.585,4.585,1.64%
4/21/2000,4.511,4.511,4.511,4.511,1.21%
4/20/2000,4.457,4.457,4.457,4.457,0.56%
4/19/2000,4.432,4.432,4.432,4.432,0.68%
4/18/2000,4.402,4.402,4.402,4.402,0.43%
4/17/2000,4.383,4.383,4.383,4.383,-0.77%
4/14/2000,4.417,4.417,4.417,4.417,0.11%
4/13/2000,4.412,4.412,4.412,4.412,0.14%
4/12/2000,4.406,4.406,4.406,4.406,1.31%
4/11/2000,4.349,4.349,4.349,4.349,0.02%
4/10/2000,4.348,4.348,4.348,4.348,0.02%
4/7/2000,4.347,4.347,4.347,4.347,0.12%
4/6/2000,4.342,4.342,4.342,4.342,1.54%
4/5/2000,4.276,4.276,4.276,4.276,-2.15%
4/4/2000,4.37,4.37,4.37,4.37,-0.52%
4/3/2000,4.393,4.393,4.393,4.393,-0.61%
3/31/2000,4.42,4.42,4.42,4.42,-0.50%
3/30/2000,4.442,4.442,4.442,4.442,-1.11%
3/29/2000,4.492,4.492,4.492,4.492,0.36%
3/28/2000,4.476,4.476,4.476,4.476,-0.49%
3/27/2000,4.498,4.498,4.498,4.498,0.74%
3/24/2000,4.465,4.465,4.465,4.465,1.34%
3/23/2000,4.406,4.406,4.406,4.406,-0.23%
3/22/2000,4.416,4.416,4.416,4.416,0.18%
3/21/2000,4.408,4.408,4.408,4.408,-0.11%
3/20/2000,4.413,4.413,4.413,4.413,0.00%
3/17/2000,4.413,4.413,4.413,4.413,-0.11%
3/16/2000,4.418,4.418,4.418,4.418,-1.91%
3/15/2000,4.504,4.504,4.504,4.504,0.33%
3/14/2000,4.489,4.489,4.489,4.489,0.00%
3/13/2000,4.489,4.489,4.489,4.489,0.16%
3/10/2000,4.482,4.482,4.482,4.482,1.11%
3/9/2000,4.433,4.433,4.433,4.433,-1.07%
3/8/2000,4.481,4.481,4.481,4.481,0.04%
3/7/2000,4.479,4.479,4.479,4.479,0.29%
3/6/2000,4.466,4.466,4.466,4.466,0.16%
3/3/2000,4.459,4.459,4.459,4.459,0.00%
3/2/2000,4.459,4.459,4.459,4.459,0.70%
3/1/2000,4.428,4.428,4.428,4.428,-0.23%
2/29/2000,4.438,4.438,4.438,4.438,0.41%
2/28/2000,4.42,4.42,4.42,4.42,0.16%
2/25/2000,4.413,4.413,4.413,4.413,0.96%
2/24/2000,4.371,4.371,4.371,4.371,-1.60%
2/23/2000,4.442,4.442,4.442,4.442,0.18%
2/22/2000,4.434,4.434,4.434,4.434,-1.71%
2/21/2000,4.511,4.511,4.511,4.511,-0.11%
2/18/2000,4.516,4.516,4.516,4.516,0.67%
2/17/2000,4.486,4.486,4.486,4.486,1.22%
2/16/2000,4.432,4.432,4.432,4.432,0.43%
2/15/2000,4.413,4.413,4.413,4.413,0.14%
2/14/2000,4.407,4.407,4.407,4.407,-1.03%
2/11/2000,4.453,4.453,4.453,4.453,0.27%
2/10/2000,4.441,4.441,4.441,4.441,0.16%
2/9/2000,4.434,4.434,4.434,4.434,1.23%
2/8/2000,4.38,4.38,4.38,4.38,-0.79%
2/7/2000,4.415,4.415,4.415,4.415,0.41%
2/4/2000,4.397,4.397,4.397,4.397,2.02%
2/3/2000,4.31,4.31,4.31,4.31,-0.65%
2/2/2000,4.338,4.338,4.338,4.338,0.56%
2/1/2000,4.314,4.314,4.314,4.314,-1.57%
1/31/2000,4.383,4.383,4.383,4.383,0.16%
1/28/2000,4.376,4.376,4.376,4.376,-0.52%
1/27/2000,4.399,4.399,4.399,4.399,1.99%
1/26/2000,4.313,4.313,4.313,4.313,1.36%
1/25/2000,4.255,4.255,4.255,4.255,-0.65%
1/24/2000,4.283,4.283,4.283,4.283,-0.51%
1/21/2000,4.305,4.305,4.305,4.305,1.20%
1/20/2000,4.254,4.254,4.254,4.254,-0.54%
1/19/2000,4.277,4.277,4.277,4.277,-0.63%
1/18/2000,4.304,4.304,4.304,4.304,0.28%
1/17/2000,4.292,4.292,4.292,4.292,-0.14%
1/14/2000,4.298,4.298,4.298,4.298,0.54%
1/13/2000,4.275,4.275,4.275,4.275,-0.77%
1/12/2000,4.308,4.308,4.308,4.308,-0.23%
1/11/2000,4.318,4.318,4.318,4.318,2.10%
1/10/2000,4.229,4.229,4.229,4.229,-0.40%
1/7/2000,4.246,4.246,4.246,4.246,-2.28%
1/6/2000,4.345,4.345,4.345,4.345,0.51%
1/5/2000,4.323,4.323,4.323,4.323,-0.09%
1/4/2000,4.327,4.327,4.327,4.327,-0.12%
1/3/2000,4.332,4.332,4.332,4.332,3.41%
12/31/1999,4.189,4.189,4.189,4.189,-0.66%
12/30/1999,4.217,4.217,4.217,4.217,0.93%
12/29/1999,4.178,4.178,4.178,4.178,-0.26%
12/28/1999,4.189,4.189,4.189,4.189,1.33%
12/27/1999,4.134,4.134,4.134,4.134,-1.43%
12/24/1999,4.194,4.194,4.194,4.194,0.94%
12/23/1999,4.155,4.155,4.155,4.155,-0.14%
12/22/1999,4.161,4.161,4.161,4.161,0.41%
12/21/1999,4.144,4.144,4.144,4.144,-0.65%
12/20/1999,4.171,4.171,4.171,4.171,1.21%
12/17/1999,4.121,4.121,4.121,4.121,-1.29%
12/16/1999,4.175,4.175,4.175,4.175,4.64%
12/15/1999,3.99,3.99,3.99,3.99,-0.27%
12/14/1999,4.001,4.001,4.001,4.001,1.27%
12/13/1999,3.951,3.951,3.951,3.951,0.64%
12/10/1999,3.926,3.926,3.926,3.926,-0.76%
12/9/1999,3.956,3.956,3.956,3.956,-0.60%
12/8/1999,3.98,3.98,3.98,3.98,0.96%
12/7/1999,3.942,3.942,3.942,3.942,0.03%
12/6/1999,3.941,3.941,3.941,3.941,-2.21%
12/3/1999,4.03,4.03,4.03,4.03,-1.03%
12/2/1999,4.072,4.072,4.072,4.072,1.83%
12/1/1999,3.999,3.999,3.999,3.999,1.27%
11/30/1999,3.949,3.949,3.949,3.949,-2.35%
11/29/1999,4.044,4.044,4.044,4.044,0.32%
11/26/1999,4.031,4.031,4.031,4.031,0.60%
11/25/1999,4.007,4.007,4.007,4.007,-0.12%
11/24/1999,4.012,4.012,4.012,4.012,1.70%
11/23/1999,3.945,3.945,3.945,3.945,-0.28%
11/22/1999,3.956,3.956,3.956,3.956,0.46%
11/19/1999,3.938,3.938,3.938,3.938,-0.13%
11/18/1999,3.943,3.943,3.943,3.943,2.44%
11/17/1999,3.849,3.849,3.849,3.849,3.77%
11/16/1999,3.709,3.709,3.709,3.709,-1.36%
11/15/1999,3.76,3.76,3.76,3.76,0.62%
11/12/1999,3.737,3.737,3.737,3.737,-2.12%
11/11/1999,3.818,3.818,3.818,3.818,-0.57%
11/10/1999,3.84,3.84,3.84,3.84,1.08%
11/9/1999,3.799,3.799,3.799,3.799,1.55%
11/8/1999,3.741,3.741,3.741,3.741,-1.50%
11/5/1999,3.798,3.798,3.798,3.798,-1.63%
11/4/1999,3.861,3.861,3.861,3.861,-0.87%
11/3/1999,3.895,3.895,3.895,3.895,-0.26%
11/2/1999,3.905,3.905,3.905,3.905,-0.28%
11/1/1999,3.916,3.916,3.916,3.916,1.06%
10/29/1999,3.875,3.875,3.875,3.875,-1.87%
10/28/1999,3.949,3.949,3.949,3.949,-1.67%
10/27/1999,4.016,4.016,4.016,4.016,-1.91%
10/26/1999,4.094,4.094,4.094,4.094,-0.39%
10/25/1999,4.11,4.11,4.11,4.11,1.99%
10/22/1999,4.03,4.03,4.03,4.03,-0.96%
10/21/1999,4.069,4.069,4.069,4.069,-1.36%
10/20/1999,4.125,4.125,4.125,4.125,0.34%
10/19/1999,4.111,4.111,4.111,4.111,2.39%
10/18/1999,4.015,4.015,4.015,4.015,-0.82%
10/15/1999,4.048,4.048,4.048,4.048,-2.41%
10/14/1999,4.148,4.148,4.148,4.148,2.37%
10/13/1999,4.052,4.052,4.052,4.052,0.87%
10/12/1999,4.017,4.017,4.017,4.017,2.14%
10/11/1999,3.933,3.933,3.933,3.933,0.15%
10/8/1999,3.927,3.927,3.927,3.927,1.45%
10/7/1999,3.871,3.871,3.871,3.871,0.00%
10/6/1999,3.871,3.871,3.871,3.871,0.34%
10/5/1999,3.858,3.858,3.858,3.858,-1.25%
10/4/1999,3.907,3.907,3.907,3.907,0.85%
10/1/1999,3.874,3.874,3.874,3.874,5.82%
9/30/1999,3.661,3.661,3.661,3.661,-0.14%
9/29/1999,3.666,3.666,3.666,3.666,1.95%
9/28/1999,3.596,3.596,3.596,3.596,-1.02%
9/27/1999,3.633,3.633,3.633,3.633,3.68%
9/24/1999,3.504,3.504,3.504,3.504,-1.96%
9/23/1999,3.574,3.574,3.574,3.574,-1.19%
9/22/1999,3.617,3.617,3.617,3.617,-0.58%
9/21/1999,3.638,3.638,3.638,3.638,2.94%
9/20/1999,3.534,3.534,3.534,3.534,0.54%
9/17/1999,3.515,3.515,3.515,3.515,0.03%
9/16/1999,3.514,3.514,3.514,3.514,-3.99%
9/15/1999,3.66,3.66,3.66,3.66,1.61%
9/14/1999,3.602,3.602,3.602,3.602,-0.47%
9/13/1999,3.619,3.619,3.619,3.619,1.71%
9/10/1999,3.558,3.558,3.558,3.558,-0.64%
9/9/1999,3.581,3.581,3.581,3.581,2.61%
9/8/1999,3.49,3.49,3.49,3.49,-0.46%
9/7/1999,3.506,3.506,3.506,3.506,3.00%
9/6/1999,3.404,3.404,3.404,3.404,0.18%
9/3/1999,3.398,3.398,3.398,3.398,-4.66%
9/2/1999,3.564,3.564,3.564,3.564,2.77%
9/1/1999,3.468,3.468,3.468,3.468,-0.77%
8/31/1999,3.495,3.495,3.495,3.495,0.17%
8/30/1999,3.489,3.489,3.489,3.489,1.39%
8/27/1999,3.441,3.441,3.441,3.441,0.88%
8/26/1999,3.411,3.411,3.411,3.411,2.68%
8/25/1999,3.322,3.322,3.322,3.322,-2.21%
8/24/1999,3.397,3.397,3.397,3.397,1.95%
8/23/1999,3.332,3.332,3.332,3.332,1.62%
8/20/1999,3.279,3.279,3.279,3.279,-1.74%
8/19/1999,3.337,3.337,3.337,3.337,-0.33%
8/18/1999,3.348,3.348,3.348,3.348,-2.16%
8/17/1999,3.422,3.422,3.422,3.422,-0.81%
8/16/1999,3.45,3.45,3.45,3.45,1.02%
8/13/1999,3.415,3.415,3.415,3.415,0.68%
8/12/1999,3.392,3.392,3.392,3.392,-2.61%
8/11/1999,3.483,3.483,3.483,3.483,-1.42%
8/10/1999,3.533,3.533,3.533,3.533,-0.62%
8/9/1999,3.555,3.555,3.555,3.555,0.17%
8/6/1999,3.549,3.549,3.549,3.549,1.52%
8/5/1999,3.496,3.496,3.496,3.496,0.49%
8/4/1999,3.479,3.479,3.479,3.479,-0.43%
8/3/1999,3.494,3.494,3.494,3.494,0.52%
8/2/1999,3.476,3.476,3.476,3.476,2.36%
7/30/1999,3.396,3.396,3.396,3.396,2.72%
7/29/1999,3.306,3.306,3.306,3.306,2.45%
7/28/1999,3.227,3.227,3.227,3.227,0.37%
7/27/1999,3.215,3.215,3.215,3.215,-0.16%
7/26/1999,3.22,3.22,3.22,3.22,-1.01%
7/23/1999,3.253,3.253,3.253,3.253,0.34%
7/22/1999,3.242,3.242,3.242,3.242,2.66%
7/21/1999,3.158,3.158,3.158,3.158,-2.56%
7/20/1999,3.241,3.241,3.241,3.241,-1.67%
7/19/1999,3.296,3.296,3.296,3.296,-0.15%
7/16/1999,3.301,3.301,3.301,3.301,0.03%
7/15/1999,3.3,3.3,3.3,3.3,6.18%
7/14/1999,3.108,3.108,3.108,3.108,-1.52%
7/13/1999,3.156,3.156,3.156,3.156,-0.54%
7/12/1999,3.173,3.173,3.173,3.173,-2.19%
7/9/1999,3.244,3.244,3.244,3.244,1.03%
7/8/1999,3.211,3.211,3.211,3.211,-0.31%
7/7/1999,3.221,3.221,3.221,3.221,1.74%
7/6/1999,3.166,3.166,3.166,3.166,1.21%
7/5/1999,3.128,3.128,3.128,3.128,0.35%
7/2/1999,3.117,3.117,3.117,3.117,-1.20%
7/1/1999,3.155,3.155,3.155,3.155,-0.35%
6/30/1999,3.166,3.166,3.166,3.166,-0.13%
6/29/1999,3.17,3.17,3.17,3.17,-1.18%
6/28/1999,3.208,3.208,3.208,3.208,0.19%
6/25/1999,3.202,3.202,3.202,3.202,-0.65%
6/24/1999,3.223,3.223,3.223,3.223,2.03%
6/23/1999,3.159,3.159,3.159,3.159,1.22%
6/22/1999,3.121,3.121,3.121,3.121,1.73%
6/21/1999,3.068,3.068,3.068,3.068,3.02%
6/18/1999,2.978,2.978,2.978,2.978,-0.20%
6/17/1999,2.984,2.984,2.984,2.984,-0.86%
6/16/1999,3.01,3.01,3.01,3.01,0.70%
6/15/1999,2.989,2.989,2.989,2.989,0.40%
6/14/1999,2.977,2.977,2.977,2.977,-2.74%
6/11/1999,3.061,3.061,3.061,3.061,0.20%
6/10/1999,3.055,3.055,3.055,3.055,5.75%
6/9/1999,2.889,2.889,2.889,2.889,0.00%
6/8/1999,2.889,2.889,2.889,2.889,-1.03%
6/7/1999,2.919,2.919,2.919,2.919,-0.61%
6/4/1999,2.937,2.937,2.937,2.937,1.03%
6/3/1999,2.907,2.907,2.907,2.907,-0.03%
6/2/1999,2.908,2.908,2.908,2.908,1.61%
6/1/1999,2.862,2.862,2.862,2.862,2.07%
5/31/1999,2.804,2.804,2.804,2.804,1.67%
5/28/1999,2.758,2.758,2.758,2.758,-0.43%
5/27/1999,2.77,2.77,2.77,2.77,2.78%
5/26/1999,2.695,2.695,2.695,2.695,-0.07%
5/25/1999,2.697,2.697,2.697,2.697,-0.85%
5/24/1999,2.72,2.72,2.72,2.72,-0.84%
5/21/1999,2.743,2.743,2.743,2.743,-0.87%
5/20/1999,2.767,2.767,2.767,2.767,0.00%
5/19/1999,2.767,2.767,2.767,2.767,0.99%
5/18/1999,2.74,2.74,2.74,2.74,-0.83%
5/17/1999,2.763,2.763,2.763,2.763,0.18%
5/14/1999,2.758,2.758,2.758,2.758,2.95%
5/13/1999,2.679,2.679,2.679,2.679,0.19%
5/12/1999,2.674,2.674,2.674,2.674,-1.07%
5/11/1999,2.703,2.703,2.703,2.703,-0.04%
5/10/1999,2.704,2.704,2.704,2.704,-0.22%
5/7/1999,2.71,2.71,2.71,2.71,-0.84%
5/6/1999,2.733,2.733,2.733,2.733,0.63%
5/5/1999,2.716,2.716,2.716,2.716,-0.26%
5/4/1999,2.723,2.723,2.723,2.723,0.81%
5/3/1999,2.701,2.701,2.701,2.701,0.19%
4/30/1999,2.696,2.696,2.696,2.696,1.20%
4/29/1999,2.664,2.664,2.664,2.664,-1.04%
4/28/1999,2.692,2.692,2.692,2.692,0.79%
4/27/1999,2.671,2.671,2.671,2.671,0.19%
4/26/1999,2.666,2.666,2.666,2.666,-0.22%
4/23/1999,2.672,2.672,2.672,2.672,-0.85%
4/22/1999,2.695,2.695,2.695,2.695,0.19%
4/21/1999,2.69,2.69,2.69,2.69,0.37%
4/20/1999,2.68,2.68,2.68,2.68,-0.22%
4/19/1999,2.686,2.686,2.686,2.686,-2.01%
4/16/1999,2.741,2.741,2.741,2.741,0.00%
4/15/1999,2.741,2.741,2.741,2.741,-0.04%
4/14/1999,2.742,2.742,2.742,2.742,-0.44%
4/13/1999,2.754,2.754,2.754,2.754,0.58%
4/12/1999,2.738,2.738,2.738,2.738,-0.22%
4/9/1999,2.744,2.744,2.744,2.744,2.20%
4/8/1999,2.685,2.685,2.685,2.685,-5.32%
4/7/1999,2.836,2.836,2.836,2.836,1.50%
4/6/1999,2.794,2.794,2.794,2.794,-2.27%
4/5/1999,2.859,2.859,2.859,2.859,0.74%
4/2/1999,2.838,2.838,2.838,2.838,-0.73%
4/1/1999,2.859,2.859,2.859,2.859,-0.38%
3/31/1999,2.87,2.87,2.87,2.87,-0.76%
3/30/1999,2.892,2.892,2.892,2.892,-0.92%
3/29/1999,2.919,2.919,2.919,2.919,-1.25%
3/26/1999,2.956,2.956,2.956,2.956,-0.27%
3/25/1999,2.964,2.964,2.964,2.964,-0.60%
3/24/1999,2.982,2.982,2.982,2.982,-1.03%
3/23/1999,3.013,3.013,3.013,3.013,0.60%
3/22/1999,2.995,2.995,2.995,2.995,0.00%
3/19/1999,2.995,2.995,2.995,2.995,0.20%
3/18/1999,2.989,2.989,2.989,2.989,0.00%
3/17/1999,2.989,2.989,2.989,2.989,0.00%
3/16/1999,2.989,2.989,2.989,2.989,2.26%
3/15/1999,2.923,2.923,2.923,2.923,-2.60%
3/12/1999,3.001,3.001,3.001,3.001,0.60%
3/11/1999,2.983,2.983,2.983,2.983,-2.71%
3/10/1999,3.066,3.066,3.066,3.066,0.39%
3/9/1999,3.054,3.054,3.054,3.054,-0.78%
3/8/1999,3.078,3.078,3.078,3.078,0.00%
3/5/1999,3.078,3.078,3.078,3.078,-3.51%
3/4/1999,3.19,3.19,3.19,3.19,-1.45%
3/3/1999,3.237,3.237,3.237,3.237,1.12%
3/2/1999,3.201,3.201,3.201,3.201,-0.53%
3/1/1999,3.218,3.218,3.218,3.218,2.42%
2/26/1999,3.142,3.142,3.142,3.142,3.08%
2/25/1999,3.048,3.048,3.048,3.048,1.16%
2/24/1999,3.013,3.013,3.013,3.013,2.14%
2/23/1999,2.95,2.95,2.95,2.95,-0.57%
2/22/1999,2.967,2.967,2.967,2.967,0.00%
2/19/1999,2.967,2.967,2.967,2.967,-1.92%
2/18/1999,3.025,3.025,3.025,3.025,0.57%
2/17/1999,3.008,3.008,3.008,3.008,-1.12%
2/16/1999,3.042,3.042,3.042,3.042,0.20%
2/15/1999,3.036,3.036,3.036,3.036,1.34%
2/12/1999,2.996,2.996,2.996,2.996,1.15%
2/11/1999,2.962,2.962,2.962,2.962,-0.57%
2/10/1999,2.979,2.979,2.979,2.979,0.54%
2/9/1999,2.963,2.963,2.963,2.963,-1.30%
2/8/1999,3.002,3.002,3.002,3.002,1.32%
2/5/1999,2.963,2.963,2.963,2.963,-0.77%
2/4/1999,2.986,2.986,2.986,2.986,1.15%
2/3/1999,2.952,2.952,2.952,2.952,0.96%
2/2/1999,2.924,2.924,2.924,2.924,0.00%
2/1/1999,2.924,2.924,2.924,2.924,2.13%
1/29/1999,2.863,2.863,2.863,2.863,0.95%
1/28/1999,2.836,2.836,2.836,2.836,0.00%
1/27/1999,2.836,2.836,2.836,2.836,0.67%
1/26/1999,2.817,2.817,2.817,2.817,-0.11%
1/25/1999,2.82,2.82,2.82,2.82,0.36%
1/22/1999,2.81,2.81,2.81,2.81,-1.16%
1/21/1999,2.843,2.843,2.843,2.843,-0.77%
1/20/1999,2.865,2.865,2.865,2.865,1.13%
1/19/1999,2.833,2.833,2.833,2.833,-0.04%
1/18/1999,2.834,2.834,2.834,2.834,-0.77%
1/15/1999,2.856,2.856,2.856,2.856,-1.69%
1/14/1999,2.905,2.905,2.905,2.905,0.00%
1/13/1999,2.905,2.905,2.905,2.905,-2.58%
1/12/1999,2.982,2.982,2.982,2.982,-2.04%
1/11/1999,3.044,3.044,3.044,3.044,1.03%
1/8/1999,3.013,3.013,3.013,3.013,-0.23%
1/7/1999,3.02,3.02,3.02,3.02,-1.02%
1/6/1999,3.051,3.051,3.051,3.051,-1.23%
1/5/1999,3.089,3.089,3.089,3.089,0.59%
1/4/1999,3.071,3.071,3.071,3.071,-2.72%
12/31/1998,3.157,3.157,3.157,3.157,-0.38%
12/30/1998,3.169,3.169,3.169,3.169,-3.74%
12/29/1998,3.292,3.292,3.292,3.292,6.33%
12/28/1998,3.096,3.096,3.096,3.096,-4.00%
12/24/1998,3.225,3.225,3.225,3.225,0.75%
12/23/1998,3.201,3.201,3.201,3.201,-0.37%
12/22/1998,3.213,3.213,3.213,3.213,1.32%
12/21/1998,3.171,3.171,3.171,3.171,1.15%
12/18/1998,3.135,3.135,3.135,3.135,-0.79%
12/17/1998,3.16,3.16,3.16,3.16,-0.38%
12/16/1998,3.172,3.172,3.172,3.172,0.38%
12/15/1998,3.16,3.16,3.16,3.16,-2.23%
12/14/1998,3.232,3.232,3.232,3.232,2.05%
12/11/1998,3.167,3.167,3.167,3.167,-0.38%
12/10/1998,3.179,3.179,3.179,3.179,-0.38%
12/9/1998,3.191,3.191,3.191,3.191,-0.56%
12/8/1998,3.209,3.209,3.209,3.209,-1.08%
12/7/1998,3.244,3.244,3.244,3.244,-4.05%
12/4/1998,3.381,3.381,3.381,3.381,6.32%
12/3/1998,3.18,3.18,3.18,3.18,-1.27%
12/2/1998,3.221,3.221,3.221,3.221,-0.74%
12/1/1998,3.245,3.245,3.245,3.245,-0.89%
11/30/1998,3.274,3.274,3.274,3.274,1.27%
11/27/1998,3.233,3.233,3.233,3.233,-0.89%
11/26/1998,3.262,3.262,3.262,3.262,-1.06%
11/25/1998,3.297,3.297,3.297,3.297,-0.18%
11/24/1998,3.303,3.303,3.303,3.303,-0.87%
11/23/1998,3.332,3.332,3.332,3.332,-1.71%
11/20/1998,3.39,3.39,3.39,3.39,0.00%
11/19/1998,3.39,3.39,3.39,3.39,0.18%
11/18/1998,3.384,3.384,3.384,3.384,-0.99%
11/17/1998,3.418,3.418,3.418,3.418,-1.16%
11/16/1998,3.458,3.458,3.458,3.458,0.00%
11/13/1998,3.458,3.458,3.458,3.458,0.85%
11/12/1998,3.429,3.429,3.429,3.429,0.35%
11/11/1998,3.417,3.417,3.417,3.417,0.35%
11/10/1998,3.405,3.405,3.405,3.405,0.00%
11/9/1998,3.405,3.405,3.405,3.405,-1.48%
11/6/1998,3.456,3.456,3.456,3.456,2.34%
11/5/1998,3.377,3.377,3.377,3.377,0.36%
11/4/1998,3.365,3.365,3.365,3.365,1.72%
11/3/1998,3.308,3.308,3.308,3.308,-2.01%
11/2/1998,3.376,3.376,3.376,3.376,3.08%
10/30/1998,3.275,3.275,3.275,3.275,-18.82%
10/29/1998,4.034,4.034,4.034,4.034,22.76%
10/28/1998,3.286,3.286,3.286,3.286,1.05%
10/27/1998,3.252,3.252,3.252,3.252,-0.18%
10/26/1998,3.258,3.258,3.258,3.258,-0.34%
10/23/1998,3.269,3.269,3.269,3.269,0.49%
10/22/1998,3.253,3.253,3.253,3.253,0.18%
10/21/1998,3.247,3.247,3.247,3.247,-3.13%
10/20/1998,3.352,3.352,3.352,3.352,2.70%
10/19/1998,3.264,3.264,3.264,3.264,0.68%
10/16/1998,3.242,3.242,3.242,3.242,-2.50%
10/15/1998,3.325,3.325,3.325,3.325,-0.98%
10/14/1998,3.358,3.358,3.358,3.358,-28.70%
10/13/1998,4.71,4.71,4.71,4.71,38.49%
10/12/1998,3.401,3.401,3.401,3.401,0.12%
10/9/1998,3.397,3.397,3.397,3.397,0.89%
10/8/1998,3.367,3.367,3.367,3.367,-0.56%
10/7/1998,3.386,3.386,3.386,3.386,0.44%
10/6/1998,3.371,3.371,3.371,3.371,1.44%
10/5/1998,3.323,3.323,3.323,3.323,-1.31%
10/2/1998,3.367,3.367,3.367,3.367,-0.56%
10/1/1998,3.386,3.386,3.386,3.386,-1.28%
9/30/1998,3.43,3.43,3.43,3.43,-1.66%
9/29/1998,3.488,3.488,3.488,3.488,0.17%
9/28/1998,3.482,3.482,3.482,3.482,-1.75%
9/25/1998,3.544,3.544,3.544,3.544,1.55%
9/24/1998,3.49,3.49,3.49,3.49,-1.05%
9/23/1998,3.527,3.527,3.527,3.527,-0.42%
9/22/1998,3.542,3.542,3.542,3.542,0.65%
9/21/1998,3.519,3.519,3.519,3.519,-1.01%
9/18/1998,3.555,3.555,3.555,3.555,0.31%
9/17/1998,3.544,3.544,3.544,3.544,-0.53%
9/16/1998,3.563,3.563,3.563,3.563,2.86%
9/15/1998,3.464,3.464,3.464,3.464,-0.35%
9/14/1998,3.476,3.476,3.476,3.476,2.78%
9/11/1998,3.382,3.382,3.382,3.382,-0.56%
9/10/1998,3.401,3.401,3.401,3.401,-1.22%
9/9/1998,3.443,3.443,3.443,3.443,-3.56%
9/8/1998,3.57,3.57,3.57,3.57,2.53%
9/7/1998,3.482,3.482,3.482,3.482,-1.69%
9/4/1998,3.542,3.542,3.542,3.542,0.48%
9/3/1998,3.525,3.525,3.525,3.525,-0.68%
9/2/1998,3.549,3.549,3.549,3.549,1.78%
9/1/1998,3.487,3.487,3.487,3.487,1.31%
8/31/1998,3.442,3.442,3.442,3.442,-1.35%
8/28/1998,3.489,3.489,3.489,3.489,-1.83%
8/27/1998,3.554,3.554,3.554,3.554,-1.47%
8/26/1998,3.607,3.607,3.607,3.607,2.94%
8/25/1998,3.504,3.504,3.504,3.504,-0.68%
8/24/1998,3.528,3.528,3.528,3.528,-3.18%
8/21/1998,3.644,3.644,3.644,3.644,-0.33%
8/20/1998,3.656,3.656,3.656,3.656,-1.11%
8/19/1998,3.697,3.697,3.697,3.697,-0.35%
8/18/1998,3.71,3.71,3.71,3.71,0.60%
8/17/1998,3.688,3.688,3.688,3.688,-0.78%
8/14/1998,3.717,3.717,3.717,3.717,-0.77%
8/13/1998,3.746,3.746,3.746,3.746,-0.48%
8/12/1998,3.764,3.764,3.764,3.764,0.59%
8/11/1998,3.742,3.742,3.742,3.742,-1.37%
8/10/1998,3.794,3.794,3.794,3.794,-1.20%
8/7/1998,3.84,3.84,3.84,3.84,-0.88%
8/6/1998,3.874,3.874,3.874,3.874,-0.46%
8/5/1998,3.892,3.892,3.892,3.892,0.44%
8/4/1998,3.875,3.875,3.875,3.875,-0.31%
8/3/1998,3.887,3.887,3.887,3.887,-1.02%
7/31/1998,3.927,3.927,3.927,3.927,0.28%
7/30/1998,3.916,3.916,3.916,3.916,-0.28%
7/29/1998,3.927,3.927,3.927,3.927,0.85%
7/28/1998,3.894,3.894,3.894,3.894,-0.71%
7/27/1998,3.922,3.922,3.922,3.922,-0.15%
7/24/1998,3.928,3.928,3.928,3.928,0.00%
7/23/1998,3.928,3.928,3.928,3.928,-0.15%
7/22/1998,3.934,3.934,3.934,3.934,0.69%
7/21/1998,3.907,3.907,3.907,3.907,0.28%
7/20/1998,3.896,3.896,3.896,3.896,-0.84%
7/17/1998,3.929,3.929,3.929,3.929,0.13%
7/16/1998,3.924,3.924,3.924,3.924,0.13%
7/15/1998,3.919,3.919,3.919,3.919,0.13%
7/14/1998,3.914,3.914,3.914,3.914,-0.56%
7/13/1998,3.936,3.936,3.936,3.936,0.69%
7/10/1998,3.909,3.909,3.909,3.909,0.28%
7/9/1998,3.898,3.898,3.898,3.898,-0.99%
7/8/1998,3.937,3.937,3.937,3.937,0.41%
7/7/1998,3.921,3.921,3.921,3.921,0.31%
7/6/1998,3.909,3.909,3.909,3.909,-0.64%
7/3/1998,3.934,3.934,3.934,3.934,-0.15%
7/2/1998,3.94,3.94,3.94,3.94,-1.25%
7/1/1998,3.99,3.99,3.99,3.99,0.30%
6/30/1998,3.978,3.978,3.978,3.978,0.33%
6/29/1998,3.965,3.965,3.965,3.965,0.15%
6/26/1998,3.959,3.959,3.959,3.959,-0.33%
6/25/1998,3.972,3.972,3.972,3.972,-0.60%
6/24/1998,3.996,3.996,3.996,3.996,-0.47%
6/23/1998,4.015,4.015,4.015,4.015,-0.15%
6/22/1998,4.021,4.021,4.021,4.021,-0.30%
6/19/1998,4.033,4.033,4.033,4.033,0.45%
6/18/1998,4.015,4.015,4.015,4.015,0.15%
6/17/1998,4.009,4.009,4.009,4.009,-0.15%
6/16/1998,4.015,4.015,4.015,4.015,15.67%
6/15/1998,3.471,3.471,3.471,3.471,-12.77%
6/12/1998,3.979,3.979,3.979,3.979,-1.04%
6/11/1998,4.021,4.021,4.021,4.021,-0.74%
6/10/1998,4.051,4.051,4.051,4.051,-1.60%
6/9/1998,4.117,4.117,4.117,4.117,0.88%
6/8/1998,4.081,4.081,4.081,4.081,0.29%
6/5/1998,4.069,4.069,4.069,4.069,0.30%
6/4/1998,4.057,4.057,4.057,4.057,1.17%
6/3/1998,4.01,4.01,4.01,4.01,0.15%
6/2/1998,4.004,4.004,4.004,4.004,0.30%
6/1/1998,3.992,3.992,3.992,3.992,0.00%
5/29/1998,3.992,3.992,3.992,3.992,-0.60%
5/28/1998,4.016,4.016,4.016,4.016,-0.15%
5/27/1998,4.022,4.022,4.022,4.022,-1.16%
5/26/1998,4.069,4.069,4.069,4.069,-0.29%
5/25/1998,4.081,4.081,4.081,4.081,-0.27%
5/22/1998,4.092,4.092,4.092,4.092,-0.44%
5/21/1998,4.11,4.11,4.11,4.11,0.00%
5/20/1998,4.11,4.11,4.11,4.11,0.00%
5/19/1998,4.11,4.11,4.11,4.11,-0.12%
5/18/1998,4.115,4.115,4.115,4.115,-0.15%
5/15/1998,4.121,4.121,4.121,4.121,0.44%
5/14/1998,4.103,4.103,4.103,4.103,-0.29%
5/13/1998,4.115,4.115,4.115,4.115,-0.56%
5/12/1998,4.138,4.138,4.138,4.138,0.44%
5/11/1998,4.12,4.12,4.12,4.12,0.27%
5/8/1998,4.109,4.109,4.109,4.109,-1.37%
5/7/1998,4.166,4.166,4.166,4.166,-0.55%
5/6/1998,4.189,4.189,4.189,4.189,-0.12%
5/5/1998,4.194,4.194,4.194,4.194,0.70%
5/4/1998,4.165,4.165,4.165,4.165,0.26%
5/1/1998,4.154,4.154,4.154,4.154,-0.26%
4/30/1998,4.165,4.165,4.165,4.165,-0.81%
4/29/1998,4.199,4.199,4.199,4.199,1.65%
4/28/1998,4.131,4.131,4.131,4.131,-0.53%
4/27/1998,4.153,4.153,4.153,4.153,1.37%
4/24/1998,4.097,4.097,4.097,4.097,0.56%
4/23/1998,4.074,4.074,4.074,4.074,-0.42%
4/22/1998,4.091,4.091,4.091,4.091,-1.47%
4/21/1998,4.152,4.152,4.152,4.152,0.27%
4/20/1998,4.141,4.141,4.141,4.141,0.53%
4/17/1998,4.119,4.119,4.119,4.119,-0.12%
4/16/1998,4.124,4.124,4.124,4.124,-0.27%
4/15/1998,4.135,4.135,4.135,4.135,0.95%
4/14/1998,4.096,4.096,4.096,4.096,0.39%
4/13/1998,4.08,4.08,4.08,4.08,-0.12%
4/10/1998,4.085,4.085,4.085,4.085,0.00%
4/9/1998,4.085,4.085,4.085,4.085,0.00%
4/8/1998,4.085,4.085,4.085,4.085,-0.15%
4/7/1998,4.091,4.091,4.091,4.091,0.42%
4/6/1998,4.074,4.074,4.074,4.074,2.59%
4/3/1998,3.971,3.971,3.971,3.971,-1.24%
4/2/1998,4.021,4.021,4.021,4.021,-0.94%
4/1/1998,4.059,4.059,4.059,4.059,1.05%
3/31/1998,4.017,4.017,4.017,4.017,0.30%
3/30/1998,4.005,4.005,4.005,4.005,1.24%
3/27/1998,3.956,3.956,3.956,3.956,-0.18%
3/26/1998,3.963,3.963,3.963,3.963,-0.45%
3/25/1998,3.981,3.981,3.981,3.981,1.19%
3/24/1998,3.934,3.934,3.934,3.934,-0.78%
3/23/1998,3.965,3.965,3.965,3.965,-0.48%
3/20/1998,3.984,3.984,3.984,3.984,-0.15%
3/19/1998,3.99,3.99,3.99,3.99,2.15%
3/18/1998,3.906,3.906,3.906,3.906,0.10%
3/17/1998,3.902,3.902,3.902,3.902,0.77%
3/16/1998,3.872,3.872,3.872,3.872,-0.03%
3/13/1998,3.873,3.873,3.873,3.873,0.75%
3/12/1998,3.844,3.844,3.844,3.844,-0.31%
3/11/1998,3.856,3.856,3.856,3.856,0.39%
3/10/1998,3.841,3.841,3.841,3.841,-0.77%
3/9/1998,3.871,3.871,3.871,3.871,-0.46%
3/6/1998,3.889,3.889,3.889,3.889,-0.03%
3/5/1998,3.89,3.89,3.89,3.89,-1.52%
3/4/1998,3.95,3.95,3.95,3.95,1.18%
3/3/1998,3.904,3.904,3.904,3.904,1.35%
3/2/1998,3.852,3.852,3.852,3.852,-0.47%
2/27/1998,3.87,3.87,3.87,3.87,0.44%
2/26/1998,3.853,3.853,3.853,3.853,-0.93%
2/25/1998,3.889,3.889,3.889,3.889,1.28%
2/24/1998,3.84,3.84,3.84,3.84,0.29%
2/23/1998,3.829,3.829,3.829,3.829,-0.47%
2/20/1998,3.847,3.847,3.847,3.847,0.29%
2/19/1998,3.836,3.836,3.836,3.836,0.58%
2/18/1998,3.814,3.814,3.814,3.814,0.10%
2/17/1998,3.81,3.81,3.81,3.81,-1.06%
2/16/1998,3.851,3.851,3.851,3.851,-0.16%
2/13/1998,3.857,3.857,3.857,3.857,0.13%
2/12/1998,3.852,3.852,3.852,3.852,-0.18%
2/11/1998,3.859,3.859,3.859,3.859,-0.62%
2/10/1998,3.883,3.883,3.883,3.883,-0.18%
2/9/1998,3.89,3.89,3.89,3.89,0.00%
2/6/1998,3.89,3.89,3.89,3.89,-0.03%
2/5/1998,3.891,3.891,3.891,3.891,0.13%
2/4/1998,3.886,3.886,3.886,3.886,1.12%
2/3/1998,3.843,3.843,3.843,3.843,-0.31%
2/2/1998,3.855,3.855,3.855,3.855,1.02%
1/30/1998,3.816,3.816,3.816,3.816,-0.47%
1/29/1998,3.834,3.834,3.834,3.834,-0.73%
1/28/1998,3.862,3.862,3.862,3.862,0.68%
1/27/1998,3.836,3.836,3.836,3.836,-0.29%
1/26/1998,3.847,3.847,3.847,3.847,-1.46%
1/23/1998,3.904,3.904,3.904,3.904,-0.43%
1/22/1998,3.921,3.921,3.921,3.921,-0.03%
1/21/1998,3.922,3.922,3.922,3.922,2.27%
1/20/1998,3.835,3.835,3.835,3.835,0.29%
1/19/1998,3.824,3.824,3.824,3.824,0.10%
1/16/1998,3.82,3.82,3.82,3.82,-1.70%
1/15/1998,3.886,3.886,3.886,3.886,0.54%
1/14/1998,3.865,3.865,3.865,3.865,0.52%
1/13/1998,3.845,3.845,3.845,3.845,-0.03%
1/12/1998,3.846,3.846,3.846,3.846,-1.41%
1/9/1998,3.901,3.901,3.901,3.901,-0.28%
1/8/1998,3.912,3.912,3.912,3.912,-3.91%
1/7/1998,4.071,4.071,4.071,4.071,-0.44%
1/6/1998,4.089,4.089,4.089,4.089,0.12%
1/5/1998,4.084,4.084,4.084,4.084,-1.45%
1/2/1998,4.144,4.144,4.144,4.144,-0.12%
1/1/1998,4.149,4.149,4.149,4.149,-0.14%
12/31/1997,4.155,4.155,4.155,4.155,-1.28%
12/30/1997,4.209,4.209,4.209,4.209,2.09%
12/29/1997,4.123,4.123,4.123,4.123,1.20%
12/26/1997,4.074,4.074,4.074,4.074,1.09%
12/25/1997,4.03,4.03,4.03,4.03,-0.93%
12/24/1997,4.068,4.068,4.068,4.068,-0.29%
12/23/1997,4.08,4.08,4.08,4.08,-0.29%
12/22/1997,4.092,4.092,4.092,4.092,0.54%
12/19/1997,4.07,4.07,4.07,4.07,-1.48%
12/18/1997,4.131,4.131,4.131,4.131,-1.15%
12/17/1997,4.179,4.179,4.179,4.179,0.46%
12/16/1997,4.16,4.16,4.16,4.16,0.43%
12/15/1997,4.142,4.142,4.142,4.142,0.29%
12/12/1997,4.13,4.13,4.13,4.13,-1.71%
12/11/1997,4.202,4.202,4.202,4.202,-0.71%
12/10/1997,4.232,4.232,4.232,4.232,1.03%
12/9/1997,4.189,4.189,4.189,4.189,0.14%
12/8/1997,4.183,4.183,4.183,4.183,3.41%
12/5/1997,4.045,4.045,4.045,4.045,-2.74%
12/4/1997,4.159,4.159,4.159,4.159,-0.69%
12/3/1997,4.188,4.188,4.188,4.188,2.02%
12/2/1997,4.105,4.105,4.105,4.105,1.03%
12/1/1997,4.063,4.063,4.063,4.063,-0.29%
11/28/1997,4.075,4.075,4.075,4.075,-0.44%
11/27/1997,4.093,4.093,4.093,4.093,0.59%
11/26/1997,4.069,4.069,4.069,4.069,0.15%
11/25/1997,4.063,4.063,4.063,4.063,-0.85%
11/24/1997,4.098,4.098,4.098,4.098,-0.70%
11/21/1997,4.127,4.127,4.127,4.127,0.86%
11/20/1997,4.092,4.092,4.092,4.092,-0.70%
11/19/1997,4.121,4.121,4.121,4.121,-0.84%
11/18/1997,4.156,4.156,4.156,4.156,1.00%
11/17/1997,4.115,4.115,4.115,4.115,0.15%
11/14/1997,4.109,4.109,4.109,4.109,-1.68%
11/13/1997,4.179,4.179,4.179,4.179,-2.54%
11/12/1997,4.288,4.288,4.288,4.288,0.97%
11/11/1997,4.247,4.247,4.247,4.247,-0.26%
11/10/1997,4.258,4.258,4.258,4.258,0.80%
11/7/1997,4.224,4.224,4.224,4.224,0.69%
11/6/1997,4.195,4.195,4.195,4.195,-1.06%
11/5/1997,4.24,4.24,4.24,4.24,1.51%
11/4/1997,4.177,4.177,4.177,4.177,-0.52%
11/3/1997,4.199,4.199,4.199,4.199,0.96%
10/31/1997,4.159,4.159,4.159,4.159,-1.21%
10/30/1997,4.21,4.21,4.21,4.21,-1.34%
10/29/1997,4.267,4.267,4.267,4.267,0.57%
10/28/1997,4.243,4.243,4.243,4.243,-2.10%
10/27/1997,4.334,4.334,4.334,4.334,-0.25%
10/24/1997,4.345,4.345,4.345,4.345,-2.40%
10/23/1997,4.452,4.452,4.452,4.452,-1.87%
10/22/1997,4.537,4.537,4.537,4.537,0.18%
10/21/1997,4.529,4.529,4.529,4.529,0.76%
10/20/1997,4.495,4.495,4.495,4.495,0.40%
10/17/1997,4.477,4.477,4.477,4.477,0.52%
10/16/1997,4.454,4.454,4.454,4.454,2.06%
10/15/1997,4.364,4.364,4.364,4.364,1.84%
10/14/1997,4.285,4.285,4.285,4.285,0.52%
10/13/1997,4.263,4.263,4.263,4.263,-2.65%
10/10/1997,4.379,4.379,4.379,4.379,1.04%
10/9/1997,4.334,4.334,4.334,4.334,6.51%
10/8/1997,4.069,4.069,4.069,4.069,0.69%
10/7/1997,4.041,4.041,4.041,4.041,0.00%
10/6/1997,4.041,4.041,4.041,4.041,1.23%
10/3/1997,3.992,3.992,3.992,3.992,-1.36%
10/2/1997,4.047,4.047,4.047,4.047,0.15%
10/1/1997,4.041,4.041,4.041,4.041,-0.15%
9/30/1997,4.047,4.047,4.047,4.047,-0.39%
9/29/1997,4.063,4.063,4.063,4.063,2.47%
9/26/1997,3.965,3.965,3.965,3.965,0.63%
9/25/1997,3.94,3.94,3.94,3.94,0.48%
9/24/1997,3.921,3.921,3.921,3.921,-1.18%
9/23/1997,3.968,3.968,3.968,3.968,-0.13%
9/22/1997,3.973,3.973,3.973,3.973,0.79%
9/19/1997,3.942,3.942,3.942,3.942,0.33%
9/18/1997,3.929,3.929,3.929,3.929,0.18%
9/17/1997,3.922,3.922,3.922,3.922,3.37%
9/16/1997,3.794,3.794,3.794,3.794,-3.66%
9/15/1997,3.938,3.938,3.938,3.938,1.57%
9/12/1997,3.877,3.877,3.877,3.877,0.15%
9/11/1997,3.871,3.871,3.871,3.871,0.34%
9/10/1997,3.858,3.858,3.858,3.858,-0.59%
9/9/1997,3.881,3.881,3.881,3.881,-0.13%
9/8/1997,3.886,3.886,3.886,3.886,-0.31%
9/5/1997,3.898,3.898,3.898,3.898,-0.43%
9/4/1997,3.915,3.915,3.915,3.915,-1.04%
9/3/1997,3.956,3.956,3.956,3.956,0.51%
9/2/1997,3.936,3.936,3.936,3.936,1.39%
9/1/1997,3.882,3.882,3.882,3.882,-0.77%
8/29/1997,3.912,3.912,3.912,3.912,1.56%
8/28/1997,3.852,3.852,3.852,3.852,-2.80%
8/27/1997,3.963,3.963,3.963,3.963,0.03%
8/26/1997,3.962,3.962,3.962,3.962,-0.28%
8/25/1997,3.973,3.973,3.973,3.973,0.89%
8/22/1997,3.938,3.938,3.938,3.938,1.23%
8/21/1997,3.89,3.89,3.89,3.89,0.00%
8/20/1997,3.89,3.89,3.89,3.89,2.67%
8/19/1997,3.789,3.789,3.789,3.789,-0.16%
8/18/1997,3.795,3.795,3.795,3.795,-2.37%
8/15/1997,3.887,3.887,3.887,3.887,0.31%
8/14/1997,3.875,3.875,3.875,3.875,-0.13%
8/13/1997,3.88,3.88,3.88,3.88,1.54%
8/12/1997,3.821,3.821,3.821,3.821,1.06%
8/11/1997,3.781,3.781,3.781,3.781,-0.45%
8/8/1997,3.798,3.798,3.798,3.798,-0.29%
8/7/1997,3.809,3.809,3.809,3.809,-1.32%
8/6/1997,3.86,3.86,3.86,3.86,-1.56%
8/5/1997,3.921,3.921,3.921,3.921,1.19%
8/4/1997,3.875,3.875,3.875,3.875,1.04%
8/1/1997,3.835,3.835,3.835,3.835,2.13%
7/31/1997,3.755,3.755,3.755,3.755,-0.16%
7/30/1997,3.761,3.761,3.761,3.761,0.94%
7/29/1997,3.726,3.726,3.726,3.726,-1.32%
7/28/1997,3.776,3.776,3.776,3.776,0.88%
7/25/1997,3.743,3.743,3.743,3.743,1.99%
7/24/1997,3.67,3.67,3.67,3.67,0.33%
7/23/1997,3.658,3.658,3.658,3.658,0.94%
7/22/1997,3.624,3.624,3.624,3.624,0.44%
7/21/1997,3.608,3.608,3.608,3.608,0.17%
7/18/1997,3.602,3.602,3.602,3.602,0.61%
7/17/1997,3.58,3.58,3.58,3.58,-0.44%
7/16/1997,3.596,3.596,3.596,3.596,-1.21%
7/15/1997,3.64,3.64,3.64,3.64,1.05%
7/14/1997,3.602,3.602,3.602,3.602,2.65%
7/11/1997,3.509,3.509,3.509,3.509,-0.14%
7/10/1997,3.514,3.514,3.514,3.514,0.95%
7/9/1997,3.481,3.481,3.481,3.481,-0.03%
7/8/1997,3.482,3.482,3.482,3.482,-0.14%
7/7/1997,3.487,3.487,3.487,3.487,-0.63%
7/4/1997,3.509,3.509,3.509,3.509,-0.17%
7/3/1997,3.515,3.515,3.515,3.515,0.00%
7/2/1997,3.515,3.515,3.515,3.515,0.00%
7/1/1997,3.515,3.515,3.515,3.515,-0.90%
6/30/1997,3.547,3.547,3.547,3.547,1.23%
6/27/1997,3.504,3.504,3.504,3.504,0.00%
6/26/1997,3.504,3.504,3.504,3.504,-0.76%
6/25/1997,3.531,3.531,3.531,3.531,-0.17%
6/24/1997,3.537,3.537,3.537,3.537,-1.34%
6/23/1997,3.585,3.585,3.585,3.585,0.62%
6/20/1997,3.563,3.563,3.563,3.563,1.95%
6/19/1997,3.495,3.495,3.495,3.495,1.39%
6/18/1997,3.447,3.447,3.447,3.447,-0.58%
6/17/1997,3.467,3.467,3.467,3.467,0.17%
6/16/1997,3.461,3.461,3.461,3.461,0.84%
6/13/1997,3.432,3.432,3.432,3.432,-0.03%
6/12/1997,3.433,3.433,3.433,3.433,-1.55%
6/11/1997,3.487,3.487,3.487,3.487,0.32%
6/10/1997,3.476,3.476,3.476,3.476,-0.86%
6/9/1997,3.506,3.506,3.506,3.506,-0.17%
6/6/1997,3.512,3.512,3.512,3.512,-0.85%
6/5/1997,3.542,3.542,3.542,3.542,0.14%
6/4/1997,3.537,3.537,3.537,3.537,-0.51%
6/3/1997,3.555,3.555,3.555,3.555,-1.17%
6/2/1997,3.597,3.597,3.597,3.597,0.33%
5/30/1997,3.585,3.585,3.585,3.585,-0.83%
5/29/1997,3.615,3.615,3.615,3.615,0.81%
5/28/1997,3.586,3.586,3.586,3.586,-0.47%
5/27/1997,3.603,3.603,3.603,3.603,0.45%
5/26/1997,3.587,3.587,3.587,3.587,0.00%
5/23/1997,3.587,3.587,3.587,3.587,-0.66%
5/22/1997,3.611,3.611,3.611,3.611,0.33%
5/21/1997,3.599,3.599,3.599,3.599,0.28%
5/20/1997,3.589,3.589,3.589,3.589,-0.31%
5/19/1997,3.6,3.6,3.6,3.6,0.95%
5/16/1997,3.566,3.566,3.566,3.566,1.28%
5/15/1997,3.521,3.521,3.521,3.521,0.17%
5/14/1997,3.515,3.515,3.515,3.515,-0.54%
5/13/1997,3.534,3.534,3.534,3.534,0.14%
5/12/1997,3.529,3.529,3.529,3.529,-0.54%
5/9/1997,3.548,3.548,3.548,3.548,0.14%
5/8/1997,3.543,3.543,3.543,3.543,-0.48%
5/7/1997,3.56,3.56,3.56,3.56,-0.17%
5/6/1997,3.566,3.566,3.566,3.566,-0.34%
5/5/1997,3.578,3.578,3.578,3.578,-0.03%
5/2/1997,3.579,3.579,3.579,3.579,0.45%
5/1/1997,3.563,3.563,3.563,3.563,-0.47%
4/30/1997,3.58,3.58,3.58,3.58,-0.78%
4/29/1997,3.608,3.608,3.608,3.608,-0.93%
4/28/1997,3.642,3.642,3.642,3.642,0.14%
4/25/1997,3.637,3.637,3.637,3.637,0.92%
4/24/1997,3.604,3.604,3.604,3.604,-0.03%
4/23/1997,3.605,3.605,3.605,3.605,0.31%
4/22/1997,3.594,3.594,3.594,3.594,0.62%
4/21/1997,3.572,3.572,3.572,3.572,-0.06%
4/18/1997,3.574,3.574,3.574,3.574,-0.17%
4/17/1997,3.58,3.58,3.58,3.58,-1.05%
4/16/1997,3.618,3.618,3.618,3.618,-0.47%
4/15/1997,3.635,3.635,3.635,3.635,-1.78%
4/14/1997,3.701,3.701,3.701,3.701,-0.03%
4/11/1997,3.702,3.702,3.702,3.702,1.51%
4/10/1997,3.647,3.647,3.647,3.647,0.08%
4/9/1997,3.644,3.644,3.644,3.644,-0.71%
4/8/1997,3.67,3.67,3.67,3.67,1.21%
4/7/1997,3.626,3.626,3.626,3.626,-1.52%
4/4/1997,3.682,3.682,3.682,3.682,-1.02%
4/3/1997,3.72,3.72,3.72,3.72,0.13%
4/2/1997,3.715,3.715,3.715,3.715,-0.30%
4/1/1997,3.726,3.726,3.726,3.726,-1.01%
3/28/1997,3.764,3.764,3.764,3.764,0.86%
3/27/1997,3.732,3.732,3.732,3.732,-0.43%
3/26/1997,3.748,3.748,3.748,3.748,-0.29%
3/25/1997,3.759,3.759,3.759,3.759,-0.71%
3/24/1997,3.786,3.786,3.786,3.786,-0.42%
3/21/1997,3.802,3.802,3.802,3.802,0.13%
3/20/1997,3.797,3.797,3.797,3.797,-0.29%
3/19/1997,3.808,3.808,3.808,3.808,2.70%
3/18/1997,3.708,3.708,3.708,3.708,0.00%
3/17/1997,3.708,3.708,3.708,3.708,2.66%
3/14/1997,3.612,3.612,3.612,3.612,-0.33%
3/13/1997,3.624,3.624,3.624,3.624,0.00%
3/12/1997,3.624,3.624,3.624,3.624,-0.47%
3/11/1997,3.641,3.641,3.641,3.641,-0.33%
3/10/1997,3.653,3.653,3.653,3.653,1.30%
3/7/1997,3.606,3.606,3.606,3.606,1.66%
3/6/1997,3.547,3.547,3.547,3.547,0.85%
3/5/1997,3.517,3.517,3.517,3.517,1.35%
3/4/1997,3.47,3.47,3.47,3.47,-0.34%
3/3/1997,3.482,3.482,3.482,3.482,-0.51%
2/28/1997,3.5,3.5,3.5,3.5,0.00%
2/27/1997,3.5,3.5,3.5,3.5,-0.34%
2/26/1997,3.512,3.512,3.512,3.512,1.18%
2/25/1997,3.471,3.471,3.471,3.471,0.81%
2/24/1997,3.443,3.443,3.443,3.443,0.15%
2/21/1997,3.438,3.438,3.438,3.438,0.50%
2/20/1997,3.421,3.421,3.421,3.421,0.18%
2/19/1997,3.415,3.415,3.415,3.415,1.34%
2/18/1997,3.37,3.37,3.37,3.37,0.15%
2/17/1997,3.365,3.365,3.365,3.365,-0.18%
2/14/1997,3.371,3.371,3.371,3.371,-0.18%
2/13/1997,3.377,3.377,3.377,3.377,0.33%
2/12/1997,3.366,3.366,3.366,3.366,-0.03%
2/11/1997,3.367,3.367,3.367,3.367,-0.65%
2/10/1997,3.389,3.389,3.389,3.389,-0.53%
2/7/1997,3.407,3.407,3.407,3.407,-0.50%
2/6/1997,3.424,3.424,3.424,3.424,-0.35%
2/5/1997,3.436,3.436,3.436,3.436,-0.49%
2/4/1997,3.453,3.453,3.453,3.453,0.99%
2/3/1997,3.419,3.419,3.419,3.419,0.29%
1/31/1997,3.409,3.409,3.409,3.409,-0.81%
1/30/1997,3.437,3.437,3.437,3.437,-0.64%
1/29/1997,3.459,3.459,3.459,3.459,0.46%
1/28/1997,3.443,3.443,3.443,3.443,-0.63%
1/27/1997,3.465,3.465,3.465,3.465,-0.03%
1/24/1997,3.466,3.466,3.466,3.466,1.14%
1/23/1997,3.427,3.427,3.427,3.427,0.97%
1/22/1997,3.394,3.394,3.394,3.394,1.04%
1/21/1997,3.359,3.359,3.359,3.359,-0.09%
1/20/1997,3.362,3.362,3.362,3.362,-0.03%
1/17/1997,3.363,3.363,3.363,3.363,0.30%
1/16/1997,3.353,3.353,3.353,3.353,-0.97%
1/15/1997,3.386,3.386,3.386,3.386,-0.32%
1/14/1997,3.397,3.397,3.397,3.397,-0.32%
1/13/1997,3.408,3.408,3.408,3.408,-1.90%
1/10/1997,3.474,3.474,3.474,3.474,1.25%
1/9/1997,3.431,3.431,3.431,3.431,-1.55%
1/8/1997,3.485,3.485,3.485,3.485,-1.39%
1/7/1997,3.534,3.534,3.534,3.534,-0.31%
1/6/1997,3.545,3.545,3.545,3.545,-0.31%
1/3/1997,3.556,3.556,3.556,3.556,-0.31%
1/2/1997,3.567,3.567,3.567,3.567,2.15%
1/1/1997,3.492,3.492,3.492,3.492,0.14%
12/31/1996,3.487,3.487,3.487,3.487,-0.31%
12/30/1996,3.498,3.498,3.498,3.498,-0.31%
12/27/1996,3.509,3.509,3.509,3.509,0.31%
12/26/1996,3.498,3.498,3.498,3.498,0.14%
12/25/1996,3.493,3.493,3.493,3.493,-1.08%
12/24/1996,3.531,3.531,3.531,3.531,0.00%
12/23/1996,3.531,3.531,3.531,3.531,-0.14%
12/20/1996,3.536,3.536,3.536,3.536,1.26%
12/19/1996,3.492,3.492,3.492,3.492,-0.17%
12/18/1996,3.498,3.498,3.498,3.498,0.69%
12/17/1996,3.474,3.474,3.474,3.474,1.19%
12/16/1996,3.433,3.433,3.433,3.433,-0.87%
12/13/1996,3.463,3.463,3.463,3.463,-0.52%
12/12/1996,3.481,3.481,3.481,3.481,0.32%
12/11/1996,3.47,3.47,3.47,3.47,0.00%
12/10/1996,3.47,3.47,3.47,3.47,0.17%
12/9/1996,3.464,3.464,3.464,3.464,-0.52%
12/6/1996,3.482,3.482,3.482,3.482,-0.83%
12/5/1996,3.511,3.511,3.511,3.511,1.86%
12/4/1996,3.447,3.447,3.447,3.447,-0.17%
12/3/1996,3.453,3.453,3.453,3.453,0.85%
12/2/1996,3.424,3.424,3.424,3.424,-0.03%
11/29/1996,3.425,3.425,3.425,3.425,-3.11%
11/28/1996,3.535,3.535,3.535,3.535,-1.15%
11/27/1996,3.576,3.576,3.576,3.576,1.48%
11/26/1996,3.524,3.524,3.524,3.524,-0.98%
11/25/1996,3.559,3.559,3.559,3.559,0.34%
11/22/1996,3.547,3.547,3.547,3.547,-1.14%
11/21/1996,3.588,3.588,3.588,3.588,0.50%
11/20/1996,3.57,3.57,3.57,3.57,1.28%
11/19/1996,3.525,3.525,3.525,3.525,-0.31%
11/18/1996,3.536,3.536,3.536,3.536,0.31%
11/15/1996,3.525,3.525,3.525,3.525,1.32%
11/14/1996,3.479,3.479,3.479,3.479,-1.14%
11/13/1996,3.519,3.519,3.519,3.519,-0.17%
11/12/1996,3.525,3.525,3.525,3.525,-0.82%
11/11/1996,3.554,3.554,3.554,3.554,-0.11%
11/8/1996,3.558,3.558,3.558,3.558,-1.14%
11/7/1996,3.599,3.599,3.599,3.599,0.64%
11/6/1996,3.576,3.576,3.576,3.576,-1.27%
11/5/1996,3.622,3.622,3.622,3.622,-2.42%
11/4/1996,3.712,3.712,3.712,3.712,-0.13%
11/1/1996,3.717,3.717,3.717,3.717,1.86%
10/31/1996,3.649,3.649,3.649,3.649,2.50%
10/30/1996,3.56,3.56,3.56,3.56,-1.08%
10/29/1996,3.599,3.599,3.599,3.599,0.17%
10/28/1996,3.593,3.593,3.593,3.593,0.62%
10/25/1996,3.571,3.571,3.571,3.571,-0.31%
10/24/1996,3.582,3.582,3.582,3.582,2.20%
10/23/1996,3.505,3.505,3.505,3.505,1.45%
10/22/1996,3.455,3.455,3.455,3.455,-0.49%
10/21/1996,3.472,3.472,3.472,3.472,-0.34%
10/18/1996,3.484,3.484,3.484,3.484,-1.55%
10/17/1996,3.539,3.539,3.539,3.539,0.94%
10/16/1996,3.506,3.506,3.506,3.506,1.27%
10/15/1996,3.462,3.462,3.462,3.462,-0.03%
10/14/1996,3.463,3.463,3.463,3.463,0.46%
10/11/1996,3.447,3.447,3.447,3.447,-0.78%
10/10/1996,3.474,3.474,3.474,3.474,0.61%
10/9/1996,3.453,3.453,3.453,3.453,-0.92%
10/8/1996,3.485,3.485,3.485,3.485,-0.80%
10/7/1996,3.513,3.513,3.513,3.513,1.39%
10/4/1996,3.465,3.465,3.465,3.465,-1.81%
10/3/1996,3.529,3.529,3.529,3.529,-0.03%
10/2/1996,3.53,3.53,3.53,3.53,-0.28%
10/1/1996,3.54,3.54,3.54,3.54,-1.94%
9/30/1996,3.61,3.61,3.61,3.61,0.73%
9/27/1996,3.584,3.584,3.584,3.584,0.90%
9/26/1996,3.552,3.552,3.552,3.552,-0.45%
9/25/1996,3.568,3.568,3.568,3.568,-3.98%
9/24/1996,3.716,3.716,3.716,3.716,-0.24%
9/23/1996,3.725,3.725,3.725,3.725,1.09%
9/20/1996,3.685,3.685,3.685,3.685,-0.67%
9/19/1996,3.71,3.71,3.71,3.71,0.35%
9/18/1996,3.697,3.697,3.697,3.697,-0.35%
9/17/1996,3.71,3.71,3.71,3.71,0.19%
9/16/1996,3.703,3.703,3.703,3.703,0.49%
9/13/1996,3.685,3.685,3.685,3.685,-2.20%
9/12/1996,3.768,3.768,3.768,3.768,-1.18%
9/11/1996,3.813,3.813,3.813,3.813,-0.34%
9/10/1996,3.826,3.826,3.826,3.826,0.76%
9/9/1996,3.797,3.797,3.797,3.797,-0.50%
9/6/1996,3.816,3.816,3.816,3.816,-1.04%
9/5/1996,3.856,3.856,3.856,3.856,-0.49%
9/4/1996,3.875,3.875,3.875,3.875,0.21%
9/3/1996,3.867,3.867,3.867,3.867,1.02%
9/2/1996,3.828,3.828,3.828,3.828,-0.08%
8/30/1996,3.831,3.831,3.831,3.831,0.68%
8/29/1996,3.805,3.805,3.805,3.805,-0.13%
8/28/1996,3.81,3.81,3.81,3.81,-1.55%
8/27/1996,3.87,3.87,3.87,3.87,-0.95%
8/26/1996,3.907,3.907,3.907,3.907,0.21%
8/23/1996,3.899,3.899,3.899,3.899,0.93%
8/22/1996,3.863,3.863,3.863,3.863,-3.69%
8/21/1996,4.011,4.011,4.011,4.011,2.71%
8/20/1996,3.905,3.905,3.905,3.905,0.33%
8/19/1996,3.892,3.892,3.892,3.892,0.70%
8/16/1996,3.865,3.865,3.865,3.865,-1.33%
8/15/1996,3.917,3.917,3.917,3.917,-1.01%
8/14/1996,3.957,3.957,3.957,3.957,0.48%
8/13/1996,3.938,3.938,3.938,3.938,-0.58%
8/12/1996,3.961,3.961,3.961,3.961,0.61%
8/9/1996,3.937,3.937,3.937,3.937,-0.56%
8/8/1996,3.959,3.959,3.959,3.959,0.33%
8/7/1996,3.946,3.946,3.946,3.946,0.20%
8/6/1996,3.938,3.938,3.938,3.938,0.54%
8/5/1996,3.917,3.917,3.917,3.917,0.44%
8/2/1996,3.9,3.9,3.9,3.9,-3.32%
8/1/1996,4.034,4.034,4.034,4.034,-0.49%
7/31/1996,4.054,4.054,4.054,4.054,-2.03%
7/30/1996,4.138,4.138,4.138,4.138,0.36%
7/29/1996,4.123,4.123,4.123,4.123,1.60%
7/26/1996,4.058,4.058,4.058,4.058,-0.05%
7/25/1996,4.06,4.06,4.06,4.06,1.58%
7/24/1996,3.997,3.997,3.997,3.997,-0.55%
7/23/1996,4.019,4.019,4.019,4.019,0.95%
7/22/1996,3.981,3.981,3.981,3.981,-1.02%
7/19/1996,4.022,4.022,4.022,4.022,-0.30%
7/18/1996,4.034,4.034,4.034,4.034,-1.61%
7/17/1996,4.1,4.1,4.1,4.1,-1.09%
7/16/1996,4.145,4.145,4.145,4.145,-2.52%
7/15/1996,4.252,4.252,4.252,4.252,0.35%
7/12/1996,4.237,4.237,4.237,4.237,1.73%
7/11/1996,4.165,4.165,4.165,4.165,-1.21%
7/10/1996,4.216,4.216,4.216,4.216,-1.13%
7/9/1996,4.264,4.264,4.264,4.264,-0.77%
7/8/1996,4.297,4.297,4.297,4.297,-0.42%
7/5/1996,4.315,4.315,4.315,4.315,1.60%
7/4/1996,4.247,4.247,4.247,4.247,0.40%
7/3/1996,4.23,4.23,4.23,4.23,0.05%
7/2/1996,4.228,4.228,4.228,4.228,1.37%
7/1/1996,4.171,4.171,4.171,4.171,0.34%
6/28/1996,4.157,4.157,4.157,4.157,-1.49%
6/27/1996,4.22,4.22,4.22,4.22,2.55%
6/26/1996,4.115,4.115,4.115,4.115,-0.22%
6/25/1996,4.124,4.124,4.124,4.124,-0.58%
6/24/1996,4.148,4.148,4.148,4.148,-1.00%
6/21/1996,4.19,4.19,4.19,4.19,-1.48%
6/20/1996,4.253,4.253,4.253,4.253,0.90%
6/19/1996,4.215,4.215,4.215,4.215,0.86%
6/18/1996,4.179,4.179,4.179,4.179,-2.93%
6/17/1996,4.305,4.305,4.305,4.305,1.29%
6/14/1996,4.25,4.25,4.25,4.25,2.24%
6/13/1996,4.157,4.157,4.157,4.157,2.39%
6/12/1996,4.06,4.06,4.06,4.06,1.81%
6/11/1996,3.988,3.988,3.988,3.988,0.23%
6/10/1996,3.979,3.979,3.979,3.979,0.05%
6/7/1996,3.977,3.977,3.977,3.977,2.32%
6/6/1996,3.887,3.887,3.887,3.887,-0.89%
6/5/1996,3.922,3.922,3.922,3.922,0.03%
6/4/1996,3.921,3.921,3.921,3.921,-0.71%
6/3/1996,3.949,3.949,3.949,3.949,-0.25%
5/31/1996,3.959,3.959,3.959,3.959,0.43%
5/30/1996,3.942,3.942,3.942,3.942,2.31%
5/29/1996,3.853,3.853,3.853,3.853,-0.41%
5/28/1996,3.869,3.869,3.869,3.869,0.31%
5/27/1996,3.857,3.857,3.857,3.857,-0.90%
5/24/1996,3.892,3.892,3.892,3.892,0.28%
5/23/1996,3.881,3.881,3.881,3.881,-0.59%
5/22/1996,3.904,3.904,3.904,3.904,-0.71%
5/21/1996,3.932,3.932,3.932,3.932,4.32%
5/20/1996,3.769,3.769,3.769,3.769,0.45%
5/17/1996,3.752,3.752,3.752,3.752,-1.08%
5/16/1996,3.793,3.793,3.793,3.793,-0.81%
5/15/1996,3.824,3.824,3.824,3.824,1.49%
5/14/1996,3.768,3.768,3.768,3.768,-0.50%
5/13/1996,3.787,3.787,3.787,3.787,1.26%
5/10/1996,3.74,3.74,3.74,3.74,-1.32%
5/9/1996,3.79,3.79,3.79,3.79,-0.11%
5/8/1996,3.794,3.794,3.794,3.794,-1.48%
5/7/1996,3.851,3.851,3.851,3.851,-0.52%
5/6/1996,3.871,3.871,3.871,3.871,-0.67%
5/3/1996,3.897,3.897,3.897,3.897,0.88%
5/2/1996,3.863,3.863,3.863,3.863,2.79%
5/1/1996,3.758,3.758,3.758,3.758,-0.66%
4/30/1996,3.783,3.783,3.783,3.783,0.75%
4/29/1996,3.755,3.755,3.755,3.755,-0.40%
4/26/1996,3.77,3.77,3.77,3.77,0.05%
4/25/1996,3.768,3.768,3.768,3.768,0.05%
4/24/1996,3.766,3.766,3.766,3.766,0.75%
4/23/1996,3.738,3.738,3.738,3.738,-0.08%
4/22/1996,3.741,3.741,3.741,3.741,-0.85%
4/19/1996,3.773,3.773,3.773,3.773,-2.81%
4/18/1996,3.882,3.882,3.882,3.882,-2.66%
4/17/1996,3.988,3.988,3.988,3.988,0.78%
4/16/1996,3.957,3.957,3.957,3.957,-0.20%
4/15/1996,3.965,3.965,3.965,3.965,-0.13%
4/12/1996,3.97,3.97,3.97,3.97,0.20%
4/11/1996,3.962,3.962,3.962,3.962,2.43%
4/10/1996,3.868,3.868,3.868,3.868,-1.05%
4/9/1996,3.909,3.909,3.909,3.909,0.03%
4/5/1996,3.908,3.908,3.908,3.908,1.77%
4/4/1996,3.84,3.84,3.84,3.84,-0.10%
4/3/1996,3.844,3.844,3.844,3.844,0.08%
4/2/1996,3.841,3.841,3.841,3.841,-0.52%
4/1/1996,3.861,3.861,3.861,3.861,-1.28%
3/29/1996,3.911,3.911,3.911,3.911,-0.89%
3/28/1996,3.946,3.946,3.946,3.946,0.13%
3/27/1996,3.941,3.941,3.941,3.941,2.10%
3/26/1996,3.86,3.86,3.86,3.86,0.05%
3/25/1996,3.858,3.858,3.858,3.858,-1.61%
3/22/1996,3.921,3.921,3.921,3.921,0.33%
3/21/1996,3.908,3.908,3.908,3.908,-1.16%
3/20/1996,3.954,3.954,3.954,3.954,-1.42%
3/19/1996,4.011,4.011,4.011,4.011,0.20%
3/18/1996,4.003,4.003,4.003,4.003,-1.01%
3/15/1996,4.044,4.044,4.044,4.044,1.53%
3/14/1996,3.983,3.983,3.983,3.983,-0.99%
3/13/1996,4.023,4.023,4.023,4.023,-0.59%
3/12/1996,4.047,4.047,4.047,4.047,-0.07%
3/11/1996,4.05,4.05,4.05,4.05,-0.61%
3/8/1996,4.075,4.075,4.075,4.075,5.11%
3/7/1996,3.877,3.877,3.877,3.877,0.88%
3/6/1996,3.843,3.843,3.843,3.843,-0.49%
3/5/1996,3.862,3.862,3.862,3.862,1.31%
3/4/1996,3.812,3.812,3.812,3.812,-1.14%
3/1/1996,3.856,3.856,3.856,3.856,-2.55%
2/29/1996,3.957,3.957,3.957,3.957,0.03%
2/28/1996,3.956,3.956,3.956,3.956,-1.79%
2/27/1996,4.028,4.028,4.028,4.028,-1.54%
2/26/1996,4.091,4.091,4.091,4.091,2.40%
2/23/1996,3.995,3.995,3.995,3.995,-2.82%
2/22/1996,4.111,4.111,4.111,4.111,-0.22%
2/21/1996,4.12,4.12,4.12,4.12,-0.22%
2/20/1996,4.129,4.129,4.129,4.129,3.23%
2/19/1996,4,4,4,4,3.84%
2/16/1996,3.852,3.852,3.852,3.852,0.16%
2/15/1996,3.846,3.846,3.846,3.846,0.44%
2/14/1996,3.829,3.829,3.829,3.829,1.73%
2/13/1996,3.764,3.764,3.764,3.764,-0.11%
2/12/1996,3.768,3.768,3.768,3.768,-0.48%
2/9/1996,3.786,3.786,3.786,3.786,0.45%
2/8/1996,3.769,3.769,3.769,3.769,0.32%
2/7/1996,3.757,3.757,3.757,3.757,-1.60%
2/6/1996,3.818,3.818,3.818,3.818,-0.78%
2/5/1996,3.848,3.848,3.848,3.848,5.54%
2/2/1996,3.646,3.646,3.646,3.646,0.61%
2/1/1996,3.624,3.624,3.624,3.624,-1.01%
1/31/1996,3.661,3.661,3.661,3.661,0.30%
1/30/1996,3.65,3.65,3.65,3.65,-2.82%
1/29/1996,3.756,3.756,3.756,3.756,2.37%
1/26/1996,3.669,3.669,3.669,3.669,1.61%
1/25/1996,3.611,3.611,3.611,3.611,0.47%
1/24/1996,3.594,3.594,3.594,3.594,-0.72%
1/23/1996,3.62,3.62,3.62,3.62,-0.28%
1/22/1996,3.63,3.63,3.63,3.63,1.20%
1/19/1996,3.587,3.587,3.587,3.587,1.04%
1/18/1996,3.55,3.55,3.55,3.55,-1.85%
1/17/1996,3.617,3.617,3.617,3.617,1.03%
1/16/1996,3.58,3.58,3.58,3.58,-1.30%
1/15/1996,3.627,3.627,3.627,3.627,-0.79%
1/12/1996,3.656,3.656,3.656,3.656,-1.54%
1/11/1996,3.713,3.713,3.713,3.713,-0.67%
1/10/1996,3.738,3.738,3.738,3.738,-1.35%
1/9/1996,3.789,3.789,3.789,3.789,-1.33%
1/8/1996,3.84,3.84,3.84,3.84,-0.34%
1/5/1996,3.853,3.853,3.853,3.853,0.97%
1/4/1996,3.816,3.816,3.816,3.816,-0.52%
1/3/1996,3.836,3.836,3.836,3.836,0.29%
1/2/1996,3.825,3.825,3.825,3.825,0.24%
12/29/1995,3.816,3.816,3.816,3.816,-0.52%
12/28/1995,3.836,3.836,3.836,3.836,-0.23%
12/27/1995,3.845,3.845,3.845,3.845,-1.51%
12/22/1995,3.904,3.904,3.904,3.904,-0.51%
12/21/1995,3.924,3.924,3.924,3.924,0.31%
12/20/1995,3.912,3.912,3.912,3.912,-1.31%
12/19/1995,3.964,3.964,3.964,3.964,0.69%
12/18/1995,3.937,3.937,3.937,3.937,1.73%
12/15/1995,3.87,3.87,3.87,3.87,-0.62%
12/14/1995,3.894,3.894,3.894,3.894,-2.36%
12/13/1995,3.988,3.988,3.988,3.988,-0.03%
12/12/1995,3.989,3.989,3.989,3.989,-0.47%
12/11/1995,4.008,4.008,4.008,4.008,-0.84%
12/8/1995,4.042,4.042,4.042,4.042,1.53%
12/7/1995,3.981,3.981,3.981,3.981,0.99%
12/6/1995,3.942,3.942,3.942,3.942,0.59%
12/5/1995,3.919,3.919,3.919,3.919,-0.10%
12/4/1995,3.923,3.923,3.923,3.923,0.00%
12/1/1995,3.923,3.923,3.923,3.923,-0.53%
11/30/1995,3.944,3.944,3.944,3.944,-0.90%
11/29/1995,3.98,3.98,3.98,3.98,-0.35%
11/28/1995,3.994,3.994,3.994,3.994,0.68%
11/27/1995,3.967,3.967,3.967,3.967,-1.05%
11/24/1995,4.009,4.009,4.009,4.009,-0.50%
11/23/1995,4.029,4.029,4.029,4.029,-1.03%
11/22/1995,4.071,4.071,4.071,4.071,-1.74%
11/21/1995,4.143,4.143,4.143,4.143,0.15%
11/20/1995,4.137,4.137,4.137,4.137,0.41%
11/17/1995,4.12,4.12,4.12,4.12,0.54%
11/16/1995,4.098,4.098,4.098,4.098,0.29%
11/15/1995,4.086,4.086,4.086,4.086,-0.46%
11/14/1995,4.105,4.105,4.105,4.105,-0.48%
11/13/1995,4.125,4.125,4.125,4.125,-1.10%
11/10/1995,4.171,4.171,4.171,4.171,0.26%
11/9/1995,4.16,4.16,4.16,4.16,-0.48%
11/8/1995,4.18,4.18,4.18,4.18,-1.65%
11/7/1995,4.25,4.25,4.25,4.25,-0.47%
11/6/1995,4.27,4.27,4.27,4.27,-0.93%
11/3/1995,4.31,4.31,4.31,4.31,-0.23%
11/2/1995,4.32,4.32,4.32,4.32,-0.09%
11/1/1995,4.324,4.324,4.324,4.324,1.96%
10/31/1995,4.241,4.241,4.241,4.241,-0.70%
10/30/1995,4.271,4.271,4.271,4.271,-0.28%
10/27/1995,4.283,4.283,4.283,4.283,0.54%
10/26/1995,4.26,4.26,4.26,4.26,-0.26%
10/25/1995,4.271,4.271,4.271,4.271,-0.28%
10/24/1995,4.283,4.283,4.283,4.283,-0.53%
10/23/1995,4.306,4.306,4.306,4.306,-0.14%
10/20/1995,4.312,4.312,4.312,4.312,-0.42%
10/19/1995,4.33,4.33,4.33,4.33,0.39%
10/18/1995,4.313,4.313,4.313,4.313,-0.14%
10/17/1995,4.319,4.319,4.319,4.319,0.00%
10/16/1995,4.319,4.319,4.319,4.319,1.22%
10/13/1995,4.267,4.267,4.267,4.267,-1.98%
10/12/1995,4.353,4.353,4.353,4.353,0.14%
10/11/1995,4.347,4.347,4.347,4.347,2.26%
10/10/1995,4.251,4.251,4.251,4.251,0.12%
10/9/1995,4.246,4.246,4.246,4.246,-0.66%
10/6/1995,4.274,4.274,4.274,4.274,-0.54%
10/5/1995,4.297,4.297,4.297,4.297,-0.79%
10/4/1995,4.331,4.331,4.331,4.331,-0.53%
10/2/1995,4.354,4.354,4.354,4.354,-1.02%
9/29/1995,4.399,4.399,4.399,4.399,-0.25%
9/28/1995,4.41,4.41,4.41,4.41,-0.36%
9/27/1995,4.426,4.426,4.426,4.426,0.89%
9/26/1995,4.387,4.387,4.387,4.387,0.37%
9/25/1995,4.371,4.371,4.371,4.371,0.00%
9/22/1995,4.371,4.371,4.371,4.371,0.00%
9/21/1995,4.371,4.371,4.371,4.371,-0.50%
9/20/1995,4.393,4.393,4.393,4.393,-0.99%
9/19/1995,4.437,4.437,4.437,4.437,-0.60%
9/18/1995,4.464,4.464,4.464,4.464,0.74%
9/15/1995,4.431,4.431,4.431,4.431,-0.14%
9/14/1995,4.437,4.437,4.437,4.437,-0.98%
9/13/1995,4.481,4.481,4.481,4.481,-1.19%
9/12/1995,4.535,4.535,4.535,4.535,-0.35%
9/11/1995,4.551,4.551,4.551,4.551,0.60%
9/8/1995,4.524,4.524,4.524,4.524,-0.22%
9/7/1995,4.534,4.534,4.534,4.534,0.85%
9/6/1995,4.496,4.496,4.496,4.496,-0.46%
9/5/1995,4.517,4.517,4.517,4.517,-0.59%
9/4/1995,4.544,4.544,4.544,4.544,-1.41%
9/1/1995,4.609,4.609,4.609,4.609,-1.60%
8/31/1995,4.684,4.684,4.684,4.684,-0.47%
8/30/1995,4.706,4.706,4.706,4.706,-0.53%
8/29/1995,4.731,4.731,4.731,4.731,-0.23%
8/28/1995,4.742,4.742,4.742,4.742,-0.34%
8/25/1995,4.758,4.758,4.758,4.758,0.02%
8/24/1995,4.757,4.757,4.757,4.757,-1.55%
8/23/1995,4.832,4.832,4.832,4.832,-0.62%
8/22/1995,4.862,4.862,4.862,4.862,-0.65%
8/21/1995,4.894,4.894,4.894,4.894,-1.71%
8/18/1995,4.979,4.979,4.979,4.979,-1.15%
8/17/1995,5.037,5.037,5.037,5.037,-0.20%
8/16/1995,5.047,5.047,5.047,5.047,1.22%
8/15/1995,4.986,4.986,4.986,4.986,0.77%
8/14/1995,4.948,4.948,4.948,4.948,1.00%
8/11/1995,4.899,4.899,4.899,4.899,-0.20%
8/10/1995,4.909,4.909,4.909,4.909,-0.20%
8/9/1995,4.919,4.919,4.919,4.919,0.04%
8/8/1995,4.917,4.917,4.917,4.917,0.55%
8/7/1995,4.89,4.89,4.89,4.89,-0.41%
8/4/1995,4.91,4.91,4.91,4.91,-0.95%
8/3/1995,4.957,4.957,4.957,4.957,0.55%
8/2/1995,4.93,4.93,4.93,4.93,-1.42%
8/1/1995,5.001,5.001,5.001,5.001,-0.50%
7/31/1995,5.026,5.026,5.026,5.026,0.42%
7/28/1995,5.005,5.005,5.005,5.005,-0.18%
7/27/1995,5.014,5.014,5.014,5.014,0.22%
7/26/1995,5.003,5.003,5.003,5.003,-0.69%
7/25/1995,5.038,5.038,5.038,5.038,-0.71%
7/24/1995,5.074,5.074,5.074,5.074,-1.49%
7/21/1995,5.151,5.151,5.151,5.151,-0.17%
7/20/1995,5.16,5.16,5.16,5.16,0.43%
7/19/1995,5.138,5.138,5.138,5.138,0.86%
7/18/1995,5.094,5.094,5.094,5.094,0.02%
7/17/1995,5.093,5.093,5.093,5.093,0.95%
7/14/1995,5.045,5.045,5.045,5.045,-0.08%
7/13/1995,5.049,5.049,5.049,5.049,0.14%
7/12/1995,5.042,5.042,5.042,5.042,0.78%
7/11/1995,5.003,5.003,5.003,5.003,-0.06%
7/10/1995,5.006,5.006,5.006,5.006,-1.09%
7/7/1995,5.061,5.061,5.061,5.061,-1.19%
7/6/1995,5.122,5.122,5.122,5.122,0.53%
7/5/1995,5.095,5.095,5.095,5.095,-1.22%
7/4/1995,5.158,5.158,5.158,5.158,-0.46%
7/3/1995,5.182,5.182,5.182,5.182,1.85%
6/30/1995,5.088,5.088,5.088,5.088,-0.04%
6/29/1995,5.09,5.09,5.09,5.09,-0.37%
6/28/1995,5.109,5.109,5.109,5.109,-0.66%
6/27/1995,5.143,5.143,5.143,5.143,2.41%
6/26/1995,5.022,5.022,5.022,5.022,2.09%
6/23/1995,4.919,4.919,4.919,4.919,0.18%
6/22/1995,4.91,4.91,4.91,4.91,-0.26%
6/21/1995,4.923,4.923,4.923,4.923,-0.24%
6/20/1995,4.935,4.935,4.935,4.935,-0.48%
6/19/1995,4.959,4.959,4.959,4.959,1.54%
6/16/1995,4.884,4.884,4.884,4.884,0.29%
6/14/1995,4.87,4.87,4.87,4.87,0.29%
6/13/1995,4.856,4.856,4.856,4.856,-1.58%
6/12/1995,4.934,4.934,4.934,4.934,1.15%
6/9/1995,4.878,4.878,4.878,4.878,1.75%
6/8/1995,4.794,4.794,4.794,4.794,-0.04%
6/7/1995,4.796,4.796,4.796,4.796,0.42%
6/6/1995,4.776,4.776,4.776,4.776,-0.38%
6/2/1995,4.794,4.794,4.794,4.794,-1.15%
6/1/1995,4.85,4.85,4.85,4.85,0.50%
5/31/1995,4.826,4.826,4.826,4.826,-0.08%
5/30/1995,4.83,4.83,4.83,4.83,-1.02%
5/29/1995,4.88,4.88,4.88,4.88,-0.27%
5/26/1995,4.893,4.893,4.893,4.893,-2.96%
5/24/1995,5.042,5.042,5.042,5.042,-0.04%
5/23/1995,5.044,5.044,5.044,5.044,-0.12%
5/22/1995,5.05,5.05,5.05,5.05,-1.83%
5/19/1995,5.144,5.144,5.144,5.144,0.47%
5/18/1995,5.12,5.12,5.12,5.12,-1.25%
5/17/1995,5.185,5.185,5.185,5.185,-2.00%
5/16/1995,5.291,5.291,5.291,5.291,-1.60%
5/15/1995,5.377,5.377,5.377,5.377,-0.02%
5/12/1995,5.378,5.378,5.378,5.378,5.04%
5/11/1995,5.12,5.12,5.12,5.12,0.91%
5/10/1995,5.074,5.074,5.074,5.074,-1.61%
5/9/1995,5.157,5.157,5.157,5.157,-1.13%
5/8/1995,5.216,5.216,5.216,5.216,-0.91%
5/5/1995,5.264,5.264,5.264,5.264,-0.32%
5/4/1995,5.281,5.281,5.281,5.281,-1.49%
5/3/1995,5.361,5.361,5.361,5.361,-0.06%
5/2/1995,5.364,5.364,5.364,5.364,0.47%
4/28/1995,5.339,5.339,5.339,5.339,-0.02%
4/27/1995,5.34,5.34,5.34,5.34,-0.50%
4/26/1995,5.367,5.367,5.367,5.367,-1.32%
4/25/1995,5.439,5.439,5.439,5.439,-1.06%
4/24/1995,5.497,5.497,5.497,5.497,0.37%
4/21/1995,5.477,5.477,5.477,5.477,1.77%
4/20/1995,5.382,5.382,5.382,5.382,0.13%
4/19/1995,5.375,5.375,5.375,5.375,0.02%
4/18/1995,5.374,5.374,5.374,5.374,-1.38%
4/13/1995,5.449,5.449,5.449,5.449,-0.93%
4/12/1995,5.5,5.5,5.5,5.5,-0.51%
4/11/1995,5.528,5.528,5.528,5.528,0.77%
4/10/1995,5.486,5.486,5.486,5.486,1.03%
4/7/1995,5.43,5.43,5.43,5.43,-0.40%
4/6/1995,5.452,5.452,5.452,5.452,-2.22%
4/5/1995,5.576,5.576,5.576,5.576,3.01%
4/4/1995,5.413,5.413,5.413,5.413,-0.61%
4/3/1995,5.446,5.446,5.446,5.446,-2.63%
3/31/1995,5.593,5.593,5.593,5.593,-0.07%
3/30/1995,5.597,5.597,5.597,5.597,-3.18%
3/29/1995,5.781,5.781,5.781,5.781,0.23%
3/28/1995,5.768,5.768,5.768,5.768,0.63%
3/27/1995,5.732,5.732,5.732,5.732,0.19%
3/24/1995,5.721,5.721,5.721,5.721,-1.45%
3/23/1995,5.805,5.805,5.805,5.805,-1.14%
3/22/1995,5.872,5.872,5.872,5.872,-0.17%
3/21/1995,5.882,5.882,5.882,5.882,-0.44%
3/20/1995,5.908,5.908,5.908,5.908,-0.49%
3/17/1995,5.937,5.937,5.937,5.937,-0.64%
3/16/1995,5.975,5.975,5.975,5.975,-1.09%
3/15/1995,6.041,6.041,6.041,6.041,0.22%
3/14/1995,6.028,6.028,6.028,6.028,-0.15%
3/13/1995,6.037,6.037,6.037,6.037,0.10%
3/10/1995,6.031,6.031,6.031,6.031,-0.71%
3/9/1995,6.074,6.074,6.074,6.074,-1.16%
3/8/1995,6.145,6.145,6.145,6.145,-0.89%
3/7/1995,6.2,6.2,6.2,6.2,1.04%
3/6/1995,6.136,6.136,6.136,6.136,-1.43%
3/3/1995,6.225,6.225,6.225,6.225,-0.42%
3/2/1995,6.251,6.251,6.251,6.251,0.13%
3/1/1995,6.243,6.243,6.243,6.243,-0.41%
2/28/1995,6.269,6.269,6.269,6.269,0.50%
2/27/1995,6.238,6.238,6.238,6.238,-1.50%
2/24/1995,6.333,6.333,6.333,6.333,0.56%
2/23/1995,6.298,6.298,6.298,6.298,-1.70%
2/22/1995,6.407,6.407,6.407,6.407,1.28%
2/21/1995,6.326,6.326,6.326,6.326,0.56%
2/20/1995,6.291,6.291,6.291,6.291,0.02%
2/17/1995,6.29,6.29,6.29,6.29,-0.22%
2/16/1995,6.304,6.304,6.304,6.304,0.30%
2/15/1995,6.285,6.285,6.285,6.285,-1.01%
2/14/1995,6.349,6.349,6.349,6.349,-0.24%
2/13/1995,6.364,6.364,6.364,6.364,1.06%
2/10/1995,6.297,6.297,6.297,6.297,-0.40%
2/9/1995,6.322,6.322,6.322,6.322,-0.39%
2/8/1995,6.347,6.347,6.347,6.347,-0.14%
2/7/1995,6.356,6.356,6.356,6.356,-1.06%
2/6/1995,6.424,6.424,6.424,6.424,0.11%
2/3/1995,6.417,6.417,6.417,6.417,0.20%
2/2/1995,6.404,6.404,6.404,6.404,0.11%
2/1/1995,6.397,6.397,6.397,6.397,0.05%
1/31/1995,6.394,6.394,6.394,6.394,-0.48%
1/30/1995,6.425,6.425,6.425,6.425,0.41%
1/27/1995,6.399,6.399,6.399,6.399,-0.64%
1/26/1995,6.44,6.44,6.44,6.44,-7.74%
1/25/1995,6.98,6.98,6.98,6.98,6.94%
1/24/1995,6.527,6.527,6.527,6.527,-0.12%
1/23/1995,6.535,6.535,6.535,6.535,0.35%
1/20/1995,6.512,6.512,6.512,6.512,-0.46%
1/19/1995,6.542,6.542,6.542,6.542,1.25%
1/18/1995,6.461,6.461,6.461,6.461,-0.81%
1/17/1995,6.514,6.514,6.514,6.514,0.14%
1/16/1995,6.505,6.505,6.505,6.505,0.57%
1/13/1995,6.468,6.468,6.468,6.468,-0.92%
1/12/1995,6.528,6.528,6.528,6.528,-1.39%
1/11/1995,6.62,6.62,6.62,6.62,-0.26%
1/10/1995,6.637,6.637,6.637,6.637,-0.97%
1/9/1995,6.702,6.702,6.702,6.702,0.49%
1/6/1995,6.669,6.669,6.669,6.669,-0.66%
1/5/1995,6.713,6.713,6.713,6.713,0.37%
1/4/1995,6.688,6.688,6.688,6.688,-0.80%
1/3/1995,6.742,6.742,6.742,6.742,2.73%
1/2/1995,6.563,6.563,6.563,6.563,-3.11%
12/30/1994,6.774,6.774,6.774,6.774,0.71%
12/29/1994,6.726,6.726,6.726,6.726,2.28%
12/28/1994,6.576,6.576,6.576,6.576,-0.11%
12/27/1994,6.583,6.583,6.583,6.583,-0.33%
12/23/1994,6.605,6.605,6.605,6.605,-0.02%
12/22/1994,6.606,6.606,6.606,6.606,-0.57%
12/21/1994,6.644,6.644,6.644,6.644,-0.11%
12/20/1994,6.651,6.651,6.651,6.651,0.29%
12/19/1994,6.632,6.632,6.632,6.632,0.39%
12/16/1994,6.606,6.606,6.606,6.606,-0.63%
12/15/1994,6.648,6.648,6.648,6.648,-1.09%
12/14/1994,6.721,6.721,6.721,6.721,2.25%
12/13/1994,6.573,6.573,6.573,6.573,1.91%
12/12/1994,6.45,6.45,6.45,6.45,1.16%
12/9/1994,6.376,6.376,6.376,6.376,0.13%
12/8/1994,6.368,6.368,6.368,6.368,0.87%
12/7/1994,6.313,6.313,6.313,6.313,1.07%
12/6/1994,6.246,6.246,6.246,6.246,0.79%
12/5/1994,6.197,6.197,6.197,6.197,0.76%
12/2/1994,6.15,6.15,6.15,6.15,-0.15%
12/1/1994,6.159,6.159,6.159,6.159,0.51%
11/30/1994,6.128,6.128,6.128,6.128,-0.16%
11/29/1994,6.138,6.138,6.138,6.138,1.19%
11/28/1994,6.066,6.066,6.066,6.066,0.28%
11/25/1994,6.049,6.049,6.049,6.049,0.42%
11/24/1994,6.024,6.024,6.024,6.024,-1.10%
11/23/1994,6.091,6.091,6.091,6.091,-1.09%
11/22/1994,6.158,6.158,6.158,6.158,-0.52%
11/21/1994,6.19,6.19,6.19,6.19,-0.64%
11/18/1994,6.23,6.23,6.23,6.23,0.13%
11/17/1994,6.222,6.222,6.222,6.222,1.45%
11/15/1994,6.133,6.133,6.133,6.133,-0.24%
11/14/1994,6.148,6.148,6.148,6.148,-0.45%
11/11/1994,6.176,6.176,6.176,6.176,0.13%
11/10/1994,6.168,6.168,6.168,6.168,-0.24%
11/9/1994,6.183,6.183,6.183,6.183,-1.14%
11/8/1994,6.254,6.254,6.254,6.254,-0.16%
11/7/1994,6.264,6.264,6.264,6.264,0.47%
11/4/1994,6.235,6.235,6.235,6.235,-0.42%
11/3/1994,6.261,6.261,6.261,6.261,0.13%
11/2/1994,6.253,6.253,6.253,6.253,0.11%
11/1/1994,6.246,6.246,6.246,6.246,0.13%
10/31/1994,6.238,6.238,6.238,6.238,0.97%
10/28/1994,6.178,6.178,6.178,6.178,-1.14%
10/27/1994,6.249,6.249,6.249,6.249,-1.45%
10/26/1994,6.341,6.341,6.341,6.341,-0.31%
10/25/1994,6.361,6.361,6.361,6.361,1.00%
10/24/1994,6.298,6.298,6.298,6.298,-0.43%
10/21/1994,6.325,6.325,6.325,6.325,2.63%
10/20/1994,6.163,6.163,6.163,6.163,-0.60%
10/19/1994,6.2,6.2,6.2,6.2,1.21%
10/18/1994,6.126,6.126,6.126,6.126,0.20%
10/17/1994,6.114,6.114,6.114,6.114,-1.50%
10/14/1994,6.207,6.207,6.207,6.207,-0.50%
10/13/1994,6.238,6.238,6.238,6.238,-2.03%
10/12/1994,6.367,6.367,6.367,6.367,0.20%
10/11/1994,6.354,6.354,6.354,6.354,-0.90%
10/10/1994,6.412,6.412,6.412,6.412,-1.25%
10/7/1994,6.493,6.493,6.493,6.493,-0.31%
10/6/1994,6.513,6.513,6.513,6.513,-0.46%
10/5/1994,6.543,6.543,6.543,6.543,0.71%
10/4/1994,6.497,6.497,6.497,6.497,0.64%
9/30/1994,6.456,6.456,6.456,6.456,0.87%
9/29/1994,6.4,6.4,6.4,6.4,0.88%
9/28/1994,6.344,6.344,6.344,6.344,-0.64%
9/27/1994,6.385,6.385,6.385,6.385,0.28%
9/26/1994,6.367,6.367,6.367,6.367,0.17%
9/23/1994,6.356,6.356,6.356,6.356,-1.04%
9/22/1994,6.423,6.423,6.423,6.423,-0.63%
9/21/1994,6.464,6.464,6.464,6.464,-0.22%
9/20/1994,6.478,6.478,6.478,6.478,0.86%
9/19/1994,6.423,6.423,6.423,6.423,0.06%
9/16/1994,6.419,6.419,6.419,6.419,1.99%
9/15/1994,6.294,6.294,6.294,6.294,-0.29%
9/14/1994,6.312,6.312,6.312,6.312,1.92%
9/13/1994,6.193,6.193,6.193,6.193,-0.03%
9/12/1994,6.195,6.195,6.195,6.195,-0.02%
9/9/1994,6.196,6.196,6.196,6.196,0.63%
9/8/1994,6.157,6.157,6.157,6.157,-0.71%
9/7/1994,6.201,6.201,6.201,6.201,-0.53%
9/6/1994,6.234,6.234,6.234,6.234,1.14%
9/5/1994,6.164,6.164,6.164,6.164,0.57%
9/2/1994,6.129,6.129,6.129,6.129,1.24%
9/1/1994,6.054,6.054,6.054,6.054,0.98%
8/31/1994,5.995,5.995,5.995,5.995,-0.05%
8/30/1994,5.998,5.998,5.998,5.998,0.35%
8/29/1994,5.977,5.977,5.977,5.977,-0.30%
8/26/1994,5.995,5.995,5.995,5.995,-1.30%
8/25/1994,6.074,6.074,6.074,6.074,-0.30%
8/24/1994,6.092,6.092,6.092,6.092,-0.03%
8/23/1994,6.094,6.094,6.094,6.094,-0.54%
8/22/1994,6.127,6.127,6.127,6.127,0.13%
8/19/1994,6.119,6.119,6.119,6.119,0.54%
8/18/1994,6.086,6.086,6.086,6.086,0.73%
8/17/1994,6.042,6.042,6.042,6.042,0.20%
8/16/1994,6.03,6.03,6.03,6.03,-0.61%
8/15/1994,6.067,6.067,6.067,6.067,-0.13%
8/12/1994,6.075,6.075,6.075,6.075,0.55%
8/11/1994,6.042,6.042,6.042,6.042,2.49%
8/10/1994,5.895,5.895,5.895,5.895,-0.29%
8/9/1994,5.912,5.912,5.912,5.912,0.72%
8/8/1994,5.87,5.87,5.87,5.87,0.44%
8/5/1994,5.844,5.844,5.844,5.844,0.72%
8/4/1994,5.802,5.802,5.802,5.802,2.29%
8/3/1994,5.672,5.672,5.672,5.672,3.09%
8/2/1994,5.502,5.502,5.502,5.502,-0.07%
8/1/1994,5.506,5.506,5.506,5.506,-1.02%
7/29/1994,5.563,5.563,5.563,5.563,-1.03%
7/28/1994,5.621,5.621,5.621,5.621,0.88%
7/27/1994,5.572,5.572,5.572,5.572,0.23%
7/26/1994,5.559,5.559,5.559,5.559,-0.30%
7/25/1994,5.576,5.576,5.576,5.576,1.70%
7/22/1994,5.483,5.483,5.483,5.483,0.99%
7/21/1994,5.429,5.429,5.429,5.429,-0.62%
7/20/1994,5.463,5.463,5.463,5.463,1.52%
7/19/1994,5.381,5.381,5.381,5.381,-0.83%
7/18/1994,5.426,5.426,5.426,5.426,-0.89%
7/15/1994,5.475,5.475,5.475,5.475,0.55%
7/14/1994,5.445,5.445,5.445,5.445,-1.14%
7/13/1994,5.508,5.508,5.508,5.508,0.13%
7/12/1994,5.501,5.501,5.501,5.501,-0.18%
7/11/1994,5.511,5.511,5.511,5.511,-2.60%
7/8/1994,5.658,5.658,5.658,5.658,-0.37%
7/7/1994,5.679,5.679,5.679,5.679,-0.09%
7/6/1994,5.684,5.684,5.684,5.684,0.55%
7/5/1994,5.653,5.653,5.653,5.653,-0.09%
7/4/1994,5.658,5.658,5.658,5.658,-1.03%
7/1/1994,5.717,5.717,5.717,5.717,-0.76%
6/30/1994,5.761,5.761,5.761,5.761,1.23%
6/29/1994,5.691,5.691,5.691,5.691,-0.68%
6/28/1994,5.73,5.73,5.73,5.73,-0.66%
6/27/1994,5.768,5.768,5.768,5.768,-0.81%
6/24/1994,5.815,5.815,5.815,5.815,0.33%
6/23/1994,5.796,5.796,5.796,5.796,0.12%
6/22/1994,5.789,5.789,5.789,5.789,-1.61%
6/21/1994,5.884,5.884,5.884,5.884,-0.46%
6/20/1994,5.911,5.911,5.911,5.911,1.25%
6/17/1994,5.838,5.838,5.838,5.838,0.60%
6/16/1994,5.803,5.803,5.803,5.803,0.03%
6/15/1994,5.801,5.801,5.801,5.801,0.71%
6/14/1994,5.76,5.76,5.76,5.76,-0.76%
6/13/1994,5.804,5.804,5.804,5.804,1.84%
6/10/1994,5.699,5.699,5.699,5.699,-1.52%
6/9/1994,5.787,5.787,5.787,5.787,-0.16%
6/8/1994,5.796,5.796,5.796,5.796,0.38%
6/7/1994,5.774,5.774,5.774,5.774,2.38%
6/6/1994,5.64,5.64,5.64,5.64,-0.04%
6/3/1994,5.642,5.642,5.642,5.642,-1.83%
6/1/1994,5.747,5.747,5.747,5.747,1.72%
5/31/1994,5.65,5.65,5.65,5.65,2.28%
5/30/1994,5.524,5.524,5.524,5.524,-1.02%
5/27/1994,5.581,5.581,5.581,5.581,-1.13%
5/26/1994,5.645,5.645,5.645,5.645,0.34%
5/25/1994,5.626,5.626,5.626,5.626,-0.50%
5/24/1994,5.654,5.654,5.654,5.654,4.14%
5/20/1994,5.429,5.429,5.429,5.429,2.05%
5/19/1994,5.32,5.32,5.32,5.32,0.80%
5/18/1994,5.278,5.278,5.278,5.278,1.23%
5/17/1994,5.214,5.214,5.214,5.214,0.35%
5/16/1994,5.196,5.196,5.196,5.196,-0.84%
5/13/1994,5.24,5.24,5.24,5.24,0.46%
5/11/1994,5.216,5.216,5.216,5.216,-1.19%
5/10/1994,5.279,5.279,5.279,5.279,-1.16%
5/9/1994,5.341,5.341,5.341,5.341,0.02%
5/6/1994,5.34,5.34,5.34,5.34,0.11%
5/5/1994,5.334,5.334,5.334,5.334,-2.68%
5/4/1994,5.481,5.481,5.481,5.481,0.11%
5/3/1994,5.475,5.475,5.475,5.475,1.15%
5/2/1994,5.413,5.413,5.413,5.413,-1.19%
4/29/1994,5.478,5.478,5.478,5.478,-1.99%
4/28/1994,5.589,5.589,5.589,5.589,0.13%
4/27/1994,5.582,5.582,5.582,5.582,-1.74%
4/26/1994,5.681,5.681,5.681,5.681,-0.51%
4/25/1994,5.71,5.71,5.71,5.71,2.48%
4/22/1994,5.572,5.572,5.572,5.572,-0.52%
4/21/1994,5.601,5.601,5.601,5.601,-0.50%
4/20/1994,5.629,5.629,5.629,5.629,1.59%
4/19/1994,5.541,5.541,5.541,5.541,0.54%
4/18/1994,5.511,5.511,5.511,5.511,0.55%
4/15/1994,5.481,5.481,5.481,5.481,0.33%
4/14/1994,5.463,5.463,5.463,5.463,-0.20%
4/13/1994,5.474,5.474,5.474,5.474,0.64%
4/12/1994,5.439,5.439,5.439,5.439,0.02%
4/11/1994,5.438,5.438,5.438,5.438,-0.38%
4/8/1994,5.459,5.459,5.459,5.459,0.31%
4/7/1994,5.442,5.442,5.442,5.442,0.33%
4/6/1994,5.424,5.424,5.424,5.424,0.11%
4/5/1994,5.418,5.418,5.418,5.418,-1.33%
3/31/1994,5.491,5.491,5.491,5.491,-1.10%
3/30/1994,5.552,5.552,5.552,5.552,-0.52%
3/29/1994,5.581,5.581,5.581,5.581,0.83%
3/28/1994,5.535,5.535,5.535,5.535,-1.16%
3/25/1994,5.6,5.6,5.6,5.6,-0.50%
3/24/1994,5.628,5.628,5.628,5.628,1.53%
3/23/1994,5.543,5.543,5.543,5.543,0.42%
3/22/1994,5.52,5.52,5.52,5.52,-0.59%
3/21/1994,5.553,5.553,5.553,5.553,0.04%
3/18/1994,5.551,5.551,5.551,5.551,1.33%
3/17/1994,5.478,5.478,5.478,5.478,1.24%
3/16/1994,5.411,5.411,5.411,5.411,0.11%
3/15/1994,5.405,5.405,5.405,5.405,-1.99%
3/14/1994,5.515,5.515,5.515,5.515,-1.55%
3/11/1994,5.602,5.602,5.602,5.602,-0.57%
3/10/1994,5.634,5.634,5.634,5.634,0.20%
3/9/1994,5.623,5.623,5.623,5.623,0.72%
3/8/1994,5.583,5.583,5.583,5.583,0.90%
3/7/1994,5.533,5.533,5.533,5.533,-2.02%
3/4/1994,5.647,5.647,5.647,5.647,-1.14%
3/3/1994,5.712,5.712,5.712,5.712,0.02%
3/2/1994,5.711,5.711,5.711,5.711,0.88%
3/1/1994,5.661,5.661,5.661,5.661,2.98%
2/28/1994,5.497,5.497,5.497,5.497,-1.98%
2/25/1994,5.608,5.608,5.608,5.608,1.70%
2/24/1994,5.514,5.514,5.514,5.514,2.17%
2/23/1994,5.397,5.397,5.397,5.397,0.71%
2/22/1994,5.359,5.359,5.359,5.359,0.21%
2/21/1994,5.348,5.348,5.348,5.348,0.92%
2/18/1994,5.299,5.299,5.299,5.299,0.70%
2/17/1994,5.262,5.262,5.262,5.262,-1.57%
2/16/1994,5.346,5.346,5.346,5.346,1.31%
2/15/1994,5.277,5.277,5.277,5.277,1.01%
2/14/1994,5.224,5.224,5.224,5.224,0.00%
2/11/1994,5.224,5.224,5.224,5.224,-0.70%
2/10/1994,5.261,5.261,5.261,5.261,1.13%
2/9/1994,5.202,5.202,5.202,5.202,-0.29%
2/8/1994,5.217,5.217,5.217,5.217,0.52%
2/7/1994,5.19,5.19,5.19,5.19,2.27%
2/4/1994,5.075,5.075,5.075,5.075,0.61%
2/3/1994,5.044,5.044,5.044,5.044,0.42%
2/2/1994,5.023,5.023,5.023,5.023,0.00%
2/1/1994,5.023,5.023,5.023,5.023,0.10%
1/31/1994,5.018,5.018,5.018,5.018,-0.50%
1/28/1994,5.043,5.043,5.043,5.043,-0.12%
1/27/1994,5.049,5.049,5.049,5.049,0.00%
1/26/1994,5.049,5.049,5.049,5.049,0.00%
1/25/1994,5.049,5.049,5.049,5.049,-0.59%
1/24/1994,5.079,5.079,5.079,5.079,0.59%
1/21/1994,5.049,5.049,5.049,5.049,-0.12%
1/20/1994,5.055,5.055,5.055,5.055,-0.24%
1/19/1994,5.067,5.067,5.067,5.067,3.30%
1/18/1994,4.905,4.905,4.905,4.905,-2.99%
1/17/1994,5.056,5.056,5.056,5.056,0.94%
1/14/1994,5.009,5.009,5.009,5.009,0.56%
1/13/1994,4.981,4.981,4.981,4.981,0.24%
1/12/1994,4.969,4.969,4.969,4.969,-0.02%
1/11/1994,4.97,4.97,4.97,4.97,0.22%
1/10/1994,4.959,4.959,4.959,4.959,0.12%
1/7/1994,4.953,4.953,4.953,4.953,0.10%
1/6/1994,4.948,4.948,4.948,4.948,-0.12%
1/5/1994,4.954,4.954,4.954,4.954,-0.02%
1/4/1994,4.955,4.955,4.955,4.955,0.00%
1/3/1994,4.955,4.955,4.955,4.955,-0.12%
12/30/1993,4.961,4.961,4.961,4.961,-0.90%
12/29/1993,5.006,5.006,5.006,5.006,-0.46%
12/28/1993,5.029,5.029,5.029,5.029,-0.34%
12/27/1993,5.046,5.046,5.046,5.046,0.00%
12/24/1993,5.046,5.046,5.046,5.046,-0.12%
12/23/1993,5.052,5.052,5.052,5.052,-0.77%
12/22/1993,5.091,5.091,5.091,5.091,0.55%
12/21/1993,5.063,5.063,5.063,5.063,-0.45%
12/20/1993,5.086,5.086,5.086,5.086,0.34%
12/17/1993,5.069,5.069,5.069,5.069,-0.12%
12/16/1993,5.075,5.075,5.075,5.075,0.12%
12/15/1993,5.069,5.069,5.069,5.069,0.32%
12/14/1993,5.053,5.053,5.053,5.053,1.77%
12/13/1993,4.965,4.965,4.965,4.965,-0.12%
12/10/1993,4.971,4.971,4.971,4.971,-0.10%
12/9/1993,4.976,4.976,4.976,4.976,-1.09%
12/8/1993,5.031,5.031,5.031,5.031,-0.77%
12/7/1993,5.07,5.07,5.07,5.07,0.22%
12/6/1993,5.059,5.059,5.059,5.059,0.22%
12/3/1993,5.048,5.048,5.048,5.048,-0.22%
12/2/1993,5.059,5.059,5.059,5.059,-0.43%
12/1/1993,5.081,5.081,5.081,5.081,-0.74%
11/30/1993,5.119,5.119,5.119,5.119,0.85%
11/29/1993,5.076,5.076,5.076,5.076,-0.74%
11/26/1993,5.114,5.114,5.114,5.114,0.22%
11/25/1993,5.103,5.103,5.103,5.103,-0.43%
11/24/1993,5.125,5.125,5.125,5.125,-0.41%
11/23/1993,5.146,5.146,5.146,5.146,0.63%
11/22/1993,5.114,5.114,5.114,5.114,1.69%
11/19/1993,5.029,5.029,5.029,5.029,-0.10%
11/18/1993,5.034,5.034,5.034,5.034,-1.56%
11/17/1993,5.114,5.114,5.114,5.114,-0.43%
11/16/1993,5.136,5.136,5.136,5.136,-0.60%
11/15/1993,5.167,5.167,5.167,5.167,0.10%
11/12/1993,5.162,5.162,5.162,5.162,0.19%
11/11/1993,5.152,5.152,5.152,5.152,-0.60%
11/10/1993,5.183,5.183,5.183,5.183,-0.10%
11/9/1993,5.188,5.188,5.188,5.188,0.00%
11/8/1993,5.188,5.188,5.188,5.188,-1.41%
11/5/1993,5.262,5.262,5.262,5.262,-0.59%
11/4/1993,5.293,5.293,5.293,5.293,-0.09%
11/3/1993,5.298,5.298,5.298,5.298,-0.30%
11/2/1993,5.314,5.314,5.314,5.314,-0.09%
11/1/1993,5.319,5.319,5.319,5.319,-0.09%
10/29/1993,5.324,5.324,5.324,5.324,-0.47%
10/28/1993,5.349,5.349,5.349,5.349,0.58%
10/27/1993,5.318,5.318,5.318,5.318,-0.19%
10/26/1993,5.328,5.328,5.328,5.328,-0.67%
10/25/1993,5.364,5.364,5.364,5.364,0.58%
10/22/1993,5.333,5.333,5.333,5.333,-2.18%
10/21/1993,5.452,5.452,5.452,5.452,-0.27%
10/20/1993,5.467,5.467,5.467,5.467,-0.26%
10/19/1993,5.481,5.481,5.481,5.481,-0.18%
10/18/1993,5.491,5.491,5.491,5.491,-0.97%
10/15/1993,5.545,5.545,5.545,5.545,-0.40%
10/14/1993,5.567,5.567,5.567,5.567,-0.34%
10/13/1993,5.586,5.586,5.586,5.586,-0.30%
10/12/1993,5.603,5.603,5.603,5.603,0.02%
10/11/1993,5.602,5.602,5.602,5.602,-0.07%
10/8/1993,5.606,5.606,5.606,5.606,0.11%
10/7/1993,5.6,5.6,5.6,5.6,0.04%
10/6/1993,5.598,5.598,5.598,5.598,-0.48%
10/5/1993,5.625,5.625,5.625,5.625,-0.42%
10/4/1993,5.649,5.649,5.649,5.649,-0.07%
10/1/1993,5.653,5.653,5.653,5.653,-0.60%
9/30/1993,5.687,5.687,5.687,5.687,0.37%
9/29/1993,5.666,5.666,5.666,5.666,-0.51%
9/28/1993,5.695,5.695,5.695,5.695,-0.37%
9/27/1993,5.716,5.716,5.716,5.716,-0.68%
9/24/1993,5.755,5.755,5.755,5.755,0.52%
9/23/1993,5.725,5.725,5.725,5.725,0.42%
9/22/1993,5.701,5.701,5.701,5.701,0.96%
9/21/1993,5.647,5.647,5.647,5.647,-0.37%
9/20/1993,5.668,5.668,5.668,5.668,-0.39%
9/17/1993,5.69,5.69,5.69,5.69,-0.96%
9/16/1993,5.745,5.745,5.745,5.745,-0.07%
9/15/1993,5.749,5.749,5.749,5.749,0.35%
9/14/1993,5.729,5.729,5.729,5.729,0.12%
9/13/1993,5.722,5.722,5.722,5.722,1.01%
9/10/1993,5.665,5.665,5.665,5.665,-0.07%
9/9/1993,5.669,5.669,5.669,5.669,0.21%
9/8/1993,5.657,5.657,5.657,5.657,-0.23%
9/7/1993,5.67,5.67,5.67,5.67,-0.37%
9/6/1993,5.691,5.691,5.691,5.691,-0.28%
9/3/1993,5.707,5.707,5.707,5.707,-0.45%
9/2/1993,5.733,5.733,5.733,5.733,0.49%
9/1/1993,5.705,5.705,5.705,5.705,-0.23%
8/31/1993,5.718,5.718,5.718,5.718,-0.45%
8/30/1993,5.744,5.744,5.744,5.744,-0.07%
8/27/1993,5.748,5.748,5.748,5.748,-0.09%
8/26/1993,5.753,5.753,5.753,5.753,-0.19%
8/25/1993,5.764,5.764,5.764,5.764,-0.02%
8/24/1993,5.765,5.765,5.765,5.765,-0.09%
8/23/1993,5.77,5.77,5.77,5.77,-0.53%
8/20/1993,5.801,5.801,5.801,5.801,0.21%
8/19/1993,5.789,5.789,5.789,5.789,-0.07%
8/18/1993,5.793,5.793,5.793,5.793,0.43%
8/17/1993,5.768,5.768,5.768,5.768,-0.07%
8/16/1993,5.772,5.772,5.772,5.772,-0.26%
8/13/1993,5.787,5.787,5.787,5.787,0.68%
8/12/1993,5.748,5.748,5.748,5.748,-0.07%
8/11/1993,5.752,5.752,5.752,5.752,-0.31%
8/10/1993,5.77,5.77,5.77,5.77,-0.09%
8/9/1993,5.775,5.775,5.775,5.775,0.49%
8/6/1993,5.747,5.747,5.747,5.747,-1.27%
8/5/1993,5.821,5.821,5.821,5.821,-0.15%
8/4/1993,5.83,5.83,5.83,5.83,0.15%
8/3/1993,5.821,5.821,5.821,5.821,-0.89%
8/2/1993,5.873,5.873,5.873,5.873,-0.15%
7/30/1993,5.882,5.882,5.882,5.882,-0.34%
7/29/1993,5.902,5.902,5.902,5.902,-0.07%
7/28/1993,5.906,5.906,5.906,5.906,-0.94%
7/27/1993,5.962,5.962,5.962,5.962,0.20%
7/26/1993,5.95,5.95,5.95,5.95,-1.21%
7/23/1993,6.023,6.023,6.023,6.023,0.63%
7/22/1993,5.985,5.985,5.985,5.985,0.30%
7/21/1993,5.967,5.967,5.967,5.967,0.07%
7/20/1993,5.963,5.963,5.963,5.963,-0.60%
7/19/1993,5.999,5.999,5.999,5.999,-0.63%
7/16/1993,6.037,6.037,6.037,6.037,0.22%
7/15/1993,6.024,6.024,6.024,6.024,0.02%
7/14/1993,6.023,6.023,6.023,6.023,0.00%
7/13/1993,6.023,6.023,6.023,6.023,-0.35%
7/12/1993,6.044,6.044,6.044,6.044,-0.07%
7/9/1993,6.048,6.048,6.048,6.048,-0.90%
7/8/1993,6.103,6.103,6.103,6.103,0.21%
7/7/1993,6.09,6.09,6.09,6.09,-0.28%
7/6/1993,6.107,6.107,6.107,6.107,-0.07%
7/5/1993,6.111,6.111,6.111,6.111,0.58%
7/2/1993,6.076,6.076,6.076,6.076,-0.07%
7/1/1993,6.08,6.08,6.08,6.08,-0.96%
6/30/1993,6.139,6.139,6.139,6.139,-0.20%
6/29/1993,6.151,6.151,6.151,6.151,-1.13%
6/28/1993,6.221,6.221,6.221,6.221,-0.42%
6/25/1993,6.247,6.247,6.247,6.247,0.64%
6/24/1993,6.207,6.207,6.207,6.207,0.39%
6/23/1993,6.183,6.183,6.183,6.183,0.45%
6/22/1993,6.155,6.155,6.155,6.155,-0.06%
6/21/1993,6.159,6.159,6.159,6.159,-1.47%
6/18/1993,6.251,6.251,6.251,6.251,-0.67%
6/17/1993,6.293,6.293,6.293,6.293,-0.14%
6/16/1993,6.302,6.302,6.302,6.302,-0.25%
6/15/1993,6.318,6.318,6.318,6.318,-0.06%
6/14/1993,6.322,6.322,6.322,6.322,-0.91%
6/11/1993,6.38,6.38,6.38,6.38,0.95%
6/10/1993,6.32,6.32,6.32,6.32,-0.05%
6/9/1993,6.323,6.323,6.323,6.323,-0.41%
6/8/1993,6.349,6.349,6.349,6.349,-0.33%
6/7/1993,6.37,6.37,6.37,6.37,-0.11%
6/4/1993,6.377,6.377,6.377,6.377,-0.05%
6/3/1993,6.38,6.38,6.38,6.38,-0.85%
6/2/1993,6.435,6.435,6.435,6.435,-1.44%
6/1/1993,6.529,6.529,6.529,6.529,2.93%
5/28/1993,6.343,6.343,6.343,6.343,0.28%
5/27/1993,6.325,6.325,6.325,6.325,-0.06%
5/26/1993,6.329,6.329,6.329,6.329,-0.16%
5/25/1993,6.339,6.339,6.339,6.339,1.13%
5/24/1993,6.268,6.268,6.268,6.268,-0.05%
5/21/1993,6.271,6.271,6.271,6.271,0.66%
5/20/1993,6.23,6.23,6.23,6.23,0.50%
5/19/1993,6.199,6.199,6.199,6.199,1.08%
5/18/1993,6.133,6.133,6.133,6.133,1.05%
5/17/1993,6.069,6.069,6.069,6.069,0.25%
5/14/1993,6.054,6.054,6.054,6.054,-0.05%
5/13/1993,6.057,6.057,6.057,6.057,-1.09%
5/12/1993,6.124,6.124,6.124,6.124,-1.45%
5/11/1993,6.214,6.214,6.214,6.214,-0.32%
5/10/1993,6.234,6.234,6.234,6.234,0.68%
5/7/1993,6.192,6.192,6.192,6.192,-0.06%
5/6/1993,6.196,6.196,6.196,6.196,-0.51%
5/5/1993,6.228,6.228,6.228,6.228,-0.34%
5/4/1993,6.249,6.249,6.249,6.249,-1.22%
5/3/1993,6.326,6.326,6.326,6.326,-0.05%
4/30/1993,6.329,6.329,6.329,6.329,0.30%
4/29/1993,6.31,6.31,6.31,6.31,0.67%
4/28/1993,6.268,6.268,6.268,6.268,-0.16%
4/27/1993,6.278,6.278,6.278,6.278,0.66%
4/26/1993,6.237,6.237,6.237,6.237,-0.05%
4/23/1993,6.24,6.24,6.24,6.24,0.31%
4/22/1993,6.221,6.221,6.221,6.221,-0.50%
4/21/1993,6.252,6.252,6.252,6.252,0.55%
4/20/1993,6.218,6.218,6.218,6.218,0.40%
4/19/1993,6.193,6.193,6.193,6.193,0.47%
4/16/1993,6.164,6.164,6.164,6.164,0.57%
4/15/1993,6.129,6.129,6.129,6.129,0.13%
4/14/1993,6.121,6.121,6.121,6.121,-0.16%
4/13/1993,6.131,6.131,6.131,6.131,-0.63%
4/12/1993,6.17,6.17,6.17,6.17,-0.05%
4/8/1993,6.173,6.173,6.173,6.173,-0.32%
4/7/1993,6.193,6.193,6.193,6.193,-0.15%
4/6/1993,6.202,6.202,6.202,6.202,-0.78%
4/5/1993,6.251,6.251,6.251,6.251,0.13%
4/2/1993,6.243,6.243,6.243,6.243,0.55%
4/1/1993,6.209,6.209,6.209,6.209,0.83%
3/31/1993,6.158,6.158,6.158,6.158,-0.16%
3/30/1993,6.168,6.168,6.168,6.168,-0.66%
3/29/1993,6.209,6.209,6.209,6.209,-0.05%
3/26/1993,6.212,6.212,6.212,6.212,-1.04%
3/25/1993,6.277,6.277,6.277,6.277,1.34%
3/24/1993,6.194,6.194,6.194,6.194,-0.08%
3/23/1993,6.199,6.199,6.199,6.199,1.52%
3/22/1993,6.106,6.106,6.106,6.106,-0.07%
3/19/1993,6.11,6.11,6.11,6.11,0.83%
3/18/1993,6.06,6.06,6.06,6.06,-0.07%
3/17/1993,6.064,6.064,6.064,6.064,-0.13%
3/16/1993,6.072,6.072,6.072,6.072,-0.05%
3/15/1993,6.075,6.075,6.075,6.075,0.05%
3/12/1993,6.072,6.072,6.072,6.072,0.23%
3/11/1993,6.058,6.058,6.058,6.058,-0.33%
3/10/1993,6.078,6.078,6.078,6.078,-0.93%
3/9/1993,6.135,6.135,6.135,6.135,-0.05%
3/8/1993,6.138,6.138,6.138,6.138,-0.49%
3/5/1993,6.168,6.168,6.168,6.168,-1.80%
3/4/1993,6.281,6.281,6.281,6.281,-0.13%
3/3/1993,6.289,6.289,6.289,6.289,0.75%
3/2/1993,6.242,6.242,6.242,6.242,-0.03%
3/1/1993,6.244,6.244,6.244,6.244,-1.42%
2/26/1993,6.334,6.334,6.334,6.334,-1.57%
2/25/1993,6.435,6.435,6.435,6.435,-1.36%
2/24/1993,6.524,6.524,6.524,6.524,2.19%
2/23/1993,6.384,6.384,6.384,6.384,-0.03%
2/22/1993,6.386,6.386,6.386,6.386,-1.59%
2/19/1993,6.489,6.489,6.489,6.489,-1.22%
2/18/1993,6.569,6.569,6.569,6.569,-0.38%
2/17/1993,6.594,6.594,6.594,6.594,-0.74%
2/16/1993,6.643,6.643,6.643,6.643,-0.54%
2/15/1993,6.679,6.679,6.679,6.679,0.33%
2/12/1993,6.657,6.657,6.657,6.657,-0.03%
2/11/1993,6.659,6.659,6.659,6.659,0.32%
2/10/1993,6.638,6.638,6.638,6.638,-0.06%
2/9/1993,6.642,6.642,6.642,6.642,-0.20%
2/8/1993,6.655,6.655,6.655,6.655,-0.11%
2/5/1993,6.662,6.662,6.662,6.662,-2.07%
2/4/1993,6.803,6.803,6.803,6.803,0.15%
2/3/1993,6.793,6.793,6.793,6.793,-0.38%
2/2/1993,6.819,6.819,6.819,6.819,-1.23%
2/1/1993,6.904,6.904,6.904,6.904,-1.06%
1/29/1993,6.978,6.978,6.978,6.978,-0.73%
1/28/1993,7.029,7.029,7.029,7.029,0.30%
1/27/1993,7.008,7.008,7.008,7.008,-0.03%
1/26/1993,7.01,7.01,7.01,7.01,0.86%
1/25/1993,6.95,6.95,6.95,6.95,0.14%
1/22/1993,6.94,6.94,6.94,6.94,0.55%
1/21/1993,6.902,6.902,6.902,6.902,0.38%
1/20/1993,6.876,6.876,6.876,6.876,0.12%
1/19/1993,6.868,6.868,6.868,6.868,-0.33%
1/18/1993,6.891,6.891,6.891,6.891,0.29%
1/15/1993,6.871,6.871,6.871,6.871,-0.09%
1/14/1993,6.877,6.877,6.877,6.877,0.00%
1/13/1993,6.877,6.877,6.877,6.877,-0.01%
1/12/1993,6.878,6.878,6.878,6.878,0.23%
1/11/1993,6.862,6.862,6.862,6.862,-0.41%
1/8/1993,6.89,6.89,6.89,6.89,-0.86%
1/7/1993,6.95,6.95,6.95,6.95,-0.39%
1/6/1993,6.977,6.977,6.977,6.977,0.37%
1/5/1993,6.951,6.951,6.951,6.951,-2.59%
1/4/1993,7.136,7.136,7.136,7.136,-0.56%
1/1/1993,7.176,7.176,7.176,7.176,0.00%
12/31/1992,7.176,7.176,7.176,7.176,0.00%
12/30/1992,7.176,7.176,7.176,7.176,-0.40%
12/29/1992,7.205,7.205,7.205,7.205,-0.15%
12/28/1992,7.216,7.216,7.216,7.216,-0.40%
12/25/1992,7.245,7.245,7.245,7.245,0.00%
12/24/1992,7.245,7.245,7.245,7.245,-0.01%
12/23/1992,7.246,7.246,7.246,7.246,-0.17%
12/22/1992,7.258,7.258,7.258,7.258,-1.00%
12/21/1992,7.331,7.331,7.331,7.331,-0.39%
12/18/1992,7.36,7.36,7.36,7.36,-1.31%
12/17/1992,7.458,7.458,7.458,7.458,0.40%
12/16/1992,7.428,7.428,7.428,7.428,0.01%
12/15/1992,7.427,7.427,7.427,7.427,0.16%
12/14/1992,7.415,7.415,7.415,7.415,0.46%
12/11/1992,7.381,7.381,7.381,7.381,0.00%
12/10/1992,7.381,7.381,7.381,7.381,-0.07%
12/9/1992,7.386,7.386,7.386,7.386,1.23%
12/8/1992,7.296,7.296,7.296,7.296,0.08%
12/7/1992,7.29,7.29,7.29,7.29,-0.07%
12/4/1992,7.295,7.295,7.295,7.295,-0.88%
12/3/1992,7.36,7.36,7.36,7.36,-1.04%
12/2/1992,7.437,7.437,7.437,7.437,1.36%
12/1/1992,7.337,7.337,7.337,7.337,0.91%
11/30/1992,7.271,7.271,7.271,7.271,0.99%
11/27/1992,7.2,7.2,7.2,7.2,0.84%
11/26/1992,7.14,7.14,7.14,7.14,0.00%
11/25/1992,7.14,7.14,7.14,7.14,0.31%
11/24/1992,7.118,7.118,7.118,7.118,0.00%
11/23/1992,7.118,7.118,7.118,7.118,-0.22%
11/20/1992,7.134,7.134,7.134,7.134,-2.06%
11/19/1992,7.284,7.284,7.284,7.284,-1.30%
11/18/1992,7.38,7.38,7.38,7.38,-0.05%
11/17/1992,7.384,7.384,7.384,7.384,0.52%
11/16/1992,7.346,7.346,7.346,7.346,0.59%
11/13/1992,7.303,7.303,7.303,7.303,0.30%
11/12/1992,7.281,7.281,7.281,7.281,-0.14%
11/11/1992,7.291,7.291,7.291,7.291,1.18%
11/10/1992,7.206,7.206,7.206,7.206,0.15%
11/9/1992,7.195,7.195,7.195,7.195,0.00%
11/6/1992,7.195,7.195,7.195,7.195,-1.37%
11/5/1992,7.295,7.295,7.295,7.295,-0.36%
11/4/1992,7.321,7.321,7.321,7.321,-0.34%
11/3/1992,7.346,7.346,7.346,7.346,-1.41%
11/2/1992,7.451,7.451,7.451,7.451,1.87%
10/30/1992,7.314,7.314,7.314,7.314,0.01%
10/29/1992,7.313,7.313,7.313,7.313,1.23%
10/28/1992,7.224,7.224,7.224,7.224,0.95%
10/27/1992,7.156,7.156,7.156,7.156,0.00%
10/26/1992,7.156,7.156,7.156,7.156,-0.18%
10/23/1992,7.169,7.169,7.169,7.169,-0.32%
10/22/1992,7.192,7.192,7.192,7.192,0.66%
10/21/1992,7.145,7.145,7.145,7.145,-0.71%
10/20/1992,7.196,7.196,7.196,7.196,-2.93%
10/19/1992,7.413,7.413,7.413,7.413,0.71%
10/16/1992,7.361,7.361,7.361,7.361,-4.10%
10/15/1992,7.676,7.676,7.676,7.676,0.08%
10/14/1992,7.67,7.67,7.67,7.67,-0.25%
10/13/1992,7.689,7.689,7.689,7.689,0.35%
10/12/1992,7.662,7.662,7.662,7.662,0.00%
10/9/1992,7.662,7.662,7.662,7.662,0.14%
10/8/1992,7.651,7.651,7.651,7.651,0.01%
10/7/1992,7.65,7.65,7.65,7.65,-0.83%
10/6/1992,7.714,7.714,7.714,7.714,-0.32%
10/5/1992,7.739,7.739,7.739,7.739,-2.43%
10/2/1992,7.932,7.932,7.932,7.932,-0.08%
10/1/1992,7.938,7.938,7.938,7.938,-2.28%
9/30/1992,8.123,8.123,8.123,8.123,-0.09%
9/29/1992,8.13,8.13,8.13,8.13,0.72%
9/28/1992,8.072,8.072,8.072,8.072,0.98%
9/25/1992,7.994,7.994,7.994,7.994,0.28%
9/24/1992,7.972,7.972,7.972,7.972,0.08%
9/23/1992,7.966,7.966,7.966,7.966,-2.16%
9/22/1992,8.142,8.142,8.142,8.142,-0.35%
9/21/1992,8.171,8.171,8.171,8.171,-1.58%
9/18/1992,8.302,8.302,8.302,8.302,-0.94%
9/17/1992,8.381,8.381,8.381,8.381,0.32%
9/16/1992,8.354,8.354,8.354,8.354,-3.18%
9/15/1992,8.628,8.628,8.628,8.628,-0.40%
9/14/1992,8.663,8.663,8.663,8.663,-3.67%
9/11/1992,8.993,8.993,8.993,8.993,-0.31%
9/10/1992,9.021,9.021,9.021,9.021,0.31%
9/9/1992,8.993,8.993,8.993,8.993,0.09%
9/8/1992,8.985,8.985,8.985,8.985,-0.73%
9/7/1992,9.051,9.051,9.051,9.051,-0.58%
9/4/1992,9.104,9.104,9.104,9.104,-0.37%
9/3/1992,9.138,9.138,9.138,9.138,0.03%
9/2/1992,9.135,9.135,9.135,9.135,0.02%
9/1/1992,9.133,9.133,9.133,9.133,0.03%
8/31/1992,9.13,9.13,9.13,9.13,0.72%
8/28/1992,9.065,9.065,9.065,9.065,0.03%
8/27/1992,9.062,9.062,9.062,9.062,0.71%
8/26/1992,8.998,8.998,8.998,8.998,0.27%
8/25/1992,8.974,8.974,8.974,8.974,0.03%
8/24/1992,8.971,8.971,8.971,8.971,-0.11%
8/21/1992,8.981,8.981,8.981,8.981,-0.58%
8/20/1992,9.033,9.033,9.033,9.033,-0.57%
8/19/1992,9.085,9.085,9.085,9.085,0.09%
8/18/1992,9.077,9.077,9.077,9.077,0.03%
8/17/1992,9.074,9.074,9.074,9.074,-0.24%
8/14/1992,9.096,9.096,9.096,9.096,-0.30%
8/13/1992,9.123,9.123,9.123,9.123,0.43%
8/12/1992,9.084,9.084,9.084,9.084,0.50%
8/11/1992,9.039,9.039,9.039,9.039,0.02%
8/10/1992,9.037,9.037,9.037,9.037,-0.17%
8/7/1992,9.052,9.052,9.052,9.052,-0.57%
8/6/1992,9.104,9.104,9.104,9.104,-0.43%
8/5/1992,9.143,9.143,9.143,9.143,0.09%
8/4/1992,9.135,9.135,9.135,9.135,-0.10%
8/3/1992,9.144,9.144,9.144,9.144,0.69%
7/31/1992,9.081,9.081,9.081,9.081,0.22%
7/30/1992,9.061,9.061,9.061,9.061,0.37%
7/29/1992,9.028,9.028,9.028,9.028,0.08%
7/28/1992,9.021,9.021,9.021,9.021,-0.25%
7/27/1992,9.044,9.044,9.044,9.044,0.02%
7/24/1992,9.042,9.042,9.042,9.042,-0.23%
7/23/1992,9.063,9.063,9.063,9.063,-0.23%
7/22/1992,9.084,9.084,9.084,9.084,-0.18%
7/21/1992,9.1,9.1,9.1,9.1,0.75%
7/20/1992,9.032,9.032,9.032,9.032,-0.28%
7/17/1992,9.057,9.057,9.057,9.057,0.04%
7/16/1992,9.053,9.053,9.053,9.053,0.54%
7/15/1992,9.004,9.004,9.004,9.004,0.10%
7/14/1992,8.995,8.995,8.995,8.995,0.84%
7/13/1992,8.92,8.92,8.92,8.92,0.03%
7/10/1992,8.917,8.917,8.917,8.917,-0.03%
7/9/1992,8.92,8.92,8.92,8.92,-0.40%
7/8/1992,8.956,8.956,8.956,8.956,-0.04%
7/7/1992,8.96,8.96,8.96,8.96,-0.11%
7/6/1992,8.97,8.97,8.97,8.97,0.39%
7/3/1992,8.935,8.935,8.935,8.935,0.10%
7/2/1992,8.926,8.926,8.926,8.926,-0.76%
7/1/1992,8.994,8.994,8.994,8.994,0.03%
6/30/1992,8.991,8.991,8.991,8.991,0.18%
6/29/1992,8.975,8.975,8.975,8.975,-0.26%
6/26/1992,8.998,8.998,8.998,8.998,-0.25%
6/25/1992,9.021,9.021,9.021,9.021,0.18%
6/24/1992,9.005,9.005,9.005,9.005,-0.04%
6/23/1992,9.009,9.009,9.009,9.009,0.67%
6/22/1992,8.949,8.949,8.949,8.949,0.03%
6/19/1992,8.946,8.946,8.946,8.946,-0.15%
6/18/1992,8.959,8.959,8.959,8.959,0.18%
6/17/1992,8.943,8.943,8.943,8.943,0.38%
6/16/1992,8.909,8.909,8.909,8.909,0.10%
6/15/1992,8.9,8.9,8.9,8.9,0.20%
6/12/1992,8.882,8.882,8.882,8.882,0.32%
6/11/1992,8.854,8.854,8.854,8.854,-0.26%
6/10/1992,8.877,8.877,8.877,8.877,-0.19%
6/9/1992,8.894,8.894,8.894,8.894,-0.13%
6/8/1992,8.906,8.906,8.906,8.906,-0.04%
6/5/1992,8.91,8.91,8.91,8.91,-0.31%
6/4/1992,8.938,8.938,8.938,8.938,0.30%
6/3/1992,8.911,8.911,8.911,8.911,0.34%
6/2/1992,8.881,8.881,8.881,8.881,0.59%
6/1/1992,8.829,8.829,8.829,8.829,0.02%
5/29/1992,8.827,8.827,8.827,8.827,-0.28%
5/28/1992,8.852,8.852,8.852,8.852,0.32%
5/27/1992,8.824,8.824,8.824,8.824,0.65%
5/26/1992,8.767,8.767,8.767,8.767,0.34%
5/25/1992,8.737,8.737,8.737,8.737,-0.16%
5/22/1992,8.751,8.751,8.751,8.751,-0.39%
5/21/1992,8.785,8.785,8.785,8.785,-0.59%
5/20/1992,8.837,8.837,8.837,8.837,-0.39%
5/19/1992,8.872,8.872,8.872,8.872,0.09%
5/18/1992,8.864,8.864,8.864,8.864,-0.45%
5/15/1992,8.904,8.904,8.904,8.904,0.37%
5/14/1992,8.871,8.871,8.871,8.871,0.10%
5/13/1992,8.862,8.862,8.862,8.862,-0.39%
5/12/1992,8.897,8.897,8.897,8.897,-0.25%
5/11/1992,8.919,8.919,8.919,8.919,0.37%
5/8/1992,8.886,8.886,8.886,8.886,0.02%
5/7/1992,8.884,8.884,8.884,8.884,-0.37%
5/6/1992,8.917,8.917,8.917,8.917,-0.32%
5/5/1992,8.946,8.946,8.946,8.946,0.30%
5/4/1992,8.919,8.919,8.919,8.919,0.00%
5/1/1992,8.919,8.919,8.919,8.919,-0.18%
4/30/1992,8.935,8.935,8.935,8.935,0.24%
4/29/1992,8.914,8.914,8.914,8.914,-0.18%
4/28/1992,8.93,8.93,8.93,8.93,0.52%
4/27/1992,8.884,8.884,8.884,8.884,0.16%
4/24/1992,8.87,8.87,8.87,8.87,1.85%
4/23/1992,8.709,8.709,8.709,8.709,-0.17%
4/22/1992,8.724,8.724,8.724,8.724,0.35%
4/21/1992,8.694,8.694,8.694,8.694,0.09%
4/16/1992,8.686,8.686,8.686,8.686,0.18%
4/15/1992,8.67,8.67,8.67,8.67,-0.24%
4/13/1992,8.691,8.691,8.691,8.691,-0.03%
4/10/1992,8.694,8.694,8.694,8.694,-0.71%
4/9/1992,8.756,8.756,8.756,8.756,-0.34%
4/8/1992,8.786,8.786,8.786,8.786,-0.48%
4/7/1992,8.828,8.828,8.828,8.828,-0.48%
4/6/1992,8.871,8.871,8.871,8.871,-1.05%
4/3/1992,8.965,8.965,8.965,8.965,0.19%
4/2/1992,8.948,8.948,8.948,8.948,1.05%
4/1/1992,8.855,8.855,8.855,8.855,0.05%
3/31/1992,8.851,8.851,8.851,8.851,-0.19%
3/30/1992,8.868,8.868,8.868,8.868,-0.39%
3/27/1992,8.903,8.903,8.903,8.903,0.18%
3/26/1992,8.887,8.887,8.887,8.887,0.08%
3/25/1992,8.88,8.88,8.88,8.88,-0.05%
3/24/1992,8.884,8.884,8.884,8.884,1.06%
3/23/1992,8.791,8.791,8.791,8.791,0.54%
3/20/1992,8.744,8.744,8.744,8.744,0.25%
3/19/1992,8.722,8.722,8.722,8.722,0.62%
3/18/1992,8.668,8.668,8.668,8.668,0.09%
3/17/1992,8.66,8.66,8.66,8.66,0.03%
3/16/1992,8.657,8.657,8.657,8.657,0.91%
3/13/1992,8.579,8.579,8.579,8.579,-0.12%
3/12/1992,8.589,8.589,8.589,8.589,0.47%
3/11/1992,8.549,8.549,8.549,8.549,0.16%
3/10/1992,8.535,8.535,8.535,8.535,-0.62%
3/9/1992,8.588,8.588,8.588,8.588,-0.41%
3/6/1992,8.623,8.623,8.623,8.623,0.24%
3/5/1992,8.602,8.602,8.602,8.602,0.26%
3/4/1992,8.58,8.58,8.58,8.58,-0.20%
3/3/1992,8.597,8.597,8.597,8.597,0.39%
3/2/1992,8.564,8.564,8.564,8.564,0.04%
2/28/1992,8.561,8.561,8.561,8.561,0.16%
2/27/1992,8.547,8.547,8.547,8.547,0.83%
2/26/1992,8.477,8.477,8.477,8.477,-0.53%
2/25/1992,8.522,8.522,8.522,8.522,-0.33%
2/24/1992,8.55,8.55,8.55,8.55,-0.47%
2/21/1992,8.59,8.59,8.59,8.59,-0.19%
2/20/1992,8.606,8.606,8.606,8.606,-0.38%
2/19/1992,8.639,8.639,8.639,8.639,0.01%
2/18/1992,8.638,8.638,8.638,8.638,-0.10%
2/17/1992,8.647,8.647,8.647,8.647,0.23%
2/14/1992,8.627,8.627,8.627,8.627,0.03%
2/13/1992,8.624,8.624,8.624,8.624,-0.05%
2/12/1992,8.628,8.628,8.628,8.628,0.09%
2/11/1992,8.62,8.62,8.62,8.62,-0.52%
2/10/1992,8.665,8.665,8.665,8.665,0.02%
2/7/1992,8.663,8.663,8.663,8.663,-0.03%
2/6/1992,8.666,8.666,8.666,8.666,0.58%
2/5/1992,8.616,8.616,8.616,8.616,-0.39%
2/4/1992,8.65,8.65,8.65,8.65,1.21%
2/3/1992,8.547,8.547,8.547,8.547,-0.18%
1/31/1992,8.562,8.562,8.562,8.562,0.79%
1/30/1992,8.495,8.495,8.495,8.495,0.09%
1/29/1992,8.487,8.487,8.487,8.487,-0.40%
1/28/1992,8.521,8.521,8.521,8.521,-0.07%
1/27/1992,8.527,8.527,8.527,8.527,0.02%
1/24/1992,8.525,8.525,8.525,8.525,0.16%
1/23/1992,8.511,8.511,8.511,8.511,0.94%
1/22/1992,8.432,8.432,8.432,8.432,-1.09%
1/21/1992,8.525,8.525,8.525,8.525,-1.33%
1/20/1992,8.64,8.64,8.64,8.64,-1.72%
1/17/1992,8.791,8.791,8.791,8.791,-0.19%
1/16/1992,8.808,8.808,8.808,8.808,0.16%
1/15/1992,8.794,8.794,8.794,8.794,-0.19%
1/14/1992,8.811,8.811,8.811,8.811,-0.11%
1/13/1992,8.821,8.821,8.821,8.821,0.46%
1/10/1992,8.781,8.781,8.781,8.781,-0.76%
1/9/1992,8.848,8.848,8.848,8.848,-0.81%
1/8/1992,8.92,8.92,8.92,8.92,0.62%
1/7/1992,8.865,8.865,8.865,8.865,-0.43%
1/6/1992,8.903,8.903,8.903,8.903,-1.62%
12/30/1991,9.05,9.05,9.05,9.05,0.06%
12/27/1991,9.045,9.045,9.045,9.045,0.11%
12/23/1991,9.035,9.035,9.035,9.035,0.16%
12/20/1991,9.021,9.021,9.021,9.021,1.15%
12/19/1991,8.918,8.918,8.918,8.918,0.54%
12/18/1991,8.87,8.87,8.87,8.87,-0.57%
12/17/1991,8.921,8.921,8.921,8.921,-0.80%
12/16/1991,8.993,8.993,8.993,8.993,-0.33%
12/13/1991,9.023,9.023,9.023,9.023,-0.49%
12/12/1991,9.067,9.067,9.067,9.067,-0.37%
12/11/1991,9.101,9.101,9.101,9.101,0.05%
12/10/1991,9.096,9.096,9.096,9.096,-0.18%
12/9/1991,9.112,9.112,9.112,9.112,0.20%
12/6/1991,9.094,9.094,9.094,9.094,0.06%
12/5/1991,9.089,9.089,9.089,9.089,0.30%
12/4/1991,9.062,9.062,9.062,9.062,0.06%
12/3/1991,9.057,9.057,9.057,9.057,-0.10%
12/2/1991,9.066,9.066,9.066,9.066,0.20%
11/29/1991,9.048,9.048,9.048,9.048,0.06%
11/28/1991,9.043,9.043,9.043,9.043,0.52%
11/27/1991,8.996,8.996,8.996,8.996,0.27%
11/26/1991,8.972,8.972,8.972,8.972,0.28%
11/25/1991,8.947,8.947,8.947,8.947,0.27%
11/22/1991,8.923,8.923,8.923,8.923,0.06%
11/21/1991,8.918,8.918,8.918,8.918,0.26%
11/19/1991,8.895,8.895,8.895,8.895,0.04%
11/18/1991,8.891,8.891,8.891,8.891,-0.10%
11/15/1991,8.9,8.9,8.9,8.9,-0.25%
11/14/1991,8.922,8.922,8.922,8.922,0.07%
11/13/1991,8.916,8.916,8.916,8.916,-0.03%
11/12/1991,8.919,8.919,8.919,8.919,-0.31%
11/11/1991,8.947,8.947,8.947,8.947,-0.18%
11/8/1991,8.963,8.963,8.963,8.963,-0.83%
11/7/1991,9.038,9.038,9.038,9.038,-0.07%
11/6/1991,9.044,9.044,9.044,9.044,0.04%
11/5/1991,9.04,9.04,9.04,9.04,0.27%
11/4/1991,9.016,9.016,9.016,9.016,0.04%
11/1/1991,9.012,9.012,9.012,9.012,0.04%
10/31/1991,9.008,9.008,9.008,9.008,0.28%
10/30/1991,8.983,8.983,8.983,8.983,-0.23%
10/29/1991,9.004,9.004,9.004,9.004,0.00%
10/28/1991,9.004,9.004,9.004,9.004,0.76%
10/25/1991,8.936,8.936,8.936,8.936,0.04%
10/24/1991,8.932,8.932,8.932,8.932,-0.08%
10/23/1991,8.939,8.939,8.939,8.939,-0.17%
10/22/1991,8.954,8.954,8.954,8.954,0.19%
10/21/1991,8.937,8.937,8.937,8.937,0.19%
10/18/1991,8.92,8.92,8.92,8.92,0.04%
10/17/1991,8.916,8.916,8.916,8.916,-0.09%
10/16/1991,8.924,8.924,8.924,8.924,0.26%
10/15/1991,8.901,8.901,8.901,8.901,-0.02%
10/14/1991,8.903,8.903,8.903,8.903,0.04%
10/11/1991,8.899,8.899,8.899,8.899,-0.03%
10/10/1991,8.902,8.902,8.902,8.902,-0.01%
10/9/1991,8.903,8.903,8.903,8.903,0.26%
10/8/1991,8.88,8.88,8.88,8.88,0.11%
10/7/1991,8.87,8.87,8.87,8.87,-0.45%
10/4/1991,8.91,8.91,8.91,8.91,-0.17%
10/2/1991,8.925,8.925,8.925,8.925,-0.16%
10/1/1991,8.939,8.939,8.939,8.939,-0.19%
9/30/1991,8.956,8.956,8.956,8.956,-0.03%
9/27/1991,8.959,8.959,8.959,8.959,-0.02%
9/26/1991,8.961,8.961,8.961,8.961,0.20%
9/25/1991,8.943,8.943,8.943,8.943,-0.10%
9/24/1991,8.952,8.952,8.952,8.952,-0.23%
9/23/1991,8.973,8.973,8.973,8.973,0.59%
9/20/1991,8.92,8.92,8.92,8.92,-0.17%
9/19/1991,8.935,8.935,8.935,8.935,0.47%
9/18/1991,8.893,8.893,8.893,8.893,0.11%
9/17/1991,8.883,8.883,8.883,8.883,0.11%
9/16/1991,8.873,8.873,8.873,8.873,0.03%
9/13/1991,8.87,8.87,8.87,8.87,-0.30%
9/12/1991,8.897,8.897,8.897,8.897,-0.08%
9/11/1991,8.904,8.904,8.904,8.904,0.04%
9/10/1991,8.9,8.9,8.9,8.9,-0.10%
9/9/1991,8.909,8.909,8.909,8.909,-0.44%
9/6/1991,8.948,8.948,8.948,8.948,0.18%
9/5/1991,8.932,8.932,8.932,8.932,0.12%
9/4/1991,8.921,8.921,8.921,8.921,0.03%
9/3/1991,8.918,8.918,8.918,8.918,-0.16%
9/2/1991,8.932,8.932,8.932,8.932,0.30%
8/30/1991,8.905,8.905,8.905,8.905,0.18%
8/29/1991,8.889,8.889,8.889,8.889,-0.26%
8/28/1991,8.912,8.912,8.912,8.912,-0.16%
8/27/1991,8.926,8.926,8.926,8.926,-0.57%
8/26/1991,8.977,8.977,8.977,8.977,0.04%
8/23/1991,8.973,8.973,8.973,8.973,0.30%
8/22/1991,8.946,8.946,8.946,8.946,-0.86%
8/21/1991,9.024,9.024,9.024,9.024,-0.35%
8/20/1991,9.056,9.056,9.056,9.056,4.71%
8/19/1991,8.649,8.649,8.649,8.649,0.45%
8/16/1991,8.61,8.61,8.61,8.61,0.00%
8/14/1991,8.61,8.61,8.61,8.61,-0.10%
8/13/1991,8.619,8.619,8.619,8.619,0.06%
8/12/1991,8.614,8.614,8.614,8.614,0.06%
8/9/1991,8.609,8.609,8.609,8.609,0.44%
8/8/1991,8.571,8.571,8.571,8.571,-0.59%
8/7/1991,8.622,8.622,8.622,8.622,-0.10%
8/6/1991,8.631,8.631,8.631,8.631,-0.16%
8/5/1991,8.645,8.645,8.645,8.645,-0.32%
8/2/1991,8.673,8.673,8.673,8.673,-0.69%
8/1/1991,8.733,8.733,8.733,8.733,0.06%
7/29/1991,8.728,8.728,8.728,8.728,0.00%
7/26/1991,8.728,8.728,8.728,8.728,0.06%
7/25/1991,8.723,8.723,8.723,8.723,0.01%
7/24/1991,8.722,8.722,8.722,8.722,0.38%
7/18/1991,8.689,8.689,8.689,8.689,0.16%
7/17/1991,8.675,8.675,8.675,8.675,0.06%
7/16/1991,8.67,8.67,8.67,8.67,0.27%
7/15/1991,8.647,8.647,8.647,8.647,0.06%
7/12/1991,8.642,8.642,8.642,8.642,0.06%
7/11/1991,8.637,8.637,8.637,8.637,0.52%
7/10/1991,8.592,8.592,8.592,8.592,0.06%
7/9/1991,8.587,8.587,8.587,8.587,0.79%
7/8/1991,8.52,8.52,8.52,8.52,0.20%
7/5/1991,8.503,8.503,8.503,8.503,0.06%
7/4/1991,8.498,8.498,8.498,8.498,0.05%
7/2/1991,8.494,8.494,8.494,8.494,0.06%
7/1/1991,8.489,8.489,8.489,8.489,0.05%
6/28/1991,8.485,8.485,8.485,8.485,0.94%
6/26/1991,8.406,8.406,8.406,8.406,0.05%
6/25/1991,8.402,8.402,8.402,8.402,0.05%
6/24/1991,8.398,8.398,8.398,8.398,0.05%
6/21/1991,8.394,8.394,8.394,8.394,-0.02%
6/20/1991,8.396,8.396,8.396,8.396,-0.14%
6/19/1991,8.408,8.408,8.408,8.408,-0.10%
6/18/1991,8.416,8.416,8.416,8.416,-0.17%
6/17/1991,8.43,8.43,8.43,8.43,-0.09%
6/14/1991,8.438,8.438,8.438,8.438,-0.09%
6/13/1991,8.446,8.446,8.446,8.446,0.14%
6/12/1991,8.434,8.434,8.434,8.434,-0.02%
6/11/1991,8.436,8.436,8.436,8.436,-0.17%
6/10/1991,8.45,8.45,8.45,8.45,0.05%
6/7/1991,8.446,8.446,8.446,8.446,-0.09%
6/6/1991,8.454,8.454,8.454,8.454,0.28%
6/5/1991,8.43,8.43,8.43,8.43,-0.08%
6/4/1991,8.437,8.437,8.437,8.437,0.40%
6/3/1991,8.403,8.403,8.403,8.403,0.04%
5/31/1991,8.4,8.4,8.4,8.4,0.05%
5/29/1991,8.396,8.396,8.396,8.396,-0.56%
5/28/1991,8.443,8.443,8.443,8.443,-0.45%
5/27/1991,8.481,8.481,8.481,8.481,0.19%
5/24/1991,8.465,8.465,8.465,8.465,-0.09%
5/23/1991,8.473,8.473,8.473,8.473,3.76%
5/22/1991,8.166,8.166,8.166,8.166,-3.30%
5/21/1991,8.445,8.445,8.445,8.445,-2.73%
5/17/1991,8.682,8.682,8.682,8.682,-0.01%
5/16/1991,8.683,8.683,8.683,8.683,0.68%
5/15/1991,8.624,8.624,8.624,8.624,-0.39%
5/14/1991,8.658,8.658,8.658,8.658,0.13%
5/13/1991,8.647,8.647,8.647,8.647,0.06%
5/10/1991,8.642,8.642,8.642,8.642,0.06%
5/8/1991,8.637,8.637,8.637,8.637,-0.21%
5/7/1991,8.655,8.655,8.655,8.655,0.49%
5/6/1991,8.613,8.613,8.613,8.613,-0.69%
5/3/1991,8.673,8.673,8.673,8.673,-0.32%
5/2/1991,8.701,8.701,8.701,8.701,-0.13%
4/30/1991,8.712,8.712,8.712,8.712,-0.24%
4/29/1991,8.733,8.733,8.733,8.733,-0.26%
4/26/1991,8.756,8.756,8.756,8.756,0.06%
4/25/1991,8.751,8.751,8.751,8.751,0.24%
4/24/1991,8.73,8.73,8.73,8.73,-0.01%
4/23/1991,8.731,8.731,8.731,8.731,-0.24%
4/22/1991,8.752,8.752,8.752,8.752,1.10%
4/19/1991,8.657,8.657,8.657,8.657,1.02%
4/18/1991,8.57,8.57,8.57,8.57,-0.43%
4/17/1991,8.607,8.607,8.607,8.607,0.06%
4/16/1991,8.602,8.602,8.602,8.602,-0.09%
4/15/1991,8.61,8.61,8.61,8.61,-0.09%
4/12/1991,8.618,8.618,8.618,8.618,0.05%
4/11/1991,8.614,8.614,8.614,8.614,0.01%
4/10/1991,8.613,8.613,8.613,8.613,-0.01%
4/9/1991,8.614,8.614,8.614,8.614,0.05%
4/8/1991,8.61,8.61,8.61,8.61,0.13%
4/5/1991,8.599,8.599,8.599,8.599,-0.38%
4/4/1991,8.632,8.632,8.632,8.632,-0.50%
4/3/1991,8.675,8.675,8.675,8.675,-0.01%
4/2/1991,8.676,8.676,8.676,8.676,-1.35%
4/1/1991,8.795,8.795,8.795,8.795,0.00%
3/29/1991,8.795,8.795,8.795,8.795,0.00%
3/28/1991,8.795,8.795,8.795,8.795,-0.29%
3/27/1991,8.821,8.821,8.821,8.821,0.12%
3/26/1991,8.81,8.81,8.81,8.81,0.35%
3/25/1991,8.779,8.779,8.779,8.779,0.43%
3/22/1991,8.741,8.741,8.741,8.741,0.10%
3/21/1991,8.732,8.732,8.732,8.732,0.09%
3/20/1991,8.724,8.724,8.724,8.724,0.03%
3/19/1991,8.721,8.721,8.721,8.721,0.46%
3/18/1991,8.681,8.681,8.681,8.681,0.27%
3/15/1991,8.658,8.658,8.658,8.658,0.72%
3/14/1991,8.596,8.596,8.596,8.596,0.07%
3/13/1991,8.59,8.59,8.59,8.59,0.20%
3/12/1991,8.573,8.573,8.573,8.573,-0.73%
3/11/1991,8.636,8.636,8.636,8.636,-0.07%
3/8/1991,8.642,8.642,8.642,8.642,0.75%
3/7/1991,8.578,8.578,8.578,8.578,-0.90%
3/6/1991,8.656,8.656,8.656,8.656,-0.39%
3/5/1991,8.69,8.69,8.69,8.69,-0.83%
3/4/1991,8.763,8.763,8.763,8.763,0.34%
3/1/1991,8.733,8.733,8.733,8.733,0.66%
2/28/1991,8.676,8.676,8.676,8.676,-0.23%
2/27/1991,8.696,8.696,8.696,8.696,-0.11%
2/26/1991,8.706,8.706,8.706,8.706,0.51%
2/25/1991,8.662,8.662,8.662,8.662,-0.05%
2/22/1991,8.666,8.666,8.666,8.666,0.15%
2/21/1991,8.653,8.653,8.653,8.653,0.34%
2/20/1991,8.624,8.624,8.624,8.624,0.71%
2/19/1991,8.563,8.563,8.563,8.563,-0.04%
2/18/1991,8.566,8.566,8.566,8.566,0.16%
2/15/1991,8.552,8.552,8.552,8.552,-0.82%
2/14/1991,8.623,8.623,8.623,8.623,-1.18%
2/13/1991,8.726,8.726,8.726,8.726,-1.08%
2/12/1991,8.821,8.821,8.821,8.821,-0.36%
2/11/1991,8.853,8.853,8.853,8.853,-0.75%
2/8/1991,8.92,8.92,8.92,8.92,-0.04%
2/7/1991,8.924,8.924,8.924,8.924,-0.50%
2/6/1991,8.969,8.969,8.969,8.969,0.27%
2/5/1991,8.945,8.945,8.945,8.945,-0.28%
2/4/1991,8.97,8.97,8.97,8.97,-0.29%
2/1/1991,8.996,8.996,8.996,8.996,-0.11%
1/31/1991,9.006,9.006,9.006,9.006,0.16%
1/30/1991,8.992,8.992,8.992,8.992,0.17%
1/29/1991,8.977,8.977,8.977,8.977,-0.75%
1/28/1991,9.045,9.045,9.045,9.045,0.06%
1/25/1991,9.04,9.04,9.04,9.04,-0.66%
1/24/1991,9.1,9.1,9.1,9.1,-0.48%
1/23/1991,9.144,9.144,9.144,9.144,-0.51%
1/22/1991,9.191,9.191,9.191,9.191,-0.30%
1/21/1991,9.219,9.219,9.219,9.219,-0.23%
1/18/1991,9.24,9.24,9.24,9.24,0.05%
1/17/1991,9.235,9.235,9.235,9.235,-0.40%
1/16/1991,9.272,9.272,9.272,9.272,0.19%
1/15/1991,9.254,9.254,9.254,9.254,-0.09%
1/14/1991,9.262,9.262,9.262,9.262,1.10%
1/11/1991,9.161,9.161,9.161,9.161,1.11%
1/10/1991,9.06,9.06,9.06,9.06,0.58%
1/9/1991,9.008,9.008,9.008,9.008,0.12%
1/8/1991,8.997,8.997,8.997,8.997,0.04%
1/7/1991,8.993,8.993,8.993,8.993,0.06%
1/4/1991,8.988,8.988,8.988,8.988,-0.09%
1/3/1991,8.996,8.996,8.996,8.996,-0.55%
1/2/1991,9.046,9.046,9.046,9.046,0.40%
1/1/1991,9.01,9.01,9.01,9.01,0.00%
12/31/1990,9.01,9.01,9.01,9.01,0.04%
12/28/1990,9.006,9.006,9.006,9.006,0.21%
12/27/1990,8.987,8.987,8.987,8.987,0.14%
12/26/1990,8.974,8.974,8.974,8.974,0.00%
12/25/1990,8.974,8.974,8.974,8.974,0.00%
12/24/1990,8.974,8.974,8.974,8.974,0.00%
12/21/1990,8.974,8.974,8.974,8.974,0.04%
12/20/1990,8.97,8.97,8.97,8.97,0.64%
12/19/1990,8.913,8.913,8.913,8.913,0.04%
12/18/1990,8.909,8.909,8.909,8.909,0.39%
12/17/1990,8.874,8.874,8.874,8.874,0.40%
12/14/1990,8.839,8.839,8.839,8.839,0.05%
12/13/1990,8.835,8.835,8.835,8.835,-0.42%
12/12/1990,8.872,8.872,8.872,8.872,-0.78%
12/11/1990,8.942,8.942,8.942,8.942,0.19%
12/10/1990,8.925,8.925,8.925,8.925,-0.07%
12/7/1990,8.931,8.931,8.931,8.931,0.02%
12/6/1990,8.929,8.929,8.929,8.929,-0.21%
12/5/1990,8.948,8.948,8.948,8.948,0.04%
12/4/1990,8.944,8.944,8.944,8.944,0.39%
12/3/1990,8.909,8.909,8.909,8.909,-0.72%
11/30/1990,8.974,8.974,8.974,8.974,0.03%
11/29/1990,8.971,8.971,8.971,8.971,0.19%
11/28/1990,8.954,8.954,8.954,8.954,-0.10%
11/27/1990,8.963,8.963,8.963,8.963,-0.02%
11/26/1990,8.965,8.965,8.965,8.965,0.03%
11/23/1990,8.962,8.962,8.962,8.962,0.39%
11/22/1990,8.927,8.927,8.927,8.927,-0.09%
11/21/1990,8.935,8.935,8.935,8.935,0.00%
11/20/1990,8.935,8.935,8.935,8.935,0.10%
11/19/1990,8.926,8.926,8.926,8.926,0.08%
11/16/1990,8.919,8.919,8.919,8.919,0.04%
11/15/1990,8.915,8.915,8.915,8.915,0.52%
11/14/1990,8.869,8.869,8.869,8.869,0.25%
11/13/1990,8.847,8.847,8.847,8.847,-0.03%
11/12/1990,8.85,8.85,8.85,8.85,-0.17%
11/9/1990,8.865,8.865,8.865,8.865,-0.10%
11/8/1990,8.874,8.874,8.874,8.874,0.11%
11/7/1990,8.864,8.864,8.864,8.864,0.25%
11/6/1990,8.842,8.842,8.842,8.842,0.17%
11/5/1990,8.827,8.827,8.827,8.827,0.03%
11/2/1990,8.824,8.824,8.824,8.824,0.05%
11/1/1990,8.82,8.82,8.82,8.82,0.24%
10/31/1990,8.799,8.799,8.799,8.799,-0.03%
10/30/1990,8.802,8.802,8.802,8.802,0.15%
10/29/1990,8.789,8.789,8.789,8.789,-0.37%
10/26/1990,8.822,8.822,8.822,8.822,-0.09%
10/25/1990,8.83,8.83,8.83,8.83,-0.10%
10/24/1990,8.839,8.839,8.839,8.839,-0.03%
10/23/1990,8.842,8.842,8.842,8.842,0.03%
10/22/1990,8.839,8.839,8.839,8.839,0.10%
10/19/1990,8.83,8.83,8.83,8.83,-0.29%
10/18/1990,8.856,8.856,8.856,8.856,-0.17%
10/17/1990,8.871,8.871,8.871,8.871,-0.16%
10/16/1990,8.885,8.885,8.885,8.885,0.09%
10/15/1990,8.877,8.877,8.877,8.877,-0.21%
10/12/1990,8.896,8.896,8.896,8.896,-0.36%
10/11/1990,8.928,8.928,8.928,8.928,-0.19%
10/10/1990,8.945,8.945,8.945,8.945,-0.02%
10/9/1990,8.947,8.947,8.947,8.947,0.51%
10/8/1990,8.902,8.902,8.902,8.902,-0.60%
10/5/1990,8.956,8.956,8.956,8.956,-0.29%
10/4/1990,8.982,8.982,8.982,8.982,0.47%
10/3/1990,8.94,8.94,8.94,8.94,0.00%
10/2/1990,8.94,8.94,8.94,8.94,-0.29%
10/1/1990,8.966,8.966,8.966,8.966,-0.44%
9/28/1990,9.006,9.006,9.006,9.006,-0.02%
9/27/1990,9.008,9.008,9.008,9.008,0.08%
9/26/1990,9.001,9.001,9.001,9.001,-0.16%
9/25/1990,9.015,9.015,9.015,9.015,0.39%
9/24/1990,8.98,8.98,8.98,8.98,0.40%
9/21/1990,8.944,8.944,8.944,8.944,0.26%
9/20/1990,8.921,8.921,8.921,8.921,0.70%
9/19/1990,8.859,8.859,8.859,8.859,-0.65%
9/18/1990,8.917,8.917,8.917,8.917,0.39%
9/17/1990,8.882,8.882,8.882,8.882,0.12%
9/14/1990,8.871,8.871,8.871,8.871,-0.37%
9/13/1990,8.904,8.904,8.904,8.904,0.07%
9/12/1990,8.898,8.898,8.898,8.898,-0.16%
9/11/1990,8.912,8.912,8.912,8.912,-0.09%
9/10/1990,8.92,8.92,8.92,8.92,-0.23%
9/7/1990,8.941,8.941,8.941,8.941,-0.16%
9/6/1990,8.955,8.955,8.955,8.955,-0.20%
9/5/1990,8.973,8.973,8.973,8.973,0.04%
9/4/1990,8.969,8.969,8.969,8.969,-0.09%
9/3/1990,8.977,8.977,8.977,8.977,0.80%
8/31/1990,8.906,8.906,8.906,8.906,-0.09%
8/30/1990,8.914,8.914,8.914,8.914,0.58%
8/29/1990,8.863,8.863,8.863,8.863,0.25%
8/28/1990,8.841,8.841,8.841,8.841,0.05%
8/27/1990,8.837,8.837,8.837,8.837,-0.63%
8/24/1990,8.893,8.893,8.893,8.893,-0.44%
8/23/1990,8.932,8.932,8.932,8.932,0.47%
8/22/1990,8.89,8.89,8.89,8.89,-0.22%
8/21/1990,8.91,8.91,8.91,8.91,0.59%
8/20/1990,8.858,8.858,8.858,8.858,0.05%
8/17/1990,8.854,8.854,8.854,8.854,0.92%
8/16/1990,8.773,8.773,8.773,8.773,0.30%
8/15/1990,8.747,8.747,8.747,8.747,-0.29%
8/14/1990,8.772,8.772,8.772,8.772,-0.28%
8/13/1990,8.797,8.797,8.797,8.797,0.19%
8/10/1990,8.78,8.78,8.78,8.78,-0.22%
8/9/1990,8.799,8.799,8.799,8.799,-0.38%
8/8/1990,8.833,8.833,8.833,8.833,0.05%
8/7/1990,8.829,8.829,8.829,8.829,0.19%
8/6/1990,8.812,8.812,8.812,8.812,1.06%
8/3/1990,8.72,8.72,8.72,8.72,0.25%
8/2/1990,8.698,8.698,8.698,8.698,1.58%
8/1/1990,8.563,8.563,8.563,8.563,0.18%
7/31/1990,8.548,8.548,8.548,8.548,0.19%
7/30/1990,8.532,8.532,8.532,8.532,-0.33%
7/27/1990,8.56,8.56,8.56,8.56,0.05%
7/26/1990,8.556,8.556,8.556,8.556,-0.06%
7/25/1990,8.561,8.561,8.561,8.561,0.32%
7/24/1990,8.534,8.534,8.534,8.534,0.59%
7/23/1990,8.484,8.484,8.484,8.484,-0.08%
7/20/1990,8.491,8.491,8.491,8.491,0.38%
7/19/1990,8.459,8.459,8.459,8.459,0.00%
7/18/1990,8.459,8.459,8.459,8.459,-1.02%
7/17/1990,8.546,8.546,8.546,8.546,0.25%
7/16/1990,8.525,8.525,8.525,8.525,-0.94%
7/13/1990,8.606,8.606,8.606,8.606,-0.94%
7/12/1990,8.688,8.688,8.688,8.688,0.01%
7/11/1990,8.687,8.687,8.687,8.687,0.17%
7/10/1990,8.672,8.672,8.672,8.672,0.38%
7/9/1990,8.639,8.639,8.639,8.639,0.37%
7/6/1990,8.607,8.607,8.607,8.607,0.37%
7/5/1990,8.575,8.575,8.575,8.575,-0.19%
7/4/1990,8.591,8.591,8.591,8.591,-0.80%
7/3/1990,8.66,8.66,8.66,8.66,0.03%
7/2/1990,8.657,8.657,8.657,8.657,-0.28%
6/29/1990,8.681,8.681,8.681,8.681,-0.28%
6/28/1990,8.705,8.705,8.705,8.705,-0.31%
6/27/1990,8.732,8.732,8.732,8.732,-0.59%
6/26/1990,8.784,8.784,8.784,8.784,0.05%
6/25/1990,8.78,8.78,8.78,8.78,-0.27%
6/22/1990,8.804,8.804,8.804,8.804,-0.27%
6/21/1990,8.828,8.828,8.828,8.828,0.15%
6/20/1990,8.815,8.815,8.815,8.815,-0.27%
6/19/1990,8.839,8.839,8.839,8.839,0.05%
6/18/1990,8.835,8.835,8.835,8.835,0.05%
6/15/1990,8.831,8.831,8.831,8.831,-0.27%
6/14/1990,8.855,8.855,8.855,8.855,0.00%
6/13/1990,8.855,8.855,8.855,8.855,0.14%
6/12/1990,8.843,8.843,8.843,8.843,-0.03%
6/11/1990,8.846,8.846,8.846,8.846,0.29%
6/8/1990,8.82,8.82,8.82,8.82,-0.08%
6/7/1990,8.827,8.827,8.827,8.827,0.46%
6/6/1990,8.787,8.787,8.787,8.787,0.05%
6/5/1990,8.783,8.783,8.783,8.783,-0.58%
6/4/1990,8.834,8.834,8.834,8.834,0.00%
6/1/1990,8.834,8.834,8.834,8.834,0.17%
5/31/1990,8.819,8.819,8.819,8.819,0.63%
5/30/1990,8.764,8.764,8.764,8.764,-0.14%
5/29/1990,8.776,8.776,8.776,8.776,0.06%
5/28/1990,8.771,8.771,8.771,8.771,0.37%
5/25/1990,8.739,8.739,8.739,8.739,0.60%
5/24/1990,8.687,8.687,8.687,8.687,0.00%
5/23/1990,8.687,8.687,8.687,8.687,0.24%
5/22/1990,8.666,8.666,8.666,8.666,-0.88%
5/21/1990,8.743,8.743,8.743,8.743,0.45%
5/18/1990,8.704,8.704,8.704,8.704,-0.41%
5/17/1990,8.74,8.74,8.74,8.74,-0.51%
5/16/1990,8.785,8.785,8.785,8.785,-0.77%
5/15/1990,8.853,8.853,8.853,8.853,0.36%
5/14/1990,8.821,8.821,8.821,8.821,0.58%
5/11/1990,8.77,8.77,8.77,8.77,0.06%
5/10/1990,8.765,8.765,8.765,8.765,-0.06%
5/9/1990,8.77,8.77,8.77,8.77,0.06%
5/8/1990,8.765,8.765,8.765,8.765,-0.62%
5/7/1990,8.82,8.82,8.82,8.82,-0.38%
5/4/1990,8.854,8.854,8.854,8.854,-0.76%
5/3/1990,8.922,8.922,8.922,8.922,-0.63%
5/2/1990,8.979,8.979,8.979,8.979,0.28%
5/1/1990,8.954,8.954,8.954,8.954,0.00%
4/30/1990,8.954,8.954,8.954,8.954,0.28%
4/27/1990,8.929,8.929,8.929,8.929,0.70%
4/26/1990,8.867,8.867,8.867,8.867,-0.49%
4/25/1990,8.911,8.911,8.911,8.911,0.27%
4/24/1990,8.887,8.887,8.887,8.887,-0.09%
4/23/1990,8.895,8.895,8.895,8.895,1.31%
4/20/1990,8.78,8.78,8.78,8.78,0.13%
4/19/1990,8.769,8.769,8.769,8.769,0.60%
4/18/1990,8.717,8.717,8.717,8.717,-0.31%
4/17/1990,8.744,8.744,8.744,8.744,-0.17%
4/16/1990,8.759,8.759,8.759,8.759,0.00%
4/13/1990,8.759,8.759,8.759,8.759,0.00%
4/12/1990,8.759,8.759,8.759,8.759,-0.52%
4/11/1990,8.805,8.805,8.805,8.805,-1.10%
4/10/1990,8.903,8.903,8.903,8.903,0.06%
4/9/1990,8.898,8.898,8.898,8.898,1.07%
4/6/1990,8.804,8.804,8.804,8.804,0.48%
4/5/1990,8.762,8.762,8.762,8.762,0.96%
4/4/1990,8.679,8.679,8.679,8.679,1.00%
4/3/1990,8.593,8.593,8.593,8.593,0.63%
4/2/1990,8.539,8.539,8.539,8.539,-0.96%
3/30/1990,8.622,8.622,8.622,8.622,-2.50%
3/29/1990,8.843,8.843,8.843,8.843,-0.73%
3/28/1990,8.908,8.908,8.908,8.908,0.19%
3/27/1990,8.891,8.891,8.891,8.891,0.41%
3/26/1990,8.855,8.855,8.855,8.855,0.05%
3/23/1990,8.851,8.851,8.851,8.851,-0.85%
3/22/1990,8.927,8.927,8.927,8.927,-0.47%
3/21/1990,8.969,8.969,8.969,8.969,-0.64%
3/20/1990,9.027,9.027,9.027,9.027,0.06%
3/19/1990,9.022,9.022,9.022,9.022,0.47%
3/16/1990,8.98,8.98,8.98,8.98,0.46%
3/15/1990,8.939,8.939,8.939,8.939,-0.19%
3/14/1990,8.956,8.956,8.956,8.956,-0.29%
3/13/1990,8.982,8.982,8.982,8.982,0.54%
3/12/1990,8.934,8.934,8.934,8.934,0.60%
3/9/1990,8.881,8.881,8.881,8.881,-0.09%
3/8/1990,8.889,8.889,8.889,8.889,-1.01%
3/7/1990,8.98,8.98,8.98,8.98,0.74%
3/6/1990,8.914,8.914,8.914,8.914,0.53%
3/5/1990,8.867,8.867,8.867,8.867,-0.49%
3/2/1990,8.911,8.911,8.911,8.911,0.04%
3/1/1990,8.907,8.907,8.907,8.907,0.84%
2/28/1990,8.833,8.833,8.833,8.833,-0.09%
2/27/1990,8.841,8.841,8.841,8.841,-0.63%
2/26/1990,8.897,8.897,8.897,8.897,0.33%
2/23/1990,8.868,8.868,8.868,8.868,-0.63%
2/22/1990,8.924,8.924,8.924,8.924,-0.54%
2/21/1990,8.972,8.972,8.972,8.972,-1.15%
2/20/1990,9.076,9.076,9.076,9.076,0.92%
2/19/1990,8.993,8.993,8.993,8.993,0.73%
2/16/1990,8.928,8.928,8.928,8.928,-0.01%
2/15/1990,8.929,8.929,8.929,8.929,-0.56%
2/14/1990,8.979,8.979,8.979,8.979,0.26%
2/13/1990,8.956,8.956,8.956,8.956,-0.01%
2/12/1990,8.957,8.957,8.957,8.957,5.29%
2/9/1990,8.507,8.507,8.507,8.507,-0.09%
2/8/1990,8.515,8.515,8.515,8.515,1.70%
2/7/1990,8.373,8.373,8.373,8.373,1.10%
2/6/1990,8.282,8.282,8.282,8.282,0.96%
2/5/1990,8.203,8.203,8.203,8.203,0.27%
2/2/1990,8.181,8.181,8.181,8.181,0.04%
2/1/1990,8.178,8.178,8.178,8.178,-0.01%
1/31/1990,8.179,8.179,8.179,8.179,-0.11%
1/30/1990,8.188,8.188,8.188,8.188,-0.29%
1/29/1990,8.212,8.212,8.212,8.212,-0.04%
1/26/1990,8.215,8.215,8.215,8.215,0.20%
1/25/1990,8.199,8.199,8.199,8.199,0.50%
1/24/1990,8.158,8.158,8.158,8.158,0.55%
1/23/1990,8.113,8.113,8.113,8.113,-0.11%
1/22/1990,8.122,8.122,8.122,8.122,0.05%
1/19/1990,8.118,8.118,8.118,8.118,0.26%
1/18/1990,8.097,8.097,8.097,8.097,0.65%
1/17/1990,8.045,8.045,8.045,8.045,0.04%
1/16/1990,8.042,8.042,8.042,8.042,0.79%
1/15/1990,7.979,7.979,7.979,7.979,-0.34%
1/12/1990,8.006,8.006,8.006,8.006,0.04%
1/11/1990,8.003,8.003,8.003,8.003,0.11%
1/10/1990,7.994,7.994,7.994,7.994,0.04%
1/9/1990,7.991,7.991,7.991,7.991,-0.19%
1/8/1990,8.006,8.006,8.006,8.006,-0.11%
1/5/1990,8.015,8.015,8.015,8.015,-0.34%
1/4/1990,8.042,8.042,8.042,8.042,0.85%
1/3/1990,7.974,7.974,7.974,7.974,0.25%
1/2/1990,7.954,7.954,7.954,7.954,5.66%
1/1/1990,7.528,7.528,7.528,7.528,0.00%
12/29/1989,7.528,7.528,7.528,7.528,0.03%
12/28/1989,7.526,7.526,7.526,7.526,-3.50%
12/27/1989,7.799,7.799,7.799,7.799,0.04%
12/26/1989,7.796,7.796,7.796,7.796,0.00%
12/25/1989,7.796,7.796,7.796,7.796,0.00%
12/22/1989,7.796,7.796,7.796,7.796,0.03%
12/21/1989,7.794,7.794,7.794,7.794,-0.20%
12/20/1989,7.81,7.81,7.81,7.81,0.41%
12/19/1989,7.778,7.778,7.778,7.778,0.03%
12/18/1989,7.776,7.776,7.776,7.776,0.04%
12/15/1989,7.773,7.773,7.773,7.773,-0.32%
12/14/1989,7.798,7.798,7.798,7.798,-0.61%
12/13/1989,7.846,7.846,7.846,7.846,0.04%
12/12/1989,7.843,7.843,7.843,7.843,0.05%
12/11/1989,7.839,7.839,7.839,7.839,0.04%
12/8/1989,7.836,7.836,7.836,7.836,0.77%
12/7/1989,7.776,7.776,7.776,7.776,0.49%
12/6/1989,7.738,7.738,7.738,7.738,-0.32%
12/5/1989,7.763,7.763,7.763,7.763,0.04%
12/4/1989,7.76,7.76,7.76,7.76,-0.69%
12/1/1989,7.814,7.814,7.814,7.814,-0.69%
11/30/1989,7.868,7.868,7.868,7.868,0.49%
11/29/1989,7.83,7.83,7.83,7.83,0.04%
11/28/1989,7.827,7.827,7.827,7.827,0.41%
11/27/1989,7.795,7.795,7.795,7.795,0.04%
11/24/1989,7.792,7.792,7.792,7.792,-1.74%
11/23/1989,7.93,7.93,7.93,7.93,-0.94%
11/22/1989,8.005,8.005,8.005,8.005,0.00%
11/21/1989,8.005,8.005,8.005,8.005,0.05%
11/20/1989,8.001,8.001,8.001,8.001,-0.27%
11/17/1989,8.023,8.023,8.023,8.023,0.39%
11/16/1989,7.992,7.992,7.992,7.992,-0.22%
11/15/1989,8.01,8.01,8.01,8.01,-0.30%
11/14/1989,8.034,8.034,8.034,8.034,0.39%
11/13/1989,8.003,8.003,8.003,8.003,2.16%
11/10/1989,7.834,7.834,7.834,7.834,0.76%
11/9/1989,7.775,7.775,7.775,7.775,-0.24%
11/8/1989,7.794,7.794,7.794,7.794,0.39%
11/7/1989,7.764,7.764,7.764,7.764,0.04%
11/6/1989,7.761,7.761,7.761,7.761,0.75%
11/3/1989,7.703,7.703,7.703,7.703,0.04%
11/2/1989,7.7,7.7,7.7,7.7,-0.25%
11/1/1989,7.719,7.719,7.719,7.719,-1.06%
10/31/1989,7.802,7.802,7.802,7.802,0.75%
10/30/1989,7.744,7.744,7.744,7.744,0.85%
10/27/1989,7.679,7.679,7.679,7.679,0.04%
10/26/1989,7.676,7.676,7.676,7.676,0.10%
10/25/1989,7.668,7.668,7.668,7.668,0.03%
10/24/1989,7.666,7.666,7.666,7.666,0.04%
10/23/1989,7.663,7.663,7.663,7.663,0.04%
10/20/1989,7.66,7.66,7.66,7.66,0.03%
10/19/1989,7.658,7.658,7.658,7.658,0.10%
10/18/1989,7.65,7.65,7.65,7.65,0.38%
10/17/1989,7.621,7.621,7.621,7.621,0.75%
10/16/1989,7.564,7.564,7.564,7.564,-1.37%
10/13/1989,7.669,7.669,7.669,7.669,1.09%
10/12/1989,7.586,7.586,7.586,7.586,0.80%
10/11/1989,7.526,7.526,7.526,7.526,0.75%
10/10/1989,7.47,7.47,7.47,7.47,0.03%
10/9/1989,7.468,7.468,7.468,7.468,-0.32%
10/6/1989,7.492,7.492,7.492,7.492,0.74%
10/5/1989,7.437,7.437,7.437,7.437,0.09%
10/4/1989,7.43,7.43,7.43,7.43,-0.67%
10/3/1989,7.48,7.48,7.48,7.48,0.03%
10/2/1989,7.478,7.478,7.478,7.478,0.90%
9/29/1989,7.411,7.411,7.411,7.411,0.05%
9/28/1989,7.407,7.407,7.407,7.407,-0.74%
9/27/1989,7.462,7.462,7.462,7.462,0.93%
9/26/1989,7.393,7.393,7.393,7.393,1.86%
9/25/1989,7.258,7.258,7.258,7.258,0.04%
9/22/1989,7.255,7.255,7.255,7.255,0.50%
9/21/1989,7.219,7.219,7.219,7.219,-0.76%
9/20/1989,7.274,7.274,7.274,7.274,-0.40%
9/19/1989,7.303,7.303,7.303,7.303,0.05%
9/18/1989,7.299,7.299,7.299,7.299,0.04%
9/15/1989,7.296,7.296,7.296,7.296,0.04%
9/14/1989,7.293,7.293,7.293,7.293,1.04%
9/13/1989,7.218,7.218,7.218,7.218,0.94%
9/12/1989,7.151,7.151,7.151,7.151,0.04%
9/11/1989,7.148,7.148,7.148,7.148,0.04%
9/8/1989,7.145,7.145,7.145,7.145,-0.40%
9/7/1989,7.174,7.174,7.174,7.174,1.03%
9/6/1989,7.101,7.101,7.101,7.101,0.04%
9/5/1989,7.098,7.098,7.098,7.098,0.04%
9/4/1989,7.095,7.095,7.095,7.095,0.04%
9/1/1989,7.092,7.092,7.092,7.092,0.50%
8/31/1989,7.057,7.057,7.057,7.057,1.02%
8/30/1989,6.986,6.986,6.986,6.986,0.16%
8/29/1989,6.975,6.975,6.975,6.975,0.04%
8/28/1989,6.972,6.972,6.972,6.972,0.04%
8/25/1989,6.969,6.969,6.969,6.969,0.49%
8/24/1989,6.935,6.935,6.935,6.935,0.12%
8/23/1989,6.927,6.927,6.927,6.927,0.04%
8/22/1989,6.924,6.924,6.924,6.924,0.48%
8/21/1989,6.891,6.891,6.891,6.891,0.04%
8/18/1989,6.888,6.888,6.888,6.888,0.48%
8/17/1989,6.855,6.855,6.855,6.855,0.12%
8/16/1989,6.847,6.847,6.847,6.847,-0.41%
8/15/1989,6.875,6.875,6.875,6.875,0.48%
8/14/1989,6.842,6.842,6.842,6.842,0.03%
8/11/1989,6.84,6.84,6.84,6.84,0.04%
8/10/1989,6.837,6.837,6.837,6.837,0.10%
8/9/1989,6.83,6.83,6.83,6.83,0.04%
8/8/1989,6.827,6.827,6.827,6.827,-0.41%
8/7/1989,6.855,6.855,6.855,6.855,0.93%
8/4/1989,6.792,6.792,6.792,6.792,0.03%
8/3/1989,6.79,6.79,6.79,6.79,0.55%
8/2/1989,6.753,6.753,6.753,6.753,0.03%
8/1/1989,6.751,6.751,6.751,6.751,-0.40%
7/31/1989,6.778,6.778,6.778,6.778,-0.41%
7/28/1989,6.806,6.806,6.806,6.806,0.61%
7/27/1989,6.765,6.765,6.765,6.765,-0.34%
7/26/1989,6.788,6.788,6.788,6.788,-0.40%
7/25/1989,6.815,6.815,6.815,6.815,-0.41%
7/24/1989,6.843,6.843,6.843,6.843,0.47%
7/21/1989,6.811,6.811,6.811,6.811,-0.39%
7/20/1989,6.838,6.838,6.838,6.838,-0.32%
7/19/1989,6.86,6.86,6.86,6.86,0.03%
7/18/1989,6.858,6.858,6.858,6.858,0.04%
7/17/1989,6.855,6.855,6.855,6.855,0.90%
7/14/1989,6.794,6.794,6.794,6.794,-0.83%
7/13/1989,6.851,6.851,6.851,6.851,-0.32%
7/12/1989,6.873,6.873,6.873,6.873,0.04%
7/11/1989,6.87,6.87,6.87,6.87,-0.81%
7/10/1989,6.926,6.926,6.926,6.926,-0.39%
7/7/1989,6.953,6.953,6.953,6.953,0.03%
7/6/1989,6.951,6.951,6.951,6.951,0.12%
7/5/1989,6.943,6.943,6.943,6.943,-0.80%
7/4/1989,6.999,6.999,6.999,6.999,-0.37%
7/3/1989,7.025,7.025,7.025,7.025,1.24%
6/30/1989,6.939,6.939,6.939,6.939,0.01%
6/29/1989,6.938,6.938,6.938,6.938,0.07%
6/28/1989,6.933,6.933,6.933,6.933,0.03%
6/27/1989,6.931,6.931,6.931,6.931,0.87%
6/26/1989,6.871,6.871,6.871,6.871,0.03%
6/23/1989,6.869,6.869,6.869,6.869,0.01%
6/22/1989,6.868,6.868,6.868,6.868,0.07%
6/21/1989,6.863,6.863,6.863,6.863,0.01%
6/20/1989,6.862,6.862,6.862,6.862,-0.39%
6/19/1989,6.889,6.889,6.889,6.889,0.01%
6/16/1989,6.888,6.888,6.888,6.888,-0.39%
6/15/1989,6.915,6.915,6.915,6.915,-0.36%
6/14/1989,6.94,6.94,6.94,6.94,0.03%
6/13/1989,6.938,6.938,6.938,6.938,0.01%
6/12/1989,6.937,6.937,6.937,6.937,0.03%
6/9/1989,6.935,6.935,6.935,6.935,-0.39%
6/8/1989,6.962,6.962,6.962,6.962,0.90%
6/7/1989,6.9,6.9,6.9,6.9,-1.22%
6/6/1989,6.985,6.985,6.985,6.985,0.43%
6/5/1989,6.955,6.955,6.955,6.955,-1.60%
6/2/1989,7.068,7.068,7.068,7.068,-0.79%
6/1/1989,7.124,7.124,7.124,7.124,0.07%
5/31/1989,7.119,7.119,7.119,7.119,-1.17%
5/30/1989,7.203,7.203,7.203,7.203,-0.25%
5/29/1989,7.221,7.221,7.221,7.221,0.01%
5/26/1989,7.22,7.22,7.22,7.22,0.03%
5/25/1989,7.218,7.218,7.218,7.218,0.00%
5/24/1989,7.218,7.218,7.218,7.218,0.08%
5/23/1989,7.212,7.212,7.212,7.212,0.06%
5/22/1989,7.208,7.208,7.208,7.208,0.42%
5/19/1989,7.178,7.178,7.178,7.178,0.03%
5/18/1989,7.176,7.176,7.176,7.176,0.86%
5/17/1989,7.115,7.115,7.115,7.115,1.24%
5/16/1989,7.028,7.028,7.028,7.028,0.06%
5/15/1989,7.024,7.024,7.024,7.024,0.00%
5/12/1989,7.024,7.024,7.024,7.024,0.83%
5/11/1989,6.966,6.966,6.966,6.966,0.11%
5/10/1989,6.958,6.958,6.958,6.958,0.84%
5/9/1989,6.9,6.9,6.9,6.9,0.83%
5/8/1989,6.843,6.843,6.843,6.843,0.03%
5/5/1989,6.841,6.841,6.841,6.841,-0.77%
5/4/1989,6.894,6.894,6.894,6.894,0.00%
5/3/1989,6.894,6.894,6.894,6.894,0.09%
5/2/1989,6.888,6.888,6.888,6.888,1.26%
5/1/1989,6.802,6.802,6.802,6.802,0.00%
4/28/1989,6.802,6.802,6.802,6.802,-0.38%
4/27/1989,6.828,6.828,6.828,6.828,0.52%
4/26/1989,6.793,6.793,6.793,6.793,0.43%
4/25/1989,6.764,6.764,6.764,6.764,0.01%
4/24/1989,6.763,6.763,6.763,6.763,0.03%
4/21/1989,6.761,6.761,6.761,6.761,1.65%
4/20/1989,6.651,6.651,6.651,6.651,-0.33%
4/19/1989,6.673,6.673,6.673,6.673,-1.18%
4/18/1989,6.753,6.753,6.753,6.753,-0.37%
4/17/1989,6.778,6.778,6.778,6.778,-0.76%
4/14/1989,6.83,6.83,6.83,6.83,0.83%
4/13/1989,6.774,6.774,6.774,6.774,0.07%
4/12/1989,6.769,6.769,6.769,6.769,0.01%
4/11/1989,6.768,6.768,6.768,6.768,0.03%
4/10/1989,6.766,6.766,6.766,6.766,0.42%
4/7/1989,6.738,6.738,6.738,6.738,-0.75%
4/6/1989,6.789,6.789,6.789,6.789,-0.72%
4/5/1989,6.838,6.838,6.838,6.838,-0.35%
4/4/1989,6.862,6.862,6.862,6.862,0.01%
4/3/1989,6.861,6.861,6.861,6.861,0.03%
3/31/1989,6.859,6.859,6.859,6.859,0.41%
3/30/1989,6.831,6.831,6.831,6.831,-0.57%
3/29/1989,6.87,6.87,6.87,6.87,0.01%
3/28/1989,6.869,6.869,6.869,6.869,0.41%
3/27/1989,6.841,6.841,6.841,6.841,0.00%
3/24/1989,6.841,6.841,6.841,6.841,0.00%
3/23/1989,6.841,6.841,6.841,6.841,-0.35%
3/22/1989,6.865,6.865,6.865,6.865,-1.38%
3/21/1989,6.961,6.961,6.961,6.961,2.32%
3/20/1989,6.803,6.803,6.803,6.803,2.38%
3/17/1989,6.645,6.645,6.645,6.645,-1.15%
3/16/1989,6.722,6.722,6.722,6.722,-0.69%
3/15/1989,6.769,6.769,6.769,6.769,-2.22%
3/14/1989,6.923,6.923,6.923,6.923,-1.45%
3/13/1989,7.025,7.025,7.025,7.025,1.91%
3/10/1989,6.893,6.893,6.893,6.893,0.01%
3/9/1989,6.892,6.892,6.892,6.892,1.22%
3/8/1989,6.809,6.809,6.809,6.809,0.40%
3/7/1989,6.782,6.782,6.782,6.782,0.01%
3/6/1989,6.781,6.781,6.781,6.781,-1.09%
3/3/1989,6.856,6.856,6.856,6.856,-1.82%
3/2/1989,6.983,6.983,6.983,6.983,-0.29%
3/1/1989,7.003,7.003,7.003,7.003,-0.71%
2/28/1989,7.053,7.053,7.053,7.053,0.03%
2/27/1989,7.051,7.051,7.051,7.051,0.17%
2/24/1989,7.039,7.039,7.039,7.039,-0.34%
2/23/1989,7.063,7.063,7.063,7.063,0.44%
2/22/1989,7.032,7.032,7.032,7.032,2.24%
2/21/1989,6.878,6.878,6.878,6.878,0.76%
2/20/1989,6.826,6.826,6.826,6.826,0.03%
2/17/1989,6.824,6.824,6.824,6.824,0.01%
2/16/1989,6.823,6.823,6.823,6.823,0.07%
2/15/1989,6.818,6.818,6.818,6.818,0.77%
2/14/1989,6.766,6.766,6.766,6.766,1.14%
2/13/1989,6.69,6.69,6.69,6.69,1.53%
2/10/1989,6.589,6.589,6.589,6.589,0.02%
2/9/1989,6.588,6.588,6.588,6.588,-0.32%
2/8/1989,6.609,6.609,6.609,6.609,0.39%
2/7/1989,6.583,6.583,6.583,6.583,0.02%
2/6/1989,6.582,6.582,6.582,6.582,0.40%
2/3/1989,6.556,6.556,6.556,6.556,0.40%
2/2/1989,6.53,6.53,6.53,6.53,0.05%
2/1/1989,6.527,6.527,6.527,6.527,1.16%
1/31/1989,6.452,6.452,6.452,6.452,0.78%
1/30/1989,6.402,6.402,6.402,6.402,1.67%
1/27/1989,6.297,6.297,6.297,6.297,1.19%
1/26/1989,6.223,6.223,6.223,6.223,0.42%
1/25/1989,6.197,6.197,6.197,6.197,0.80%
1/24/1989,6.148,6.148,6.148,6.148,0.00%
1/23/1989,6.148,6.148,6.148,6.148,0.02%
1/20/1989,6.147,6.147,6.147,6.147,0.41%
1/19/1989,6.122,6.122,6.122,6.122,0.81%
1/18/1989,6.073,6.073,6.073,6.073,1.20%
1/17/1989,6.001,6.001,6.001,6.001,0.81%
1/16/1989,5.953,5.953,5.953,5.953,-0.78%
1/13/1989,6,6,6,6,-0.38%
1/12/1989,6.023,6.023,6.023,6.023,-0.36%
1/11/1989,6.045,6.045,6.045,6.045,-0.38%
1/10/1989,6.068,6.068,6.068,6.068,0.40%
1/9/1989,6.044,6.044,6.044,6.044,0.40%
1/6/1989,6.02,6.02,6.02,6.02,1.59%
1/5/1989,5.926,5.926,5.926,5.926,0.03%
1/4/1989,5.924,5.924,5.924,5.924,0.78%
1/3/1989,5.878,5.878,5.878,5.878,0.81%
1/2/1989,5.831,5.831,5.831,5.831,1.62%
12/30/1988,5.738,5.738,5.738,5.738,0.00%
12/29/1988,5.738,5.738,5.738,5.738,-0.26%
12/28/1988,5.753,5.753,5.753,5.753,-0.40%
12/27/1988,5.776,5.776,5.776,5.776,0.00%
12/26/1988,5.776,5.776,5.776,5.776,0.00%
12/23/1988,5.776,5.776,5.776,5.776,-0.38%
12/22/1988,5.798,5.798,5.798,5.798,0.40%
12/21/1988,5.775,5.775,5.775,5.775,0.42%
12/20/1988,5.751,5.751,5.751,5.751,-0.40%
12/19/1988,5.774,5.774,5.774,5.774,0.00%
12/16/1988,5.774,5.774,5.774,5.774,-0.38%
12/15/1988,5.796,5.796,5.796,5.796,0.40%
12/14/1988,5.773,5.773,5.773,5.773,0.00%
12/13/1988,5.773,5.773,5.773,5.773,0.00%
12/12/1988,5.773,5.773,5.773,5.773,2.83%
12/9/1988,5.614,5.614,5.614,5.614,1.61%
12/8/1988,5.525,5.525,5.525,5.525,0.00%
12/7/1988,5.525,5.525,5.525,5.525,0.00%
12/6/1988,5.525,5.525,5.525,5.525,-0.40%
12/5/1988,5.547,5.547,5.547,5.547,0.80%
12/2/1988,5.503,5.503,5.503,5.503,0.40%
12/1/1988,5.481,5.481,5.481,5.481,0.40%
11/30/1988,5.459,5.459,5.459,5.459,-0.40%
11/29/1988,5.481,5.481,5.481,5.481,0.40%
11/28/1988,5.459,5.459,5.459,5.459,2.48%
11/25/1988,5.327,5.327,5.327,5.327,0.00%
11/24/1988,5.327,5.327,5.327,5.327,-0.43%
11/23/1988,5.35,5.35,5.35,5.35,0.00%
11/22/1988,5.35,5.35,5.35,5.35,-0.41%
11/21/1988,5.372,5.372,5.372,5.372,-0.02%
11/18/1988,5.373,5.373,5.373,5.373,0.00%
11/17/1988,5.373,5.373,5.373,5.373,0.00%
11/16/1988,5.373,5.373,5.373,5.373,0.00%
11/15/1988,5.373,5.373,5.373,5.373,-0.41%
11/14/1988,5.395,5.395,5.395,5.395,-0.42%
11/11/1988,5.418,5.418,5.418,5.418,1.63%
11/10/1988,5.331,5.331,5.331,5.331,1.22%
11/9/1988,5.267,5.267,5.267,5.267,-1.22%
11/8/1988,5.332,5.332,5.332,5.332,0.00%
11/7/1988,5.332,5.332,5.332,5.332,1.62%
11/4/1988,5.247,5.247,5.247,5.247,0.00%
11/3/1988,5.247,5.247,5.247,5.247,-0.02%
11/2/1988,5.248,5.248,5.248,5.248,-1.22%
11/1/1988,5.313,5.313,5.313,5.313,-0.09%
10/31/1988,5.318,5.318,5.318,5.318,0.00%
10/28/1988,5.318,5.318,5.318,5.318,-1.06%
10/27/1988,5.375,5.375,5.375,5.375,-1.50%
10/26/1988,5.457,5.457,5.457,5.457,-0.38%
10/25/1988,5.478,5.478,5.478,5.478,0.00%
10/24/1988,5.478,5.478,5.478,5.478,0.02%
10/21/1988,5.477,5.477,5.477,5.477,0.00%
10/20/1988,5.477,5.477,5.477,5.477,0.42%
10/19/1988,5.454,5.454,5.454,5.454,-1.52%
10/18/1988,5.538,5.538,5.538,5.538,0.02%
10/17/1988,5.537,5.537,5.537,5.537,0.38%
10/14/1988,5.516,5.516,5.516,5.516,-0.74%
10/13/1988,5.557,5.557,5.557,5.557,-0.34%
10/12/1988,5.576,5.576,5.576,5.576,0.00%
10/11/1988,5.576,5.576,5.576,5.576,0.02%
10/10/1988,5.575,5.575,5.575,5.575,-0.73%
10/7/1988,5.616,5.616,5.616,5.616,-1.09%
10/6/1988,5.678,5.678,5.678,5.678,0.04%
10/5/1988,5.676,5.676,5.676,5.676,0.00%
10/4/1988,5.676,5.676,5.676,5.676,0.39%
10/3/1988,5.654,5.654,5.654,5.654,1.44%
9/30/1988,5.574,5.574,5.574,5.574,-0.43%
9/29/1988,5.598,5.598,5.598,5.598,0.00%
9/28/1988,5.598,5.598,5.598,5.598,0.00%
9/27/1988,5.598,5.598,5.598,5.598,0.88%
9/26/1988,5.549,5.549,5.549,5.549,0.02%
9/23/1988,5.548,5.548,5.548,5.548,0.00%
9/22/1988,5.548,5.548,5.548,5.548,0.00%
9/21/1988,5.548,5.548,5.548,5.548,-0.43%
9/20/1988,5.572,5.572,5.572,5.572,0.00%
9/19/1988,5.572,5.572,5.572,5.572,0.00%
9/16/1988,5.572,5.572,5.572,5.572,-0.43%
9/15/1988,5.596,5.596,5.596,5.596,0.43%
9/14/1988,5.572,5.572,5.572,5.572,-0.85%
9/13/1988,5.62,5.62,5.62,5.62,0.86%
9/12/1988,5.572,5.572,5.572,5.572,0.00%
9/9/1988,5.572,5.572,5.572,5.572,-0.85%
9/8/1988,5.62,5.62,5.62,5.62,-1.66%
9/7/1988,5.715,5.715,5.715,5.715,-0.83%
9/6/1988,5.763,5.763,5.763,5.763,-0.83%
9/5/1988,5.811,5.811,5.811,5.811,-1.22%
9/2/1988,5.883,5.883,5.883,5.883,0.02%
9/1/1988,5.882,5.882,5.882,5.882,0.02%
8/31/1988,5.881,5.881,5.881,5.881,-0.39%
8/30/1988,5.904,5.904,5.904,5.904,0.12%
8/29/1988,5.897,5.897,5.897,5.897,0.02%
8/26/1988,5.896,5.896,5.896,5.896,0.00%
8/25/1988,5.896,5.896,5.896,5.896,-1.17%
8/24/1988,5.966,5.966,5.966,5.966,-0.78%
8/23/1988,6.013,6.013,6.013,6.013,0.80%
8/22/1988,5.965,5.965,5.965,5.965,0.81%
8/19/1988,5.917,5.917,5.917,5.917,-0.39%
8/18/1988,5.94,5.94,5.94,5.94,0.81%
8/17/1988,5.892,5.892,5.892,5.892,-0.79%
8/16/1988,5.939,5.939,5.939,5.939,0.41%
8/15/1988,5.915,5.915,5.915,5.915,0.02%
8/12/1988,5.914,5.914,5.914,5.914,-0.79%
8/11/1988,5.961,5.961,5.961,5.961,3.69%
8/10/1988,5.749,5.749,5.749,5.749,1.23%
8/9/1988,5.679,5.679,5.679,5.679,-0.80%
8/8/1988,5.725,5.725,5.725,5.725,-0.40%
8/5/1988,5.748,5.748,5.748,5.748,-0.40%
8/4/1988,5.771,5.771,5.771,5.771,0.00%
8/3/1988,5.771,5.771,5.771,5.771,-0.79%
8/2/1988,5.817,5.817,5.817,5.817,0.02%
8/1/1988,5.816,5.816,5.816,5.816,0.80%
7/29/1988,5.77,5.77,5.77,5.77,0.00%
7/28/1988,5.77,5.77,5.77,5.77,0.54%
7/27/1988,5.739,5.739,5.739,5.739,1.22%
7/26/1988,5.67,5.67,5.67,5.67,1.21%
7/25/1988,5.602,5.602,5.602,5.602,0.02%
7/22/1988,5.601,5.601,5.601,5.601,-0.41%
7/21/1988,5.624,5.624,5.624,5.624,-0.79%
7/20/1988,5.669,5.669,5.669,5.669,-0.80%
7/19/1988,5.715,5.715,5.715,5.715,-0.78%
7/18/1988,5.76,5.76,5.76,5.76,3.24%
7/15/1988,5.579,5.579,5.579,5.579,0.83%
7/14/1988,5.533,5.533,5.533,5.533,0.80%
7/13/1988,5.489,5.489,5.489,5.489,0.83%
7/12/1988,5.444,5.444,5.444,5.444,1.66%
7/11/1988,5.355,5.355,5.355,5.355,0.83%
7/8/1988,5.311,5.311,5.311,5.311,2.13%
7/7/1988,5.2,5.2,5.2,5.2,-0.02%
7/6/1988,5.201,5.201,5.201,5.201,-0.02%
7/5/1988,5.202,5.202,5.202,5.202,0.85%
7/4/1988,5.158,5.158,5.158,5.158,3.49%
7/1/1988,4.984,4.984,4.984,4.984,0.00%
6/30/1988,4.984,4.984,4.984,4.984,-0.48%
6/29/1988,5.008,5.008,5.008,5.008,-0.02%
6/28/1988,5.009,5.009,5.009,5.009,0.00%
6/27/1988,5.009,5.009,5.009,5.009,-0.02%
6/24/1988,5.01,5.01,5.01,5.01,1.29%
6/23/1988,4.946,4.946,4.946,4.946,-0.46%
6/22/1988,4.969,4.969,4.969,4.969,-0.02%
6/21/1988,4.97,4.97,4.97,4.97,0.00%
6/20/1988,4.97,4.97,4.97,4.97,5.43%
6/17/1988,4.714,4.714,4.714,4.714,0.00%
6/16/1988,4.714,4.714,4.714,4.714,-0.02%
6/15/1988,4.715,4.715,4.715,4.715,-0.53%
6/14/1988,4.74,4.74,4.74,4.74,0.42%
6/13/1988,4.72,4.72,4.72,4.72,-1.34%
6/10/1988,4.784,4.784,4.784,4.784,0.42%
6/9/1988,4.764,4.764,4.764,4.764,-0.48%
6/8/1988,4.787,4.787,4.787,4.787,-0.02%
6/7/1988,4.788,4.788,4.788,4.788,0.42%
6/6/1988,4.768,4.768,4.768,4.768,-0.46%
6/3/1988,4.79,4.79,4.79,4.79,-0.46%
6/2/1988,4.812,4.812,4.812,4.812,0.00%
6/1/1988,4.812,4.812,4.812,4.812,-0.91%
5/31/1988,4.856,4.856,4.856,4.856,-0.02%
5/30/1988,4.857,4.857,4.857,4.857,0.54%
5/27/1988,4.831,4.831,4.831,4.831,-0.02%
5/26/1988,4.832,4.832,4.832,4.832,-0.47%
5/25/1988,4.855,4.855,4.855,4.855,0.00%
5/24/1988,4.855,4.855,4.855,4.855,-0.02%
5/23/1988,4.856,4.856,4.856,4.856,0.00%
5/20/1988,4.856,4.856,4.856,4.856,-0.45%
5/19/1988,4.878,4.878,4.878,4.878,-0.06%
5/18/1988,4.881,4.881,4.881,4.881,3.50%
5/17/1988,4.716,4.716,4.716,4.716,0.40%
5/16/1988,4.697,4.697,4.697,4.697,-0.45%
5/13/1988,4.718,4.718,4.718,4.718,-2.16%
5/12/1988,4.822,4.822,4.822,4.822,0.00%
5/11/1988,4.822,4.822,4.822,4.822,3.01%
5/10/1988,4.681,4.681,4.681,4.681,-0.02%
5/9/1988,4.682,4.682,4.682,4.682,2.18%
5/6/1988,4.582,4.582,4.582,4.582,-0.46%
5/5/1988,4.603,4.603,4.603,4.603,-0.07%
5/4/1988,4.606,4.606,4.606,4.606,-0.02%
5/3/1988,4.607,4.607,4.607,4.607,0.88%
5/2/1988,4.567,4.567,4.567,4.567,-0.02%
4/29/1988,4.568,4.568,4.568,4.568,1.31%
4/28/1988,4.509,4.509,4.509,4.509,2.66%
4/27/1988,4.392,4.392,4.392,4.392,0.43%
4/26/1988,4.373,4.373,4.373,4.373,0.41%
4/25/1988,4.355,4.355,4.355,4.355,0.90%
4/22/1988,4.316,4.316,4.316,4.316,1.36%
4/21/1988,4.258,4.258,4.258,4.258,-0.09%
4/20/1988,4.262,4.262,4.262,4.262,-0.02%
4/19/1988,4.263,4.263,4.263,4.263,-0.05%
4/18/1988,4.265,4.265,4.265,4.265,0.45%
4/15/1988,4.246,4.246,4.246,4.246,-0.02%
4/14/1988,4.247,4.247,4.247,4.247,-0.09%
4/13/1988,4.251,4.251,4.251,4.251,-0.05%
4/12/1988,4.253,4.253,4.253,4.253,-0.02%
4/11/1988,4.254,4.254,4.254,4.254,-0.93%
4/8/1988,4.294,4.294,4.294,4.294,-0.49%
4/7/1988,4.315,4.315,4.315,4.315,-0.09%
4/6/1988,4.319,4.319,4.319,4.319,-0.02%
4/5/1988,4.32,4.32,4.32,4.32,-0.02%
4/4/1988,4.321,4.321,4.321,4.321,0.00%
4/1/1988,4.321,4.321,4.321,4.321,0.00%
3/31/1988,4.321,4.321,4.321,4.321,-0.05%
3/30/1988,4.323,4.323,4.323,4.323,0.00%
3/29/1988,4.323,4.323,4.323,4.323,-0.02%
3/28/1988,4.324,4.324,4.324,4.324,-0.02%
3/25/1988,4.325,4.325,4.325,4.325,-0.05%
3/24/1988,4.327,4.327,4.327,4.327,0.37%
3/23/1988,4.311,4.311,4.311,4.311,-0.46%
3/22/1988,4.331,4.331,4.331,4.331,0.86%
3/21/1988,4.294,4.294,4.294,4.294,-0.02%
3/18/1988,4.295,4.295,4.295,4.295,-0.92%
3/17/1988,4.335,4.335,4.335,4.335,-0.09%
3/16/1988,4.339,4.339,4.339,4.339,-0.02%
3/15/1988,4.34,4.34,4.34,4.34,-0.02%
3/14/1988,4.341,4.341,4.341,4.341,-0.02%
3/11/1988,4.342,4.342,4.342,4.342,-0.91%
3/10/1988,4.382,4.382,4.382,4.382,-0.07%
3/9/1988,4.385,4.385,4.385,4.385,-0.02%
3/8/1988,4.386,4.386,4.386,4.386,0.85%
3/7/1988,4.349,4.349,4.349,4.349,0.39%
3/4/1988,4.332,4.332,4.332,4.332,-0.02%
3/3/1988,4.333,4.333,4.333,4.333,0.35%
3/2/1988,4.318,4.318,4.318,4.318,-0.02%
3/1/1988,4.319,4.319,4.319,4.319,0.86%
2/29/1988,4.282,4.282,4.282,4.282,-1.34%
2/26/1988,4.34,4.34,4.34,4.34,-1.45%
2/25/1988,4.404,4.404,4.404,4.404,-0.07%
2/24/1988,4.407,4.407,4.407,4.407,-0.02%
2/23/1988,4.408,4.408,4.408,4.408,-0.02%
2/22/1988,4.409,4.409,4.409,4.409,-0.02%
2/19/1988,4.41,4.41,4.41,4.41,-1.30%
2/18/1988,4.468,4.468,4.468,4.468,1.20%
2/17/1988,4.415,4.415,4.415,4.415,-0.02%
2/16/1988,4.416,4.416,4.416,4.416,-0.02%
2/15/1988,4.417,4.417,4.417,4.417,1.68%
2/12/1988,4.344,4.344,4.344,4.344,-0.02%
2/11/1988,4.345,4.345,4.345,4.345,-0.07%
2/10/1988,4.348,4.348,4.348,4.348,-1.29%
2/9/1988,4.405,4.405,4.405,4.405,-0.86%
2/8/1988,4.443,4.443,4.443,4.443,-0.45%
2/5/1988,4.463,4.463,4.463,4.463,-1.26%
2/4/1988,4.52,4.52,4.52,4.52,-0.07%
2/3/1988,4.523,4.523,4.523,4.523,-0.02%
2/2/1988,4.524,4.524,4.524,4.524,-0.02%
2/1/1988,4.525,4.525,4.525,4.525,5.06%
1/29/1988,4.307,4.307,4.307,4.307,0.00%
1/28/1988,4.307,4.307,4.307,4.307,-1.08%
1/27/1988,4.354,4.354,4.354,4.354,-0.02%
1/26/1988,4.355,4.355,4.355,4.355,0.00%
1/25/1988,4.355,4.355,4.355,4.355,-0.02%
1/22/1988,4.356,4.356,4.356,4.356,-0.02%
1/21/1988,4.357,4.357,4.357,4.357,-0.05%
1/20/1988,4.359,4.359,4.359,4.359,-0.02%
1/19/1988,4.36,4.36,4.36,4.36,-0.02%
1/18/1988,4.361,4.361,4.361,4.361,0.00%
1/15/1988,4.361,4.361,4.361,4.361,-0.02%
1/14/1988,4.362,4.362,4.362,4.362,-0.05%
1/13/1988,4.364,4.364,4.364,4.364,-0.59%
1/12/1988,4.39,4.39,4.39,4.39,-0.02%
1/11/1988,4.391,4.391,4.391,4.391,0.55%
1/8/1988,4.367,4.367,4.367,4.367,1.13%
1/7/1988,4.318,4.318,4.318,4.318,-0.05%
1/6/1988,4.32,4.32,4.32,4.32,0.56%
1/5/1988,4.296,4.296,4.296,4.296,-0.60%
1/4/1988,4.322,4.322,4.322,4.322,-2.26%
1/1/1988,4.422,4.422,4.422,4.422,0.00%
12/31/1987,4.422,4.422,4.422,4.422,0.00%
12/30/1987,4.422,4.422,4.422,4.422,0.09%
12/29/1987,4.418,4.418,4.418,4.418,-0.02%
12/28/1987,4.419,4.419,4.419,4.419,0.00%
12/25/1987,4.419,4.419,4.419,4.419,0.00%
12/24/1987,4.419,4.419,4.419,4.419,0.00%
12/23/1987,4.419,4.419,4.419,4.419,-0.02%
12/22/1987,4.42,4.42,4.42,4.42,-0.63%
12/21/1987,4.448,4.448,4.448,4.448,-0.02%
12/18/1987,4.449,4.449,4.449,4.449,0.00%
12/17/1987,4.449,4.449,4.449,4.449,0.50%
12/16/1987,4.427,4.427,4.427,4.427,-0.02%
12/15/1987,4.428,4.428,4.428,4.428,-1.09%
12/14/1987,4.477,4.477,4.477,4.477,1.63%
12/11/1987,4.405,4.405,4.405,4.405,0.00%
12/10/1987,4.405,4.405,4.405,4.405,-0.07%
12/9/1987,4.408,4.408,4.408,4.408,0.00%
12/8/1987,4.408,4.408,4.408,4.408,-0.02%
12/7/1987,4.409,4.409,4.409,4.409,-0.02%
12/4/1987,4.41,4.41,4.41,4.41,-2.13%
12/3/1987,4.506,4.506,4.506,4.506,-0.04%
12/2/1987,4.508,4.508,4.508,4.508,-0.02%
12/1/1987,4.509,4.509,4.509,4.509,-1.05%
11/30/1987,4.557,4.557,4.557,4.557,0.00%
11/27/1987,4.557,4.557,4.557,4.557,1.04%
11/26/1987,4.51,4.51,4.51,4.51,-0.57%
11/25/1987,4.536,4.536,4.536,4.536,-1.05%
11/24/1987,4.584,4.584,4.584,4.584,-1.04%
11/23/1987,4.632,4.632,4.632,4.632,-1.03%
11/20/1987,4.68,4.68,4.68,4.68,-1.99%
11/19/1987,4.775,4.775,4.775,4.775,0.00%
11/18/1987,4.775,4.775,4.775,4.775,-0.02%
11/17/1987,4.776,4.776,4.776,4.776,0.00%
11/16/1987,4.776,4.776,4.776,4.776,-1.00%
11/13/1987,4.824,4.824,4.824,4.824,0.00%
11/12/1987,4.824,4.824,4.824,4.824,-0.02%
11/11/1987,4.825,4.825,4.825,4.825,0.00%
11/10/1987,4.825,4.825,4.825,4.825,0.00%
11/9/1987,4.825,4.825,4.825,4.825,-3.77%
11/6/1987,5.014,5.014,5.014,5.014,-3.19%
11/5/1987,5.179,5.179,5.179,5.179,0.00%
11/4/1987,5.179,5.179,5.179,5.179,0.02%
11/3/1987,5.178,5.178,5.178,5.178,0.45%
11/2/1987,5.155,5.155,5.155,5.155,-5.20%
10/30/1987,5.438,5.438,5.438,5.438,-2.14%
10/29/1987,5.557,5.557,5.557,5.557,0.16%
10/28/1987,5.548,5.548,5.548,5.548,1.30%
10/27/1987,5.477,5.477,5.477,5.477,-1.26%
10/26/1987,5.547,5.547,5.547,5.547,-2.91%
10/23/1987,5.713,5.713,5.713,5.713,-2.43%
10/22/1987,5.855,5.855,5.855,5.855,0.05%
10/21/1987,5.852,5.852,5.852,5.852,-1.60%
10/20/1987,5.947,5.947,5.947,5.947,6.83%
10/19/1987,5.567,5.567,5.567,5.567,0.02%
10/16/1987,5.566,5.566,5.566,5.566,0.02%
10/15/1987,5.565,5.565,5.565,5.565,2.60%
10/14/1987,5.424,5.424,5.424,5.424,-5.29%
10/13/1987,5.727,5.727,5.727,5.727,-1.21%
10/12/1987,5.797,5.797,5.797,5.797,2.08%
10/9/1987,5.679,5.679,5.679,5.679,4.74%
10/8/1987,5.422,5.422,5.422,5.422,0.89%
10/7/1987,5.374,5.374,5.374,5.374,3.09%
10/6/1987,5.213,5.213,5.213,5.213,0.00%
10/5/1987,5.213,5.213,5.213,5.213,0.00%
10/2/1987,5.213,5.213,5.213,5.213,0.00%
10/1/1987,5.213,5.213,5.213,5.213,4.09%
9/30/1987,5.008,5.008,5.008,5.008,0.00%
9/29/1987,5.008,5.008,5.008,5.008,0.00%
9/28/1987,5.008,5.008,5.008,5.008,0.00%
9/25/1987,5.008,5.008,5.008,5.008,0.00%
9/24/1987,5.008,5.008,5.008,5.008,0.00%
9/23/1987,5.008,5.008,5.008,5.008,-0.02%
9/22/1987,5.009,5.009,5.009,5.009,0.00%
9/21/1987,5.009,5.009,5.009,5.009,0.00%
9/18/1987,5.009,5.009,5.009,5.009,0.00%
9/17/1987,5.009,5.009,5.009,5.009,0.00%
9/16/1987,5.009,5.009,5.009,5.009,0.00%
9/15/1987,5.009,5.009,5.009,5.009,0.00%
9/14/1987,5.009,5.009,5.009,5.009,0.00%
9/11/1987,5.009,5.009,5.009,5.009,0.00%
9/10/1987,5.009,5.009,5.009,5.009,0.00%
9/9/1987,5.009,5.009,5.009,5.009,0.00%
9/8/1987,5.009,5.009,5.009,5.009,0.00%
9/7/1987,5.009,5.009,5.009,5.009,0.00%
9/4/1987,5.009,5.009,5.009,5.009,0.00%
9/3/1987,5.009,5.009,5.009,5.009,-0.02%
9/2/1987,5.01,5.01,5.01,5.01,0.00%
9/1/1987,5.01,5.01,5.01,5.01,0.00%
8/31/1987,5.01,5.01,5.01,5.01,0.00%
8/28/1987,5.01,5.01,5.01,5.01,0.12%
8/27/1987,5.004,5.004,5.004,5.004,0.00%
8/26/1987,5.004,5.004,5.004,5.004,0.00%
8/25/1987,5.004,5.004,5.004,5.004,3.58%
8/24/1987,4.831,4.831,4.831,4.831,0.00%
8/21/1987,4.831,4.831,4.831,4.831,0.00%
8/20/1987,4.831,4.831,4.831,4.831,-0.02%
8/19/1987,4.832,4.832,4.832,4.832,0.00%
8/18/1987,4.832,4.832,4.832,4.832,-2.62%
8/17/1987,4.962,4.962,4.962,4.962,0.00%
8/14/1987,4.962,4.962,4.962,4.962,0.00%
8/13/1987,4.962,4.962,4.962,4.962,0.00%
8/12/1987,4.962,4.962,4.962,4.962,0.00%
8/11/1987,4.962,4.962,4.962,4.962,0.00%
8/10/1987,4.962,4.962,4.962,4.962,-0.02%
8/7/1987,4.963,4.963,4.963,4.963,0.00%
8/6/1987,4.963,4.963,4.963,4.963,0.00%
8/5/1987,4.963,4.963,4.963,4.963,0.00%
8/4/1987,4.963,4.963,4.963,4.963,0.00%
8/3/1987,4.963,4.963,4.963,4.963,0.00%
7/31/1987,4.963,4.963,4.963,4.963,-0.02%
7/30/1987,4.964,4.964,4.964,4.964,3.65%
7/29/1987,4.789,4.789,4.789,4.789,-0.02%
7/28/1987,4.79,4.79,4.79,4.79,5.53%
7/27/1987,4.539,4.539,4.539,4.539,4.25%
7/24/1987,4.354,4.354,4.354,4.354,0.00%
7/23/1987,4.354,4.354,4.354,4.354,-0.05%
7/22/1987,4.356,4.356,4.356,4.356,-0.02%
7/21/1987,4.357,4.357,4.357,4.357,-0.02%
7/20/1987,4.358,4.358,4.358,4.358,-0.02%
7/17/1987,4.359,4.359,4.359,4.359,0.00%
7/16/1987,4.359,4.359,4.359,4.359,-0.07%
7/15/1987,4.362,4.362,4.362,4.362,0.00%
7/14/1987,4.362,4.362,4.362,4.362,-0.02%
7/13/1987,4.363,4.363,4.363,4.363,-0.02%
7/10/1987,4.364,4.364,4.364,4.364,0.00%
7/9/1987,4.364,4.364,4.364,4.364,-0.07%
7/8/1987,4.367,4.367,4.367,4.367,0.00%
7/7/1987,4.367,4.367,4.367,4.367,-0.02%
7/6/1987,4.368,4.368,4.368,4.368,-0.02%
7/3/1987,4.369,4.369,4.369,4.369,-0.02%
7/2/1987,4.37,4.37,4.37,4.37,-2.30%
7/1/1987,4.473,4.473,4.473,4.473,0.00%
6/30/1987,4.473,4.473,4.473,4.473,-0.02%
6/29/1987,4.474,4.474,4.474,4.474,-0.02%
6/26/1987,4.475,4.475,4.475,4.475,3.73%
6/25/1987,4.314,4.314,4.314,4.314,-0.07%
6/24/1987,4.317,4.317,4.317,4.317,0.00%
6/23/1987,4.317,4.317,4.317,4.317,-0.02%
6/22/1987,4.318,4.318,4.318,4.318,-0.02%
6/19/1987,4.319,4.319,4.319,4.319,0.00%
6/18/1987,4.319,4.319,4.319,4.319,0.00%
6/17/1987,4.319,4.319,4.319,4.319,-0.02%
6/16/1987,4.32,4.32,4.32,4.32,-0.05%
6/15/1987,4.322,4.322,4.322,4.322,-0.05%
6/12/1987,4.324,4.324,4.324,4.324,-0.02%
6/11/1987,4.325,4.325,4.325,4.325,-0.05%
6/10/1987,4.327,4.327,4.327,4.327,-0.02%
6/9/1987,4.328,4.328,4.328,4.328,0.00%
6/8/1987,4.328,4.328,4.328,4.328,1.84%
6/5/1987,4.25,4.25,4.25,4.25,-0.02%
6/4/1987,4.251,4.251,4.251,4.251,-0.07%
6/3/1987,4.254,4.254,4.254,4.254,-0.02%
6/2/1987,4.255,4.255,4.255,4.255,-0.02%
6/1/1987,4.256,4.256,4.256,4.256,2.63%
5/29/1987,4.147,4.147,4.147,4.147,0.00%
5/28/1987,4.147,4.147,4.147,4.147,-0.02%
5/27/1987,4.148,4.148,4.148,4.148,0.07%
5/26/1987,4.145,4.145,4.145,4.145,-0.07%
5/25/1987,4.148,4.148,4.148,4.148,-0.02%
5/22/1987,4.149,4.149,4.149,4.149,-0.02%
5/21/1987,4.15,4.15,4.15,4.15,-0.10%
5/20/1987,4.154,4.154,4.154,4.154,-4.04%
5/19/1987,4.329,4.329,4.329,4.329,-0.02%
5/18/1987,4.33,4.33,4.33,4.33,-0.02%
5/15/1987,4.331,4.331,4.331,4.331,-0.02%
5/14/1987,4.332,4.332,4.332,4.332,-0.07%
5/13/1987,4.335,4.335,4.335,4.335,-9.14%
5/12/1987,4.771,4.771,4.771,4.771,-0.02%
5/11/1987,4.772,4.772,4.772,4.772,0.00%
5/8/1987,4.772,4.772,4.772,4.772,-0.02%
5/7/1987,4.773,4.773,4.773,4.773,11.03%
5/6/1987,4.299,4.299,4.299,4.299,-0.02%
5/5/1987,4.3,4.3,4.3,4.3,-11.96%
5/4/1987,4.884,4.884,4.884,4.884,0.00%
5/1/1987,4.884,4.884,4.884,4.884,7.11%
4/30/1987,4.56,4.56,4.56,4.56,-0.02%
4/29/1987,4.561,4.561,4.561,4.561,-0.07%
4/28/1987,4.564,4.564,4.564,4.564,-0.02%
4/27/1987,4.565,4.565,4.565,4.565,0.00%
4/24/1987,4.565,4.565,4.565,4.565,-0.02%
4/23/1987,4.566,4.566,4.566,4.566,-0.04%
4/22/1987,4.568,4.568,4.568,4.568,-0.02%
4/21/1987,4.569,4.569,4.569,4.569,0.00%
4/20/1987,4.569,4.569,4.569,4.569,0.00%
4/17/1987,4.569,4.569,4.569,4.569,-0.02%
4/16/1987,4.57,4.57,4.57,4.57,-0.02%
4/15/1987,4.571,4.571,4.571,4.571,-0.09%
4/14/1987,4.575,4.575,4.575,4.575,0.00%
4/13/1987,4.575,4.575,4.575,4.575,-0.02%
4/10/1987,4.576,4.576,4.576,4.576,-0.02%
4/9/1987,4.577,4.577,4.577,4.577,-0.04%
4/8/1987,4.579,4.579,4.579,4.579,-0.02%
4/7/1987,4.58,4.58,4.58,4.58,-0.02%
4/6/1987,4.581,4.581,4.581,4.581,-0.02%
4/3/1987,4.582,4.582,4.582,4.582,0.00%
4/2/1987,4.582,4.582,4.582,4.582,-0.07%
4/1/1987,4.585,4.585,4.585,4.585,-4.38%
3/31/1987,4.795,4.795,4.795,4.795,-7.34%
3/30/1987,5.175,5.175,5.175,5.175,-0.71%
3/27/1987,5.212,5.212,5.212,5.212,19.16%
3/26/1987,4.374,4.374,4.374,4.374,-0.07%
3/25/1987,4.377,4.377,4.377,4.377,-8.66%
3/24/1987,4.792,4.792,4.792,4.792,-0.02%
3/23/1987,4.793,4.793,4.793,4.793,0.00%
3/20/1987,4.793,4.793,4.793,4.793,-0.02%
3/19/1987,4.794,4.794,4.794,4.794,-0.04%
3/18/1987,4.796,4.796,4.796,4.796,0.00%
3/17/1987,4.796,4.796,4.796,4.796,-0.02%
3/16/1987,4.797,4.797,4.797,4.797,0.00%
3/13/1987,4.797,4.797,4.797,4.797,-0.02%
3/12/1987,4.798,4.798,4.798,4.798,-0.04%
3/11/1987,4.8,4.8,4.8,4.8,0.00%
3/10/1987,4.8,4.8,4.8,4.8,-0.02%
3/9/1987,4.801,4.801,4.801,4.801,0.00%
3/6/1987,4.801,4.801,4.801,4.801,-0.02%
3/5/1987,4.802,4.802,4.802,4.802,-0.02%
3/4/1987,4.803,4.803,4.803,4.803,-0.02%
3/3/1987,4.804,4.804,4.804,4.804,-0.02%
3/2/1987,4.805,4.805,4.805,4.805,0.00%
2/27/1987,4.805,4.805,4.805,4.805,-0.02%
2/26/1987,4.806,4.806,4.806,4.806,-0.27%
2/25/1987,4.819,4.819,4.819,4.819,-0.02%
2/24/1987,4.82,4.82,4.82,4.82,0.00%
2/23/1987,4.82,4.82,4.82,4.82,-0.02%
2/20/1987,4.821,4.821,4.821,4.821,0.00%
2/19/1987,4.821,4.821,4.821,4.821,-0.04%
2/18/1987,4.823,4.823,4.823,4.823,0.00%
2/17/1987,4.823,4.823,4.823,4.823,-0.02%
2/16/1987,4.824,4.824,4.824,4.824,0.00%
2/13/1987,4.824,4.824,4.824,4.824,-0.02%
2/12/1987,4.825,4.825,4.825,4.825,-0.04%
2/11/1987,4.827,4.827,4.827,4.827,0.00%
2/10/1987,4.827,4.827,4.827,4.827,-0.02%
2/9/1987,4.828,4.828,4.828,4.828,0.00%
2/6/1987,4.828,4.828,4.828,4.828,-0.02%
2/5/1987,4.829,4.829,4.829,4.829,-4.00%
2/4/1987,5.03,5.03,5.03,5.03,-0.02%
2/3/1987,5.031,5.031,5.031,5.031,0.00%
2/2/1987,5.031,5.031,5.031,5.031,0.00%
1/30/1987,5.031,5.031,5.031,5.031,-0.02%
1/29/1987,5.032,5.032,5.032,5.032,0.10%
1/28/1987,5.027,5.027,5.027,5.027,0.80%
1/27/1987,4.987,4.987,4.987,4.987,-0.02%
1/26/1987,4.988,4.988,4.988,4.988,0.00%
1/23/1987,4.988,4.988,4.988,4.988,-0.02%
1/22/1987,4.989,4.989,4.989,4.989,-0.02%
1/21/1987,4.99,4.99,4.99,4.99,-4.57%
1/20/1987,5.229,5.229,5.229,5.229,0.00%
1/19/1987,5.229,5.229,5.229,5.229,0.00%
1/16/1987,5.229,5.229,5.229,5.229,-0.02%
1/15/1987,5.23,5.23,5.23,5.23,0.00%
1/14/1987,5.23,5.23,5.23,5.23,0.00%
1/13/1987,5.23,5.23,5.23,5.23,3.91%
1/12/1987,5.033,5.033,5.033,5.033,0.00%
1/9/1987,5.033,5.033,5.033,5.033,4.46%
1/8/1987,4.818,4.818,4.818,4.818,-0.04%
1/7/1987,4.82,4.82,4.82,4.82,0.00%
1/6/1987,4.82,4.82,4.82,4.82,-0.02%
1/5/1987,4.821,4.821,4.821,4.821,-0.02%
1/2/1987,4.822,4.822,4.822,4.822,0.00%
1/1/1987,4.822,4.822,4.822,4.822,0.00%
12/31/1986,4.822,4.822,4.822,4.822,-0.04%
12/30/1986,4.824,4.824,4.824,4.824,0.10%
12/29/1986,4.819,4.819,4.819,4.819,0.00%
12/26/1986,4.819,4.819,4.819,4.819,0.00%
12/25/1986,4.819,4.819,4.819,4.819,0.00%
12/24/1986,4.819,4.819,4.819,4.819,-0.02%
12/23/1986,4.82,4.82,4.82,4.82,0.00%
12/22/1986,4.82,4.82,4.82,4.82,-0.08%
12/19/1986,4.824,4.824,4.824,4.824,0.00%
12/18/1986,4.824,4.824,4.824,4.824,-0.04%
12/17/1986,4.826,4.826,4.826,4.826,0.00%
12/16/1986,4.826,4.826,4.826,4.826,-0.02%
12/15/1986,4.827,4.827,4.827,4.827,0.00%
12/12/1986,4.827,4.827,4.827,4.827,-7.72%
12/11/1986,5.231,5.231,5.231,5.231,0.00%
12/10/1986,5.231,5.231,5.231,5.231,-0.02%
12/9/1986,5.232,5.232,5.232,5.232,0.00%
12/8/1986,5.232,5.232,5.232,5.232,0.00%
12/5/1986,5.232,5.232,5.232,5.232,0.00%
12/4/1986,5.232,5.232,5.232,5.232,-0.02%
12/3/1986,5.233,5.233,5.233,5.233,0.00%
12/2/1986,5.233,5.233,5.233,5.233,-0.74%
12/1/1986,5.272,5.272,5.272,5.272,0.00%
11/28/1986,5.272,5.272,5.272,5.272,0.00%
11/27/1986,5.272,5.272,5.272,5.272,-0.02%
11/26/1986,5.273,5.273,5.273,5.273,0.00%
11/25/1986,5.273,5.273,5.273,5.273,0.00%
11/24/1986,5.273,5.273,5.273,5.273,-0.72%
11/21/1986,5.311,5.311,5.311,5.311,0.00%
11/20/1986,5.311,5.311,5.311,5.311,-0.02%
11/19/1986,5.312,5.312,5.312,5.312,0.00%
11/18/1986,5.312,5.312,5.312,5.312,-1.41%
11/17/1986,5.388,5.388,5.388,5.388,0.00%
11/14/1986,5.388,5.388,5.388,5.388,-0.02%
11/13/1986,5.389,5.389,5.389,5.389,0.00%
11/12/1986,5.389,5.389,5.389,5.389,0.00%
11/11/1986,5.389,5.389,5.389,5.389,0.00%
11/10/1986,5.389,5.389,5.389,5.389,0.00%
11/7/1986,5.389,5.389,5.389,5.389,0.00%
11/6/1986,5.389,5.389,5.389,5.389,-0.02%
11/5/1986,5.39,5.39,5.39,5.39,0.00%
11/4/1986,5.39,5.39,5.39,5.39,0.00%
11/3/1986,5.39,5.39,5.39,5.39,2.82%
10/31/1986,5.242,5.242,5.242,5.242,-0.04%
10/30/1986,5.244,5.244,5.244,5.244,3.49%
10/29/1986,5.067,5.067,5.067,5.067,-0.04%
10/28/1986,5.069,5.069,5.069,5.069,-0.04%
10/27/1986,5.071,5.071,5.071,5.071,-0.02%
10/24/1986,5.072,5.072,5.072,5.072,-0.04%
10/23/1986,5.074,5.074,5.074,5.074,-0.08%
10/22/1986,5.078,5.078,5.078,5.078,-0.04%
10/21/1986,5.08,5.08,5.08,5.08,-0.04%
10/20/1986,5.082,5.082,5.082,5.082,-0.02%
10/17/1986,5.083,5.083,5.083,5.083,-0.04%
10/16/1986,5.085,5.085,5.085,5.085,-0.08%
10/15/1986,5.089,5.089,5.089,5.089,-0.04%
10/14/1986,5.091,5.091,5.091,5.091,-0.02%
10/13/1986,5.092,5.092,5.092,5.092,-0.04%
10/10/1986,5.094,5.094,5.094,5.094,-0.04%
10/9/1986,5.096,5.096,5.096,5.096,-0.08%
10/8/1986,5.1,5.1,5.1,5.1,-0.04%
10/7/1986,5.102,5.102,5.102,5.102,-0.02%
10/6/1986,5.103,5.103,5.103,5.103,-0.04%
10/3/1986,5.105,5.105,5.105,5.105,-0.02%
10/2/1986,5.106,5.106,5.106,5.106,-0.10%
10/1/1986,5.111,5.111,5.111,5.111,0.97%
9/30/1986,5.062,5.062,5.062,5.062,-0.02%
9/29/1986,5.063,5.063,5.063,5.063,-0.04%
9/26/1986,5.065,5.065,5.065,5.065,-0.02%
9/25/1986,5.066,5.066,5.066,5.066,-0.10%
9/24/1986,5.071,5.071,5.071,5.071,-0.04%
9/23/1986,5.073,5.073,5.073,5.073,-0.02%
9/22/1986,5.074,5.074,5.074,5.074,-0.04%
9/19/1986,5.076,5.076,5.076,5.076,-0.02%
9/18/1986,5.077,5.077,5.077,5.077,-0.10%
9/17/1986,5.082,5.082,5.082,5.082,-0.02%
9/16/1986,5.083,5.083,5.083,5.083,-0.04%
9/15/1986,5.085,5.085,5.085,5.085,-0.02%
9/12/1986,5.086,5.086,5.086,5.086,-0.04%
9/11/1986,5.088,5.088,5.088,5.088,-0.10%
9/10/1986,5.093,5.093,5.093,5.093,-0.02%
9/9/1986,5.094,5.094,5.094,5.094,-0.04%
9/8/1986,5.096,5.096,5.096,5.096,-0.02%
9/5/1986,5.097,5.097,5.097,5.097,-0.04%
9/4/1986,5.099,5.099,5.099,5.099,-0.08%
9/3/1986,5.103,5.103,5.103,5.103,-0.04%
9/2/1986,5.105,5.105,5.105,5.105,-0.02%
9/1/1986,5.106,5.106,5.106,5.106,-0.04%
8/29/1986,5.108,5.108,5.108,5.108,-0.02%
8/28/1986,5.109,5.109,5.109,5.109,0.02%
8/27/1986,5.108,5.108,5.108,5.108,-0.02%
8/26/1986,5.109,5.109,5.109,5.109,-0.04%
8/25/1986,5.111,5.111,5.111,5.111,-9.86%
8/22/1986,5.67,5.67,5.67,5.67,5.74%
8/21/1986,5.362,5.362,5.362,5.362,-0.07%
8/20/1986,5.366,5.366,5.366,5.366,-0.02%
8/19/1986,5.367,5.367,5.367,5.367,-0.04%
8/18/1986,5.369,5.369,5.369,5.369,-0.02%
8/15/1986,5.37,5.37,5.37,5.37,-0.02%
8/14/1986,5.371,5.371,5.371,5.371,-0.07%
8/13/1986,5.375,5.375,5.375,5.375,-0.04%
8/12/1986,5.377,5.377,5.377,5.377,-0.02%
8/11/1986,5.378,5.378,5.378,5.378,-0.02%
8/8/1986,5.379,5.379,5.379,5.379,-0.04%
8/7/1986,5.381,5.381,5.381,5.381,-0.07%
8/6/1986,5.385,5.385,5.385,5.385,-0.02%
8/5/1986,5.386,5.386,5.386,5.386,-0.02%
8/4/1986,5.387,5.387,5.387,5.387,-0.04%
8/1/1986,5.389,5.389,5.389,5.389,-0.02%
7/31/1986,5.39,5.39,5.39,5.39,-0.07%
7/30/1986,5.394,5.394,5.394,5.394,0.09%
7/29/1986,5.389,5.389,5.389,5.389,-0.02%
7/28/1986,5.39,5.39,5.39,5.39,-0.04%
7/25/1986,5.392,5.392,5.392,5.392,-0.02%
7/24/1986,5.393,5.393,5.393,5.393,0.52%
7/23/1986,5.365,5.365,5.365,5.365,-0.04%
7/22/1986,5.367,5.367,5.367,5.367,-0.04%
7/21/1986,5.369,5.369,5.369,5.369,-0.04%
7/18/1986,5.371,5.371,5.371,5.371,-0.04%
7/17/1986,5.373,5.373,5.373,5.373,-0.09%
7/16/1986,5.378,5.378,5.378,5.378,-0.04%
7/15/1986,5.38,5.38,5.38,5.38,-0.02%
7/14/1986,5.381,5.381,5.381,5.381,-0.04%
7/11/1986,5.383,5.383,5.383,5.383,-0.99%
7/10/1986,5.437,5.437,5.437,5.437,-0.09%
7/9/1986,5.442,5.442,5.442,5.442,-0.04%
7/8/1986,5.444,5.444,5.444,5.444,-0.04%
7/7/1986,5.446,5.446,5.446,5.446,-0.02%
7/4/1986,5.447,5.447,5.447,5.447,-0.04%
7/3/1986,5.449,5.449,5.449,5.449,-0.11%
7/2/1986,5.455,5.455,5.455,5.455,-0.09%
7/1/1986,5.46,5.46,5.46,5.46,-0.11%
6/30/1986,5.466,5.466,5.466,5.466,-0.09%
6/27/1986,5.471,5.471,5.471,5.471,-0.11%
6/26/1986,5.477,5.477,5.477,5.477,0.20%
6/25/1986,5.466,5.466,5.466,5.466,-0.04%
6/24/1986,5.468,5.468,5.468,5.468,-0.04%
6/23/1986,5.47,5.47,5.47,5.47,-0.02%
6/20/1986,5.471,5.471,5.471,5.471,-0.04%
6/19/1986,5.473,5.473,5.473,5.473,-0.11%
6/18/1986,5.479,5.479,5.479,5.479,0.00%
6/17/1986,5.479,5.479,5.479,5.479,-0.04%
6/16/1986,5.481,5.481,5.481,5.481,-0.04%
6/13/1986,5.483,5.483,5.483,5.483,2.79%
6/12/1986,5.334,5.334,5.334,5.334,-0.19%
6/11/1986,5.344,5.344,5.344,5.344,-0.11%
6/10/1986,5.35,5.35,5.35,5.35,-0.09%
6/9/1986,5.355,5.355,5.355,5.355,-0.11%
6/6/1986,5.361,5.361,5.361,5.361,0.30%
6/5/1986,5.345,5.345,5.345,5.345,-0.11%
6/4/1986,5.351,5.351,5.351,5.351,-0.04%
6/3/1986,5.353,5.353,5.353,5.353,-0.04%
6/2/1986,5.355,5.355,5.355,5.355,-0.04%
5/30/1986,5.357,5.357,5.357,5.357,0.00%
5/29/1986,5.357,5.357,5.357,5.357,5.54%
5/28/1986,5.076,5.076,5.076,5.076,-0.04%
5/27/1986,5.078,5.078,5.078,5.078,-0.04%
5/26/1986,5.08,5.08,5.08,5.08,-0.04%
5/23/1986,5.082,5.082,5.082,5.082,-0.04%
5/22/1986,5.084,5.084,5.084,5.084,-0.12%
5/21/1986,5.09,5.09,5.09,5.09,-0.04%
5/20/1986,5.092,5.092,5.092,5.092,0.00%
5/19/1986,5.092,5.092,5.092,5.092,-0.04%
5/16/1986,5.094,5.094,5.094,5.094,-0.04%
5/15/1986,5.096,5.096,5.096,5.096,0.02%
5/14/1986,5.095,5.095,5.095,5.095,-0.02%
5/13/1986,5.096,5.096,5.096,5.096,-0.02%
5/12/1986,5.097,5.097,5.097,5.097,-0.02%
5/9/1986,5.098,5.098,5.098,5.098,0.00%
5/8/1986,5.098,5.098,5.098,5.098,-0.02%
5/7/1986,5.099,5.099,5.099,5.099,3.66%
5/6/1986,4.919,4.919,4.919,4.919,-0.04%
5/5/1986,4.921,4.921,4.921,4.921,-0.02%
5/2/1986,4.922,4.922,4.922,4.922,0.00%
5/1/1986,4.922,4.922,4.922,4.922,-0.04%
4/30/1986,4.924,4.924,4.924,4.924,-0.08%
4/29/1986,4.928,4.928,4.928,4.928,-0.04%
4/28/1986,4.93,4.93,4.93,4.93,-0.04%
4/25/1986,4.932,4.932,4.932,4.932,-0.02%
4/24/1986,4.933,4.933,4.933,4.933,-0.08%
4/23/1986,4.937,4.937,4.937,4.937,-0.02%
4/22/1986,4.938,4.938,4.938,4.938,0.63%
4/21/1986,4.907,4.907,4.907,4.907,-8.06%
4/18/1986,5.337,5.337,5.337,5.337,-0.02%
4/17/1986,5.338,5.338,5.338,5.338,-0.09%
4/16/1986,5.343,5.343,5.343,5.343,-0.02%
4/15/1986,5.344,5.344,5.344,5.344,-0.04%
4/14/1986,5.346,5.346,5.346,5.346,-0.02%
4/11/1986,5.347,5.347,5.347,5.347,-0.04%
4/10/1986,5.349,5.349,5.349,5.349,-0.07%
4/9/1986,5.353,5.353,5.353,5.353,-0.13%
4/8/1986,5.36,5.36,5.36,5.36,-0.02%
4/7/1986,5.361,5.361,5.361,5.361,-0.02%
4/4/1986,5.362,5.362,5.362,5.362,-0.02%
4/3/1986,5.363,5.363,5.363,5.363,-0.19%
4/2/1986,5.373,5.373,5.373,5.373,-0.09%
4/1/1986,5.378,5.378,5.378,5.378,0.00%
3/31/1986,5.378,5.378,5.378,5.378,0.00%
3/28/1986,5.378,5.378,5.378,5.378,-0.09%
3/27/1986,5.383,5.383,5.383,5.383,-0.09%
3/26/1986,5.388,5.388,5.388,5.388,0.48%
3/25/1986,5.362,5.362,5.362,5.362,-0.09%
3/24/1986,5.367,5.367,5.367,5.367,0.22%
3/21/1986,5.355,5.355,5.355,5.355,-0.02%
3/20/1986,5.356,5.356,5.356,5.356,-9.42%
3/19/1986,5.913,5.913,5.913,5.913,0.00%
3/18/1986,5.913,5.913,5.913,5.913,-0.02%
3/17/1986,5.914,5.914,5.914,5.914,-0.02%
3/14/1986,5.915,5.915,5.915,5.915,0.00%
3/13/1986,5.915,5.915,5.915,5.915,-0.03%
3/12/1986,5.917,5.917,5.917,5.917,-0.02%
3/11/1986,5.918,5.918,5.918,5.918,0.00%
3/10/1986,5.918,5.918,5.918,5.918,-0.02%
3/7/1986,5.919,5.919,5.919,5.919,-0.02%
3/6/1986,5.92,5.92,5.92,5.92,-0.03%
3/5/1986,5.922,5.922,5.922,5.922,0.00%
3/4/1986,5.922,5.922,5.922,5.922,-0.02%
3/3/1986,5.923,5.923,5.923,5.923,0.00%
2/28/1986,5.923,5.923,5.923,5.923,-0.02%
2/27/1986,5.924,5.924,5.924,5.924,-0.22%
2/26/1986,5.937,5.937,5.937,5.937,-0.02%
2/25/1986,5.938,5.938,5.938,5.938,-0.02%
2/24/1986,5.939,5.939,5.939,5.939,0.00%
2/21/1986,5.939,5.939,5.939,5.939,-0.02%
2/20/1986,5.94,5.94,5.94,5.94,-0.03%
2/19/1986,5.942,5.942,5.942,5.942,0.00%
2/18/1986,5.942,5.942,5.942,5.942,-0.02%
2/17/1986,5.943,5.943,5.943,5.943,-0.02%
2/14/1986,5.944,5.944,5.944,5.944,0.00%
2/13/1986,5.944,5.944,5.944,5.944,-0.03%
2/12/1986,5.946,5.946,5.946,5.946,-0.02%
2/11/1986,5.947,5.947,5.947,5.947,0.00%
2/10/1986,5.947,5.947,5.947,5.947,-0.02%
2/7/1986,5.948,5.948,5.948,5.948,0.00%
2/6/1986,5.948,5.948,5.948,5.948,-0.03%
2/5/1986,5.95,5.95,5.95,5.95,-0.02%
2/4/1986,5.951,5.951,5.951,5.951,-1.72%
2/3/1986,6.055,6.055,6.055,6.055,-0.02%
1/31/1986,6.056,6.056,6.056,6.056,0.00%
1/30/1986,6.056,6.056,6.056,6.056,0.05%
1/29/1986,6.053,6.053,6.053,6.053,0.00%
1/28/1986,6.053,6.053,6.053,6.053,-0.02%
1/27/1986,6.054,6.054,6.054,6.054,0.00%
1/24/1986,6.054,6.054,6.054,6.054,-0.02%
1/23/1986,6.055,6.055,6.055,6.055,-0.02%
1/22/1986,6.056,6.056,6.056,6.056,-1.22%
1/21/1986,6.131,6.131,6.131,6.131,-1.19%
1/20/1986,6.205,6.205,6.205,6.205,-0.02%
1/17/1986,6.206,6.206,6.206,6.206,0.00%
1/16/1986,6.206,6.206,6.206,6.206,-0.03%
1/15/1986,6.208,6.208,6.208,6.208,0.00%
1/14/1986,6.208,6.208,6.208,6.208,-0.02%
1/13/1986,6.209,6.209,6.209,6.209,0.00%
1/10/1986,6.209,6.209,6.209,6.209,-0.02%
1/9/1986,6.21,6.21,6.21,6.21,-0.02%
1/8/1986,6.211,6.211,6.211,6.211,-0.02%
1/7/1986,6.212,6.212,6.212,6.212,0.00%
1/6/1986,6.212,6.212,6.212,6.212,-0.02%
1/3/1986,6.213,6.213,6.213,6.213,0.00%
1/2/1986,6.213,6.213,6.213,6.213,0.00%
1/1/1986,6.213,6.213,6.213,6.213,18.93%
