Date,CPI,HICP,GER2Y,GER10Y,USA2Y,USA10Y,EURUSD
1999-01-01,164.7,57.07,3.071,3.863,4.575,4.677,1.168
1999-01-02,164.7,57.07,3.071,3.863,4.575,4.677,1.1723999999999999
1999-01-03,164.7,57.07,3.071,3.863,4.575,4.677,1.1768
1999-01-04,164.7,57.07,3.071,3.748,4.575,4.677,1.1812
1999-01-05,164.7,57.07,3.089,3.791,4.641,4.745,1.1755
1999-01-06,164.7,57.07,3.051,3.768,4.591,4.709,1.1625
1999-01-07,164.7,57.07,3.02,3.711,4.641,4.773,1.1708
1999-01-08,164.7,57.07,3.013,3.714,4.725,4.87,1.158
1999-01-09,164.7,57.07,3.0233333333333334,3.7173333333333334,4.730666666666666,4.881,1.1555
1999-01-10,164.7,57.07,3.0336666666666665,3.720666666666667,4.7363333333333335,4.8919999999999995,1.153
1999-01-11,164.7,57.07,3.044,3.724,4.742,4.903,1.1505
1999-01-12,164.7,57.07,2.982,3.805,4.658,4.81,1.1554
1999-01-13,164.7,57.07,2.905,3.672,4.607,4.709,1.1678
1999-01-14,164.7,57.07,2.905,3.712,4.456,4.606,1.1678
1999-01-15,164.7,57.07,2.856,3.677,4.573,4.685,1.156
1999-01-16,164.7,57.07,2.8486666666666665,3.683,4.58575,4.692,1.1571666666666667
1999-01-17,164.7,57.07,2.8413333333333335,3.695,4.5985,4.699,1.1583333333333332
1999-01-18,164.7,57.07,2.834,3.663,4.61125,4.7059999999999995,1.1595
1999-01-19,164.7,57.07,2.833,3.657,4.624,4.713,1.1595
1999-01-20,164.7,57.07,2.865,3.678,4.641,4.741,1.1551
1999-01-21,164.7,57.07,2.843,3.673,4.606,4.685,1.1603
1999-01-22,164.7,57.07,2.81,3.648,4.555,4.629,1.1585
1999-01-23,164.7,57.07,2.8133333333333335,3.6416666666666666,4.572,4.641,1.1573666666666667
1999-01-24,164.7,57.07,2.8166666666666664,3.6353333333333335,4.5889999999999995,4.653,1.1562333333333334
1999-01-25,164.7,57.07,2.82,3.629,4.606,4.665,1.1551
1999-01-26,164.7,57.07,2.817,3.6455,4.623,4.693,1.156
1999-01-27,164.7,57.07,2.836,3.662,4.467,4.673,1.1443
1999-01-28,164.7,57.07,2.836,3.645,4.566,4.661,1.1408
1999-01-29,164.7,57.07,2.863,3.637,4.583,4.653,1.1365
1999-01-30,164.7,57.07,2.8833333333333333,3.635,4.605,4.686333333333333,1.135
1999-01-31,164.7,57.07,2.9036666666666666,3.635,4.627,4.719666666666667,1.1335
1999-02-01,164.7,57.2,2.924,3.693,4.649,4.753,1.132
1999-02-02,164.7,57.2,2.924,3.71,4.699,4.802,1.135
1999-02-03,164.7,57.2,2.952,3.75,4.716,4.83,1.1305
1999-02-04,164.7,57.2,2.986,3.822,4.767,4.875,1.1341
1999-02-05,164.7,57.2,2.963,3.776,4.801,4.945,1.1257
1999-02-06,164.7,57.2,2.976,3.781,4.7956666666666665,4.938000000000001,1.1276
1999-02-07,164.7,57.2,2.989,3.818,4.790333333333334,4.931,1.1295
1999-02-08,164.7,57.2,3.002,3.855,4.785,4.924,1.1314
1999-02-09,164.7,57.2,2.963,3.787,4.751,4.879,1.1312
1999-02-10,164.7,57.2,2.979,3.79,4.785,4.932,1.132
1999-02-11,164.7,57.2,2.962,3.805,4.819,4.928,1.1216
1999-02-12,164.7,57.2,2.996,3.841,4.906,5.061,1.1303
1999-02-13,164.7,57.2,3.009333333333333,3.865,4.906,5.0504999999999995,1.1275666666666668
1999-02-14,164.7,57.2,3.022666666666667,3.8955,4.906,5.04,1.1248333333333334
1999-02-15,164.7,57.2,3.036,3.926,4.906,5.0295000000000005,1.1221
1999-02-16,164.7,57.2,3.042,3.88,4.906,5.019,1.1209
1999-02-17,164.7,57.2,3.008,3.893,4.873,4.974,1.124
1999-02-18,164.7,57.2,3.025,3.884,4.924,5.057,1.1196
1999-02-19,164.7,57.2,2.967,3.902,4.96,5.078,1.1055
1999-02-20,164.7,57.2,2.967,3.899,4.943,5.058666666666666,1.1043666666666667
1999-02-21,164.7,57.2,2.967,3.8890000000000002,4.926,5.039333333333333,1.1032333333333333
1999-02-22,164.7,57.2,2.967,3.879,4.909,5.02,1.1021
1999-02-23,164.7,57.2,2.95,3.85,4.996,5.103,1.1008
1999-02-24,164.7,57.2,3.013,3.862,5.083,5.179,1.1003
1999-02-25,164.7,57.2,3.048,3.908,5.217,5.353,1.1021
1999-02-26,164.7,57.2,3.142,3.997,5.15,5.294,1.1022
1999-02-27,164.7,57.2,3.167333333333333,4.009,5.166666666666667,5.326666666666666,1.098
1999-02-28,164.7,57.2,3.1926666666666668,4.001,5.183333333333334,5.359333333333334,1.0937999999999999
1999-03-01,164.8,57.38,3.218,4.091,5.2,5.392,1.0896
1999-03-02,164.8,57.38,3.201,4.084,5.134,5.315,1.094
1999-03-03,164.8,57.38,3.237,4.103,5.184,5.384,1.0871
1999-03-04,164.8,57.38,3.19,4.166,5.201,5.419,1.0804
1999-03-05,164.8,57.38,3.078,4.153,5.134,5.32,1.0815
1999-03-06,164.8,57.38,3.078,4.007,5.1226666666666665,5.303,1.0838666666666665
1999-03-07,164.8,57.38,3.078,4.007,5.1113333333333335,5.2860000000000005,1.0862333333333334
1999-03-08,164.8,57.38,3.078,4.038,5.1,5.269,1.0886
1999-03-09,164.8,57.38,3.054,4.098,5.016,5.172,1.0887
1999-03-10,164.8,57.38,3.066,4.066,5.033,5.201,1.094
1999-03-11,164.8,57.38,2.983,4.079,5.033,5.197,1.1036
1999-03-12,164.8,57.38,3.001,4.023,4.982,5.147,1.09
1999-03-13,164.8,57.38,2.975,4.016,4.982,5.149666666666667,1.0905333333333334
1999-03-14,164.8,57.38,2.949,4.037,4.982,5.152333333333334,1.0910666666666666
1999-03-15,164.8,57.38,2.923,4.006,4.982,5.155,1.0916
1999-03-16,164.8,57.38,2.989,4.008,4.965,5.109,1.1009
1999-03-17,164.8,57.38,2.989,3.936,4.982,5.122,1.1005
1999-03-18,164.8,57.38,2.989,3.921,4.982,5.101,1.097
1999-03-19,164.8,57.38,2.995,3.915,5.05,5.181,1.0887
1999-03-20,164.8,57.38,2.995,3.906,5.055666666666666,5.1883333333333335,1.0895666666666666
1999-03-21,164.8,57.38,2.995,3.916,5.061333333333334,5.195666666666667,1.0904333333333334
1999-03-22,164.8,57.38,2.995,3.968,5.067,5.203,1.0913
1999-03-23,164.8,57.38,3.013,3.996,4.998,5.16,1.0887
1999-03-24,164.8,57.38,2.982,3.995,4.998,5.156,1.088
1999-03-25,164.8,57.38,2.964,3.968,5.025,5.216,1.0832
1999-03-26,164.8,57.38,2.956,4.04,4.991,5.208,1.0762
1999-03-27,164.8,57.38,2.9436666666666667,4.032,4.996666666666666,5.2250000000000005,1.0750666666666666
1999-03-28,164.8,57.38,2.9313333333333333,4.032,5.0023333333333335,5.242,1.0739333333333334
1999-03-29,164.8,57.38,2.919,4.061,5.008,5.259,1.0728
1999-03-30,164.8,57.38,2.892,4.045,4.975,5.191,1.0723
1999-03-31,164.8,57.38,2.87,3.994,4.991,5.242,1.0764
1999-04-01,165.9,57.59,2.859,3.993,5.008,5.276,1.0781
1999-04-02,165.9,57.59,2.838,4.018,4.99125,5.25375,1.0784
1999-04-03,165.9,57.59,2.845,4.028333333333333,4.9745,5.2315000000000005,1.0761666666666667
1999-04-04,165.9,57.59,2.852,4.038666666666667,4.95775,5.20925,1.0739333333333334
1999-04-05,165.9,57.59,2.859,4.049,4.941,5.187,1.0717
1999-04-06,165.9,57.59,2.794,3.948,4.908,5.124,1.0828
1999-04-07,165.9,57.59,2.836,3.897,4.908,5.124,1.0767
1999-04-08,165.9,57.59,2.685,3.906,4.857,5.04,1.0741
1999-04-09,165.9,57.59,2.744,3.844,4.874,5.057,1.0792
1999-04-10,165.9,57.59,2.742,3.842,4.8853333333333335,5.055666666666667,1.0795666666666666
1999-04-11,165.9,57.59,2.74,3.841,4.8966666666666665,5.054333333333333,1.0799333333333334
1999-04-12,165.9,57.59,2.738,3.802,4.908,5.053,1.0803
1999-04-13,165.9,57.59,2.754,3.808,4.925,5.103,1.0769
1999-04-14,165.9,57.59,2.742,3.832,4.958,5.133,1.0812
1999-04-15,165.9,57.59,2.741,3.811,4.959,5.167,1.0694
1999-04-16,165.9,57.59,2.741,3.873,5.01,5.219,1.0696
1999-04-17,165.9,57.59,2.7226666666666666,3.866,4.987333333333333,5.193333333333333,1.0682333333333334
1999-04-18,165.9,57.59,2.7043333333333335,3.867,4.964666666666667,5.167666666666667,1.0668666666666666
1999-04-19,165.9,57.59,2.686,3.902,4.942,5.142,1.0655
1999-04-20,165.9,57.59,2.68,3.845,4.942,5.138,1.0623
1999-04-21,165.9,57.59,2.69,3.834,4.976,5.176,1.0592
1999-04-22,165.9,57.59,2.695,3.822,5.027,5.249,1.0646
1999-04-23,165.9,57.59,2.672,3.854,5.028,5.25,1.0605
1999-04-24,165.9,57.59,2.67,3.85,5.022333333333333,5.24,1.0605666666666667
1999-04-25,165.9,57.59,2.668,3.8645,5.016666666666667,5.2299999999999995,1.0606333333333333
1999-04-26,165.9,57.59,2.666,3.879,5.011,5.22,1.0607
1999-04-27,165.9,57.59,2.671,3.859,4.994,5.207,1.0655
1999-04-28,165.9,57.59,2.692,3.872,5.046,5.263,1.0628
1999-04-29,165.9,57.59,2.664,3.836,4.967,5.216,1.0621
1999-04-30,165.9,57.59,2.696,3.834,5.066,5.35,1.0569
1999-05-01,166.0,57.63,2.6976666666666667,3.874,5.066,5.353,1.0567333333333333
1999-05-02,166.0,57.63,2.6993333333333336,3.89,5.066,5.356,1.0565666666666667
1999-05-03,166.0,57.63,2.701,3.906,5.066,5.359,1.0564
1999-05-04,166.0,57.63,2.723,3.883,5.1,5.407,1.0629
1999-05-05,166.0,57.63,2.716,3.956,5.1,5.398,1.0745
1999-05-06,166.0,57.63,2.733,3.935,5.167,5.504,1.079
1999-05-07,166.0,57.63,2.71,4.019,5.185,5.54,1.0755
1999-05-08,166.0,57.63,2.708,3.991,5.173666666666667,5.538666666666667,1.0765
1999-05-09,166.0,57.63,2.706,3.993,5.162333333333333,5.537333333333333,1.0775
1999-05-10,166.0,57.63,2.704,4.027,5.151,5.536,1.0785
1999-05-11,166.0,57.63,2.703,4.04,5.168,5.58,1.0713
1999-05-12,166.0,57.63,2.674,4.078,5.185,5.567,1.0651
1999-05-13,166.0,57.63,2.679,4.024,5.117,5.41,1.066
1999-05-14,166.0,57.63,2.758,4.149,5.288,5.628,1.0655
1999-05-15,166.0,57.63,2.7596666666666665,4.149,5.288333333333333,5.632,1.0658333333333332
1999-05-16,166.0,57.63,2.7613333333333334,4.147,5.288666666666667,5.636,1.0661666666666667
1999-05-17,166.0,57.63,2.763,4.149,5.289,5.64,1.0665
1999-05-18,166.0,57.63,2.74,4.131,5.34,5.661,1.0687
1999-05-19,166.0,57.63,2.767,4.118,5.341,5.595,1.0701
1999-05-20,166.0,57.63,2.767,4.082,5.341,5.595,1.0614
1999-05-21,166.0,57.63,2.743,4.057,5.256,5.512,1.0588
1999-05-22,166.0,57.63,2.735333333333333,4.028,5.250333333333334,5.5009999999999994,1.0594333333333332
1999-05-23,166.0,57.63,2.727666666666667,4.0305,5.244666666666666,5.49,1.0600666666666667
1999-05-24,166.0,57.63,2.72,4.033,5.239,5.479,1.0607
1999-05-25,166.0,57.63,2.697,4.02,5.256,5.471,1.0613
1999-05-26,166.0,57.63,2.695,4.017,5.361,5.553,1.0448
1999-05-27,166.0,57.63,2.77,4.079,5.417,5.628,1.0425
1999-05-28,166.0,57.63,2.758,4.089,5.401,5.624,1.0428
1999-05-29,166.0,57.63,2.7733333333333334,4.102,5.4345,5.6585,1.0424666666666667
1999-05-30,166.0,57.63,2.7886666666666664,4.1155,5.468,5.693,1.0421333333333334
1999-05-31,166.0,57.63,2.804,4.129,5.5015,5.727499999999999,1.0418
1999-06-01,166.0,57.62,2.862,4.212,5.535,5.762,1.0447
1999-06-02,166.0,57.62,2.908,4.259,5.518,5.779,1.0355
1999-06-03,166.0,57.62,2.907,4.256,5.536,5.805,1.0323
1999-06-04,166.0,57.62,2.937,4.271,5.553,5.809,1.0373
1999-06-05,166.0,57.62,2.931,4.269,5.547666666666666,5.804666666666667,1.0346333333333335
1999-06-06,166.0,57.62,2.925,4.285,5.542333333333334,5.800333333333334,1.0319666666666667
1999-06-07,166.0,57.62,2.919,4.301,5.537,5.796,1.0293
1999-06-08,166.0,57.62,2.889,4.233,5.571,5.826,1.045
1999-06-09,166.0,57.62,2.889,4.26,5.622,5.89,1.0472
1999-06-10,166.0,57.62,3.055,4.287,5.64,5.929,1.0483
1999-06-11,166.0,57.62,3.061,4.407,5.692,6.037,1.0508
1999-06-12,166.0,57.62,3.033,4.375,5.675,6.012333333333333,1.0480333333333334
1999-06-13,166.0,57.62,3.005,4.343,5.658,5.987666666666667,1.0452666666666666
1999-06-14,166.0,57.62,2.977,4.355,5.641,5.963,1.0425
1999-06-15,166.0,57.62,2.989,4.29,5.659,5.981,1.0433
1999-06-16,166.0,57.62,3.01,4.295,5.591,5.925,1.0307
1999-06-17,166.0,57.62,2.984,4.278,5.488,5.788,1.0341
1999-06-18,166.0,57.62,2.978,4.206,5.558,5.827,1.0395
1999-06-19,166.0,57.62,3.008,4.207333333333334,5.5696666666666665,5.848333333333334,1.0374
1999-06-20,166.0,57.62,3.0380000000000003,4.208666666666667,5.581333333333333,5.869666666666666,1.0352999999999999
1999-06-21,166.0,57.62,3.068,4.21,5.593,5.891,1.0332
1999-06-22,166.0,57.62,3.121,4.381,5.628,5.925,1.0326
1999-06-23,166.0,57.62,3.159,4.45,5.715,6.033,1.0328
1999-06-24,166.0,57.62,3.223,4.563,5.733,6.038,1.0408
1999-06-25,166.0,57.62,3.202,4.614,5.75,6.016,1.0428
1999-06-26,166.0,57.62,3.204,4.528,5.722,5.993,1.0393
1999-06-27,166.0,57.62,3.206,4.528,5.694,5.97,1.0358
1999-06-28,166.0,57.62,3.208,4.547,5.666,5.947,1.0323
1999-06-29,166.0,57.62,3.17,4.56,5.7,5.926,1.0322
1999-06-30,166.0,57.62,3.166,4.48,5.516,5.785,1.0356
1999-07-01,166.7,57.71,3.155,4.492,5.582,5.84,1.0246
1999-07-02,166.7,57.71,3.117,4.613,5.581,5.836,1.0244
1999-07-03,166.7,57.71,3.1206666666666667,4.584,5.58925,5.8445,1.0237333333333334
1999-07-04,166.7,57.71,3.1243333333333334,4.584,5.5975,5.853,1.0230666666666666
1999-07-05,166.7,57.71,3.128,4.604,5.6057500000000005,5.8615,1.0224
1999-07-06,166.7,57.71,3.166,4.679,5.614,5.87,1.0247
1999-07-07,166.7,57.71,3.221,4.707,5.614,5.888,1.0181
1999-07-08,166.7,57.71,3.211,4.721,5.563,5.823,1.022
1999-07-09,166.7,57.71,3.244,4.7,5.579,5.832,1.0195
1999-07-10,166.7,57.71,3.2203333333333335,4.719,5.556333333333333,5.798,1.0178
1999-07-11,166.7,57.71,3.1966666666666668,4.719,5.533666666666667,5.764,1.0161
1999-07-12,166.7,57.71,3.173,4.708,5.511,5.73,1.0144
1999-07-13,166.7,57.71,3.156,4.612,5.51,5.704,1.0174
1999-07-14,166.7,57.71,3.108,4.669,5.544,5.734,1.0199
1999-07-15,166.7,57.71,3.3,4.646,5.526,5.726,1.0196
1999-07-16,166.7,57.71,3.301,4.751,5.474,5.671,1.0194
1999-07-17,166.7,57.71,3.2993333333333332,4.749,5.468,5.669666666666667,1.0233
1999-07-18,166.7,57.71,3.2976666666666667,4.772,5.462000000000001,5.668333333333333,1.0272
1999-07-19,166.7,57.71,3.296,4.795,5.456,5.667,1.0311
1999-07-20,166.7,57.71,3.241,4.752,5.405,5.637,1.0393
1999-07-21,166.7,57.71,3.158,4.615,5.421,5.654,1.0507
1999-07-22,166.7,57.71,3.242,4.624,5.506,5.781,1.0506
1999-07-23,166.7,57.71,3.253,4.68,5.557,5.842,1.0522
1999-07-24,166.7,57.71,3.242,4.675,5.562666666666667,5.843333333333333,1.0562
1999-07-25,166.7,57.71,3.2310000000000003,4.684,5.568333333333333,5.844666666666667,1.0602
1999-07-26,166.7,57.71,3.22,4.685,5.574,5.846,1.0642
1999-07-27,166.7,57.71,3.215,4.686,5.556,5.812,1.0625
1999-07-28,166.7,57.71,3.227,4.694,5.556,5.794,1.0656
1999-07-29,166.7,57.71,3.306,4.75,5.6,5.876,1.0713
1999-07-30,166.7,57.71,3.396,4.77,5.617,5.902,1.0705
1999-07-31,166.7,57.71,3.4226666666666667,4.825,5.628333333333333,5.9093333333333335,1.0698333333333334
1999-08-01,167.1,57.78,3.449333333333333,4.852,5.639666666666667,5.916666666666667,1.0691666666666666
1999-08-02,167.1,57.78,3.476,4.879,5.651,5.924,1.0685
1999-08-03,167.1,57.78,3.494,4.942,5.668,5.955,1.0672
1999-08-04,167.1,57.78,3.479,4.916,5.634,5.937,1.0762
1999-08-05,167.1,57.78,3.496,4.976,5.533,5.864,1.0755
1999-08-06,167.1,57.78,3.549,5.042,5.685,6.038,1.0729
1999-08-07,167.1,57.78,3.551,5.05,5.713666666666667,6.069,1.0723666666666667
1999-08-08,167.1,57.78,3.553,5.055,5.742333333333333,6.1000000000000005,1.0718333333333332
1999-08-09,167.1,57.78,3.555,5.048,5.771,6.131,1.0713
1999-08-10,167.1,57.78,3.533,5.048,5.788,6.162,1.0708
1999-08-11,167.1,57.78,3.483,4.974,5.737,6.1,1.0651
1999-08-12,167.1,57.78,3.392,4.897,5.771,6.08,1.0667
1999-08-13,167.1,57.78,3.415,4.879,5.704,5.979,1.0569
1999-08-14,167.1,57.78,3.4266666666666667,4.877,5.709666666666666,5.974666666666667,1.057
1999-08-15,167.1,57.78,3.4383333333333335,4.877,5.715333333333334,5.9703333333333335,1.0571
1999-08-16,167.1,57.78,3.45,4.913,5.721,5.966,1.0572
1999-08-17,167.1,57.78,3.422,4.931,5.67,5.879,1.0505
1999-08-18,167.1,57.78,3.348,4.847,5.635,5.87,1.0513
1999-08-19,167.1,57.78,3.337,4.845,5.635,5.895,1.0631
1999-08-20,167.1,57.78,3.279,4.836,5.618,5.87,1.0674
1999-08-21,167.1,57.78,3.2966666666666664,4.815,5.629666666666667,5.877,1.0607
1999-08-22,167.1,57.78,3.3143333333333334,4.799,5.641333333333333,5.884,1.0539999999999998
1999-08-23,167.1,57.78,3.332,4.783,5.653,5.891,1.0473
1999-08-24,167.1,57.78,3.397,4.812,5.601,5.82,1.0534
1999-08-25,167.1,57.78,3.322,4.751,5.515,5.713,1.0427
1999-08-26,167.1,57.78,3.411,4.708,5.584,5.766,1.0454
1999-08-27,167.1,57.78,3.441,4.793,5.668,5.861,1.0463
1999-08-28,167.1,57.78,3.457,4.794,5.690666666666667,5.893,1.0473666666666668
1999-08-29,167.1,57.78,3.473,4.801,5.713333333333333,5.925,1.0484333333333333
1999-08-30,167.1,57.78,3.489,4.866,5.736,5.957,1.0495
1999-08-31,167.1,57.78,3.495,4.904,5.736,5.974,1.0561
1999-09-01,167.8,57.83,3.468,4.938,5.719,5.983,1.0574
1999-09-02,167.8,57.83,3.564,5.033,5.735,6.008,1.0676
1999-09-03,167.8,57.83,3.398,4.997,5.634,5.886,1.0608
1999-09-04,167.8,57.83,3.4,4.933,5.64675,5.90175,1.0597333333333334
1999-09-05,167.8,57.83,3.402,4.932,5.6594999999999995,5.9175,1.0586666666666666
1999-09-06,167.8,57.83,3.404,4.931,5.67225,5.93325,1.0576
1999-09-07,167.8,57.83,3.506,4.96,5.685,5.949,1.0596
1999-09-08,167.8,57.83,3.49,4.983,5.652,5.928,1.0591
1999-09-09,167.8,57.83,3.581,5.056,5.686,5.966,1.0526
1999-09-10,167.8,57.83,3.558,5.061,5.635,5.902,1.0363
1999-09-11,167.8,57.83,3.578333333333333,5.044,5.646333333333333,5.900666666666667,1.0381
1999-09-12,167.8,57.83,3.598666666666667,5.044,5.657666666666667,5.899333333333333,1.0399
1999-09-13,167.8,57.83,3.619,5.084,5.669,5.898,1.0417
1999-09-14,167.8,57.83,3.602,5.15,5.686,5.961,1.034
1999-09-15,167.8,57.83,3.66,5.16,5.635,5.923,1.0397
1999-09-16,167.8,57.83,3.514,5.137,5.618,5.898,1.0389
1999-09-17,167.8,57.83,3.515,5.033,5.618,5.869,1.042
1999-09-18,167.8,57.83,3.521333333333333,5.055,5.629666666666667,5.881333333333333,1.0402666666666667
1999-09-19,167.8,57.83,3.5276666666666667,5.055,5.641333333333333,5.893666666666666,1.0385333333333333
1999-09-20,167.8,57.83,3.534,5.037,5.653,5.906,1.0368
1999-09-21,167.8,57.83,3.638,5.111,5.653,5.936,1.0491
1999-09-22,167.8,57.83,3.617,5.072,5.636,5.915,1.0438
1999-09-23,167.8,57.83,3.574,5.099,5.549,5.798,1.0514
1999-09-24,167.8,57.83,3.504,4.997,5.549,5.773,1.043
1999-09-25,167.8,57.83,3.547,4.984,5.560666666666667,5.792333333333334,1.0441333333333334
1999-09-26,167.8,57.83,3.59,5.006,5.572333333333333,5.8116666666666665,1.0452666666666666
1999-09-27,167.8,57.83,3.633,5.008,5.584,5.831,1.0464
1999-09-28,167.8,57.83,3.596,5.044,5.636,5.91,1.0517
1999-09-29,167.8,57.83,3.666,5.105,5.689,5.961,1.0636
1999-09-30,167.8,57.83,3.661,5.129,5.591,5.881,1.0634
1999-10-01,168.1,57.86,3.874,5.158,5.709,5.973,1.0729
1999-10-02,168.1,57.86,3.8850000000000002,5.166,5.697666666666667,5.959,1.0731666666666666
1999-10-03,168.1,57.86,3.896,5.174,5.686333333333333,5.945,1.0734333333333335
1999-10-04,168.1,57.86,3.907,5.182,5.675,5.931,1.0737
1999-10-05,168.1,57.86,3.858,5.181,5.776,6.037,1.0727
1999-10-06,168.1,57.86,3.871,5.182,5.81,6.037,1.0693
1999-10-07,168.1,57.86,3.871,5.205,5.811,6.041,1.0709
1999-10-08,168.1,57.86,3.927,5.204,5.794,6.037,1.0626
1999-10-09,168.1,57.86,3.929,5.228,5.794,6.037,1.0629
1999-10-10,168.1,57.86,3.931,5.228,5.794,6.037,1.0632
1999-10-11,168.1,57.86,3.933,5.237,5.794,6.037,1.0635
1999-10-12,168.1,57.86,4.017,5.26,5.794,6.058,1.0766
1999-10-13,168.1,57.86,4.052,5.312,5.846,6.11,1.0811
1999-10-14,168.1,57.86,4.148,5.441,5.897,6.17,1.077
1999-10-15,168.1,57.86,4.048,5.461,5.829,6.075,1.0856
1999-10-16,168.1,57.86,4.037,5.41,5.8406666666666665,6.099666666666667,1.0844333333333334
1999-10-17,168.1,57.86,4.026,5.395,5.852333333333333,6.124333333333333,1.0832666666666666
1999-10-18,168.1,57.86,4.015,5.379,5.864,6.149,1.0821
1999-10-19,168.1,57.86,4.111,5.388,5.899,6.179,1.083
1999-10-20,168.1,57.86,4.125,5.44,5.916,6.175,1.0763
1999-10-21,168.1,57.86,4.069,5.409,5.917,6.192,1.0787
1999-10-22,168.1,57.86,4.03,5.419,5.935,6.196,1.0698
1999-10-23,168.1,57.86,4.056666666666667,5.411,5.941,6.199,1.0689666666666666
1999-10-24,168.1,57.86,4.083333333333334,5.404,5.947,6.202,1.0681333333333334
1999-10-25,168.1,57.86,4.11,5.432,5.953,6.205,1.0673
1999-10-26,168.1,57.86,4.094,5.432,5.988,6.235,1.0596
1999-10-27,168.1,57.86,4.016,5.432,5.936,6.196,1.0508
1999-10-28,168.1,57.86,3.949,5.226,5.875,6.119,1.0517
1999-10-29,168.1,57.86,3.875,5.209,5.765,6.028,1.0532
1999-10-30,168.1,57.86,3.8886666666666665,5.113,5.7796666666666665,6.035333333333333,1.0526666666666666
1999-10-31,168.1,57.86,3.9023333333333334,5.103,5.794333333333333,6.042666666666666,1.0521333333333334
1999-11-01,168.4,57.94,3.916,5.153,5.809,6.05,1.0516
1999-11-02,168.4,57.94,3.905,5.074,5.786,6.024,1.0522
1999-11-03,168.4,57.94,3.895,5.128,5.764,5.999,1.0485
1999-11-04,168.4,57.94,3.861,5.103,5.719,5.956,1.0366
1999-11-05,168.4,57.94,3.798,4.955,5.722,5.926,1.0442
1999-11-06,168.4,57.94,3.779,4.968,5.722,5.929,1.0422
1999-11-07,168.4,57.94,3.7600000000000002,4.978,5.722,5.9319999999999995,1.0402
1999-11-08,168.4,57.94,3.741,4.988,5.722,5.935,1.0382
1999-11-09,168.4,57.94,3.799,4.921,5.755,5.956,1.0401
1999-11-10,168.4,57.94,3.84,4.966,5.806,5.981,1.0441
1999-11-11,168.4,57.94,3.818,4.972,5.805,5.986,1.0405
1999-11-12,168.4,57.94,3.737,4.912,5.771,5.93,1.0317
1999-11-13,168.4,57.94,3.744666666666667,4.859,5.771,5.927333333333333,1.0321666666666667
1999-11-14,168.4,57.94,3.752333333333333,4.881,5.771,5.924666666666666,1.0326333333333333
1999-11-15,168.4,57.94,3.76,4.898,5.771,5.922,1.0331
1999-11-16,168.4,57.94,3.709,4.873,5.856,5.96,1.0302
1999-11-17,168.4,57.94,3.849,4.964,5.873,6.037,1.0408
1999-11-18,168.4,57.94,3.943,5.052,5.89,6.059,1.0294
1999-11-19,168.4,57.94,3.938,5.026,5.907,6.067,1.0296
1999-11-20,168.4,57.94,3.944,5.053,5.918666666666667,6.074333333333334,1.0302333333333333
1999-11-21,168.4,57.94,3.95,5.075,5.9303333333333335,6.081666666666667,1.0308666666666668
1999-11-22,168.4,57.94,3.956,5.097,5.942,6.089,1.0315
1999-11-23,168.4,57.94,3.945,5.101,5.942,6.08,1.0275
1999-11-24,168.4,57.94,4.012,5.152,5.958,6.085,1.0181
1999-11-25,168.4,57.94,4.007,5.162,5.975,6.102,1.018
1999-11-26,168.4,57.94,4.031,5.215,5.992,6.119,1.017
1999-11-27,168.4,57.94,4.035333333333333,5.207,6.014666666666667,6.148,1.0143333333333333
1999-11-28,168.4,57.94,4.039666666666666,5.203,6.037333333333333,6.1770000000000005,1.0116666666666665
1999-11-29,168.4,57.94,4.044,5.195,6.06,6.206,1.009
1999-11-30,168.4,57.94,3.949,5.19,6.026,6.193,1.0084
1999-12-01,168.8,58.15,3.999,5.113,6.043,6.207,1.0075
1999-12-02,168.8,58.15,4.072,5.184,6.06,6.233,1.0016
1999-12-03,168.8,58.15,4.03,5.164,5.976,6.167,1.0029
1999-12-04,168.8,58.15,4.000333333333334,5.139,5.9703333333333335,6.158333333333333,1.0093333333333332
1999-12-05,168.8,58.15,3.970666666666667,5.1085,5.964666666666666,6.149666666666667,1.0157666666666667
1999-12-06,168.8,58.15,3.941,5.078,5.959,6.141,1.0222
1999-12-07,168.8,58.15,3.942,5.028,5.925,6.102,1.0248
1999-12-08,168.8,58.15,3.98,5.031,5.959,6.137,1.0273
1999-12-09,168.8,58.15,3.956,5.039,5.942,6.128,1.0212
1999-12-10,168.8,58.15,3.926,4.969,5.908,6.072,1.013
1999-12-11,168.8,58.15,3.9343333333333335,4.971,5.925,6.082,1.013
1999-12-12,168.8,58.15,3.9426666666666668,4.948,5.942,6.0920000000000005,1.013
1999-12-13,168.8,58.15,3.951,5.015,5.959,6.102,1.013
1999-12-14,168.8,58.15,4.001,5.07,6.062,6.216,1.0053
1999-12-15,168.8,58.15,3.99,5.066,6.079,6.238,1.007
1999-12-16,168.8,58.15,4.175,5.142,6.148,6.304,1.0189
1999-12-17,168.8,58.15,4.121,5.203,6.132,6.291,1.0072
1999-12-18,168.8,58.15,4.137666666666667,5.249,6.155333333333333,6.3133333333333335,1.0093333333333334
1999-12-19,168.8,58.15,4.154333333333334,5.26,6.1786666666666665,6.335666666666667,1.0114666666666667
1999-12-20,168.8,58.15,4.171,5.243,6.202,6.358,1.0136
1999-12-21,168.8,58.15,4.144,5.216,6.219,6.376,1.0081
1999-12-22,168.8,58.15,4.161,5.257,6.22,6.376,1.009
1999-12-23,168.8,58.15,4.155,5.246,6.258,6.421,1.0159
1999-12-24,168.8,58.15,4.194,5.241,6.24575,6.085,1.0132
1999-12-25,168.8,58.15,4.174,5.244999999999999,6.233499999999999,6.189666666666667,1.0131333333333334
1999-12-26,168.8,58.15,4.154,5.249,6.2212499999999995,6.294333333333333,1.0130666666666666
1999-12-27,168.8,58.15,4.134,5.271,6.209,6.399,1.013
1999-12-28,168.8,58.15,4.189,5.293,6.209,6.417,1.0063
1999-12-29,168.8,58.15,4.178,5.276,6.192,6.39,1.0041
1999-12-30,168.8,58.15,4.217,5.33,6.159,6.368,1.0084
1999-12-31,168.8,58.15,4.189,5.351,6.243,6.435,1.0051
2000-01-01,169.3,58.17,4.236666666666666,5.339,6.2940000000000005,6.4879999999999995,1.0114333333333334
2000-01-02,169.3,58.17,4.2843333333333335,5.4035,6.345,6.541,1.0177666666666667
2000-01-03,169.3,58.17,4.332,5.468,6.396,6.594,1.0241
2000-01-04,169.3,58.17,4.327,5.505,6.294,6.499,1.0283
2000-01-05,169.3,58.17,4.323,5.487,6.362,6.599,1.0324
2000-01-06,169.3,58.17,4.345,5.548,6.311,6.54,1.0319
2000-01-07,169.3,58.17,4.246,5.497,6.295,6.513,1.0296
2000-01-08,169.3,58.17,4.240333333333334,5.435,6.317666666666667,6.526666666666666,1.0280666666666667
2000-01-09,169.3,58.17,4.234666666666667,5.44,6.340333333333334,6.540333333333334,1.0265333333333333
2000-01-10,169.3,58.17,4.229,5.436,6.363,6.554,1.025
2000-01-11,169.3,58.17,4.318,5.473,6.432,6.659,1.0334
2000-01-12,169.3,58.17,4.308,5.563,6.484,6.701,1.0299
2000-01-13,169.3,58.17,4.275,5.554,6.398,6.632,1.0253
2000-01-14,169.3,58.17,4.298,5.564,6.451,6.688,1.012
2000-01-15,169.3,58.17,4.296,5.568,6.4555,6.686333333333333,1.0119
2000-01-16,169.3,58.17,4.294,5.5695,6.46,6.684666666666667,1.0118
2000-01-17,169.3,58.17,4.292,5.571,6.4645,6.683,1.0117
2000-01-18,169.3,58.17,4.304,5.587,6.469,6.753,1.015
2000-01-19,169.3,58.17,4.277,5.671,6.452,6.73,1.0123
2000-01-20,169.3,58.17,4.254,5.598,6.505,6.79,1.0164
2000-01-21,169.3,58.17,4.305,5.582,6.453,6.772,1.0085
2000-01-22,169.3,58.17,4.297666666666666,5.577,6.441666666666666,6.7443333333333335,1.0078333333333334
2000-01-23,169.3,58.17,4.290333333333334,5.589,6.4303333333333335,6.716666666666667,1.0071666666666665
2000-01-24,169.3,58.17,4.283,5.583,6.419,6.689,1.0065
2000-01-25,169.3,58.17,4.255,5.522,6.436,6.694,1.0012
2000-01-26,169.3,58.17,4.313,5.508,6.454,6.666,1.0
2000-01-27,169.3,58.17,4.399,5.634,6.527,6.699,0.988
2000-01-28,169.3,58.17,4.376,5.593,6.561,6.658,0.9755
2000-01-29,169.3,58.17,4.378333333333334,5.575,6.578,6.6593333333333335,0.9740666666666666
2000-01-30,169.3,58.17,4.3806666666666665,5.5569999999999995,6.595,6.660666666666667,0.9726333333333333
2000-01-31,169.3,58.17,4.383,5.539,6.612,6.662,0.9712
2000-02-01,170.0,58.36,4.314,5.456,6.578,6.626,0.9717
2000-02-02,170.0,58.36,4.338,5.471,6.596,6.575,0.9765
2000-02-03,170.0,58.36,4.31,5.435,6.527,6.448,0.9897
2000-02-04,170.0,58.36,4.397,5.479,6.63,6.558,0.9822
2000-02-05,170.0,58.36,4.4030000000000005,5.507,6.647333333333333,6.587,0.9816666666666667
2000-02-06,170.0,58.36,4.409,5.5169999999999995,6.664666666666667,6.616,0.9811333333333333
2000-02-07,170.0,58.36,4.415,5.527,6.682,6.645,0.9806
2000-02-08,170.0,58.36,4.38,5.485,6.665,6.618,0.9858
2000-02-09,170.0,58.36,4.434,5.483,6.665,6.669,0.9931
2000-02-10,170.0,58.36,4.441,5.534,6.666,6.673,0.9856
2000-02-11,170.0,58.36,4.453,5.591,6.614,6.595,0.9879
2000-02-12,170.0,58.36,4.437666666666667,5.595,6.62,6.583333333333333,0.9848666666666667
2000-02-13,170.0,58.36,4.4223333333333334,5.5615,6.6259999999999994,6.571666666666666,0.9818333333333333
2000-02-14,170.0,58.36,4.407,5.528,6.632,6.56,0.9788
2000-02-15,170.0,58.36,4.413,5.562,6.632,6.552,0.9814
2000-02-16,170.0,58.36,4.432,5.61,6.598,6.543,0.986
2000-02-17,170.0,58.36,4.486,5.557,6.667,6.56,0.9869
2000-02-18,170.0,58.36,4.516,5.568,6.633,6.483,0.9853
2000-02-19,170.0,58.36,4.514333333333333,5.568,6.61575,6.452999999999999,0.9863666666666666
2000-02-20,170.0,58.36,4.512666666666667,5.5485,6.5985,6.423,0.9874333333333334
2000-02-21,170.0,58.36,4.511,5.529,6.58125,6.393000000000001,0.9885
2000-02-22,170.0,58.36,4.434,5.426,6.564,6.363,1.0062
2000-02-23,170.0,58.36,4.442,5.45,6.634,6.422,1.0028
2000-02-24,170.0,58.36,4.371,5.469,6.517,6.367,0.991
2000-02-25,170.0,58.36,4.413,5.426,6.416,6.337,0.9744
2000-02-26,170.0,58.36,4.415333333333334,5.491,6.449666666666667,6.364,0.9719666666666666
2000-02-27,170.0,58.36,4.417666666666666,5.4925,6.483333333333333,6.391,0.9695333333333334
2000-02-28,170.0,58.36,4.42,5.494,6.517,6.418,0.9671
2000-02-29,170.0,58.36,4.438,5.491,6.534,6.409,0.9627
2000-03-01,171.0,58.57,4.428,5.491,6.5,6.384,0.9687
2000-03-02,171.0,58.57,4.459,5.518,6.534,6.388,0.9632
2000-03-03,171.0,58.57,4.459,5.471,6.499,6.379,0.9618
2000-03-04,171.0,58.57,4.461333333333333,5.461,6.5103333333333335,6.390333333333333,0.9605333333333334
2000-03-05,171.0,58.57,4.463666666666667,5.453,6.5216666666666665,6.401666666666666,0.9592666666666666
2000-03-06,171.0,58.57,4.466,5.445,6.533,6.413,0.958
2000-03-07,171.0,58.57,4.479,5.417,6.465,6.371,0.9583
2000-03-08,171.0,58.57,4.481,5.446,6.482,6.392,0.9609
2000-03-09,171.0,58.57,4.433,5.379,6.464,6.349,0.966
2000-03-10,171.0,58.57,4.482,5.347,6.55,6.387,0.9638
2000-03-11,171.0,58.57,4.484333333333334,5.365,6.538333333333333,6.381333333333333,0.9640333333333333
2000-03-12,171.0,58.57,4.486666666666666,5.3535,6.526666666666666,6.375666666666667,0.9642666666666667
2000-03-13,171.0,58.57,4.489,5.342,6.515,6.37,0.9645
2000-03-14,171.0,58.57,4.489,5.354,6.481,6.294,0.9678
2000-03-15,171.0,58.57,4.504,5.321,6.48,6.285,0.9651
2000-03-16,171.0,58.57,4.418,5.326,6.463,6.247,0.9711
2000-03-17,171.0,58.57,4.413,5.29,6.497,6.204,0.9707
2000-03-18,171.0,58.57,4.413,5.238,6.502666666666666,6.2,0.9714666666666667
2000-03-19,171.0,58.57,4.413,5.245,6.508333333333334,6.196,0.9722333333333333
2000-03-20,171.0,58.57,4.413,5.252,6.514,6.192,0.973
2000-03-21,171.0,58.57,4.408,5.225,6.497,6.141,0.9587
2000-03-22,171.0,58.57,4.416,5.25,6.479,6.12,0.9611
2000-03-23,171.0,58.57,4.406,5.251,6.514,6.087,0.9717
2000-03-24,171.0,58.57,4.465,5.221,6.637,6.191,0.977
2000-03-25,171.0,58.57,4.476,5.249,6.630999999999999,6.189666666666667,0.9735666666666667
2000-03-26,171.0,58.57,4.487,5.254,6.625,6.1883333333333335,0.9701333333333333
2000-03-27,171.0,58.57,4.498,5.303,6.619,6.187,0.9667
2000-03-28,171.0,58.57,4.476,5.286,6.584,6.153,0.959
2000-03-29,171.0,58.57,4.492,5.298,6.566,6.149,0.9529
2000-03-30,171.0,58.57,4.442,5.263,6.483,6.048,0.962
2000-03-31,171.0,58.57,4.42,5.223,6.483,6.002,0.9559
2000-04-01,170.9,58.62,4.411,5.221,6.46,5.9896666666666665,0.9555666666666667
2000-04-02,170.9,58.62,4.402,5.221,6.436999999999999,5.977333333333333,0.9552333333333333
2000-04-03,170.9,58.62,4.393,5.178,6.414,5.965,0.9549
2000-04-04,170.9,58.62,4.37,5.184,6.295,5.887,0.9602
2000-04-05,170.9,58.62,4.276,5.16,6.295,5.87,0.9596
2000-04-06,170.9,58.62,4.342,5.181,6.38,5.923,0.9575
2000-04-07,170.9,58.62,4.347,5.201,6.362,5.845,0.9547
2000-04-08,170.9,58.62,4.347333333333333,5.189,6.339,5.831666666666666,0.9571666666666666
2000-04-09,170.9,58.62,4.347666666666667,5.187,6.316,5.818333333333333,0.9596333333333333
2000-04-10,170.9,58.62,4.348,5.15,6.293,5.805,0.9621
2000-04-11,170.9,58.62,4.349,5.12,6.37,5.883,0.959
2000-04-12,170.9,58.62,4.406,5.188,6.378,5.947,0.9585
2000-04-13,170.9,58.62,4.412,5.199,6.348,5.931,0.9529
2000-04-14,170.9,58.62,4.417,5.191,6.248,5.86,0.9605
2000-04-15,170.9,58.62,4.405666666666667,5.243,6.288,5.9206666666666665,0.9561333333333334
2000-04-16,170.9,58.62,4.394333333333333,5.231,6.328,5.981333333333334,0.9517666666666666
2000-04-17,170.9,58.62,4.383,5.227,6.368,6.042,0.9474
2000-04-18,170.9,58.62,4.402,5.252,6.337,6.048,0.9452
2000-04-19,170.9,58.62,4.432,5.287,6.354,5.998,0.9396
2000-04-20,170.9,58.62,4.457,5.28,6.388,6.0,0.9376
2000-04-21,170.9,58.62,4.511,5.324,6.388,6.00575,0.9375
2000-04-22,170.9,58.62,4.535666666666667,5.318666666666666,6.388,6.0115,0.9379333333333333
2000-04-23,170.9,58.62,4.560333333333333,5.3133333333333335,6.388,6.01725,0.9383666666666667
2000-04-24,170.9,58.62,4.585,5.308,6.388,6.023,0.9388
2000-04-25,170.9,58.62,4.52,5.337,6.483,6.134,0.9215
2000-04-26,170.9,58.62,4.528,5.278,6.505,6.138,0.9234
2000-04-27,170.9,58.62,4.532,5.301,6.617,6.227,0.911
2000-04-28,170.9,58.62,4.579,5.301,6.698,6.218,0.9112
2000-04-29,170.9,58.62,4.586666666666667,5.304,6.717666666666667,6.24,0.9127
2000-04-30,170.9,58.62,4.594333333333333,5.3025,6.737333333333333,6.262,0.9142
2000-05-01,171.2,58.7,4.602,5.301,6.757,6.284,0.9157
2000-05-02,171.2,58.7,4.624,5.341,6.724,6.304,0.9097
2000-05-03,171.2,58.7,4.703,5.421,6.775,6.403,0.8946
2000-05-04,171.2,58.7,4.799,5.457,6.784,6.429,0.8911
2000-05-05,171.2,58.7,4.77,5.436,6.828,6.511,0.898
2000-05-06,171.2,58.7,4.776,5.446,6.842666666666667,6.53,0.8978333333333334
2000-05-07,171.2,58.7,4.782,5.4375,6.857333333333333,6.5489999999999995,0.8976666666666666
2000-05-08,171.2,58.7,4.788,5.429,6.872,6.568,0.8975
2000-05-09,171.2,58.7,4.753,5.382,6.851,6.524,0.9072
2000-05-10,171.2,58.7,4.736,5.353,6.804,6.457,0.9041
2000-05-11,171.2,58.7,4.754,5.395,6.835,6.42,0.9013
2000-05-12,171.2,58.7,4.863,5.419,6.936,6.524,0.9192
2000-05-13,171.2,58.7,4.848333333333334,5.402,6.907333333333333,6.5,0.9155333333333333
2000-05-14,171.2,58.7,4.833666666666667,5.386,6.878666666666667,6.476,0.9118666666666667
2000-05-15,171.2,58.7,4.819,5.37,6.85,6.452,0.9082
2000-05-16,171.2,58.7,4.837,5.386,6.907,6.433,0.9005
2000-05-17,171.2,58.7,4.953,5.398,6.929,6.489,0.8949
2000-05-18,171.2,58.7,5.005,5.419,6.921,6.542,0.8947
2000-05-19,171.2,58.7,5.002,5.429,6.857,6.498,0.896
2000-05-20,171.2,58.7,4.991333333333333,5.404,6.852666666666667,6.482,0.8982333333333333
2000-05-21,171.2,58.7,4.980666666666666,5.3635,6.848333333333334,6.466,0.9004666666666666
2000-05-22,171.2,58.7,4.97,5.323,6.844,6.45,0.9027
2000-05-23,171.2,58.7,4.935,5.336,6.792,6.428,0.9069
2000-05-24,171.2,58.7,4.847,5.295,6.841,6.479,0.903
2000-05-25,171.2,58.7,4.823,5.323,6.748,6.398,0.9116
2000-05-26,171.2,58.7,4.776,5.244,6.684,6.327,0.9335
2000-05-27,171.2,58.7,4.79,5.199,6.699,6.34025,0.9313333333333333
2000-05-28,171.2,58.7,4.803999999999999,5.192,6.714,6.3535,0.9291666666666667
2000-05-29,171.2,58.7,4.818,5.213,6.729,6.36675,0.927
2000-05-30,171.2,58.7,4.812,5.251,6.744,6.38,0.9289
2000-05-31,171.2,58.7,4.892,5.177,6.684,6.285,0.9361
2000-06-01,172.2,58.9,4.874,5.175,6.595,6.188,0.9314
2000-06-02,172.2,58.9,4.754,5.13,6.526,6.169,0.9437
2000-06-03,172.2,58.9,4.7459999999999996,5.097,6.517333333333333,6.151333333333333,0.9445666666666667
2000-06-04,172.2,58.9,4.738,5.088,6.508666666666667,6.133666666666667,0.9454333333333333
2000-06-05,172.2,58.9,4.73,5.079,6.5,6.116,0.9463
2000-06-06,172.2,58.9,4.742,5.135,6.496,6.127,0.954
2000-06-07,172.2,58.9,4.64,5.121,6.551,6.152,0.9587
2000-06-08,172.2,58.9,4.969,5.171,6.572,6.131,0.9538
2000-06-09,172.2,58.9,4.951,5.153,6.546,6.126,0.9526
2000-06-10,172.2,58.9,4.953333333333333,5.146,6.541666666666667,6.110333333333333,0.9529
2000-06-11,172.2,58.9,4.955666666666667,5.146,6.537333333333334,6.094666666666667,0.9532
2000-06-12,172.2,58.9,4.958,5.146,6.533,6.079,0.9535
2000-06-13,172.2,58.9,4.769,5.161,6.511,6.113,0.9588
2000-06-14,172.2,58.9,4.868,5.14,6.442,6.05,0.9574
2000-06-15,172.2,58.9,4.813,5.162,6.459,6.05,0.954
2000-06-16,172.2,58.9,4.777,5.087,6.371,5.98,0.9636
2000-06-17,172.2,58.9,4.777,5.098,6.379666666666667,5.987666666666667,0.9616666666666667
2000-06-18,172.2,58.9,4.777,5.086,6.388333333333334,5.995333333333334,0.9597333333333333
2000-06-19,172.2,58.9,4.777,5.074,6.397,6.003,0.9578
2000-06-20,172.2,58.9,4.839,5.107,6.453,6.023,0.9541
2000-06-21,172.2,58.9,4.928,5.198,6.496,6.111,0.9448
2000-06-22,172.2,58.9,4.966,5.233,6.491,6.107,0.9365
2000-06-23,172.2,58.9,4.976,5.233,6.547,6.185,0.9364
2000-06-24,172.2,58.9,4.968666666666667,5.254,6.531,6.157333333333333,0.9366
2000-06-25,172.2,58.9,4.961333333333333,5.27,6.515,6.129666666666667,0.9368000000000001
2000-06-26,172.2,58.9,4.954,5.286,6.499,6.102,0.937
2000-06-27,172.2,58.9,4.964,5.241,6.498,6.093,0.9455
2000-06-28,172.2,58.9,4.984,5.242,6.463,6.106,0.9427
2000-06-29,172.2,58.9,4.92,5.246,6.362,6.036,0.9504
2000-06-30,172.2,58.9,4.93,5.223,6.366,6.027,0.9548
2000-07-01,172.7,58.95,4.948333333333333,5.244,6.350333333333333,6.015,0.9534333333333334
2000-07-02,172.7,58.95,4.966666666666667,5.2620000000000005,6.334666666666666,6.003,0.9520666666666666
2000-07-03,172.7,58.95,4.985,5.28,6.319,5.991,0.9507
2000-07-04,172.7,58.95,5.002,5.259,6.306,5.9875,0.951
2000-07-05,172.7,58.95,4.923,5.235,6.293,5.984,0.9526
2000-07-06,172.7,58.95,4.984,5.264,6.365,6.05,0.9496
2000-07-07,172.7,58.95,4.978,5.285,6.271,6.015,0.9471
2000-07-08,172.7,58.95,4.987333333333333,5.283333333333333,6.281,6.024333333333333,0.9495
2000-07-09,172.7,58.95,4.996666666666667,5.281666666666667,6.291,6.033666666666667,0.9519000000000001
2000-07-10,172.7,58.95,5.006,5.28,6.301,6.043,0.9543
2000-07-11,172.7,58.95,5.006,5.241,6.339,6.056,0.9524
2000-07-12,172.7,58.95,5.039,5.277,6.326,6.082,0.9421
2000-07-13,172.7,58.95,5.073,5.268,6.292,6.008,0.9358
2000-07-14,172.7,58.95,5.073,5.312,6.399,6.101,0.9377
2000-07-15,172.7,58.95,5.095666666666667,5.314,6.422,6.118,0.9370999999999999
2000-07-16,172.7,58.95,5.118333333333333,5.3065,6.445,6.135,0.9365
2000-07-17,172.7,58.95,5.141,5.299,6.468,6.152,0.9359
2000-07-18,172.7,58.95,5.104,5.327,6.463,6.146,0.9242
2000-07-19,172.7,58.95,5.135,5.353,6.459,6.165,0.9243
2000-07-20,172.7,58.95,5.09,5.26,6.329,6.013,0.9323
2000-07-21,172.7,58.95,5.067,5.244,6.324,5.998,0.9372
2000-07-22,172.7,58.95,5.082333333333334,5.262,6.341333333333333,6.009,0.9355666666666667
2000-07-23,172.7,58.95,5.097666666666667,5.262,6.358666666666667,6.02,0.9339333333333334
2000-07-24,172.7,58.95,5.113,5.256,6.376,6.031,0.9323
2000-07-25,172.7,58.95,5.084,5.2,6.337,6.032,0.9389
2000-07-26,172.7,58.95,5.072,5.174,6.337,6.028,0.9432
2000-07-27,172.7,58.95,5.095,5.184,6.267,6.004,0.9314
2000-07-28,172.7,58.95,5.09,5.201,6.279,6.036,0.9232
2000-07-29,172.7,58.95,5.09,5.211,6.291666666666667,6.037333333333333,0.9243333333333333
2000-07-30,172.7,58.95,5.09,5.2115,6.304333333333333,6.038666666666667,0.9254666666666667
2000-07-31,172.7,58.95,5.09,5.212,6.317,6.04,0.9266
2000-08-01,172.7,59.0,5.032,5.183,6.241,5.991,0.9148
2000-08-02,172.7,59.0,5.055,5.175,6.233,5.978,0.9148
2000-08-03,172.7,59.0,5.058,5.186,6.245,5.957,0.9062
2000-08-04,172.7,59.0,5.043,5.18,6.164,5.905,0.9074
2000-08-05,172.7,59.0,5.029333333333334,5.192,6.179666666666667,5.924333333333333,0.9071333333333333
2000-08-06,172.7,59.0,5.015666666666666,5.1835,6.195333333333333,5.943666666666667,0.9068666666666666
2000-08-07,172.7,59.0,5.002,5.175,6.211,5.963,0.9066
2000-08-08,172.7,59.0,5.031,5.191,6.159,5.922,0.9025
2000-08-09,172.7,59.0,5.063,5.18,6.172,5.92,0.9
2000-08-10,172.7,59.0,5.037,5.143,6.193,5.764,0.9082
2000-08-11,172.7,59.0,5.089,5.155,6.261,5.791,0.9024
2000-08-12,172.7,59.0,5.108666666666667,5.159,6.262333333333333,5.785,0.9036666666666666
2000-08-13,172.7,59.0,5.128333333333333,5.1585,6.2636666666666665,5.779,0.9049333333333334
2000-08-14,172.7,59.0,5.148,5.158,6.265,5.773,0.9062
2000-08-15,172.7,59.0,5.16,5.215,6.269,5.802,0.9122
2000-08-16,172.7,59.0,5.217,5.207,6.325,5.838,0.9146
2000-08-17,172.7,59.0,5.22,5.199,6.325,5.821,0.9172
2000-08-18,172.7,59.0,5.223,5.209,6.26,5.777,0.906
2000-08-19,172.7,59.0,5.2459999999999996,5.198,6.264333333333333,5.780333333333333,0.9045
2000-08-20,172.7,59.0,5.269,5.2305,6.268666666666666,5.783666666666667,0.903
2000-08-21,172.7,59.0,5.292,5.263,6.273,5.787,0.9015
2000-08-22,172.7,59.0,5.25,5.263,6.29,5.779,0.8968
2000-08-23,172.7,59.0,5.215,5.212,6.212,5.729,0.9019
2000-08-24,172.7,59.0,5.2,5.207,6.218,5.721,0.9015
2000-08-25,172.7,59.0,5.23,5.22,6.222,5.733,0.902
2000-08-26,172.7,59.0,5.230666666666667,5.243,6.223333333333334,5.7459999999999996,0.9007666666666667
2000-08-27,172.7,59.0,5.231333333333334,5.243,6.224666666666667,5.759,0.8995333333333333
2000-08-28,172.7,59.0,5.232,5.243,6.226,5.772,0.8983
2000-08-29,172.7,59.0,5.229,5.297,6.252,5.814,0.8927
2000-08-30,172.7,59.0,5.228,5.301,6.264,5.795,0.8946
2000-08-31,172.7,59.0,5.198,5.301,6.192,5.729,0.8888
2000-09-01,173.6,59.26,5.078,5.177,6.074,5.685,0.8994
2000-09-02,173.6,59.26,5.078666666666667,5.173,6.0835,5.686,0.8988333333333334
2000-09-03,173.6,59.26,5.0793333333333335,5.1845,6.093,5.686999999999999,0.8982666666666667
2000-09-04,173.6,59.26,5.08,5.196,6.1025,5.688,0.8977
2000-09-05,173.6,59.26,4.993,5.207,6.112,5.689,0.89
2000-09-06,173.6,59.26,5.212,5.231,6.107,5.729,0.871
2000-09-07,173.6,59.26,5.181,5.275,6.158,5.754,0.8716
2000-09-08,173.6,59.26,5.188,5.252,6.106,5.737,0.8694
2000-09-09,173.6,59.26,5.184,5.284,6.113333333333333,5.750333333333334,0.8659666666666667
2000-09-10,173.6,59.26,5.18,5.2775,6.120666666666667,5.7636666666666665,0.8625333333333333
2000-09-11,173.6,59.26,5.176,5.271,6.128,5.777,0.8591
2000-09-12,173.6,59.26,5.17,5.288,6.119,5.779,0.8626
2000-09-13,173.6,59.26,5.121,5.289,6.106,5.731,0.8594
2000-09-14,173.6,59.26,5.096,5.284,6.127,5.793,0.864
2000-09-15,173.6,59.26,5.075,5.262,6.097,5.837,0.8539
2000-09-16,173.6,59.26,5.078666666666667,5.301,6.081,5.848333333333334,0.8539
2000-09-17,173.6,59.26,5.082333333333334,5.301,6.065,5.859666666666667,0.8539
2000-09-18,173.6,59.26,5.086,5.345,6.049,5.871,0.8539
2000-09-19,173.6,59.26,5.037,5.324,6.088,5.858,0.8514
2000-09-20,173.6,59.26,5.047,5.315,6.122,5.905,0.8493
2000-09-21,173.6,59.26,5.04,5.269,6.062,5.85,0.8592
2000-09-22,173.6,59.26,4.987,5.24,6.105,5.848,0.8764
2000-09-23,173.6,59.26,5.0216666666666665,5.238,6.112,5.848,0.8755666666666666
2000-09-24,173.6,59.26,5.056333333333334,5.257,6.119000000000001,5.848,0.8747333333333334
2000-09-25,173.6,59.26,5.091,5.276,6.126,5.848,0.8739
2000-09-26,173.6,59.26,5.063,5.244,6.087,5.804,0.8823
2000-09-27,173.6,59.26,5.044,5.254,6.078,5.823,0.8829
2000-09-28,173.6,59.26,5.063,5.26,6.008,5.825,0.8811
2000-09-29,173.6,59.26,5.035,5.229,6.004,5.808,0.8841
2000-09-30,173.6,59.26,5.022,5.23,5.997,5.815666666666667,0.8816666666666667
2000-10-01,173.9,59.29,5.009,5.2330000000000005,5.989999999999999,5.823333333333333,0.8792333333333333
2000-10-02,173.9,59.29,4.996,5.236,5.983,5.831,0.8768
2000-10-03,173.9,59.29,4.99,5.241,6.016,5.861,0.875
2000-10-04,173.9,59.29,5.012,5.253,6.021,5.895,0.8737
2000-10-05,173.9,59.29,5.068,5.276,6.003,5.856,0.8693
2000-10-06,173.9,59.29,5.057,5.257,5.999,5.821,0.8682
2000-10-07,173.9,59.29,5.0456666666666665,5.2476666666666665,5.999,5.821,0.8677333333333334
2000-10-08,173.9,59.29,5.0343333333333335,5.238333333333333,5.999,5.821,0.8672666666666666
2000-10-09,173.9,59.29,5.023,5.229,5.999,5.821,0.8668
2000-10-10,173.9,59.29,5.017,5.22,5.939,5.797,0.8708
2000-10-11,173.9,59.29,4.978,5.189,5.947,5.776,0.8657
2000-10-12,173.9,59.29,4.916,5.17,5.824,5.724,0.8632
2000-10-13,173.9,59.29,4.955,5.206,5.878,5.732,0.8562
2000-10-14,173.9,59.29,4.964333333333333,5.201,5.883666666666667,5.733333333333333,0.8541666666666666
2000-10-15,173.9,59.29,4.9736666666666665,5.2059999999999995,5.889333333333333,5.734666666666667,0.8521333333333333
2000-10-16,173.9,59.29,4.983,5.211,5.895,5.736,0.8501
2000-10-17,173.9,59.29,4.982,5.222,5.835,5.68,0.8539
2000-10-18,173.9,59.29,4.976,5.187,5.869,5.694,0.8393
2000-10-19,173.9,59.29,5.022,5.209,5.868,5.657,0.843
2000-10-20,173.9,59.29,5.033,5.19,5.859,5.638,0.842
2000-10-21,173.9,59.29,5.046333333333334,5.194,5.854666666666667,5.623333333333333,0.8400333333333333
2000-10-22,173.9,59.29,5.059666666666667,5.198,5.850333333333333,5.608666666666667,0.8380666666666666
2000-10-23,173.9,59.29,5.073,5.202,5.846,5.594,0.8361
2000-10-24,173.9,59.29,5.067,5.208,5.871,5.627,0.8369
2000-10-25,173.9,59.29,5.067,5.257,5.919,5.69,0.8279
2000-10-26,173.9,59.29,5.061,5.265,5.926,5.692,0.8307
2000-10-27,173.9,59.29,5.044,5.229,5.96,5.728,0.838
2000-10-28,173.9,59.29,5.0456666666666665,5.218,5.97,5.730666666666666,0.8385333333333334
2000-10-29,173.9,59.29,5.0473333333333334,5.214,5.98,5.733333333333333,0.8390666666666666
2000-10-30,173.9,59.29,5.049,5.21,5.99,5.736,0.8396
2000-10-31,173.9,59.29,5.049,5.24,5.948,5.761,0.849
2000-11-01,174.2,59.41,5.014,5.212,5.872,5.744,0.8604
2000-11-02,174.2,59.41,5.037,5.213,5.863,5.742,0.8578
2000-11-03,174.2,59.41,5.037,5.208,5.936,5.827,0.8667
2000-11-04,174.2,59.41,5.039,5.232,5.947333333333333,5.832666666666666,0.8653666666666667
2000-11-05,174.2,59.41,5.041,5.225,5.958666666666667,5.838333333333334,0.8640333333333333
2000-11-06,174.2,59.41,5.043,5.218,5.97,5.844,0.8627
2000-11-07,174.2,59.41,5.037,5.244,5.978,5.867,0.8601
2000-11-08,174.2,59.41,5.06,5.255,5.966,5.859,0.8557
2000-11-09,174.2,59.41,5.031,5.236,5.966,5.808,0.8665
2000-11-10,174.2,59.41,4.996,5.228,5.894,5.797,0.8599
2000-11-11,174.2,59.41,4.980333333333333,5.215,5.889666666666667,5.787999999999999,0.8589333333333333
2000-11-12,174.2,59.41,4.964666666666667,5.2105,5.8853333333333335,5.779,0.8579666666666667
2000-11-13,174.2,59.41,4.949,5.206,5.881,5.77,0.857
2000-11-14,174.2,59.41,4.978,5.197,5.902,5.768,0.8579
2000-11-15,174.2,59.41,4.971,5.189,5.902,5.715,0.8578
2000-11-16,174.2,59.41,4.954,5.18,5.855,5.666,0.8534
2000-11-17,174.2,59.41,4.965,5.173,5.899,5.706,0.8517
2000-11-18,174.2,59.41,4.967,5.187,5.887333333333333,5.695,0.8515333333333334
2000-11-19,174.2,59.41,4.969,5.1775,5.875666666666667,5.684,0.8513666666666666
2000-11-20,174.2,59.41,4.971,5.168,5.864,5.673,0.8512
2000-11-21,174.2,59.41,4.989,5.181,5.869,5.664,0.8437
2000-11-22,174.2,59.41,4.964,5.14,5.851,5.633,0.8447
2000-11-23,174.2,59.41,4.976,5.113,5.859999999999999,5.635,0.8394
2000-11-24,174.2,59.41,4.988,5.118,5.869,5.637,0.8372
2000-11-25,174.2,59.41,4.978000000000001,5.111,5.876333333333333,5.633333333333333,0.8421666666666667
2000-11-26,174.2,59.41,4.968,5.118,5.883666666666667,5.629666666666667,0.8471333333333333
2000-11-27,174.2,59.41,4.958,5.125,5.891,5.626,0.8521
2000-11-28,174.2,59.41,4.94,5.074,5.795,5.587,0.8561
2000-11-29,174.2,59.41,4.885,5.071,5.716,5.53,0.857
2000-11-30,174.2,59.41,4.801,4.996,5.658,5.478,0.872
2000-12-01,174.6,59.64,4.825,4.984,5.612,5.518,0.8787
2000-12-02,174.6,59.64,4.802666666666667,4.981,5.613333333333333,5.530333333333333,0.8815333333333334
2000-12-03,174.6,59.64,4.780333333333333,4.958,5.6146666666666665,5.542666666666666,0.8843666666666666
2000-12-04,174.6,59.64,4.758,4.935,5.616,5.555,0.8872
2000-12-05,174.6,59.64,4.758,4.934,5.485,5.428,0.8809
2000-12-06,174.6,59.64,4.636,4.916,5.43,5.324,0.8913
2000-12-07,174.6,59.64,4.696,4.926,5.439,5.309,0.8876
2000-12-08,174.6,59.64,4.731,4.943,5.471,5.299,0.8875
2000-12-09,174.6,59.64,4.743,4.96,5.499333333333333,5.32,0.8841
2000-12-10,174.6,59.64,4.755,4.9655000000000005,5.527666666666667,5.341,0.8806999999999999
2000-12-11,174.6,59.64,4.767,4.971,5.556,5.362,0.8773
2000-12-12,174.6,59.64,4.767,4.967,5.522,5.352,0.8796
2000-12-13,174.6,59.64,4.698,4.983,5.462,5.26,0.8775
2000-12-14,174.6,59.64,4.679,4.926,5.419,5.217,0.8914
2000-12-15,174.6,59.64,4.614,4.869,5.375,5.18,0.8955
2000-12-16,174.6,59.64,4.601333333333333,4.868,5.358,5.178,0.8954
2000-12-17,174.6,59.64,4.588666666666667,4.8685,5.341,5.176,0.8953
2000-12-18,174.6,59.64,4.576,4.869,5.324,5.174,0.8952
2000-12-19,174.6,59.64,4.613,4.873,5.375,5.192,0.8949
2000-12-20,174.6,59.64,4.536,4.847,5.221,5.043,0.909
2000-12-21,174.6,59.64,4.497,4.832,5.177,5.041,0.9159
2000-12-22,174.6,59.64,4.518,4.866,5.106,5.014,0.9238
2000-12-23,174.6,59.64,4.523,4.864,5.11875,5.0245,0.9245
2000-12-24,174.6,59.64,4.5280000000000005,4.8614999999999995,5.1315,5.035,0.9251999999999999
2000-12-25,174.6,59.64,4.533,4.859,5.1442499999999995,5.0455000000000005,0.9259
2000-12-26,174.6,59.64,4.517,4.859,5.157,5.056,0.9295
2000-12-27,174.6,59.64,4.489,4.867,5.19,5.108,0.9309
2000-12-28,174.6,59.64,4.5,4.907,5.183,5.124,0.9286
2000-12-29,174.6,59.64,4.395,4.858,5.129,5.112,0.9411
2000-12-30,174.6,59.64,4.415,4.82925,5.129,5.06425,0.9409000000000001
2000-12-31,174.6,59.64,4.435,4.8004999999999995,5.129,5.016500000000001,0.9407
2001-01-01,175.6,59.39,4.455,4.77175,5.129,4.96875,0.9405
2001-01-02,175.6,59.39,4.313,4.743,4.875,4.921,0.9508
2001-01-03,175.6,59.39,4.327,4.711,4.933,5.154,0.9284
2001-01-04,175.6,59.39,4.272,4.729,4.808,5.043,0.953
2001-01-05,175.6,59.39,4.2,4.688,4.594,4.929,0.9558
2001-01-06,175.6,59.39,4.203333333333333,4.691666666666666,4.593,4.938000000000001,0.9527333333333333
2001-01-07,175.6,59.39,4.206666666666667,4.695333333333333,4.593,4.947,0.9496666666666667
2001-01-08,175.6,59.39,4.21,4.699,4.601,4.956,0.9466
2001-01-09,175.6,59.39,4.247,4.725,4.663,4.996,0.9435
2001-01-10,175.6,59.39,4.35,4.78,4.775,5.1,0.9365
2001-01-11,175.6,59.39,4.355,4.745,4.762,5.112,0.9509
2001-01-12,175.6,59.39,4.404,4.818,4.92,5.255,0.9539
2001-01-13,175.6,59.39,4.418666666666667,4.819,4.92,5.24975,0.9499
2001-01-14,175.6,59.39,4.433333333333334,4.819999999999999,4.92,5.2445,0.9459
2001-01-15,175.6,59.39,4.448,4.821,4.92,5.23925,0.9419
2001-01-16,175.6,59.39,4.436,4.798,4.886,5.234,0.9421
2001-01-17,175.6,59.39,4.435,4.824,4.835,5.177,0.9375
2001-01-18,175.6,59.39,4.395,4.806,4.733,5.116,0.9427
2001-01-19,175.6,59.39,4.377,4.84,4.744,5.17,0.935
2001-01-20,175.6,59.39,4.386333333333333,4.850333333333333,4.743,5.189,0.9362333333333334
2001-01-21,175.6,59.39,4.395666666666667,4.860666666666667,4.743,5.208,0.9374666666666667
2001-01-22,175.6,59.39,4.405,4.871,4.747,5.227,0.9387
2001-01-23,175.6,59.39,4.371,4.845,4.84,5.287,0.9355
2001-01-24,175.6,59.39,4.47,4.875,4.857,5.307,0.9231
2001-01-25,175.6,59.39,4.51,4.875,4.767,5.25,0.9244
2001-01-26,175.6,59.39,4.486,4.83,4.779,5.266,0.9241
2001-01-27,175.6,59.39,4.486,4.837,4.779,5.282333333333334,0.922
2001-01-28,175.6,59.39,4.486,4.844,4.779,5.298666666666667,0.9198999999999999
2001-01-29,175.6,59.39,4.486,4.851,4.771,5.315,0.9178
2001-01-30,175.6,59.39,4.406,4.818,4.7,5.231,0.9263
2001-01-31,175.6,59.39,4.37,4.8,4.58,5.112,0.9367
2001-02-01,176.0,59.57,4.363,4.781,4.559,5.088,0.9375
2001-02-02,176.0,59.57,4.403,4.785,4.675,5.159,0.9355
2001-02-03,176.0,59.57,4.399,4.7796666666666665,4.675,5.163,0.9361333333333334
2001-02-04,176.0,59.57,4.395,4.774333333333334,4.675,5.167,0.9367666666666666
2001-02-05,176.0,59.57,4.391,4.769,4.687,5.171,0.9374
2001-02-06,176.0,59.57,4.424,4.778,4.708,5.185,0.9308
2001-02-07,176.0,59.57,4.394,4.747,4.741,5.213,0.9288
2001-02-08,176.0,59.57,4.451,4.796,4.724,5.089,0.9186
2001-02-09,176.0,59.57,4.398,4.769,4.648,5.032,0.9243
2001-02-10,176.0,59.57,4.401666666666666,4.767666666666667,4.648,5.039333333333333,0.9268666666666667
2001-02-11,176.0,59.57,4.405333333333333,4.766333333333333,4.648,5.046666666666667,0.9294333333333333
2001-02-12,176.0,59.57,4.409,4.765,4.732,5.054,0.932
2001-02-13,176.0,59.57,4.386,4.756,4.732,5.066,0.9196
2001-02-14,176.0,59.57,4.419,4.783,4.876,5.157,0.9181
2001-02-15,176.0,59.57,4.418,4.841,4.876,5.172,0.9054
2001-02-16,176.0,59.57,4.47,4.817,4.706,5.111,0.9137
2001-02-17,176.0,59.57,4.47,4.812333333333333,4.706,5.109999999999999,0.9161333333333334
2001-02-18,176.0,59.57,4.47,4.807666666666667,4.706,5.109,0.9185666666666666
2001-02-19,176.0,59.57,4.47,4.803,4.731,5.1080000000000005,0.921
2001-02-20,176.0,59.57,4.487,4.818,4.723,5.107,0.909
2001-02-21,176.0,59.57,4.485,4.845,4.592,5.137,0.9102
2001-02-22,176.0,59.57,4.508,4.857,4.604,5.158,0.9045
2001-02-23,176.0,59.57,4.443,4.83,4.546,5.101,0.919
2001-02-24,176.0,59.57,4.4446666666666665,4.829666666666666,4.546,5.080666666666667,0.9156000000000001
2001-02-25,176.0,59.57,4.4463333333333335,4.8293333333333335,4.546,5.060333333333333,0.9122
2001-02-26,176.0,59.57,4.448,4.829,4.468,5.04,0.9088
2001-02-27,176.0,59.57,4.353,4.76,4.435,4.956,0.9178
2001-02-28,176.0,59.57,4.357,4.747,4.398,4.904,0.9226
2001-03-01,176.1,59.89,4.374,4.745,4.414,4.884,0.9307
2001-03-02,176.1,59.89,4.374,4.733,4.5,4.946,0.9354
2001-03-03,176.1,59.89,4.375666666666667,4.738666666666666,4.475,4.956666666666666,0.9325333333333333
2001-03-04,176.1,59.89,4.377333333333333,4.7443333333333335,4.475,4.967333333333333,0.9296666666666666
2001-03-05,176.1,59.89,4.379,4.75,4.508,4.978,0.9268
2001-03-06,176.1,59.89,4.384,4.748,4.47,4.973,0.9334
2001-03-07,176.1,59.89,4.334,4.749,4.428,4.901,0.9283
2001-03-08,176.1,59.89,4.37,4.706,4.428,4.905,0.9327
2001-03-09,176.1,59.89,4.375,4.719,4.498,4.939,0.9332
2001-03-10,176.1,59.89,4.376666666666667,4.714333333333333,4.498,4.925,0.9318333333333334
2001-03-11,176.1,59.89,4.378333333333333,4.709666666666667,4.498,4.9110000000000005,0.9304666666666667
2001-03-12,176.1,59.89,4.38,4.705,4.406,4.897,0.9291
2001-03-13,176.1,59.89,4.398,4.726,4.452,4.935,0.9138
2001-03-14,176.1,59.89,4.323,4.703,4.301,4.83,0.9109
2001-03-15,176.1,59.89,4.317,4.693,4.237,4.796,0.8986
2001-03-16,176.1,59.89,4.19,4.665,4.252,4.768,0.8965
2001-03-17,176.1,59.89,4.200666666666667,4.674,4.252,4.7829999999999995,0.8973
2001-03-18,176.1,59.89,4.211333333333334,4.683,4.252,4.798,0.8981
2001-03-19,176.1,59.89,4.222,4.692,4.332,4.813,0.8989
2001-03-20,176.1,59.89,4.249,4.692,4.209,4.764,0.911
2001-03-21,176.1,59.89,4.157,4.649,4.209,4.774,0.8958
2001-03-22,176.1,59.89,4.043,4.594,4.178,4.748,0.8873
2001-03-23,176.1,59.89,4.075,4.617,4.248,4.813,0.8895
2001-03-24,176.1,59.89,4.075,4.626666666666667,4.248,4.831666666666666,0.8918666666666666
2001-03-25,176.1,59.89,4.075,4.636333333333333,4.248,4.850333333333333,0.8942333333333333
2001-03-26,176.1,59.89,4.075,4.646,4.312,4.869,0.8966
2001-03-27,176.1,59.89,4.091,4.674,4.426,5.009,0.8932
2001-03-28,176.1,59.89,4.128,4.681,4.345,4.969,0.8872
2001-03-29,176.1,59.89,4.111,4.711,4.304,4.999,0.8822
2001-03-30,176.1,59.89,4.1,4.687,4.209,4.915,0.8753
2001-03-31,176.1,59.89,4.107333333333333,4.685333333333333,4.209,4.934333333333333,0.8771
2001-04-01,176.4,60.25,4.1146666666666665,4.683666666666667,4.209,4.953666666666667,0.8789
2001-04-02,176.4,60.25,4.122,4.682,4.233,4.973,0.8807
2001-04-03,176.4,60.25,4.121,4.712,4.151,4.925,0.8968
2001-04-04,176.4,60.25,4.12,4.698,4.117,4.929,0.9009
2001-04-05,176.4,60.25,4.164,4.761,4.2,4.977,0.8961
2001-04-06,176.4,60.25,4.098,4.706,4.1,4.89,0.904
2001-04-07,176.4,60.25,4.098,4.711,4.099,4.902666666666667,0.9015
2001-04-08,176.4,60.25,4.098,4.716,4.099,4.915333333333333,0.899
2001-04-09,176.4,60.25,4.098,4.721,4.116,4.928,0.8965
2001-04-10,176.4,60.25,4.101,4.76,4.233,5.083,0.8887
2001-04-11,176.4,60.25,4.329,4.85,4.3,5.126,0.8882
2001-04-12,176.4,60.25,4.374,4.854,4.38,5.177,0.892
2001-04-13,176.4,60.25,4.442,4.858,4.38,5.19675,0.888
2001-04-14,176.4,60.25,4.44,4.858,4.38,5.2165,0.8878666666666667
2001-04-15,176.4,60.25,4.438,4.858,4.38,5.23625,0.8877333333333333
2001-04-16,176.4,60.25,4.436,4.858,4.468,5.256,0.8876
2001-04-17,176.4,60.25,4.38,4.883,4.401,5.219,0.8829
2001-04-18,176.4,60.25,4.318,4.973,4.545,5.144,0.8838
2001-04-19,176.4,60.25,4.363,4.941,4.223,5.3,0.8969
2001-04-20,176.4,60.25,4.442,4.969,4.249,5.294,0.9013
2001-04-21,176.4,60.25,4.432666666666667,4.952,4.249,5.2556666666666665,0.9
2001-04-22,176.4,60.25,4.423333333333333,4.9350000000000005,4.249,5.217333333333333,0.8986999999999999
2001-04-23,176.4,60.25,4.414,4.918,4.143,5.179,0.8974
2001-04-24,176.4,60.25,4.448,4.96,4.147,5.215,0.8941
2001-04-25,176.4,60.25,4.455,4.953,4.111,5.258,0.8974
2001-04-26,176.4,60.25,4.375,4.951,4.144,5.186,0.9027
2001-04-27,176.4,60.25,4.392,4.975,4.268,5.324,0.8898
2001-04-28,176.4,60.25,4.4303333333333335,4.987666666666667,4.268,5.328,0.8895000000000001
2001-04-29,176.4,60.25,4.468666666666667,5.000333333333333,4.268,5.332,0.8892
2001-04-30,176.4,60.25,4.507,5.013,4.301,5.336,0.8889
2001-05-01,177.3,60.53,4.629,5.009,4.231,5.288,0.8925
2001-05-02,177.3,60.53,4.565,5.024,4.269,5.29,0.8959
2001-05-03,177.3,60.53,4.543,4.976,4.231,5.215,0.8898
2001-05-04,177.3,60.53,4.485,4.96,4.149,5.209,0.892
2001-05-05,177.3,60.53,4.477333333333333,4.957666666666666,4.149,5.2043333333333335,0.8913333333333333
2001-05-06,177.3,60.53,4.469666666666667,4.955333333333334,4.149,5.199666666666666,0.8906666666666667
2001-05-07,177.3,60.53,4.462,4.953,4.099,5.195,0.89
2001-05-08,177.3,60.53,4.462,4.947,4.099,5.249,0.8845
2001-05-09,177.3,60.53,4.376,4.932,4.07,5.17,0.8858
2001-05-10,177.3,60.53,4.202,4.931,4.179,5.293,0.881
2001-05-11,177.3,60.53,4.237,5.029,4.318,5.443,0.8746
2001-05-12,177.3,60.53,4.26,5.047666666666666,4.312666666666666,5.441,0.8743333333333334
2001-05-13,177.3,60.53,4.283,5.066333333333334,4.307333333333333,5.439,0.8740666666666667
2001-05-14,177.3,60.53,4.306,5.085,4.302,5.437,0.8738
2001-05-15,177.3,60.53,4.324,5.094,4.268,5.495,0.8778
2001-05-16,177.3,60.53,4.306,5.077,4.243,5.456,0.884
2001-05-17,177.3,60.53,4.306,5.071,4.337,5.403,0.8826
2001-05-18,177.3,60.53,4.318,5.067,4.38,5.401,0.878
2001-05-19,177.3,60.53,4.327999999999999,5.068333333333333,4.381,5.396,0.8775666666666667
2001-05-20,177.3,60.53,4.338,5.0696666666666665,4.381,5.391,0.8771333333333333
2001-05-21,177.3,60.53,4.348,5.071,4.351,5.386,0.8767
2001-05-22,177.3,60.53,4.371,5.117,4.33,5.406,0.864
2001-05-23,177.3,60.53,4.36,5.149,4.254,5.393,0.8555
2001-05-24,177.3,60.53,4.33,5.173,4.322,5.495,0.857
2001-05-25,177.3,60.53,4.36,5.198,4.285,5.502,0.8607
2001-05-26,177.3,60.53,4.336333333333333,5.199,4.285,5.507,0.8604333333333334
2001-05-27,177.3,60.53,4.312666666666667,5.199,4.285,5.5120000000000005,0.8601666666666666
2001-05-28,177.3,60.53,4.289,5.178,4.285,5.517,0.8599
2001-05-29,177.3,60.53,4.306,5.14,4.316,5.522,0.8562
2001-05-30,177.3,60.53,4.306,5.153,4.316,5.511,0.855
2001-05-31,177.3,60.53,4.372,5.156,4.217,5.385,0.8457
2001-06-01,177.7,60.63,4.3,5.069,4.221,5.375,0.8475
2001-06-02,177.7,60.63,4.294,5.066,4.221,5.364333333333334,0.8469
2001-06-03,177.7,60.63,4.288,5.066,4.221,5.353666666666666,0.8463
2001-06-04,177.7,60.63,4.282,5.065,4.192,5.343,0.8457
2001-06-05,177.7,60.63,4.235,5.014,4.117,5.276,0.8534
2001-06-06,177.7,60.63,4.252,5.044,4.129,5.263,0.8468
2001-06-07,177.7,60.63,4.294,5.082,4.133,5.324,0.8508
2001-06-08,177.7,60.63,4.294,5.067,4.183,5.367,0.851
2001-06-09,177.7,60.63,4.298,5.065,4.182,5.341,0.8484333333333334
2001-06-10,177.7,60.63,4.302,5.065,4.182,5.3149999999999995,0.8458666666666667
2001-06-11,177.7,60.63,4.306,5.061,4.091,5.289,0.8433
2001-06-12,177.7,60.63,4.306,5.07,4.086,5.251,0.853
2001-06-13,177.7,60.63,4.307,5.084,4.036,5.27,0.8546
2001-06-14,177.7,60.63,4.307,5.019,3.998,5.232,0.8622
2001-06-15,177.7,60.63,4.281,5.007,3.993,5.243,0.8618
2001-06-16,177.7,60.63,4.270333333333333,5.016,3.992,5.248666666666667,0.8610333333333333
2001-06-17,177.7,60.63,4.259666666666666,5.016,3.992,5.254333333333333,0.8602666666666667
2001-06-18,177.7,60.63,4.249,4.985,3.959,5.26,0.8595
2001-06-19,177.7,60.63,4.254,5.014,3.971,5.241,0.8532
2001-06-20,177.7,60.63,4.227,4.978,3.97,5.213,0.8546
2001-06-21,177.7,60.63,4.205,4.956,3.962,5.178,0.8539
2001-06-22,177.7,60.63,4.156,4.916,3.926,5.124,0.8569
2001-06-23,177.7,60.63,4.150666666666666,4.934,3.926,5.125333333333333,0.8574
2001-06-24,177.7,60.63,4.145333333333333,4.934,3.926,5.126666666666667,0.8579
2001-06-25,177.7,60.63,4.14,4.948,3.934,5.128,0.8584
2001-06-26,177.7,60.63,4.134,4.992,4.014,5.226,0.8631
2001-06-27,177.7,60.63,4.16,4.968,4.12,5.243,0.8597
2001-06-28,177.7,60.63,4.149,5.036,4.238,5.341,0.8453
2001-06-29,177.7,60.63,4.258,5.101,4.27,5.404,0.849
2001-06-30,177.7,60.63,4.249,5.098,4.253,5.377666666666666,0.8483333333333333
2001-07-01,177.4,60.49,4.24,5.0915,4.258,5.351333333333334,0.8476666666666667
2001-07-02,177.4,60.49,4.231,5.085,4.183,5.325,0.847
2001-07-03,177.4,60.49,4.308,5.143,4.247,5.38,0.847
2001-07-04,177.4,60.49,4.296,5.111,4.248,5.3919999999999995,0.846
2001-07-05,177.4,60.49,4.307,5.123,4.198,5.404,0.8355
2001-07-06,177.4,60.49,4.296,5.081,4.119,5.362,0.8473
2001-07-07,177.4,60.49,4.307,5.078,4.1255,5.352333333333333,0.8483
2001-07-08,177.4,60.49,4.318,5.078,4.132,5.342666666666667,0.8492999999999999
2001-07-09,177.4,60.49,4.329,5.11,4.12,5.333,0.8503
2001-07-10,177.4,60.49,4.28,5.085,4.033,5.272,0.8549
2001-07-11,177.4,60.49,4.235,5.072,4.117,5.291,0.8567
2001-07-12,177.4,60.49,4.218,5.043,4.041,5.243,0.8535
2001-07-13,177.4,60.49,4.268,5.076,4.081,5.228,0.8541
2001-07-14,177.4,60.49,4.258666666666667,5.076,4.078,5.209666666666666,0.8534333333333333
2001-07-15,177.4,60.49,4.249333333333333,5.076,4.075,5.191333333333334,0.8527666666666667
2001-07-16,177.4,60.49,4.24,5.022,4.034,5.173,0.8521
2001-07-17,177.4,60.49,4.257,5.033,4.067,5.209,0.8596
2001-07-18,177.4,60.49,4.189,4.992,3.941,5.089,0.872
2001-07-19,177.4,60.49,4.217,4.986,3.954,5.11,0.8713
2001-07-20,177.4,60.49,4.206,4.957,3.943,5.127,0.8712
2001-07-21,177.4,60.49,4.198333333333333,4.953,3.955,5.1193333333333335,0.8704999999999999
2001-07-22,177.4,60.49,4.190666666666667,4.953,3.967,5.111666666666666,0.8698
2001-07-23,177.4,60.49,4.183,4.953,3.95,5.104,0.8691
2001-07-24,177.4,60.49,4.171,4.949,3.95,5.114,0.8726
2001-07-25,177.4,60.49,4.193,4.959,3.998,5.188,0.8805
2001-07-26,177.4,60.49,4.171,4.94,3.908,5.134,0.8777
2001-07-27,177.4,60.49,4.136,4.9,3.928,5.096,0.877
2001-07-28,177.4,60.49,4.14,4.897,3.9055,5.088666666666667,0.876
2001-07-29,177.4,60.49,4.144,4.897,3.883,5.081333333333333,0.875
2001-07-30,177.4,60.49,4.148,4.902,3.854,5.074,0.874
2001-07-31,177.4,60.49,4.119,4.878,3.801,5.055,0.8761
2001-08-01,177.4,60.44,4.124,4.904,3.821,5.072,0.8806
2001-08-02,177.4,60.44,4.146,4.918,3.891,5.146,0.883
2001-08-03,177.4,60.44,4.106,4.896,3.914,5.164,0.8838
2001-08-04,177.4,60.44,4.104,4.897,3.9010000000000002,5.161666666666666,0.8825666666666667
2001-08-05,177.4,60.44,4.101999999999999,4.897,3.888,5.1593333333333335,0.8813333333333333
2001-08-06,177.4,60.44,4.1,4.888,3.875,5.157,0.8801
2001-08-07,177.4,60.44,4.128,4.901,3.887,5.172,0.8762
2001-08-08,177.4,60.44,4.139,4.89,3.742,5.05,0.8812
2001-08-09,177.4,60.44,4.024,4.827,3.742,5.035,0.8917
2001-08-10,177.4,60.44,3.994,4.796,3.691,4.984,0.8927
2001-08-11,177.4,60.44,3.998,4.798,3.691,4.98,0.8940666666666667
2001-08-12,177.4,60.44,4.002000000000001,4.798,3.691,4.976,0.8954333333333334
2001-08-13,177.4,60.44,4.006,4.796,3.679,4.972,0.8968
2001-08-14,177.4,60.44,4.022,4.818,3.728,4.972,0.9022
2001-08-15,177.4,60.44,4.01,4.822,3.791,5.004,0.913
2001-08-16,177.4,60.44,3.945,4.79,3.732,4.941,0.9113
2001-08-17,177.4,60.44,3.951,4.757,3.657,4.841,0.9173
2001-08-18,177.4,60.44,3.9506666666666668,4.757,3.6565000000000003,4.863666666666667,0.9155666666666666
2001-08-19,177.4,60.44,3.9503333333333335,4.757,3.656,4.886333333333333,0.9138333333333334
2001-08-20,177.4,60.44,3.95,4.771,3.731,4.909,0.9121
2001-08-21,177.4,60.44,3.973,4.818,3.756,4.87,0.917
2001-08-22,177.4,60.44,4.001,4.844,3.731,4.902,0.9131
2001-08-23,177.4,60.44,4.006,4.84,3.713,4.884,0.9143
2001-08-24,177.4,60.44,4.064,4.875,3.732,4.928,0.9133
2001-08-25,177.4,60.44,4.062,4.878,3.737,4.928,0.9124666666666666
2001-08-26,177.4,60.44,4.06,4.874,3.742,4.928,0.9116333333333334
2001-08-27,177.4,60.44,4.058,4.861,3.746,4.928,0.9108
2001-08-28,177.4,60.44,3.993,4.811,3.67,4.844,0.912
2001-08-29,177.4,60.44,3.98,4.805,3.613,4.766,0.9072
2001-08-30,177.4,60.44,3.92,4.765,2.6,4.812,0.9157
2001-08-31,177.4,60.44,3.937,4.785,3.559,4.84,0.9122
2001-09-01,178.1,60.6,3.931,4.783,3.6125000000000003,4.8695,0.9103666666666667
2001-09-02,178.1,60.6,3.925,4.783,3.6660000000000004,4.899,0.9085333333333333
2001-09-03,178.1,60.6,3.919,4.785,3.7195,4.9285,0.9067
2001-09-04,178.1,60.6,3.936,4.909,3.773,4.958,0.8877
2001-09-05,178.1,60.6,4.072,4.901,3.781,4.963,0.8868
2001-09-06,178.1,60.6,3.982,4.868,3.658,4.871,0.8953
2001-09-07,178.1,60.6,3.916,4.814,3.513,4.788,0.9039
2001-09-08,178.1,60.6,3.9216666666666664,4.813,3.513,4.806,0.9018666666666667
2001-09-09,178.1,60.6,3.9273333333333333,4.813,3.513,4.824,0.8998333333333334
2001-09-10,178.1,60.6,3.933,4.861,3.517,4.842,0.8978
2001-09-11,178.1,60.6,3.837,4.775,3.3543333333333334,4.762,0.9087
2001-09-12,178.1,60.6,3.697,4.823,3.1916666666666664,4.698499999999999,0.9067
2001-09-13,178.1,60.6,3.696,4.823,3.029,4.635,0.9116
2001-09-14,178.1,60.6,3.547,4.772,2.877,4.56,0.92
2001-09-15,178.1,60.6,3.524,4.766,2.877,4.580666666666667,0.921
2001-09-16,178.1,60.6,3.5010000000000003,4.766,2.877,4.601333333333333,0.922
2001-09-17,178.1,60.6,3.478,4.803,2.944,4.622,0.923
2001-09-18,178.1,60.6,3.446,4.822,2.955,4.724,0.9268
2001-09-19,178.1,60.6,3.466,4.844,2.818,4.697,0.9267
2001-09-20,178.1,60.6,3.481,4.855,2.887,4.746,0.9262
2001-09-21,178.1,60.6,3.475,4.892,2.876,4.691,0.9139
2001-09-22,178.1,60.6,3.484,4.892,2.874,4.700666666666667,0.9145666666666667
2001-09-23,178.1,60.6,3.493,4.892,2.874,4.710333333333333,0.9152333333333333
2001-09-24,178.1,60.6,3.502,4.896,2.924,4.72,0.9159
2001-09-25,178.1,60.6,3.464,4.84,2.886,4.71,0.9227
2001-09-26,178.1,60.6,3.484,4.799,2.818,4.635,0.922
2001-09-27,178.1,60.6,3.435,4.782,2.778,4.559,0.9177
2001-09-28,178.1,60.6,3.472,4.8,2.851,4.59,0.9109
2001-09-29,178.1,60.6,3.463,4.801,2.851,4.574,0.9128333333333334
2001-09-30,178.1,60.6,3.4539999999999997,4.801,2.851,4.558,0.9147666666666666
2001-10-01,177.6,60.66,3.445,4.762,2.815,4.542,0.9167
2001-10-02,177.6,60.66,3.401,4.703,2.762,4.508,0.9173
2001-10-03,177.6,60.66,3.329,4.655,2.758,4.47,0.9141
2001-10-04,177.6,60.66,3.323,4.683,2.738,4.504,0.9174
2001-10-05,177.6,60.66,3.317,4.646,2.705,4.508,0.9178
2001-10-06,177.6,60.66,3.3096666666666668,4.646,2.705,4.506666666666667,0.9186
2001-10-07,177.6,60.66,3.3023333333333333,4.646,2.705,4.505333333333333,0.9194
2001-10-08,177.6,60.66,3.295,4.621,2.705,4.504,0.9202
2001-10-09,177.6,60.66,3.354,4.702,2.737,4.595,0.9127
2001-10-10,177.6,60.66,3.406,4.685,2.766,4.603,0.9102
2001-10-11,177.6,60.66,3.406,4.718,2.857,4.668,0.9024
2001-10-12,177.6,60.66,3.405,4.679,2.807,4.675,0.9107
2001-10-13,177.6,60.66,3.3993333333333333,4.68,2.808,4.6513333333333335,0.9097
2001-10-14,177.6,60.66,3.3936666666666664,4.68,2.808,4.627666666666666,0.9087
2001-10-15,177.6,60.66,3.388,4.649,2.774,4.604,0.9077
2001-10-16,177.6,60.66,3.366,4.647,2.762,4.565,0.9071
2001-10-17,177.6,60.66,3.386,4.639,2.766,4.569,0.9023
2001-10-18,177.6,60.66,3.374,4.611,2.749,4.577,0.9021
2001-10-19,177.6,60.66,3.335,4.627,2.745,4.62,0.8983
2001-10-20,177.6,60.66,3.331,4.627,2.745,4.627,0.8959666666666667
2001-10-21,177.6,60.66,3.327,4.609,2.745,4.634,0.8936333333333333
2001-10-22,177.6,60.66,3.323,4.598,2.783,4.641,0.8913
2001-10-23,177.6,60.66,3.35,4.613,2.77,4.649,0.8898
2001-10-24,177.6,60.66,3.315,4.57,2.766,4.596,0.8928
2001-10-25,177.6,60.66,3.27,4.499,2.649,4.549,0.8922
2001-10-26,177.6,60.66,3.269,4.49,2.633,4.521,0.893
2001-10-27,177.6,60.66,3.244666666666667,4.488,2.633,4.509333333333333,0.8969333333333334
2001-10-28,177.6,60.66,3.2203333333333335,4.488,2.633,4.4976666666666665,0.9008666666666667
2001-10-29,177.6,60.66,3.196,4.459,2.561,4.486,0.9048
2001-10-30,177.6,60.66,3.112,4.401,2.452,4.416,0.9057
2001-10-31,177.6,60.66,3.114,4.373,2.375,4.244,0.8996
2001-11-01,177.5,60.62,3.063,4.255,2.491,4.236,0.9022
2001-11-02,177.5,60.62,3.084,4.337,2.506,4.364,0.9035
2001-11-03,177.5,60.62,3.0726666666666667,4.343,2.4899999999999998,4.346333333333333,0.9014333333333333
2001-11-04,177.5,60.62,3.0613333333333332,4.343,2.474,4.328666666666667,0.8993666666666666
2001-11-05,177.5,60.62,3.05,4.307,2.458,4.311,0.8973
2001-11-06,177.5,60.62,3.021,4.321,2.36,4.263,0.8943
2001-11-07,177.5,60.62,2.95,4.265,2.315,4.187,0.8979
2001-11-08,177.5,60.62,3.011,4.3,2.304,4.29,0.8928
2001-11-09,177.5,60.62,3.049,4.322,2.447,4.311,0.894
2001-11-10,177.5,60.62,3.0336666666666665,4.324,2.448,4.3285,0.8938
2001-11-11,177.5,60.62,3.0183333333333335,4.324,2.449,4.346,0.8936
2001-11-12,177.5,60.62,3.003,4.307,2.447,4.3635,0.8934
2001-11-13,177.5,60.62,3.018,4.399,2.511,4.381,0.8811
2001-11-14,177.5,60.62,3.18,4.493,2.7,4.528,0.8824
2001-11-15,177.5,60.62,3.323,4.557,2.982,4.784,0.881
2001-11-16,177.5,60.62,3.362,4.613,3.018,4.848,0.8838
2001-11-17,177.5,60.62,3.354,4.617,3.0505,4.833333333333333,0.8819333333333333
2001-11-18,177.5,60.62,3.346,4.617,3.083,4.818666666666667,0.8800666666666667
2001-11-19,177.5,60.62,3.338,4.528,2.966,4.804,0.8782
2001-11-20,177.5,60.62,3.297,4.549,2.95,4.865,0.8827
2001-11-21,177.5,60.62,3.295,4.633,3.075,4.962,0.8776
2001-11-22,177.5,60.62,3.51,4.636,3.078,4.9864999999999995,0.8779
2001-11-23,177.5,60.62,3.503,4.61,3.162,5.011,0.878
2001-11-24,177.5,60.62,3.4873333333333334,4.606,3.162,5.012666666666667,0.8787
2001-11-25,177.5,60.62,3.4716666666666667,4.606,3.162,5.014333333333333,0.8794
2001-11-26,177.5,60.62,3.456,4.575,3.188,5.016,0.8801
2001-11-27,177.5,60.62,3.626,4.698,3.082,4.926,0.8833
2001-11-28,177.5,60.62,3.489,4.648,3.102,4.929,0.8871
2001-11-29,177.5,60.62,3.436,4.589,2.87,4.765,0.8863
2001-11-30,177.5,60.62,3.377,4.557,2.846,4.754,0.8963
2001-12-01,177.4,60.89,3.3689999999999998,4.557,2.8415,4.733,0.8942666666666667
2001-12-02,177.4,60.89,3.361,4.557,2.837,4.712,0.8922333333333333
2001-12-03,177.4,60.89,3.353,4.53,2.805,4.691,0.8902
2001-12-04,177.4,60.89,3.37,4.49,2.821,4.667,0.8901
2001-12-05,177.4,60.89,3.564,4.706,3.065,4.904,0.8874
2001-12-06,177.4,60.89,3.677,4.758,3.18,5.011,0.8937
2001-12-07,177.4,60.89,3.694,4.86,3.213,5.165,0.8899
2001-12-08,177.4,60.89,3.678,4.86,3.2135,5.144666666666667,0.8901
2001-12-09,177.4,60.89,3.662,4.86,3.214,5.124333333333333,0.8903
2001-12-10,177.4,60.89,3.646,4.833,3.059,5.104,0.8905
2001-12-11,177.4,60.89,3.574,4.794,3.012,5.058,0.8922
2001-12-12,177.4,60.89,3.483,4.706,2.983,5.01,0.8973
2001-12-13,177.4,60.89,3.525,4.768,3.066,5.074,0.8926
2001-12-14,177.4,60.89,3.573,4.754,3.157,5.19,0.9021
2001-12-15,177.4,60.89,3.5846666666666667,4.7524999999999995,3.132,5.188000000000001,0.9019333333333334
2001-12-16,177.4,60.89,3.5963333333333334,4.751,3.107,5.186,0.9017666666666666
2001-12-17,177.4,60.89,3.608,4.866,3.141,5.184,0.9016
2001-12-18,177.4,60.89,3.574,4.816,3.099,5.129,0.902
2001-12-19,177.4,60.89,3.499,4.777,3.066,5.042,0.8997
2001-12-20,177.4,60.89,3.52,4.813,3.064,5.036,0.9008
2001-12-21,177.4,60.89,3.558,4.882,3.15,5.086,0.8885
2001-12-22,177.4,60.89,3.5596666666666668,4.888,3.150333333333333,5.104,0.8853
2001-12-23,177.4,60.89,3.5613333333333332,4.888,3.1506666666666665,5.122,0.8821
2001-12-24,177.4,60.89,3.563,4.883,3.151,5.14,0.8789
2001-12-25,177.4,60.89,3.563,4.874,3.151,5.17,0.8773
2001-12-26,177.4,60.89,3.5905,4.916499999999999,3.286,5.2,0.8797
2001-12-27,177.4,60.89,3.618,4.959,3.307,5.072,0.883
2001-12-28,177.4,60.89,3.629,4.998,3.169,5.113,0.8848
2001-12-29,177.4,60.89,3.634333333333333,4.998,3.146,5.085,0.8864
2001-12-30,177.4,60.89,3.639666666666667,4.998,3.146,5.057,0.888
2001-12-31,177.4,60.89,3.645,4.997,3.12,5.029,0.8896
2002-01-01,177.7,60.96,3.6260000000000003,4.9745,3.12,5.0945,0.889
2002-01-02,177.7,60.96,3.607,4.952,3.195,5.16,0.904
2002-01-03,177.7,60.96,3.596,4.904,3.168,5.111,0.899
2002-01-04,177.7,60.96,3.602,4.935,3.168,5.125,0.8942
2002-01-05,177.7,60.96,3.598333333333333,4.936999999999999,3.168,5.099666666666667,0.8938
2002-01-06,177.7,60.96,3.594666666666667,4.939,3.17,5.074333333333334,0.8934
2002-01-07,177.7,60.96,3.591,4.82,3.053,5.049,0.893
2002-01-08,177.7,60.96,3.585,4.848,3.069,5.083,0.8945
2002-01-09,177.7,60.96,3.69,4.908,2.979,5.048,0.8916
2002-01-10,177.7,60.96,3.652,4.858,2.937,4.975,0.8921
2002-01-11,177.7,60.96,3.685,4.813,2.739,4.872,0.8919
2002-01-12,177.7,60.96,3.655666666666667,4.791666666666666,2.7536666666666667,4.876,0.8924666666666666
2002-01-13,177.7,60.96,3.626333333333333,4.770333333333333,2.768333333333333,4.88,0.8930333333333333
2002-01-14,177.7,60.96,3.597,4.749,2.783,4.884,0.8936
2002-01-15,177.7,60.96,3.647,4.764,2.787,4.845,0.8839
2002-01-16,177.7,60.96,3.602,4.769,2.819,4.841,0.8844
2002-01-17,177.7,60.96,3.636,4.824,2.854,4.931,0.8812
2002-01-18,177.7,60.96,3.664,4.824,2.88,4.893,0.884
2002-01-19,177.7,60.96,3.658333333333333,4.817666666666667,2.8856666666666664,4.8995,0.8836333333333334
2002-01-20,177.7,60.96,3.6526666666666667,4.811333333333333,2.8913333333333333,4.906,0.8832666666666666
2002-01-21,177.7,60.96,3.647,4.805,2.897,4.9125,0.8829
2002-01-22,177.7,60.96,3.698,4.854,2.94,4.919,0.8886
2002-01-23,177.7,60.96,3.749,4.813,3.015,5.028,0.8777
2002-01-24,177.7,60.96,3.863,4.888,3.154,5.005,0.8776
2002-01-25,177.7,60.96,3.92,4.986,3.175,5.069,0.8642
2002-01-26,177.7,60.96,3.928,4.979333333333333,3.175,5.071,0.8631333333333333
2002-01-27,177.7,60.96,3.936,4.972666666666667,3.175,5.073,0.8620666666666666
2002-01-28,177.7,60.96,3.944,4.966,3.179,5.075,0.861
2002-01-29,177.7,60.96,3.881,4.943,3.073,4.94,0.8649
2002-01-30,177.7,60.96,3.871,4.923,3.097,5.013,0.8611
2002-01-31,177.7,60.96,3.878,4.899,3.195,5.046,0.8583
2002-02-01,178.0,61.06,3.861,4.872,3.106,4.984,0.8617
2002-02-02,178.0,61.06,3.8323333333333336,4.856,3.098,4.958333333333333,0.8641333333333333
2002-02-03,178.0,61.06,3.8036666666666665,4.84,3.0404999999999998,4.932666666666667,0.8665666666666667
2002-02-04,178.0,61.06,3.775,4.824,2.983,4.907,0.869
2002-02-05,178.0,61.06,3.758,4.812,2.981,4.896,0.8677
2002-02-06,178.0,61.06,3.725,4.835,2.955,4.927,0.8674
2002-02-07,178.0,61.06,3.846,4.93,2.975,4.927,0.8716
2002-02-08,178.0,61.06,3.812,4.91,2.901,4.881,0.8714
2002-02-09,178.0,61.06,3.818,4.915666666666667,2.917,4.892666666666667,0.8731
2002-02-10,178.0,61.06,3.824,4.921333333333333,2.917,4.904333333333334,0.8747999999999999
2002-02-11,178.0,61.06,3.83,4.927,2.909,4.916,0.8765
2002-02-12,178.0,61.06,3.83,4.967,3.043,4.978,0.8763
2002-02-13,178.0,61.06,3.901,4.989,3.082,4.992,0.8713
2002-02-14,178.0,61.06,3.878,4.96,3.026,4.946,0.874
2002-02-15,178.0,61.06,3.815,4.918,2.944,4.863,0.873
2002-02-16,178.0,61.06,3.817,4.918666666666667,2.9793333333333334,4.865,0.8721
2002-02-17,178.0,61.06,3.819,4.919333333333333,3.0146666666666664,4.867000000000001,0.8712
2002-02-18,178.0,61.06,3.821,4.92,3.05,4.869000000000001,0.8703
2002-02-19,178.0,61.06,3.833,4.946,2.937,4.871,0.8763
2002-02-20,178.0,61.06,3.846,4.946,2.96,4.891,0.8698
2002-02-21,178.0,61.06,3.864,4.977,2.93,4.859,0.87
2002-02-22,178.0,61.06,3.812,4.918,2.93,4.835,0.8747
2002-02-23,178.0,61.06,3.822,4.935666666666667,2.924,4.841,0.8728
2002-02-24,178.0,61.06,3.832,4.953333333333333,2.932,4.8469999999999995,0.8709
2002-02-25,178.0,61.06,3.842,4.971,2.976,4.853,0.869
2002-02-26,178.0,61.06,3.854,4.993,3.041,4.931,0.8632
2002-02-27,178.0,61.06,3.891,4.97,2.935,4.833,0.8656
2002-02-28,178.0,61.06,3.856,4.951,3.049,4.874,0.8683
2002-03-01,178.5,61.4,3.916,5.011,3.184,4.984,0.8649
2002-03-02,178.5,61.4,3.926,5.0183333333333335,3.184,4.989,0.8663333333333333
2002-03-03,178.5,61.4,3.936,5.025666666666667,3.18,4.994,0.8677666666666667
2002-03-04,178.5,61.4,3.946,5.033,3.229,4.999,0.8692
2002-03-05,178.5,61.4,3.973,5.081,3.229,5.005,0.8712
2002-03-06,178.5,61.4,4.003,5.146,3.229,5.052,0.8764
2002-03-07,178.5,61.4,4.083,5.18,3.422,5.229,0.8812
2002-03-08,178.5,61.4,4.12,5.178,3.563,5.325,0.874
2002-03-09,178.5,61.4,4.114333333333334,5.173,3.563,5.323666666666667,0.8745333333333334
2002-03-10,178.5,61.4,4.108666666666666,5.168,3.563,5.322333333333333,0.8750666666666667
2002-03-11,178.5,61.4,4.103,5.163,3.559,5.321,0.8756
2002-03-12,178.5,61.4,4.085,5.175,3.543,5.311,0.8743
2002-03-13,178.5,61.4,4.094,5.187,3.452,5.279,0.8757
2002-03-14,178.5,61.4,4.1715,5.222,3.597,5.41,0.8822
2002-03-15,178.5,61.4,4.249,5.226,3.581,5.333,0.882
2002-03-16,178.5,61.4,4.249,5.219333333333333,3.583,5.322333333333334,0.8819333333333333
2002-03-17,178.5,61.4,4.249,5.212666666666667,3.581,5.3116666666666665,0.8818666666666667
2002-03-18,178.5,61.4,4.249,5.206,3.611,5.301,0.8818
2002-03-19,178.5,61.4,4.249,5.199,3.546,5.289,0.8807
2002-03-20,178.5,61.4,4.286,5.236,3.682,5.406,0.8851
2002-03-21,178.5,61.4,4.286,5.22,3.651,5.366,0.8821
2002-03-22,178.5,61.4,4.324,5.255,3.709,5.403,0.8775
2002-03-23,178.5,61.4,4.333,5.262666666666666,3.709,5.404333333333333,0.8773666666666666
2002-03-24,178.5,61.4,4.342,5.270333333333333,3.744,5.405666666666667,0.8772333333333333
2002-03-25,178.5,61.4,4.351,5.278,3.715,5.407,0.8771
2002-03-26,178.5,61.4,4.297,5.233,3.651,5.343,0.8763
2002-03-27,178.5,61.4,4.297,5.225,3.584,5.343,0.8728
2002-03-28,178.5,61.4,4.34,5.252,3.722,5.406,0.8712
2002-03-29,178.5,61.4,4.34,5.239,3.722,5.411,0.8703
2002-03-30,178.5,61.4,4.34,5.2443333333333335,3.722,5.416,0.8735666666666666
2002-03-31,178.5,61.4,4.34,5.249666666666666,3.722,5.421,0.8768333333333334
2002-04-01,179.3,61.68,4.34,5.255,3.723,5.426,0.8801
2002-04-02,179.3,61.68,4.296,5.243,3.619,5.342,0.8793
2002-04-03,179.3,61.68,4.252,5.194,3.53,5.28,0.8807
2002-04-04,179.3,61.68,4.202,5.136,3.545,5.26,0.8773
2002-04-05,179.3,61.68,4.18,5.13,3.474,5.207,0.8785
2002-04-06,179.3,61.68,4.174333333333333,5.142,3.474,5.225666666666666,0.8770333333333333
2002-04-07,179.3,61.68,4.168666666666667,5.154,3.474,5.2443333333333335,0.8755666666666666
2002-04-08,179.3,61.68,4.163,5.166,3.519,5.263,0.8741
2002-04-09,179.3,61.68,4.158,5.169,3.451,5.203,0.8802
2002-04-10,179.3,61.68,4.168,5.184,3.484,5.238,0.8803
2002-04-11,179.3,61.68,4.146,5.145,3.428,5.209,0.8818
2002-04-12,179.3,61.68,4.14,5.146,3.36,5.157,0.8806
2002-04-13,179.3,61.68,4.121333333333333,5.132666666666666,3.3649999999999998,5.150666666666667,0.8802333333333333
2002-04-14,179.3,61.68,4.102666666666666,5.1193333333333335,3.37,5.144333333333333,0.8798666666666667
2002-04-15,179.3,61.68,4.084,5.106,3.375,5.138,0.8795
2002-04-16,179.3,61.68,4.19,5.18,3.385,5.192,0.8819
2002-04-17,179.3,61.68,4.161,5.192,3.407,5.232,0.8898
2002-04-18,179.3,61.68,4.121,5.193,3.374,5.199,0.8907
2002-04-19,179.3,61.68,4.16,5.203,3.326,5.201,0.8917
2002-04-20,179.3,61.68,4.1450000000000005,5.188666666666667,3.326,5.193333333333333,0.8907666666666667
2002-04-21,179.3,61.68,4.13,5.174333333333333,3.3209999999999997,5.185666666666666,0.8898333333333334
2002-04-22,179.3,61.68,4.115,5.16,3.316,5.178,0.8889
2002-04-23,179.3,61.68,4.143,5.191,3.342,5.164,0.8883
2002-04-24,179.3,61.68,4.103,5.152,3.238,5.114,0.892
2002-04-25,179.3,61.68,4.029,5.104,3.31,5.096,0.8977
2002-04-26,179.3,61.68,4.028,5.09,3.212,5.058,0.9015
2002-04-27,179.3,61.68,4.043,5.1049999999999995,3.212,5.078666666666667,0.9018999999999999
2002-04-28,179.3,61.68,4.058,5.12,3.277,5.099333333333333,0.9023
2002-04-29,179.3,61.68,4.073,5.135,3.261,5.12,0.9027
2002-04-30,179.3,61.68,4.072,5.125,3.261,5.089,0.9002
2002-05-01,179.5,61.79,4.072,5.121,3.212,5.058,0.9062
2002-05-02,179.5,61.79,4.158,5.18,3.222,5.096,0.903
2002-05-03,179.5,61.79,4.083,5.103,3.154,5.056,0.9171
2002-05-04,179.5,61.79,4.084666666666667,5.107,3.154,5.059666666666667,0.9174
2002-05-05,179.5,61.79,4.086333333333333,5.111,3.156,5.0633333333333335,0.9177000000000001
2002-05-06,179.5,61.79,4.088,5.115,3.153,5.067,0.918
2002-05-07,179.5,61.79,4.088,5.101,3.104,5.057,0.9133
2002-05-08,179.5,61.79,4.156,5.164,3.325,5.219,0.9047
2002-05-09,179.5,61.79,4.191,5.194,3.237,5.166,0.9085
2002-05-10,179.5,61.79,4.202,5.192,3.164,5.119,0.9139
2002-05-11,179.5,61.79,4.217333333333333,5.195333333333333,3.164,5.153666666666666,0.913
2002-05-12,179.5,61.79,4.232666666666667,5.198666666666667,3.201,5.1883333333333335,0.9121
2002-05-13,179.5,61.79,4.248,5.202,3.259,5.223,0.9112
2002-05-14,179.5,61.79,4.33,5.254,3.387,5.28,0.9019
2002-05-15,179.5,61.79,4.336,5.253,3.322,5.246,0.9113
2002-05-16,179.5,61.79,4.324,5.234,3.266,5.171,0.9116
2002-05-17,179.5,61.79,4.353,5.257,3.366,5.256,0.9206
2002-05-18,179.5,61.79,4.335666666666667,5.233666666666666,3.3615000000000004,5.237,0.9207
2002-05-19,179.5,61.79,4.318333333333333,5.210333333333334,3.357,5.218,0.9208000000000001
2002-05-20,179.5,61.79,4.301,5.187,3.301,5.199,0.9209
2002-05-21,179.5,61.79,4.242,5.179,3.228,5.153,0.9184
2002-05-22,179.5,61.79,4.23,5.164,3.19,5.117,0.9258
2002-05-23,179.5,61.79,4.182,5.136,3.233,5.15,0.9208
2002-05-24,179.5,61.79,4.223,5.162,3.231,5.146,0.9199
2002-05-25,179.5,61.79,4.237,5.17,3.231,5.1419999999999995,0.9199
2002-05-26,179.5,61.79,4.2509999999999994,5.178,3.233,5.138,0.9199
2002-05-27,179.5,61.79,4.265,5.186,3.239,5.134,0.9199
2002-05-28,179.5,61.79,4.253,5.168,3.239,5.13,0.9282
2002-05-29,179.5,61.79,4.235,5.155,3.26,5.066,0.9351
2002-05-30,179.5,61.79,4.193,5.136,3.159,5.026,0.9364
2002-05-31,179.5,61.79,4.259,5.173,3.203,5.045,0.9334
2002-06-01,179.6,61.77,4.251,5.166666666666667,3.203,5.029333333333334,0.9356666666666666
2002-06-02,179.6,61.77,4.243,5.160333333333333,3.203,5.0136666666666665,0.9379333333333334
2002-06-03,179.6,61.77,4.235,5.154,3.14,4.998,0.9402
2002-06-04,179.6,61.77,4.151,5.116,3.146,5.03,0.9391
2002-06-05,179.6,61.77,4.186,5.123,3.15,5.051,0.9391
2002-06-06,179.6,61.77,4.156,5.124,3.072,4.984,0.9467
2002-06-07,179.6,61.77,4.168,5.131,3.139,5.065,0.942
2002-06-08,179.6,61.77,4.163666666666667,5.122333333333334,3.139,5.0536666666666665,0.9426
2002-06-09,179.6,61.77,4.1593333333333335,5.113666666666667,3.139,5.042333333333334,0.9431999999999999
2002-06-10,179.6,61.77,4.155,5.105,3.116,5.031,0.9438
2002-06-11,179.6,61.77,4.149,5.119,3.062,4.977,0.9473
2002-06-12,179.6,61.77,4.118,5.083,3.093,4.963,0.9433
2002-06-13,179.6,61.77,4.069,5.02,2.989,4.902,0.9427
2002-06-14,179.6,61.77,4.014,4.973,2.889,4.801,0.9455
2002-06-15,179.6,61.77,4.021,4.985666666666667,2.889,4.816333333333334,0.9450333333333334
2002-06-16,179.6,61.77,4.0280000000000005,4.998333333333333,2.889,4.831666666666667,0.9445666666666667
2002-06-17,179.6,61.77,4.035,5.011,2.924,4.847,0.9441
2002-06-18,179.6,61.77,4.025,4.98,2.934,4.836,0.9523
2002-06-19,179.6,61.77,4.018,4.953,2.782,4.73,0.9568
2002-06-20,179.6,61.77,4.03,4.973,2.875,4.789,0.9645
2002-06-21,179.6,61.77,4.005,4.964,2.89,4.764,0.9696
2002-06-22,179.6,61.77,3.9883333333333333,4.951333333333333,2.89,4.7860000000000005,0.9694666666666667
2002-06-23,179.6,61.77,3.9716666666666667,4.938666666666667,2.892,4.808,0.9693333333333333
2002-06-24,179.6,61.77,3.955,4.926,2.906,4.83,0.9692
2002-06-25,179.6,61.77,4.016,4.973,2.841,4.819,0.9829
2002-06-26,179.6,61.77,3.935,4.897,2.767,4.746,0.9823
2002-06-27,179.6,61.77,3.953,4.925,2.817,4.823,0.9892
2002-06-28,179.6,61.77,3.915,4.944,2.819,4.809,0.9906
2002-06-29,179.6,61.77,3.925,4.953333333333333,2.819,4.800333333333334,0.9908
2002-06-30,179.6,61.77,3.935,4.962666666666667,2.821,4.791666666666667,0.991
2002-07-01,180.0,61.7,3.945,4.972,2.834,4.783,0.9912
2002-07-02,180.0,61.7,3.913,4.914,2.771,4.73,0.9843
2002-07-03,180.0,61.7,3.92,4.935,2.773,4.758,0.9801
2002-07-04,180.0,61.7,3.988,4.974,2.777,4.8100000000000005,0.9772
2002-07-05,180.0,61.7,4.025,5.021,2.891,4.862,0.9736
2002-07-06,180.0,61.7,4.018,5.014666666666667,2.891,4.8406666666666665,0.979
2002-07-07,180.0,61.7,4.011,5.008333333333333,2.891,4.819333333333334,0.9844
2002-07-08,180.0,61.7,4.004,5.002,2.797,4.798,0.9898
2002-07-09,180.0,61.7,4.009,5.004,2.695,4.73,0.9925
2002-07-10,180.0,61.7,3.927,4.941,2.59,4.617,0.9886
2002-07-11,180.0,61.7,3.856,4.895,2.614,4.638,0.9871
2002-07-12,180.0,61.7,3.834,4.869,2.529,4.574,0.9913
2002-07-13,180.0,61.7,3.823,4.857,2.529,4.592,0.9955999999999999
2002-07-14,180.0,61.7,3.8120000000000003,4.845,2.529,4.61,0.9999
2002-07-15,180.0,61.7,3.801,4.833,2.545,4.628,1.0042
2002-07-16,180.0,61.7,3.839,4.875,2.615,4.684,1.0113
2002-07-17,180.0,61.7,3.844,4.888,2.61,4.686,1.0074
2002-07-18,180.0,61.7,3.84,4.88,2.503,4.614,1.0109
2002-07-19,180.0,61.7,3.794,4.839,2.418,4.518,1.0091
2002-07-20,180.0,61.7,3.7736666666666667,4.826666666666667,2.418,4.494,1.0081
2002-07-21,180.0,61.7,3.7533333333333334,4.814333333333333,2.418,4.47,1.0071
2002-07-22,180.0,61.7,3.733,4.802,2.348,4.446,1.0061
2002-07-23,180.0,61.7,3.765,4.815,2.285,4.408,0.9909
2002-07-24,180.0,61.7,3.665,4.727,2.343,4.459,0.9946
2002-07-25,180.0,61.7,3.652,4.744,2.314,4.383,1.0035
2002-07-26,180.0,61.7,3.598,4.725,2.226,4.386,0.9858
2002-07-27,180.0,61.7,3.6363333333333334,4.746333333333333,2.226,4.445333333333333,0.9842333333333333
2002-07-28,180.0,61.7,3.6746666666666665,4.767666666666666,2.226,4.504666666666667,0.9826666666666667
2002-07-29,180.0,61.7,3.713,4.789,2.395,4.564,0.9811
2002-07-30,180.0,61.7,3.668,4.803,2.443,4.588,0.9828
2002-07-31,180.0,61.7,3.617,4.752,2.242,4.459,0.9768
2002-08-01,180.5,61.75,3.539,4.697,2.121,4.393,0.9836
2002-08-02,180.5,61.75,3.411,4.63,2.006,4.295,0.985
2002-08-03,180.5,61.75,3.388333333333333,4.607,2.006,4.266333333333333,0.9833333333333333
2002-08-04,180.5,61.75,3.365666666666667,4.584,2.006,4.237666666666667,0.9816666666666667
2002-08-05,180.5,61.75,3.343,4.561,1.927,4.209,0.98
2002-08-06,180.5,61.75,3.464,4.613,2.042,4.331,0.9642
2002-08-07,180.5,61.75,3.378,4.555,1.983,4.306,0.973
2002-08-08,180.5,61.75,3.416,4.59,2.082,4.397,0.9657
2002-08-09,180.5,61.75,3.447,4.562,2.071,4.258,0.9691
2002-08-10,180.5,61.75,3.451,4.552666666666667,2.071,4.243,0.9719666666666666
2002-08-11,180.5,61.75,3.455,4.543333333333333,2.119,4.228,0.9748333333333333
2002-08-12,180.5,61.75,3.459,4.534,2.072,4.213,0.9777
2002-08-13,180.5,61.75,3.414,4.499,2.005,4.088,0.9841
2002-08-14,180.5,61.75,3.439,4.45,2.164,4.121,0.9784
2002-08-15,180.5,61.75,3.579,4.562,2.194,4.183,0.981
2002-08-16,180.5,61.75,3.607,4.568,2.258,4.327,0.9874
2002-08-17,180.5,61.75,3.604,4.581333333333333,2.258,4.3133333333333335,0.9838333333333333
2002-08-18,180.5,61.75,3.601,4.594666666666666,2.332,4.299666666666666,0.9802666666666667
2002-08-19,180.5,61.75,3.598,4.608,2.213,4.286,0.9767
2002-08-20,180.5,61.75,3.53,4.554,2.072,4.151,0.9787
2002-08-21,180.5,61.75,3.672,4.654,2.101,4.202,0.98
2002-08-22,180.5,61.75,3.666,4.686,2.225,4.32,0.9692
2002-08-23,180.5,61.75,3.591,4.652,2.15,4.238,0.972
2002-08-24,180.5,61.75,3.590666666666667,4.652,2.15,4.235666666666667,0.9717
2002-08-25,180.5,61.75,3.590333333333333,4.652,2.183,4.233333333333333,0.9713999999999999
2002-08-26,180.5,61.75,3.59,4.652,2.216,4.231,0.9711
2002-08-27,180.5,61.75,3.63,4.651,2.227,4.278,0.9826
2002-08-28,180.5,61.75,3.536,4.58,2.235,4.214,0.978
2002-08-29,180.5,61.75,3.506,4.566,2.144,4.142,0.9837
2002-08-30,180.5,61.75,3.459,4.563,2.138,4.13,0.9803
2002-08-31,180.5,61.75,3.4356666666666666,4.543666666666667,2.138,4.08875,0.9815333333333333
2002-09-01,180.8,61.9,3.412333333333333,4.524333333333333,2.138,4.047499999999999,0.9827666666666667
2002-09-02,180.8,61.9,3.389,4.505,1.925,4.00625,0.984
2002-09-03,180.8,61.9,3.331,4.426,2.02,3.965,0.9954
2002-09-04,180.8,61.9,3.293,4.432,2.036,3.963,0.9911
2002-09-05,180.8,61.9,3.228,4.403,1.947,3.931,0.9909
2002-09-06,180.8,61.9,3.227,4.41,2.052,4.015,0.9805
2002-09-07,180.8,61.9,3.2576666666666667,4.411333333333333,2.052,4.029999999999999,0.9801
2002-09-08,180.8,61.9,3.288333333333333,4.4126666666666665,2.052,4.045,0.9797
2002-09-09,180.8,61.9,3.319,4.414,2.129,4.06,0.9793
2002-09-10,180.8,61.9,3.364,4.457,2.117,3.995,0.9747
2002-09-11,180.8,61.9,3.42,4.4544999999999995,2.168,4.061,0.9752
2002-09-12,180.8,61.9,3.308,4.452,2.096,3.964,0.9808
2002-09-13,180.8,61.9,3.275,4.418,2.051,3.908,0.9706
2002-09-14,180.8,61.9,3.2616666666666667,4.397666666666667,2.051,3.9096666666666664,0.9695666666666667
2002-09-15,180.8,61.9,3.248333333333333,4.3773333333333335,2.051,3.9113333333333333,0.9685333333333334
2002-09-16,180.8,61.9,3.235,4.357,2.191,3.913,0.9675
2002-09-17,180.8,61.9,3.228,4.363,2.0,3.821,0.9734
2002-09-18,180.8,61.9,3.201,4.335,2.075,3.842,0.9768
2002-09-19,180.8,61.9,3.2,4.313,1.944,3.78,0.9859
2002-09-20,180.8,61.9,3.198,4.356,1.904,3.784,0.9822
2002-09-21,180.8,61.9,3.182,4.341,1.904,3.7543333333333333,0.9803333333333333
2002-09-22,180.8,61.9,3.166,4.326,1.927,3.7246666666666663,0.9784666666666667
2002-09-23,180.8,61.9,3.15,4.311,1.959,3.695,0.9766
2002-09-24,180.8,61.9,3.093,4.279,1.868,3.647,0.9819
2002-09-25,180.8,61.9,3.162,4.314,1.95,3.753,0.9761
2002-09-26,180.8,61.9,3.179,4.345,1.987,3.774,0.9774
2002-09-27,180.8,61.9,3.17,4.34,1.803,3.663,0.9788
2002-09-28,180.8,61.9,3.133,4.317333333333333,1.803,3.642,0.9812333333333333
2002-09-29,180.8,61.9,3.096,4.294666666666667,1.803,3.621,0.9836666666666667
2002-09-30,180.8,61.9,3.059,4.272,1.691,3.6,0.9861
2002-10-01,181.2,62.05,3.09,4.305,1.827,3.717,0.982
2002-10-02,181.2,62.05,3.132,4.384,1.719,3.671,0.986
2002-10-03,181.2,62.05,3.073,4.383,1.795,3.688,0.9875
2002-10-04,181.2,62.05,3.014,4.36,1.786,3.669,0.9789
2002-10-05,181.2,62.05,3.014,4.347,1.786,3.6510000000000002,0.9799333333333333
2002-10-06,181.2,62.05,3.014,4.334,1.786,3.633,0.9809666666666667
2002-10-07,181.2,62.05,3.014,4.321,1.746,3.615,0.982
2002-10-08,181.2,62.05,3.035,4.31,1.786,3.634,0.9788
2002-10-09,181.2,62.05,3.013,4.297,1.669,3.57,0.9909
2002-10-10,181.2,62.05,3.141,4.357,1.723,3.659,0.9853
2002-10-11,181.2,62.05,3.195,4.443,1.842,3.804,0.987
2002-10-12,181.2,62.05,3.1966666666666668,4.449,1.81,3.804,0.9868333333333333
2002-10-13,181.2,62.05,3.1983333333333333,4.455,1.81,3.804,0.9866666666666667
2002-10-14,181.2,62.05,3.2,4.461,1.81,3.804,0.9865
2002-10-15,181.2,62.05,3.269,4.575,1.975,3.994,0.9816
2002-10-16,181.2,62.05,3.319,4.6,2.022,4.047,0.9802
2002-10-17,181.2,62.05,3.281,4.59,2.148,4.202,0.9705
2002-10-18,181.2,62.05,3.27,4.6,2.056,4.109,0.9715
2002-10-19,181.2,62.05,3.2626666666666666,4.605666666666666,2.056,4.158,0.9720666666666666
2002-10-20,181.2,62.05,3.2553333333333336,4.6113333333333335,2.135,4.207,0.9726333333333333
2002-10-21,181.2,62.05,3.248,4.617,2.214,4.256,0.9732
2002-10-22,181.2,62.05,3.23,4.645,2.231,4.261,0.9772
2002-10-23,181.2,62.05,3.22,4.594,2.148,4.229,0.9743
2002-10-24,181.2,62.05,3.2,4.636,2.065,4.118,0.9773
2002-10-25,181.2,62.05,3.201,4.592,1.985,4.097,0.9765
2002-10-26,181.2,62.05,3.191,4.579,1.985,4.094333333333334,0.9790666666666666
2002-10-27,181.2,62.05,3.181,4.566,1.985,4.091666666666667,0.9816333333333334
2002-10-28,181.2,62.05,3.171,4.553,1.917,4.089,0.9842
2002-10-29,181.2,62.05,3.137,4.501,1.76,3.941,0.9826
2002-10-30,181.2,62.05,3.12,4.547,1.758,3.963,0.9839
2002-10-31,181.2,62.05,3.09,4.506,1.756,3.895,0.9907
2002-11-01,181.5,62.0,3.075,4.556,1.764,4.005,0.996
2002-11-02,181.5,62.0,3.082666666666667,4.559666666666667,1.748,4.0183333333333335,0.9964333333333333
2002-11-03,181.5,62.0,3.090333333333333,4.5633333333333335,1.748,4.031666666666666,0.9968666666666667
2002-11-04,181.5,62.0,3.098,4.567,1.787,4.045,0.9973
2002-11-05,181.5,62.0,3.119,4.607,1.819,4.073,0.9982
2002-11-06,181.5,62.0,3.141,4.616,1.828,4.032,1.0055
2002-11-07,181.5,62.0,3.174,4.538,1.866,3.882,1.0081
2002-11-08,181.5,62.0,3.104,4.458,1.849,3.843,1.0163
2002-11-09,181.5,62.0,3.08,4.449666666666666,1.849,3.843,1.0142
2002-11-10,181.5,62.0,3.056,4.441333333333334,1.849,3.843,1.0121
2002-11-11,181.5,62.0,3.032,4.433,1.849,3.843,1.01
2002-11-12,181.5,62.0,3.021,4.389,1.783,3.851,1.0119
2002-11-13,181.5,62.0,2.995,4.404,1.73,3.841,1.0083
2002-11-14,181.5,62.0,3.023,4.466,1.888,4.062,1.0037
2002-11-15,181.5,62.0,3.068,4.457,1.875,4.032,1.0095
2002-11-16,181.5,62.0,3.042666666666667,4.46,1.863,4.017666666666667,1.0094333333333334
2002-11-17,181.5,62.0,3.017333333333333,4.463,1.863,4.003333333333333,1.0093666666666667
2002-11-18,181.5,62.0,2.992,4.466,1.893,3.989,1.0093
2002-11-19,181.5,62.0,2.952,4.444,1.878,3.983,1.0033
2002-11-20,181.5,62.0,3.006,4.42,1.87,4.06,1.0
2002-11-21,181.5,62.0,3.024,4.502,2.034,4.156,1.0021
2002-11-22,181.5,62.0,3.041,4.511,2.062,4.183,0.9967
2002-11-23,181.5,62.0,3.054,4.520666666666667,2.062,4.181,0.9949333333333333
2002-11-24,181.5,62.0,3.067,4.530333333333333,2.062,4.178999999999999,0.9931666666666666
2002-11-25,181.5,62.0,3.08,4.54,2.052,4.177,0.9914
2002-11-26,181.5,62.0,3.063,4.481,1.975,4.07,0.9936
2002-11-27,181.5,62.0,3.139,4.538,2.066,4.257,0.99
2002-11-28,181.5,62.0,3.131,4.525,2.126,4.234,0.993
2002-11-29,181.5,62.0,2.986,4.488,2.06,4.211,0.9938
2002-11-30,181.5,62.0,3.0073333333333334,4.498333333333334,2.062666666666667,4.217666666666667,0.9946666666666667
2002-12-01,181.8,62.3,3.0286666666666666,4.508666666666667,2.0653333333333332,4.224333333333333,0.9955333333333333
2002-12-02,181.8,62.3,3.05,4.519,2.068,4.231,0.9964
2002-12-03,181.8,62.3,3.051,4.474,2.034,4.204,0.9965
2002-12-04,181.8,62.3,3.105,4.472,1.988,4.152,1.0012
2002-12-05,181.8,62.3,3.134,4.45,1.98,4.137,1.0
2002-12-06,181.8,62.3,3.07,4.413,1.881,4.089,1.0091
2002-12-07,181.8,62.3,3.0273333333333334,4.404333333333334,1.881,4.071666666666667,1.0095666666666667
2002-12-08,181.8,62.3,2.9846666666666666,4.395666666666666,1.881,4.054333333333333,1.0100333333333333
2002-12-09,181.8,62.3,2.942,4.387,1.854,4.037,1.0105
2002-12-10,181.8,62.3,2.889,4.379,1.878,4.056,1.0072
2002-12-11,181.8,62.3,2.903,4.36,1.87,4.025,1.008
2002-12-12,181.8,62.3,2.867,4.312,1.837,4.026,1.0184
2002-12-13,181.8,62.3,2.918,4.322,1.849,4.071,1.0238
2002-12-14,181.8,62.3,2.888666666666667,4.332333333333334,1.851,4.100666666666666,1.0227666666666666
2002-12-15,181.8,62.3,2.8593333333333333,4.342666666666666,1.853,4.130333333333334,1.0217333333333334
2002-12-16,181.8,62.3,2.83,4.353,1.914,4.16,1.0207
2002-12-17,181.8,62.3,2.858,4.33,1.869,4.124,1.0263
2002-12-18,181.8,62.3,2.864,4.287,1.803,4.038,1.028
2002-12-19,181.8,62.3,2.787,4.285,1.704,3.941,1.0265
2002-12-20,181.8,62.3,2.77,4.292,1.745,3.964,1.026
2002-12-21,181.8,62.3,2.784,4.289333333333333,1.744,3.9656666666666665,1.0257666666666667
2002-12-22,181.8,62.3,2.798,4.286666666666666,1.736,3.9673333333333334,1.0255333333333334
2002-12-23,181.8,62.3,2.812,4.284,1.756,3.969,1.0253
2002-12-24,181.8,62.3,2.827,4.28,1.726,3.947,1.0298
2002-12-25,181.8,62.3,2.791333333333333,4.263,1.726,3.928,1.0319
2002-12-26,181.8,62.3,2.755666666666667,4.284,1.694,3.909,1.0366
2002-12-27,181.8,62.3,2.72,4.199,1.619,3.811,1.0442
2002-12-28,181.8,62.3,2.7403333333333335,4.201,1.619,3.8046666666666664,1.0451333333333332
2002-12-29,181.8,62.3,2.760666666666667,4.203,1.622,3.7983333333333333,1.0460666666666667
2002-12-30,181.8,62.3,2.781,4.205,1.595,3.792,1.047
2002-12-31,181.8,62.3,2.712,4.194,1.59,3.818,1.049
2003-01-01,182.6,62.27,2.7605000000000004,4.199,1.59,3.9245,1.0473
2003-01-02,182.6,62.27,2.809,4.301,1.778,4.031,1.0353
2003-01-03,182.6,62.27,2.771,4.306,1.758,4.019,1.0423
2003-01-04,182.6,62.27,2.771,4.3053333333333335,1.758,4.031,1.0428333333333333
2003-01-05,182.6,62.27,2.771,4.304666666666667,1.758,4.043,1.0433666666666668
2003-01-06,182.6,62.27,2.771,4.304,1.819,4.055,1.0439
2003-01-07,182.6,62.27,2.717,4.275,1.75,4.008,1.0412
2003-01-08,182.6,62.27,2.639,4.204,1.734,4.021,1.0493
2003-01-09,182.6,62.27,2.698,4.213,1.88,4.174,1.0483
2003-01-10,182.6,62.27,2.656,4.258,1.768,4.14,1.0571
2003-01-11,182.6,62.27,2.6713333333333336,4.257,1.768,4.134333333333333,1.0559666666666667
2003-01-12,182.6,62.27,2.6866666666666665,4.256,1.799,4.128666666666667,1.0548333333333333
2003-01-13,182.6,62.27,2.702,4.255,1.864,4.123,1.0537
2003-01-14,182.6,62.27,2.686,4.265,1.75,4.081,1.0565
2003-01-15,182.6,62.27,2.684,4.255,1.721,4.061,1.0551
2003-01-16,182.6,62.27,2.7,4.248,1.734,4.083,1.0616
2003-01-17,182.6,62.27,2.628,4.174,1.701,4.017,1.067
2003-01-18,182.6,62.27,2.6206666666666667,4.164000000000001,1.684,4.006,1.0676666666666665
2003-01-19,182.6,62.27,2.6133333333333333,4.154,1.684,3.995,1.0683333333333334
2003-01-20,182.6,62.27,2.606,4.144,1.684,3.984,1.069
2003-01-21,182.6,62.27,2.616,4.118,1.643,3.973,1.0721
2003-01-22,182.6,62.27,2.598,4.112,1.651,3.915,1.0717
2003-01-23,182.6,62.27,2.594,4.076,1.651,3.941,1.0744
2003-01-24,182.6,62.27,2.574,4.006,1.65,3.937,1.0826
2003-01-25,182.6,62.27,2.586,4.000333333333334,1.65,3.9466666666666668,1.0828666666666666
2003-01-26,182.6,62.27,2.594,3.994666666666667,1.667,3.9563333333333333,1.0831333333333333
2003-01-27,182.6,62.27,2.602,3.989,1.667,3.966,1.0834
2003-01-28,182.6,62.27,2.612,4.041,1.65,3.973,1.0825
2003-01-29,182.6,62.27,2.599,4.035,1.712,4.023,1.0811
2003-01-30,182.6,62.27,2.582,4.049,1.745,3.971,1.0818
2003-01-31,182.6,62.27,2.587,4.058,1.697,3.966,1.0769
2003-02-01,183.6,62.52,2.57825,4.054333333333333,1.697,3.976666666666667,1.0774333333333332
2003-02-02,183.6,62.52,2.5695,4.050666666666666,1.697,3.9873333333333334,1.0779666666666667
2003-02-03,183.6,62.52,2.56075,4.047,1.721,3.998,1.0785
2003-02-04,183.6,62.52,2.552,4.008,1.689,3.927,1.0882
2003-02-05,183.6,62.52,2.595,4.01,1.722,4.002,1.0775
2003-02-06,183.6,62.52,2.527,4.019,1.697,3.946,1.0831
2003-02-07,183.6,62.52,2.486,3.99,1.625,3.932,1.0816
2003-02-08,183.6,62.52,2.4933333333333336,3.992,1.625,3.9446666666666665,1.0780999999999998
2003-02-09,183.6,62.52,2.5006666666666666,3.994,1.625,3.9573333333333336,1.0746
2003-02-10,183.6,62.52,2.508,3.996,1.661,3.97,1.0711
2003-02-11,183.6,62.52,2.47,3.984,1.637,3.959,1.0743
2003-02-12,183.6,62.52,2.414,3.955,1.633,3.913,1.0708
2003-02-13,183.6,62.52,2.368,3.911,1.56,3.886,1.0837
2003-02-14,183.6,62.52,2.43,3.963,1.609,3.963,1.079
2003-02-15,183.6,62.52,2.439,3.9596666666666667,1.609,3.96,1.0769333333333333
2003-02-16,183.6,62.52,2.448,3.9563333333333333,1.609,3.957,1.0748666666666666
2003-02-17,183.6,62.52,2.457,3.953,1.657,3.954,1.0728
2003-02-18,183.6,62.52,2.451,3.98,1.645,3.951,1.0679
2003-02-19,183.6,62.52,2.397,3.916,1.592,3.885,1.0741
2003-02-20,183.6,62.52,2.402,3.9,1.592,3.869,1.0818
2003-02-21,183.6,62.52,2.424,3.903,1.608,3.893,1.076
2003-02-22,183.6,62.52,2.429,3.8956666666666666,1.608,3.8786666666666667,1.0774333333333335
2003-02-23,183.6,62.52,2.383,3.888333333333333,1.6,3.864333333333333,1.0788666666666666
2003-02-24,183.6,62.52,2.337,3.881,1.592,3.85,1.0803
2003-02-25,183.6,62.52,2.301,3.855,1.625,3.82,1.0748
2003-02-26,183.6,62.52,2.281,3.855,1.564,3.766,1.0799
2003-02-27,183.6,62.52,2.366,3.909,1.58,3.739,1.0743
2003-02-28,183.6,62.52,2.278,3.896,1.516,3.692,1.0804
2003-03-01,183.9,62.88,2.284,3.892333333333333,1.516,3.6863333333333332,1.0834333333333332
2003-03-02,183.9,62.88,2.2895,3.8886666666666665,1.532,3.6806666666666668,1.0864666666666667
2003-03-03,183.9,62.88,2.295,3.885,1.548,3.675,1.0895
2003-03-04,183.9,62.88,2.276,3.882,1.47,3.648,1.0977
2003-03-05,183.9,62.88,2.296,3.873,1.46,3.631,1.0965
2003-03-06,183.9,62.88,2.266,3.848,1.468,3.654,1.0971
2003-03-07,183.9,62.88,2.24,3.834,1.395,3.644,1.1008
2003-03-08,183.9,62.88,2.2263333333333333,3.820666666666667,1.395,3.6173333333333333,1.1019666666666668
2003-03-09,183.9,62.88,2.212666666666667,3.8073333333333332,1.395,3.590666666666667,1.1031333333333333
2003-03-10,183.9,62.88,2.199,3.794,1.329,3.564,1.1043
2003-03-11,183.9,62.88,2.251,3.804,1.373,3.582,1.1033
2003-03-12,183.9,62.88,2.277,3.809,1.431,3.586,1.0985
2003-03-13,183.9,62.88,2.482,3.945,1.601,3.75,1.0795
2003-03-14,183.9,62.88,2.475,3.977,1.541,3.701,1.074
2003-03-15,183.9,62.88,2.475,4.013333333333334,1.541,3.747333333333333,1.0698333333333334
2003-03-16,183.9,62.88,2.5460000000000003,4.049666666666667,1.549,3.7936666666666667,1.0656666666666668
2003-03-17,183.9,62.88,2.617,4.086,1.639,3.84,1.0615
2003-03-18,183.9,62.88,2.599,4.117,1.778,3.908,1.0643
2003-03-19,183.9,62.88,2.633,4.21,1.73,3.986,1.0584
2003-03-20,183.9,62.88,2.596,4.155,1.672,3.955,1.0602
2003-03-21,183.9,62.88,2.656,4.264,1.797,4.108,1.052
2003-03-22,183.9,62.88,2.6256666666666666,4.240666666666667,1.797,4.0616666666666665,1.0562
2003-03-23,183.9,62.88,2.5953333333333335,4.217333333333333,1.797,4.015333333333333,1.0604
2003-03-24,183.9,62.88,2.565,4.194,1.669,3.969,1.0646
2003-03-25,183.9,62.88,2.576,4.153,1.649,3.944,1.066
2003-03-26,183.9,62.88,2.58,4.192,1.761,3.935,1.0693
2003-03-27,183.9,62.88,2.537,4.14,1.625,3.926,1.0693
2003-03-28,183.9,62.88,2.494,4.113,1.561,3.903,1.0776
2003-03-29,183.9,62.88,2.465666666666667,4.086333333333334,1.561,3.8693333333333335,1.0825333333333333
2003-03-30,183.9,62.88,2.437333333333333,4.059666666666667,1.561,3.8356666666666666,1.0874666666666666
2003-03-31,183.9,62.88,2.409,4.033,1.501,3.802,1.0924
2003-04-01,183.2,62.98,2.372,4.021,1.497,3.81,1.0943
2003-04-02,183.2,62.98,2.494,4.135,1.609,3.931,1.0757
2003-04-03,183.2,62.98,2.488,4.136,1.545,3.913,1.0759
2003-04-04,183.2,62.98,2.483,4.178,1.561,3.955,1.0732
2003-04-05,183.2,62.98,2.483,4.185,1.561,3.9633333333333334,1.0714333333333332
2003-04-06,183.2,62.98,2.502666666666667,4.192,1.561,3.9716666666666667,1.0696666666666668
2003-04-07,183.2,62.98,2.522333333333333,4.199,1.599,3.98,1.0679
2003-04-08,183.2,62.98,2.542,4.214,1.569,3.937,1.0715
2003-04-09,183.2,62.98,2.472,4.148,1.528,3.898,1.077
2003-04-10,183.2,62.98,2.461,4.132,1.607,3.941,1.0785
2003-04-11,183.2,62.98,2.537,4.169,1.641,3.974,1.0753
2003-04-12,183.2,62.98,2.542,4.186999999999999,1.641,3.988,1.0760333333333332
2003-04-13,183.2,62.98,2.547,4.205,1.641,4.002,1.0767666666666666
2003-04-14,183.2,62.98,2.629,4.223,1.723,4.016,1.0775
2003-04-15,183.2,62.98,2.613,4.2,1.7,3.99,1.079
2003-04-16,183.2,62.98,2.58,4.147,1.674,3.943,1.0907
2003-04-17,183.2,62.98,2.602,4.114,1.682,3.959,1.0879
2003-04-18,183.2,62.98,2.5938333333333334,4.181,1.682,3.966,1.0885
2003-04-19,183.2,62.98,2.5856666666666666,4.158666666666667,1.682,3.973,1.0876333333333335
2003-04-20,183.2,62.98,2.5774999999999997,4.136333333333333,1.682,3.98,1.0867666666666667
2003-04-21,183.2,62.98,2.5693333333333332,4.114,1.715,3.987,1.0859
2003-04-22,183.2,62.98,2.561166666666667,4.114,1.67,3.967,1.0965
2003-04-23,183.2,62.98,2.553,4.155,1.689,3.979,1.0952
2003-04-24,183.2,62.98,2.498,4.095,1.617,3.926,1.1037
2003-04-25,183.2,62.98,2.443,4.089,1.589,3.89,1.1036
2003-04-26,183.2,62.98,2.4523333333333333,4.0953333333333335,1.589,3.8946666666666667,1.1017
2003-04-27,183.2,62.98,2.461666666666667,4.101666666666667,1.593,3.8993333333333333,1.0998
2003-04-28,183.2,62.98,2.471,4.108,1.577,3.904,1.0979
2003-04-29,183.2,62.98,2.493,4.136,1.609,3.931,1.1065
2003-04-30,183.2,62.98,2.387,4.065,1.486,3.84,1.1171
2003-05-01,182.9,62.94,2.382,4.043,1.497,3.843,1.1242
2003-05-02,182.9,62.94,2.409,4.059,1.569,3.927,1.1228
2003-05-03,182.9,62.94,2.405333333333333,4.061,1.569,3.914,1.1249666666666667
2003-05-04,182.9,62.94,2.401666666666667,4.063000000000001,1.569,3.901,1.1271333333333333
2003-05-05,182.9,62.94,2.398,4.065,1.541,3.888,1.1293
2003-05-06,182.9,62.94,2.387,4.07,1.436,3.788,1.1423
2003-05-07,182.9,62.94,2.314,3.964,1.416,3.678,1.1351
2003-05-08,182.9,62.94,2.291,3.913,1.464,3.454,1.1482
2003-05-09,182.9,62.94,2.307,3.916,1.451,3.682,1.1487
2003-05-10,182.9,62.94,2.3013333333333335,3.904,1.451,3.6676666666666664,1.151
2003-05-11,182.9,62.94,2.2956666666666665,3.892,1.447,3.6533333333333333,1.1533
2003-05-12,182.9,62.94,2.29,3.88,1.447,3.639,1.1556
2003-05-13,182.9,62.94,2.234,3.887,1.463,3.608,1.1529
2003-05-14,182.9,62.94,2.239,3.9,1.398,3.523,1.1478
2003-05-15,182.9,62.94,2.216,3.856,1.446,3.533,1.1384
2003-05-16,182.9,62.94,2.221,3.812,1.317,3.421,1.1595
2003-05-17,182.9,62.94,2.1946666666666665,3.788333333333333,1.317,3.4433333333333334,1.1610666666666667
2003-05-18,182.9,62.94,2.1683333333333334,3.764666666666667,1.331,3.4656666666666665,1.1626333333333332
2003-05-19,182.9,62.94,2.142,3.741,1.364,3.488,1.1642
2003-05-20,182.9,62.94,2.13,3.727,1.282,3.357,1.1735
2003-05-21,182.9,62.94,2.15,3.706,1.4,3.399,1.1641
2003-05-22,182.9,62.94,2.15,3.689,1.32,3.316,1.17
2003-05-23,182.9,62.94,2.093,3.627,1.353,3.335,1.1839
2003-05-24,182.9,62.94,2.099,3.6109999999999998,1.353,3.35575,1.1845666666666665
2003-05-25,182.9,62.94,2.0845000000000002,3.595,1.353,3.3765,1.1852333333333334
2003-05-26,182.9,62.94,2.07,3.579,1.353,3.39725,1.1859
2003-05-27,182.9,62.94,2.12,3.678,1.324,3.418,1.1811
2003-05-28,182.9,62.94,2.164,3.761,1.311,3.426,1.1751
2003-05-29,182.9,62.94,2.089,3.688,1.286,3.337,1.1892
2003-05-30,182.9,62.94,2.1,3.675,1.335,3.373,1.1783
2003-05-31,182.9,62.94,2.1073333333333335,3.6956666666666664,1.349,3.386,1.1769333333333332
2003-06-01,183.1,63.02,2.1146666666666665,3.7163333333333335,1.349,3.399,1.1755666666666666
2003-06-02,183.1,63.02,2.122,3.737,1.32,3.412,1.1742
2003-06-03,183.1,63.02,2.001,3.615,1.218,3.332,1.1734
2003-06-04,183.1,63.02,2.051,3.622,1.208,3.295,1.1646
2003-06-05,183.1,63.02,1.998,3.598,1.234,3.345,1.1839
2003-06-06,183.1,63.02,2.009,3.657,1.246,3.354,1.1698
2003-06-07,183.1,63.02,1.9989999999999999,3.631666666666667,1.246,3.329,1.1702
2003-06-08,183.1,63.02,1.989,3.606333333333333,1.246,3.304,1.1706
2003-06-09,183.1,63.02,1.979,3.581,1.184,3.279,1.171
2003-06-10,183.1,63.02,1.892,3.524,1.121,3.193,1.1679
2003-06-11,183.1,63.02,1.901,3.511,1.185,3.213,1.176
2003-06-12,183.1,63.02,1.917,3.513,1.105,3.166,1.1769
2003-06-13,183.1,63.02,1.881,3.457,1.082,3.116,1.1867
2003-06-14,183.1,63.02,1.883,3.4606666666666666,1.092,3.1353333333333335,1.1851
2003-06-15,183.1,63.02,1.9140000000000001,3.4643333333333333,1.12,3.1546666666666665,1.1835
2003-06-16,183.1,63.02,1.945,3.468,1.169,3.174,1.1819
2003-06-17,183.1,63.02,2.002,3.537,1.234,3.264,1.1784
2003-06-18,183.1,63.02,2.053,3.664,1.25,3.364,1.1684
2003-06-19,183.1,63.02,2.005,3.656,1.168,3.341,1.1704
2003-06-20,183.1,63.02,2.045,3.667,1.17,3.367,1.1603
2003-06-21,183.1,63.02,2.045,3.668333333333333,1.17,3.349,1.1585
2003-06-22,183.1,63.02,2.036,3.6696666666666666,1.184,3.331,1.1567
2003-06-23,183.1,63.02,2.027,3.671,1.201,3.313,1.1549
2003-06-24,183.1,63.02,2.008,3.66,1.135,3.252,1.1496
2003-06-25,183.1,63.02,1.976,3.6,1.327,3.405,1.1535
2003-06-26,183.1,63.02,2.13,3.793,1.387,3.547,1.1424
2003-06-27,183.1,63.02,2.176,3.855,1.387,3.545,1.143
2003-06-28,183.1,63.02,2.154,3.837,1.387,3.5353333333333334,1.1460333333333332
2003-06-29,183.1,63.02,2.132,3.819,1.363,3.5256666666666665,1.1490666666666667
2003-06-30,183.1,63.02,2.11,3.801,1.344,3.516,1.1521
2003-07-01,183.7,62.92,2.086,3.801,1.332,3.55,1.1564
2003-07-02,183.7,62.92,2.121,3.865,1.306,3.537,1.153
2003-07-03,183.7,62.92,2.153,3.925,1.303,3.655,1.1492
2003-07-04,183.7,62.92,2.095,3.929,1.303,3.67525,1.1492
2003-07-05,183.7,62.92,2.111,3.9443333333333332,1.302,3.6955,1.1435333333333333
2003-07-06,183.7,62.92,2.127,3.9596666666666667,1.301,3.71575,1.1378666666666668
2003-07-07,183.7,62.92,2.143,3.975,1.36,3.736,1.1322
2003-07-08,183.7,62.92,2.154,3.989,1.382,3.719,1.1315
2003-07-09,183.7,62.92,2.171,3.956,1.35,3.683,1.1336
2003-07-10,183.7,62.92,2.117,3.912,1.318,3.655,1.1359
2003-07-11,183.7,62.92,2.139,3.91,1.281,3.629,1.1278
2003-07-12,183.7,62.92,2.1316666666666664,3.902,1.281,3.661,1.1275666666666666
2003-07-13,183.7,62.92,2.1243333333333334,3.894,1.311,3.693,1.1273333333333333
2003-07-14,183.7,62.92,2.117,3.886,1.342,3.725,1.1271
2003-07-15,183.7,62.92,2.296,4.032,1.483,3.982,1.1178
2003-07-16,183.7,62.92,2.281,4.046,1.438,3.921,1.1226
2003-07-17,183.7,62.92,2.281,4.066,1.451,3.923,1.1234
2003-07-18,183.7,62.92,2.26,4.037,1.496,4.002,1.1261
2003-07-19,183.7,62.92,2.276333333333333,4.050333333333334,1.496,4.0713333333333335,1.1285333333333334
2003-07-20,183.7,62.92,2.292666666666667,4.063666666666666,1.496,4.140666666666666,1.1309666666666667
2003-07-21,183.7,62.92,2.309,4.077,1.62,4.21,1.1334
2003-07-22,183.7,62.92,2.337,4.084,1.527,4.125,1.1322
2003-07-23,183.7,62.92,2.239,4.016,1.496,4.107,1.1484
2003-07-24,183.7,62.92,2.311,4.068,1.548,4.167,1.1464
2003-07-25,183.7,62.92,2.276,4.013,1.532,4.178,1.151
2003-07-26,183.7,62.92,2.297333333333333,4.047,1.532,4.213666666666667,1.1502000000000001
2003-07-27,183.7,62.92,2.3186666666666667,4.081,1.532,4.249333333333333,1.1494
2003-07-28,183.7,62.92,2.34,4.115,1.596,4.285,1.1486
2003-07-29,183.7,62.92,2.351,4.102,1.708,4.441,1.1442
2003-07-30,183.7,62.92,2.363,4.118,1.628,4.309,1.1348
2003-07-31,183.7,62.92,2.481,4.196,1.756,4.41,1.1236
2003-08-01,184.5,63.02,2.684,4.192,1.779,4.39,1.128
2003-08-02,184.5,63.02,2.673,4.173666666666667,1.779,4.3566666666666665,1.1302666666666665
2003-08-03,184.5,63.02,2.6195,4.155333333333333,1.779,4.323333333333333,1.1325333333333334
2003-08-04,184.5,63.02,2.566,4.137,1.693,4.29,1.1348
2003-08-05,184.5,63.02,2.562,4.166,1.796,4.4,1.1392
2003-08-06,184.5,63.02,2.526,4.137,1.77,4.27,1.1342
2003-08-07,184.5,63.02,2.486,4.102,1.73,4.18,1.1374
2003-08-08,184.5,63.02,2.413,4.011,1.696,4.27,1.1308
2003-08-09,184.5,63.02,2.441,4.035,1.696,4.3,1.1325
2003-08-10,184.5,63.02,2.469,4.059,1.717,4.33,1.1341999999999999
2003-08-11,184.5,63.02,2.497,4.083,1.76,4.36,1.1359
2003-08-12,184.5,63.02,2.494,4.076,1.746,4.43,1.1271
2003-08-13,184.5,63.02,2.553,4.18,1.813,4.56,1.1312
2003-08-14,184.5,63.02,2.635,4.219,1.761,4.46,1.1269
2003-08-15,184.5,63.02,2.537,4.162,1.815,4.53,1.1261
2003-08-16,184.5,63.02,2.541,4.160666666666667,1.815,4.506666666666667,1.1223
2003-08-17,184.5,63.02,2.551,4.1593333333333335,1.799,4.483333333333333,1.1185
2003-08-18,184.5,63.02,2.561,4.158,1.828,4.46,1.1147
2003-08-19,184.5,63.02,2.55,4.137,1.746,4.37,1.1135
2003-08-20,184.5,63.02,2.587,4.178,1.851,4.44,1.1113
2003-08-21,184.5,63.02,2.634,4.205,1.912,4.48,1.0924
2003-08-22,184.5,63.02,2.618,4.184,1.926,4.48,1.0877
2003-08-23,184.5,63.02,2.6133333333333333,4.184333333333333,1.926,4.496666666666667,1.0859666666666665
2003-08-24,184.5,63.02,2.6086666666666667,4.184666666666667,1.926,4.513333333333334,1.0842333333333334
2003-08-25,184.5,63.02,2.604,4.185,1.97,4.53,1.0825
2003-08-26,184.5,63.02,2.596,4.172,1.9,4.48,1.0868
2003-08-27,184.5,63.02,2.611,4.206,1.976,4.54,1.0865
2003-08-28,184.5,63.02,2.606,4.175,1.936,4.42,1.0887
2003-08-29,184.5,63.02,2.571,4.188,1.978,4.47,1.0977
2003-08-30,184.5,63.02,2.591,4.199666666666666,1.978,4.466,1.097
2003-08-31,184.5,63.02,2.6109999999999998,4.211333333333333,1.978,4.462,1.0962999999999998
2003-09-01,185.1,63.24,2.631,4.223,2.016,4.458,1.0956
2003-09-02,185.1,63.24,2.755,4.356,2.048,4.61,1.0815
2003-09-03,185.1,63.24,2.735,4.377,2.012,4.6,1.0813
2003-09-04,185.1,63.24,2.653,4.348,1.903,4.51,1.0932
2003-09-05,185.1,63.24,2.542,4.31,1.722,4.35,1.1108
2003-09-06,185.1,63.24,2.544,4.297666666666666,1.722,4.376666666666666,1.1093
2003-09-07,185.1,63.24,2.5170000000000003,4.285333333333333,1.716,4.403333333333333,1.1078000000000001
2003-09-08,185.1,63.24,2.49,4.273,1.774,4.43,1.1063
2003-09-09,185.1,63.24,2.526,4.301,1.692,4.36,1.122
2003-09-10,185.1,63.24,2.499,4.259,1.66,4.27,1.1194
2003-09-11,185.1,63.24,2.547,4.273,1.7,4.32,1.1189
2003-09-12,185.1,63.24,2.441,4.153,1.628,4.25,1.1289
2003-09-13,185.1,63.24,2.548,4.159666666666666,1.628,4.256666666666667,1.1286666666666667
2003-09-14,185.1,63.24,2.5035,4.166333333333333,1.628,4.263333333333333,1.1284333333333334
2003-09-15,185.1,63.24,2.459,4.173,1.609,4.27,1.1282
2003-09-16,185.1,63.24,2.466,4.196,1.608,4.28,1.1169
2003-09-17,185.1,63.24,2.42,4.176,1.624,4.18,1.1273
2003-09-18,185.1,63.24,2.433,4.183,1.627,4.16,1.1245
2003-09-19,185.1,63.24,2.411,4.158,1.671,4.16,1.1375
2003-09-20,185.1,63.24,2.415,4.143666666666667,1.671,4.176666666666667,1.1408333333333334
2003-09-21,185.1,63.24,2.3855,4.129333333333333,1.671,4.193333333333333,1.1441666666666666
2003-09-22,185.1,63.24,2.356,4.115,1.699,4.21,1.1475
2003-09-23,185.1,63.24,2.338,4.101,1.654,4.21,1.1439
2003-09-24,185.1,63.24,2.316,4.105,1.613,4.14,1.1477
2003-09-25,185.1,63.24,2.31,4.087,1.657,4.09,1.1475
2003-09-26,185.1,63.24,2.346,4.032,1.561,4.0,1.146
2003-09-27,185.1,63.24,2.3443333333333336,4.037,1.561,4.026666666666666,1.151
2003-09-28,185.1,63.24,2.3426666666666667,4.042,1.561,4.053333333333334,1.156
2003-09-29,185.1,63.24,2.341,4.047,1.609,4.08,1.161
2003-09-30,185.1,63.24,2.298,4.004,1.464,3.94,1.1668
2003-10-01,184.9,63.34,2.308,4.0,1.45,3.934,1.171
2003-10-02,184.9,63.34,2.414,4.11,1.473,3.996,1.1681
2003-10-03,184.9,63.34,2.585,4.218,1.643,4.2,1.1576
2003-10-04,184.9,63.34,2.593,4.203,1.643,4.190666666666667,1.1621333333333332
2003-10-05,184.9,63.34,2.601,4.188,1.657,4.181333333333333,1.1666666666666667
2003-10-06,184.9,63.34,2.579,4.173,1.625,4.172,1.1712
2003-10-07,184.9,63.34,2.51,4.197,1.647,4.261,1.1775
2003-10-08,184.9,63.34,2.499,4.199,1.641,4.239,1.1817
2003-10-09,184.9,63.34,2.574,4.253,1.657,4.294,1.1731
2003-10-10,184.9,63.34,2.588,4.202,1.633,4.255,1.1803
2003-10-11,184.9,63.34,2.537,4.227333333333333,1.633,4.259666666666667,1.1769666666666665
2003-10-12,184.9,63.34,2.558,4.252666666666666,1.633,4.264333333333333,1.1736333333333333
2003-10-13,184.9,63.34,2.579,4.278,1.706,4.269,1.1703
2003-10-14,184.9,63.34,2.591,4.282,1.706,4.347,1.1732
2003-10-15,184.9,63.34,2.644,4.339,1.763,4.401,1.1622
2003-10-16,184.9,63.34,2.697,4.326,1.94,4.462,1.1591
2003-10-17,184.9,63.34,2.701,4.323,1.863,4.394,1.1678
2003-10-18,184.9,63.34,2.701,4.317333333333334,1.863,4.391666666666667,1.1663333333333332
2003-10-19,184.9,63.34,2.701,4.3116666666666665,1.877,4.389333333333333,1.1648666666666667
2003-10-20,184.9,63.34,2.695,4.306,1.888,4.387,1.1634
2003-10-21,184.9,63.34,2.633,4.267,1.851,4.346,1.1663
2003-10-22,184.9,63.34,2.621,4.242,1.773,4.254,1.1814
2003-10-23,184.9,63.34,2.645,4.271,1.79,4.318,1.1819
2003-10-24,184.9,63.34,2.645,4.258,1.734,4.251,1.1777
2003-10-25,184.9,63.34,2.653,4.267,1.734,4.259666666666667,1.1762666666666666
2003-10-26,184.9,63.34,2.661,4.276,1.734,4.2683333333333335,1.1748333333333334
2003-10-27,184.9,63.34,2.669,4.285,1.824,4.277,1.1734
2003-10-28,184.9,63.34,2.689,4.307,1.675,4.179,1.1664
2003-10-29,184.9,63.34,2.676,4.31,1.877,4.304,1.1664
2003-10-30,184.9,63.34,2.689,4.351,1.865,4.348,1.1625
2003-10-31,184.9,63.34,2.682,4.325,1.83,4.297,1.158
2003-11-01,185.0,63.36,2.682,4.349666666666667,1.83,4.312666666666667,1.1538666666666666
2003-11-02,185.0,63.36,2.7005,4.374333333333333,1.898,4.328333333333333,1.1497333333333333
2003-11-03,185.0,63.36,2.719,4.399,1.931,4.344,1.1456
2003-11-04,185.0,63.36,2.755,4.359,1.871,4.299,1.1472
2003-11-05,185.0,63.36,2.728,4.37,1.98,4.354,1.1427
2003-11-06,185.0,63.36,2.788,4.46,1.981,4.412,1.1411
2003-11-07,185.0,63.36,2.819,4.495,2.015,4.441,1.1518
2003-11-08,185.0,63.36,2.842,4.490333333333333,2.015,4.442,1.1496
2003-11-09,185.0,63.36,2.822,4.485666666666667,2.021,4.443,1.1474
2003-11-10,185.0,63.36,2.802,4.481,2.031,4.444,1.1452
2003-11-11,185.0,63.36,2.82,4.472,2.031,4.43,1.1506
2003-11-12,185.0,63.36,2.787,4.466,2.039,4.402,1.1645
2003-11-13,185.0,63.36,2.725,4.419,1.892,4.273,1.1742
2003-11-14,185.0,63.36,2.663,4.363,1.809,4.223,1.1775
2003-11-15,185.0,63.36,2.674,4.354666666666667,1.809,4.214666666666667,1.1765333333333334
2003-11-16,185.0,63.36,2.6550000000000002,4.346333333333334,1.821,4.206333333333333,1.1755666666666666
2003-11-17,185.0,63.36,2.636,4.338,1.805,4.198,1.1746
2003-11-18,185.0,63.36,2.596,4.315,1.778,4.146,1.1955
2003-11-19,185.0,63.36,2.607,4.359,1.871,4.239,1.1892
2003-11-20,185.0,63.36,2.618,4.344,1.793,4.157,1.19
2003-11-21,185.0,63.36,2.595,4.32,1.817,4.162,1.1917
2003-11-22,185.0,63.36,2.623,4.348,1.817,4.185333333333333,1.1871666666666667
2003-11-23,185.0,63.36,2.651,4.376,1.817,4.208666666666667,1.1826333333333332
2003-11-24,185.0,63.36,2.679,4.404,1.892,4.232,1.1781
2003-11-25,185.0,63.36,2.699,4.413,1.857,4.187,1.1773
2003-11-26,185.0,63.36,2.699,4.417,1.974,4.249,1.193
2003-11-27,185.0,63.36,2.789,4.461,1.974,4.291499999999999,1.1915
2003-11-28,185.0,63.36,2.779,4.452,2.056,4.334,1.1987
2003-11-29,185.0,63.36,2.817,4.464666666666667,2.056,4.351333333333333,1.1978333333333333
2003-11-30,185.0,63.36,2.8055000000000003,4.477333333333333,2.07,4.368666666666667,1.1969666666666667
2003-12-01,185.5,63.56,2.794,4.49,2.106,4.386,1.1961
2003-12-02,185.5,63.56,2.771,4.466,2.1,4.381,1.2084
2003-12-03,185.5,63.56,2.742,4.46,2.093,4.403,1.2118
2003-12-04,185.5,63.56,2.719,4.441,2.052,4.367,1.2074
2003-12-05,185.5,63.56,2.626,4.338,1.907,4.234,1.2182
2003-12-06,185.5,63.56,2.649,4.343,1.907,4.246333333333333,1.2193333333333334
2003-12-07,185.5,63.56,2.6254999999999997,4.348,1.859,4.258666666666667,1.2204666666666666
2003-12-08,185.5,63.56,2.602,4.353,1.907,4.271,1.2216
2003-12-09,185.5,63.56,2.625,4.359,1.972,4.354,1.2245
2003-12-10,185.5,63.56,2.638,4.356,1.932,4.319,1.2188
2003-12-11,185.5,63.56,2.627,4.369,1.81,4.236,1.222
2003-12-12,185.5,63.56,2.556,4.303,1.812,4.242,1.2276
2003-12-13,185.5,63.56,2.579,4.3,1.812,4.2476666666666665,1.2287333333333335
2003-12-14,185.5,63.56,2.5495,4.297,1.891,4.253333333333334,1.2298666666666667
2003-12-15,185.5,63.56,2.52,4.294,1.842,4.259,1.231
2003-12-16,185.5,63.56,2.513,4.3,1.797,4.215,1.2322
2003-12-17,185.5,63.56,2.502,4.259,1.809,4.184,1.2398
2003-12-18,185.5,63.56,2.467,4.26,1.809,4.128,1.2419
2003-12-19,185.5,63.56,2.484,4.282,1.786,4.136,1.2379
2003-12-20,185.5,63.56,2.482,4.2763333333333335,1.786,4.148,1.2384333333333333
2003-12-21,185.5,63.56,2.48,4.270666666666666,1.747,4.16,1.2389666666666668
2003-12-22,185.5,63.56,2.478,4.265,1.813,4.172,1.2395
2003-12-23,185.5,63.56,2.448,4.246,1.964,4.261,1.2397
2003-12-24,185.5,63.56,2.52,4.247333333333334,1.859,4.186,1.2449
2003-12-25,185.5,63.56,2.5016,4.248666666666667,1.859,4.169499999999999,1.2445
2003-12-26,185.5,63.56,2.4832,4.25,1.811,4.153,1.242
2003-12-27,185.5,63.56,2.4648,4.251333333333333,1.811,4.183333333333333,1.2440333333333333
2003-12-28,185.5,63.56,2.4464,4.252666666666666,1.811,4.213666666666667,1.2460666666666667
2003-12-29,185.5,63.56,2.428,4.254,1.859,4.244,1.2481
2003-12-30,185.5,63.56,2.444,4.292,1.837,4.26,1.2547
2003-12-31,185.5,63.56,2.46,4.304333333333333,1.837,4.253,1.2586
2004-01-01,186.3,63.42,2.4444999999999997,4.316666666666666,1.837,4.253,1.2576
2004-01-02,186.3,63.42,2.429,4.329,1.695,4.374,1.2589
2004-01-03,186.3,63.42,2.445333333333333,4.327333333333333,1.6773333333333333,4.3759999999999994,1.2620666666666667
2004-01-04,186.3,63.42,2.461666666666667,4.325666666666667,1.6596666666666666,4.378,1.2652333333333332
2004-01-05,186.3,63.42,2.478,4.324,1.642,4.38,1.2684
2004-01-06,186.3,63.42,2.41,4.263,1.642,4.274,1.2716
2004-01-07,186.3,63.42,2.41,4.253,1.673,4.245,1.2637
2004-01-08,186.3,63.42,2.385,4.227,1.632,4.269,1.277
2004-01-09,186.3,63.42,2.379,4.141,1.647,4.084,1.2815
2004-01-10,186.3,63.42,2.381666666666667,4.134,1.6333333333333333,4.085999999999999,1.2788666666666668
2004-01-11,186.3,63.42,2.384333333333333,4.127,1.6196666666666668,4.088,1.2762333333333333
2004-01-12,186.3,63.42,2.387,4.12,1.606,4.09,1.2736
2004-01-13,186.3,63.42,2.3,4.141,1.647,4.015,1.2784
2004-01-14,186.3,63.42,2.428,4.143,1.482,3.996,1.2652
2004-01-15,186.3,63.42,2.3,4.146,1.457,3.974,1.2596
2004-01-16,186.3,63.42,2.3,4.161,1.472,4.029,1.2392
2004-01-17,186.3,63.42,2.2666666666666666,4.1626666666666665,1.50675,4.0375,1.2378
2004-01-18,186.3,63.42,2.2333333333333334,4.164333333333333,1.5415,4.045999999999999,1.2364000000000002
2004-01-19,186.3,63.42,2.2,4.166,1.57625,4.0545,1.235
2004-01-20,186.3,63.42,2.2,4.136,1.611,4.063,1.2582
2004-01-21,186.3,63.42,2.2,4.154,1.585,4.024,1.2654
2004-01-22,186.3,63.42,2.27,4.132,1.657,3.966,1.2721
2004-01-23,186.3,63.42,2.26,4.116,1.616,4.09,1.2579
2004-01-24,186.3,63.42,2.263333333333333,4.128333333333333,1.6266666666666667,4.104333333333333,1.2547333333333333
2004-01-25,186.3,63.42,2.2666666666666666,4.140666666666666,1.6373333333333333,4.118666666666667,1.2515666666666667
2004-01-26,186.3,63.42,2.27,4.153,1.648,4.133,1.2484
2004-01-27,186.3,63.42,2.3,4.15,1.664,4.087,1.2633
2004-01-28,186.3,63.42,2.372,4.146,1.675,4.192,1.2436
2004-01-29,186.3,63.42,2.547,4.263,1.661,4.183,1.2406
2004-01-30,186.3,63.42,2.514,4.243,1.609,4.134,1.2471
2004-01-31,186.3,63.42,2.5046666666666666,4.236666666666667,1.6756666666666666,4.138333333333334,1.2457
2004-02-01,186.7,63.57,2.4953333333333334,4.230333333333333,1.7423333333333333,4.142666666666667,1.2443
2004-02-02,186.7,63.57,2.486,4.224,1.809,4.147,1.2429
2004-02-03,186.7,63.57,2.424,4.205,1.755,4.099,1.2543
2004-02-04,186.7,63.57,2.417,4.188,1.766,4.12,1.2535
2004-02-05,186.7,63.57,2.417,4.174,1.835,4.169,1.2566
2004-02-06,186.7,63.57,2.355,4.144,1.736,4.081,1.2705
2004-02-07,186.7,63.57,2.3566666666666665,4.139333333333333,1.7376666666666667,4.074,1.2699666666666667
2004-02-08,186.7,63.57,2.3583333333333334,4.134666666666667,1.7393333333333334,4.067,1.2694333333333332
2004-02-09,186.7,63.57,2.36,4.13,1.741,4.06,1.2689
2004-02-10,186.7,63.57,2.32,4.138,1.81,4.116,1.2679
2004-02-11,186.7,63.57,2.376,4.14,1.711,4.029,1.2827
2004-02-12,186.7,63.57,2.318,4.104,1.708,4.075,1.2815
2004-02-13,186.7,63.57,2.323,4.118,1.66,4.053,1.2723
2004-02-14,186.7,63.57,2.321,4.112666666666667,1.66325,4.053,1.2735333333333334
2004-02-15,186.7,63.57,2.319,4.107333333333334,1.6665,4.053,1.2747666666666666
2004-02-16,186.7,63.57,2.317,4.102,1.66975,4.053,1.276
2004-02-17,186.7,63.57,2.322,4.111,1.673,4.04,1.2856
2004-02-18,186.7,63.57,2.282,4.084,1.703,4.058,1.2726
2004-02-19,186.7,63.57,2.297,4.088,1.658,4.036,1.2701
2004-02-20,186.7,63.57,2.329,4.104,1.651,4.106,1.2538
2004-02-21,186.7,63.57,2.3443333333333336,4.116666666666667,1.6526666666666667,4.083666666666667,1.2548666666666666
2004-02-22,186.7,63.57,2.3596666666666666,4.129333333333333,1.6543333333333332,4.061333333333333,1.2559333333333333
2004-02-23,186.7,63.57,2.375,4.142,1.656,4.039,1.257
2004-02-24,186.7,63.57,2.323,4.124,1.623,4.031,1.2673
2004-02-25,186.7,63.57,2.266,4.084,1.611,4.015,1.25
2004-02-26,186.7,63.57,2.201,4.071,1.567,4.04,1.2443
2004-02-27,186.7,63.57,2.234,4.084,1.647,3.972,1.2489
2004-02-28,186.7,63.57,2.221,4.068666666666666,1.6443333333333334,3.973,1.2485
2004-02-29,186.7,63.57,2.2079999999999997,4.053333333333334,1.6416666666666666,3.974,1.2481
2004-03-01,187.1,63.97,2.195,4.038,1.639,3.975,1.2477
2004-03-02,187.1,63.97,2.227,4.044,1.621,4.056,1.2198
2004-03-03,187.1,63.97,2.307,4.081,1.717,4.054,1.2186
2004-03-04,187.1,63.97,2.341,4.116,1.703,4.023,1.2201
2004-03-05,187.1,63.97,2.282,4.081,1.521,3.855,1.2363
2004-03-06,187.1,63.97,2.240666666666667,4.043666666666667,1.5153333333333332,3.8266666666666667,1.2382
2004-03-07,187.1,63.97,2.199333333333333,4.006333333333333,1.5096666666666667,3.7983333333333333,1.2401
2004-03-08,187.1,63.97,2.158,3.969,1.504,3.77,1.242
2004-03-09,187.1,63.97,2.146,3.925,1.488,3.725,1.2314
2004-03-10,187.1,63.97,2.156,3.914,1.508,3.731,1.223
2004-03-11,187.1,63.97,2.177,3.921,1.467,3.712,1.2347
2004-03-12,187.1,63.97,2.17,3.916,1.447,3.787,1.2219
2004-03-13,187.1,63.97,2.166,3.914,1.475,3.78,1.2234666666666667
2004-03-14,187.1,63.97,2.162,3.912,1.503,3.773,1.2250333333333332
2004-03-15,187.1,63.97,2.158,3.91,1.531,3.766,1.2266
2004-03-16,187.1,63.97,2.157,3.896,1.482,3.683,1.2258
2004-03-17,187.1,63.97,2.167,3.928,1.503,3.717,1.2223
2004-03-18,187.1,63.97,2.124,3.895,1.502,3.752,1.2383
2004-03-19,187.1,63.97,2.099,3.884,1.506,3.773,1.2281
2004-03-20,187.1,63.97,2.1003333333333334,3.888333333333333,1.499,3.756666666666667,1.2301333333333333
2004-03-21,187.1,63.97,2.101666666666667,3.8926666666666665,1.492,3.7403333333333335,1.2321666666666666
2004-03-22,187.1,63.97,2.103,3.897,1.485,3.724,1.2342
2004-03-23,187.1,63.97,2.085,3.871,1.473,3.694,1.2342
2004-03-24,187.1,63.97,2.102,3.882,1.402,3.713,1.2135
2004-03-25,187.1,63.97,2.057,3.856,1.498,3.743,1.213
2004-03-26,187.1,63.97,2.033,3.835,1.504,3.837,1.2115
2004-03-27,187.1,63.97,2.04,3.8553333333333333,1.526,3.8553333333333333,1.213
2004-03-28,187.1,63.97,2.0469999999999997,3.8756666666666666,1.548,3.873666666666667,1.2145
2004-03-29,187.1,63.97,2.054,3.896,1.57,3.892,1.216
2004-03-30,187.1,63.97,2.09,3.896,1.588,3.896,1.2179
2004-03-31,187.1,63.97,2.106,3.938,1.572,3.837,1.2308
2004-04-01,187.4,64.3,2.09,3.921,1.568,3.89,1.2363
2004-04-02,187.4,64.3,2.187,3.961,1.628,4.145,1.2121
2004-04-03,187.4,64.3,2.2156666666666665,4.004333333333333,1.7033333333333334,4.168666666666667,1.2084
2004-04-04,187.4,64.3,2.2443333333333335,4.047666666666666,1.7786666666666666,4.192333333333333,1.2047
2004-04-05,187.4,64.3,2.273,4.091,1.854,4.216,1.201
2004-04-06,187.4,64.3,2.292,4.108,1.83,4.149,1.2127
2004-04-07,187.4,64.3,2.227,4.074,1.819,4.165,1.2163
2004-04-08,187.4,64.3,2.254,4.052,1.807,4.193,1.207
2004-04-09,187.4,64.3,2.2574,4.055,1.82575,4.202249999999999,1.2097
2004-04-10,187.4,64.3,2.2608,4.058,1.8445,4.2115,1.2087
2004-04-11,187.4,64.3,2.2641999999999998,4.061,1.8632499999999999,4.220750000000001,1.2077
2004-04-12,187.4,64.3,2.2676,4.064,1.882,4.23,1.2067
2004-04-13,187.4,64.3,2.271,4.067,1.998,4.354,1.1932
2004-04-14,187.4,64.3,2.359,4.148,2.077,4.366,1.1941
2004-04-15,187.4,64.3,2.371,4.158,2.044,4.4,1.1982
2004-04-16,187.4,64.3,2.339,4.138,1.962,4.344,1.198
2004-04-17,187.4,64.3,2.337,4.133,1.964,4.3580000000000005,1.1988333333333332
2004-04-18,187.4,64.3,2.335,4.128,1.966,4.372,1.1996666666666667
2004-04-19,187.4,64.3,2.333,4.123,1.968,4.386,1.2005
2004-04-20,187.4,64.3,2.34,4.115,2.164,4.467,1.184
2004-04-21,187.4,64.3,2.38,4.137,2.106,4.431,1.1802
2004-04-22,187.4,64.3,2.375,4.174,2.12,4.387,1.1921
2004-04-23,187.4,64.3,2.348,4.157,2.089,4.468,1.1842
2004-04-24,187.4,64.3,2.364333333333333,4.160666666666667,2.143333333333333,4.461333333333333,1.1847333333333332
2004-04-25,187.4,64.3,2.3806666666666665,4.164333333333333,2.1976666666666667,4.454666666666667,1.1852666666666667
2004-04-26,187.4,64.3,2.397,4.168,2.252,4.448,1.1858
2004-04-27,187.4,64.3,2.404,4.187,2.142,4.385,1.1924
2004-04-28,187.4,64.3,2.428,4.186,2.256,4.502,1.1839
2004-04-29,187.4,64.3,2.418,4.198,2.282,4.54,1.1955
2004-04-30,187.4,64.3,2.416,4.212,2.294,4.51,1.198
2004-05-01,188.2,64.5,2.4113333333333333,4.2123333333333335,2.2996666666666665,4.507333333333333,1.1963666666666666
2004-05-02,188.2,64.5,2.4066666666666667,4.212666666666666,2.3053333333333335,4.504666666666666,1.1947333333333334
2004-05-03,188.2,64.5,2.402,4.213,2.311,4.502,1.1931
2004-05-04,188.2,64.5,2.403,4.14,2.238,4.567,1.2097
2004-05-05,188.2,64.5,2.37,4.149,2.343,4.588,1.2156
2004-05-06,188.2,64.5,2.405,4.174,2.38,4.602,1.2073
2004-05-07,188.2,64.5,2.434,4.226,2.351,4.775,1.1875
2004-05-08,188.2,64.5,2.4703333333333335,4.253,2.425,4.783666666666667,1.1864333333333332
2004-05-09,188.2,64.5,2.506666666666667,4.28,2.499,4.792333333333334,1.1853666666666667
2004-05-10,188.2,64.5,2.543,4.307,2.573,4.801,1.1843
2004-05-11,188.2,64.5,2.544,4.286,2.569,4.748,1.1875
2004-05-12,188.2,64.5,2.529,4.294,2.553,4.822,1.1905
2004-05-13,188.2,64.5,2.541,4.329,2.529,4.864,1.18
2004-05-14,188.2,64.5,2.542,4.347,2.541,4.772,1.1888
2004-05-15,188.2,64.5,2.525,4.333666666666667,2.529333333333333,4.746333333333333,1.1932
2004-05-16,188.2,64.5,2.508,4.320333333333334,2.5176666666666665,4.720666666666667,1.1976
2004-05-17,188.2,64.5,2.491,4.307,2.506,4.695,1.202
2004-05-18,188.2,64.5,2.503,4.273,2.529,4.732,1.1942
2004-05-19,188.2,64.5,2.523,4.295,2.529,4.776,1.2
2004-05-20,188.2,64.5,2.535,4.294,2.498,4.708,1.1954
2004-05-21,188.2,64.5,2.489,4.325,2.482,4.76,1.202
2004-05-22,188.2,64.5,2.4913333333333334,4.328333333333333,2.499,4.751333333333333,1.201
2004-05-23,188.2,64.5,2.4936666666666665,4.331666666666667,2.516,4.742666666666667,1.2
2004-05-24,188.2,64.5,2.496,4.335,2.533,4.734,1.199
2004-05-25,188.2,64.5,2.514,4.322,2.542,4.728,1.2096
2004-05-26,188.2,64.5,2.504,4.348,2.45,4.665,1.2109
2004-05-27,188.2,64.5,2.441,4.333,2.467,4.608,1.227
2004-05-28,188.2,64.5,2.447,4.276,2.455,4.665,1.2212
2004-05-29,188.2,64.5,2.463,4.290666666666667,2.4895,4.6745,1.2206333333333335
2004-05-30,188.2,64.5,2.479,4.3053333333333335,2.524,4.684,1.2200666666666666
2004-05-31,188.2,64.5,2.495,4.32,2.5585,4.6935,1.2195
2004-06-01,188.9,64.54,2.508,4.376,2.593,4.703,1.224
2004-06-02,188.9,64.54,2.557,4.363,2.646,4.75,1.2214
2004-06-03,188.9,64.54,2.576,4.383,2.559,4.722,1.2216
2004-06-04,188.9,64.54,2.58,4.377,2.591,4.774,1.2268
2004-06-05,188.9,64.54,2.5873333333333335,4.381666666666667,2.6136666666666666,4.770333333333333,1.2285
2004-06-06,188.9,64.54,2.5946666666666665,4.386333333333333,2.6363333333333334,4.766666666666667,1.2302
2004-06-07,188.9,64.54,2.602,4.391,2.659,4.763,1.2319
2004-06-08,188.9,64.54,2.5,4.363,2.647,4.768,1.2257
2004-06-09,188.9,64.54,2.57,4.357,2.696,4.808,1.204
2004-06-10,188.9,64.54,2.636,4.395,2.803,4.801,1.2102
2004-06-11,188.9,64.54,2.691,4.401,2.83575,4.81975,1.2003
2004-06-12,188.9,64.54,2.7173333333333334,4.411,2.8685,4.8385,1.2022
2004-06-13,188.9,64.54,2.7436666666666665,4.421,2.90125,4.8572500000000005,1.2041
2004-06-14,188.9,64.54,2.77,4.431,2.934,4.876,1.206
2004-06-15,188.9,64.54,2.765,4.416,2.747,4.684,1.2164
2004-06-16,188.9,64.54,2.651,4.313,2.797,4.724,1.2001
2004-06-17,188.9,64.54,2.715,4.365,2.773,4.684,1.203
2004-06-18,188.9,64.54,2.734,4.376,2.736,4.718,1.214
2004-06-19,188.9,64.54,2.7183333333333333,4.367,2.7403333333333335,4.707333333333334,1.2133333333333334
2004-06-20,188.9,64.54,2.7026666666666666,4.3580000000000005,2.744666666666667,4.696666666666666,1.2126666666666666
2004-06-21,188.9,64.54,2.687,4.349,2.749,4.686,1.212
2004-06-22,188.9,64.54,2.682,4.333,2.745,4.721,1.2118
2004-06-23,188.9,64.54,2.788,4.358,2.723,4.7,1.2085
2004-06-24,188.9,64.54,2.771,4.351,2.71,4.654,1.217
2004-06-25,188.9,64.54,2.708,4.299,2.718,4.652,1.2195
2004-06-26,188.9,64.54,2.7113333333333336,4.306333333333334,2.719,4.6803333333333335,1.2191333333333334
2004-06-27,188.9,64.54,2.7146666666666666,4.313666666666666,2.72,4.708666666666667,1.2187666666666666
2004-06-28,188.9,64.54,2.718,4.321,2.721,4.737,1.2184
2004-06-29,188.9,64.54,2.771,4.375,2.823,4.689,1.2093
2004-06-30,188.9,64.54,2.76,4.358,2.679,4.583,1.218
2004-07-01,189.1,64.4,2.712,4.313,2.801,4.569,1.2157
2004-07-02,189.1,64.4,2.691,4.308,2.461,4.46,1.2311
2004-07-03,189.1,64.4,2.6733333333333333,4.294666666666666,2.497,4.464,1.2305000000000001
2004-07-04,189.1,64.4,2.6556666666666664,4.281333333333333,2.533,4.468,1.2299
2004-07-05,189.1,64.4,2.638,4.268,2.569,4.4719999999999995,1.2293
2004-07-06,189.1,64.4,2.622,4.258,2.605,4.476,1.2281
2004-07-07,189.1,64.4,2.638,4.258,2.602,4.478,1.2366
2004-07-08,189.1,64.4,2.595,4.233,2.602,4.476,1.2391
2004-07-09,189.1,64.4,2.6,4.231,2.489,4.46,1.2413
2004-07-10,189.1,64.4,2.599666666666667,4.228666666666666,2.533333333333333,4.456333333333333,1.2409333333333334
2004-07-11,189.1,64.4,2.5993333333333335,4.226333333333334,2.5776666666666666,4.4526666666666666,1.2405666666666666
2004-07-12,189.1,64.4,2.599,4.224,2.622,4.449,1.2402
2004-07-13,189.1,64.4,2.588,4.21,2.524,4.472,1.2327
2004-07-14,189.1,64.4,2.647,4.264,2.536,4.486,1.2381
2004-07-15,189.1,64.4,2.641,4.254,2.587,4.484,1.2352
2004-07-16,189.1,64.4,2.636,4.254,2.493,4.355,1.2452
2004-07-17,189.1,64.4,2.6163333333333334,4.236666666666666,2.5026666666666664,4.357,1.2446666666666668
2004-07-18,189.1,64.4,2.5966666666666667,4.219333333333333,2.5123333333333333,4.359,1.2441333333333333
2004-07-19,189.1,64.4,2.577,4.202,2.522,4.361,1.2436
2004-07-20,189.1,64.4,2.56,4.192,2.633,4.45,1.2329
2004-07-21,189.1,64.4,2.576,4.212,2.662,4.47,1.2259
2004-07-22,189.1,64.4,2.678,4.289,2.658,4.452,1.2252
2004-07-23,189.1,64.4,2.64,4.251,2.65,4.432,1.2103
2004-07-24,189.1,64.4,2.6433333333333335,4.249333333333333,2.672,4.4510000000000005,1.2114
2004-07-25,189.1,64.4,2.6466666666666665,4.247666666666667,2.694,4.47,1.2125
2004-07-26,189.1,64.4,2.65,4.246,2.716,4.489,1.2136
2004-07-27,189.1,64.4,2.694,4.27,2.796,4.619,1.2058
2004-07-28,189.1,64.4,2.721,4.294,2.732,4.589,1.2043
2004-07-29,189.1,64.4,2.699,4.287,2.758,4.579,1.2033
2004-07-30,189.1,64.4,2.688,4.27,2.628,4.491,1.2011
2004-07-31,189.1,64.4,2.666,4.251333333333333,2.6350000000000002,4.4783333333333335,1.2013666666666667
2004-08-01,189.2,64.53,2.644,4.232666666666667,2.642,4.4656666666666665,1.2016333333333333
2004-08-02,189.2,64.53,2.622,4.214,2.649,4.453,1.2019
2004-08-03,189.2,64.53,2.599,4.203,2.649,4.429,1.205
2004-08-04,189.2,64.53,2.577,4.185,2.644,4.423,1.2058
2004-08-05,189.2,64.53,2.554,4.171,2.607,4.404,1.2048
2004-08-06,189.2,64.53,2.537,4.152,2.383,4.227,1.2301
2004-08-07,189.2,64.53,2.5073333333333334,4.126,2.41,4.239333333333334,1.2290666666666668
2004-08-08,189.2,64.53,2.4776666666666665,4.1,2.437,4.251666666666667,1.2280333333333333
2004-08-09,189.2,64.53,2.448,4.074,2.464,4.264,1.227
2004-08-10,189.2,64.53,2.464,4.071,2.533,4.291,1.2231
2004-08-11,189.2,64.53,2.464,4.071,2.504,4.279,1.2216
2004-08-12,189.2,64.53,2.474,4.091,2.502,4.258,1.2236
2004-08-13,189.2,64.53,2.451,4.061,2.43,4.232,1.2372
2004-08-14,189.2,64.53,2.4396666666666667,4.0553333333333335,2.446,4.242333333333334,1.2366333333333335
2004-08-15,189.2,64.53,2.4283333333333332,4.049666666666666,2.462,4.252666666666666,1.2360666666666666
2004-08-16,189.2,64.53,2.417,4.044,2.478,4.263,1.2355
2004-08-17,189.2,64.53,2.461,4.089,2.403,4.192,1.2341
2004-08-18,189.2,64.53,2.444,4.066,2.428,4.231,1.2337
2004-08-19,189.2,64.53,2.454,4.083,2.39,4.264,1.2371
2004-08-20,189.2,64.53,2.437,4.069,2.369,4.291,1.2314
2004-08-21,189.2,64.53,2.433,4.065333333333333,2.3796666666666666,4.287,1.2258
2004-08-22,189.2,64.53,2.429,4.0616666666666665,2.3903333333333334,4.283,1.2202
2004-08-23,189.2,64.53,2.425,4.058,2.401,4.279,1.2146
2004-08-24,189.2,64.53,2.486,4.105,2.401,4.258,1.2079
2004-08-25,189.2,64.53,2.503,4.111,2.424,4.232,1.2084
2004-08-26,189.2,64.53,2.458,4.08,2.501,4.263,1.2098
2004-08-27,189.2,64.53,2.444,4.063,2.46,4.192,1.2012
2004-08-28,189.2,64.53,2.444,4.0633333333333335,2.457333333333333,4.205,1.2023333333333333
2004-08-29,189.2,64.53,2.444,4.063666666666666,2.4546666666666668,4.218,1.2034666666666667
2004-08-30,189.2,64.53,2.444,4.064,2.452,4.231,1.2046
2004-08-31,189.2,64.53,2.455,4.07,2.515,4.24,1.2174
2004-09-01,189.8,64.6,2.409,4.018,2.45,4.117,1.2185
2004-09-02,189.8,64.6,2.419,4.037,2.375,4.217,1.2169
2004-09-03,189.8,64.6,2.493,4.077,2.411,4.289,1.2051
2004-09-04,189.8,64.6,2.526,4.098333333333334,2.451,4.290333333333333,1.2055
2004-09-05,189.8,64.6,2.559,4.119666666666666,2.491,4.291666666666667,1.2059
2004-09-06,189.8,64.6,2.592,4.141,2.531,4.293,1.2063
2004-09-07,189.8,64.6,2.602,4.141,2.571,4.24,1.2095
2004-09-08,189.8,64.6,2.648,4.14,2.325,4.164,1.2186
2004-09-09,189.8,64.6,2.612,4.119,2.512,4.197,1.2238
2004-09-10,189.8,64.6,2.589,4.079,2.424,4.189,1.2265
2004-09-11,189.8,64.6,2.581,4.073666666666666,2.439,4.173,1.2263
2004-09-12,189.8,64.6,2.573,4.068333333333333,2.4539999999999997,4.157,1.2261
2004-09-13,189.8,64.6,2.565,4.063,2.469,4.141,1.2259
2004-09-14,189.8,64.6,2.594,4.062,2.595,4.128,1.2257
2004-09-15,189.8,64.6,2.565,4.049,2.575,4.166,1.2152
2004-09-16,189.8,64.6,2.593,4.059,2.552,4.078,1.2187
2004-09-17,189.8,64.6,2.563,4.037,2.395,4.112,1.2183
2004-09-18,189.8,64.6,2.559,4.030666666666667,2.406,4.094666666666667,1.2178
2004-09-19,189.8,64.6,2.555,4.024333333333333,2.417,4.077333333333333,1.2173
2004-09-20,189.8,64.6,2.551,4.018,2.428,4.06,1.2168
2004-09-21,189.8,64.6,2.549,4.005,2.424,4.047,1.2325
2004-09-22,189.8,64.6,2.558,4.014,2.458,3.984,1.2261
2004-09-23,189.8,64.6,2.583,3.958,2.424,4.022,1.2266
2004-09-24,189.8,64.6,2.547,3.943,2.508,4.033,1.227
2004-09-25,189.8,64.6,2.559,3.9493333333333336,2.5136666666666665,4.020333333333333,1.2281
2004-09-26,189.8,64.6,2.571,3.9556666666666667,2.5193333333333334,4.007666666666667,1.2292
2004-09-27,189.8,64.6,2.583,3.962,2.525,3.995,1.2303
2004-09-28,189.8,64.6,2.567,3.939,2.496,4.006,1.2318
2004-09-29,189.8,64.6,2.589,3.954,2.5,4.09,1.2336
2004-09-30,189.8,64.6,2.594,3.965,2.593,4.123,1.2433
2004-10-01,190.8,64.85,2.552,3.99,2.613,4.189,1.2393
2004-10-02,190.8,64.85,2.5556666666666668,4.000666666666667,2.6146666666666665,4.181333333333334,1.2357333333333334
2004-10-03,190.8,64.85,2.5593333333333335,4.011333333333334,2.6163333333333334,4.173666666666667,1.2321666666666666
2004-10-04,190.8,64.85,2.563,4.022,2.618,4.166,1.2286
2004-10-05,190.8,64.85,2.6,4.027,2.63,4.173,1.231
2004-10-06,190.8,64.85,2.568,3.998,2.634,4.226,1.2278
2004-10-07,190.8,64.85,2.579,3.996,2.679,4.246,1.2295
2004-10-08,190.8,64.85,2.59,4.017,2.578,4.129,1.2401
2004-10-09,190.8,64.85,2.5563333333333333,3.985666666666667,2.578,4.132,1.2394
2004-10-10,190.8,64.85,2.5226666666666664,3.9543333333333335,2.578,4.135,1.2387
2004-10-11,190.8,64.85,2.489,3.923,2.578,4.138,1.238
2004-10-12,190.8,64.85,2.478,3.93,2.574,4.103,1.2318
2004-10-13,190.8,64.85,2.473,3.916,2.487,4.059,1.2344
2004-10-14,190.8,64.85,2.462,3.887,2.459,4.024,1.239
2004-10-15,190.8,64.85,2.44,3.88,2.458,4.063,1.2475
2004-10-16,190.8,64.85,2.4416666666666664,3.884333333333333,2.4733333333333336,4.0569999999999995,1.2477666666666667
2004-10-17,190.8,64.85,2.4433333333333334,3.8886666666666665,2.4886666666666666,4.051,1.2480333333333333
2004-10-18,190.8,64.85,2.445,3.893,2.504,4.045,1.2483
2004-10-19,190.8,64.85,2.424,3.886,2.516,4.036,1.2515
2004-10-20,190.8,64.85,2.418,3.871,2.5,3.984,1.2573
2004-10-21,190.8,64.85,2.391,3.867,2.487,4.007,1.2616
2004-10-22,190.8,64.85,2.407,3.864,2.516,3.978,1.2686
2004-10-23,190.8,64.85,2.4086666666666665,3.8553333333333333,2.5020000000000002,3.9773333333333336,1.2725666666666666
2004-10-24,190.8,64.85,2.4103333333333334,3.8466666666666667,2.488,3.9766666666666666,1.2765333333333333
2004-10-25,190.8,64.85,2.412,3.838,2.474,3.976,1.2805
2004-10-26,190.8,64.85,2.374,3.803,2.495,4.001,1.2762
2004-10-27,190.8,64.85,2.383,3.807,2.508,4.085,1.2704
2004-10-28,190.8,64.85,2.433,3.871,2.577,4.054,1.27485
2004-10-29,190.8,64.85,2.456,3.86,2.552,4.029,1.2793
2004-10-30,190.8,64.85,2.4426666666666668,3.858,2.5533333333333332,4.043333333333333,1.2776666666666667
2004-10-31,190.8,64.85,2.429333333333333,3.856,2.554666666666667,4.057666666666667,1.2760333333333334
2004-11-01,191.7,64.81,2.416,3.854,2.556,4.072,1.2744
2004-11-02,191.7,64.81,2.416,3.86,2.569,4.054,1.2715
2004-11-03,191.7,64.81,2.46,3.884,2.561,4.079,1.2818
2004-11-04,191.7,64.81,2.432,3.882,2.565,4.077,1.2869
2004-11-05,191.7,64.81,2.414,3.848,2.598,4.177,1.2963
2004-11-06,191.7,64.81,2.438,3.868333333333333,2.6566666666666667,4.192,1.2943333333333333
2004-11-07,191.7,64.81,2.462,3.8886666666666665,2.715333333333333,4.207,1.2923666666666667
2004-11-08,191.7,64.81,2.486,3.909,2.774,4.222,1.2904
2004-11-09,191.7,64.81,2.509,3.896,2.787,4.23,1.2894
2004-11-10,191.7,64.81,2.443,3.848,2.808,4.247,1.2881
2004-11-11,191.7,64.81,2.404,3.872,2.862,4.251,1.2905
2004-11-12,191.7,64.81,2.392,3.819,2.818,4.186,1.2956
2004-11-13,191.7,64.81,2.3826666666666667,3.8023333333333333,2.818,4.188,1.2949000000000002
2004-11-14,191.7,64.81,2.373333333333333,3.7856666666666667,2.818,4.19,1.2942
2004-11-15,191.7,64.81,2.364,3.769,2.818,4.192,1.2935
2004-11-16,191.7,64.81,2.408,3.768,2.864,4.209,1.296
2004-11-17,191.7,64.81,2.414,3.751,2.819,4.129,1.3036
2004-11-18,191.7,64.81,2.402,3.757,2.807,4.117,1.2945
2004-11-19,191.7,64.81,2.453,3.806,2.829,4.205,1.3034
2004-11-20,191.7,64.81,2.451,3.797,2.8583333333333334,4.198,1.3034999999999999
2004-11-21,191.7,64.81,2.449,3.788,2.8876666666666666,4.191,1.3036
2004-11-22,191.7,64.81,2.447,3.779,2.917,4.184,1.3037
2004-11-23,191.7,64.81,2.407,3.759,2.909,4.188,1.3094
2004-11-24,191.7,64.81,2.379,3.787,2.968,4.203,1.3176
2004-11-25,191.7,64.81,2.299,3.789,2.9805,4.218500000000001,1.3254
2004-11-26,191.7,64.81,2.321,3.776,2.993,4.234,1.3289
2004-11-27,191.7,64.81,2.319,3.771,3.001,4.263333333333334,1.3279333333333334
2004-11-28,191.7,64.81,2.317,3.766,3.009,4.292666666666666,1.3269666666666666
2004-11-29,191.7,64.81,2.315,3.761,3.017,4.322,1.326
2004-11-30,191.7,64.81,2.377,3.818,3.001,4.355,1.3295
2004-12-01,191.7,65.05,2.342,3.788,2.972,4.369,1.3344
2004-12-02,191.7,65.05,2.267,3.768,2.993,4.416,1.3258
2004-12-03,191.7,65.05,2.411,3.823,2.887,4.256,1.346
2004-12-04,191.7,65.05,2.3743333333333334,3.796,2.893666666666667,4.246666666666667,1.3437666666666668
2004-12-05,191.7,65.05,2.337666666666667,3.769,2.900333333333333,4.237333333333333,1.3415333333333332
2004-12-06,191.7,65.05,2.301,3.742,2.907,4.228,1.3393
2004-12-07,191.7,65.05,2.283,3.703,2.912,4.226,1.3428
2004-12-08,191.7,65.05,2.296,3.672,2.891,4.12,1.3344
2004-12-09,191.7,65.05,2.286,3.64,2.879,4.176,1.3301
2004-12-10,191.7,65.05,2.307,3.614,2.895,4.155,1.3215
2004-12-11,191.7,65.05,2.305,3.6123333333333334,2.906,4.154333333333334,1.3248666666666666
2004-12-12,191.7,65.05,2.303,3.6106666666666665,2.917,4.153666666666666,1.3282333333333332
2004-12-13,191.7,65.05,2.301,3.609,2.928,4.153,1.3316
2004-12-14,191.7,65.05,2.301,3.599,2.957,4.128,1.3305
2004-12-15,191.7,65.05,2.286,3.594,2.937,4.078,1.34
2004-12-16,191.7,65.05,2.296,3.538,2.933,4.187,1.3248
2004-12-17,191.7,65.05,2.354,3.568,2.987,4.203,1.3311
2004-12-18,191.7,65.05,2.3556666666666666,3.5833333333333335,2.989666666666667,4.197,1.3336999999999999
2004-12-19,191.7,65.05,2.3573333333333335,3.5986666666666665,2.9923333333333333,4.191,1.3363
2004-12-20,191.7,65.05,2.359,3.614,2.995,4.185,1.3389
2004-12-21,191.7,65.05,2.359,3.593,3.021,4.168,1.3365
2004-12-22,191.7,65.05,2.428,3.616,3.004,4.201,1.3387
2004-12-23,191.7,65.05,2.407,3.626,2.996,4.218,1.3508
2004-12-24,191.7,65.05,2.418,3.601,2.996,4.239,1.3527
2004-12-25,191.7,65.05,2.411,3.6013333333333333,2.996,4.26,1.3558333333333334
2004-12-26,191.7,65.05,2.404,3.6016666666666666,2.996,4.281,1.3589666666666667
2004-12-27,191.7,65.05,2.397,3.602,2.996,4.302,1.3621
2004-12-28,191.7,65.05,2.413,3.628,3.039,4.296,1.3591
2004-12-29,191.7,65.05,2.419,3.677,3.064,4.324,1.3602
2004-12-30,191.7,65.05,2.462,3.713,3.085,4.259,1.3624
2004-12-31,191.7,65.05,2.42,3.68,3.065,4.222,1.3563
2005-01-01,191.6,64.65,2.4306666666666668,3.6783333333333332,3.0773333333333333,4.220000000000001,1.3531
2005-01-02,191.6,64.65,2.441333333333333,3.6766666666666667,3.0896666666666666,4.218,1.3499
2005-01-03,191.6,64.65,2.452,3.675,3.102,4.216,1.3467
2005-01-04,191.6,64.65,2.457,3.627,3.204,4.295,1.3282
2005-01-05,191.6,64.65,2.49,3.638,3.213,4.287,1.3277
2005-01-06,191.6,64.65,2.415,3.635,3.164,4.263,1.3179
2005-01-07,191.6,64.65,2.372,3.615,3.193,4.275,1.3073
2005-01-08,191.6,64.65,2.383,3.611666666666667,3.2026666666666666,4.274333333333334,1.3084666666666667
2005-01-09,191.6,64.65,2.3939999999999997,3.6083333333333334,3.2123333333333335,4.273666666666666,1.3096333333333332
2005-01-10,191.6,64.65,2.405,3.605,3.222,4.273,1.3108
2005-01-11,191.6,64.65,2.4,3.604,3.219,4.244,1.3113
2005-01-12,191.6,64.65,2.417,3.599,3.219,4.238,1.3255
2005-01-13,191.6,64.65,2.362,3.599,3.178,4.167,1.3207
2005-01-14,191.6,64.65,2.368,3.565,3.237,4.22,1.3098
2005-01-15,191.6,64.65,2.3663333333333334,3.5626666666666664,3.237,4.2132499999999995,1.3081333333333334
2005-01-16,191.6,64.65,2.3646666666666665,3.5603333333333333,3.237,4.2065,1.3064666666666667
2005-01-17,191.6,64.65,2.363,3.558,3.237,4.19975,1.3048
2005-01-18,191.6,64.65,2.379,3.547,3.237,4.193,1.3016
2005-01-19,191.6,64.65,2.363,3.542,3.221,4.175,1.3
2005-01-20,191.6,64.65,2.363,3.509,3.192,4.171,1.296
2005-01-21,191.6,64.65,2.38,3.568,3.155,4.144,1.2994
2005-01-22,191.6,64.65,2.3689999999999998,3.5656666666666665,3.169,4.137333333333333,1.3006333333333333
2005-01-23,191.6,64.65,2.358,3.5633333333333335,3.183,4.1306666666666665,1.3018666666666667
2005-01-24,191.6,64.65,2.347,3.561,3.197,4.124,1.3031
2005-01-25,191.6,64.65,2.347,3.549,3.222,4.2,1.2968
2005-01-26,191.6,64.65,2.386,3.554,3.265,4.2,1.3076
2005-01-27,191.6,64.65,2.397,3.559,3.304,4.228,1.3038
2005-01-28,191.6,64.65,2.43,3.593,3.259,4.146,1.3041
2005-01-29,191.6,64.65,2.4116666666666666,3.5753333333333335,3.266,4.141333333333333,1.3042333333333334
2005-01-30,191.6,64.65,2.3933333333333335,3.5576666666666665,3.2729999999999997,4.136666666666667,1.3043666666666667
2005-01-31,191.6,64.65,2.375,3.54,3.28,4.132,1.3045
2005-02-01,192.4,64.89,2.392,3.543,3.288,4.144,1.304
2005-02-02,192.4,64.89,2.387,3.533,3.325,4.145,1.3031
2005-02-03,192.4,64.89,2.415,3.567,3.346,4.169,1.297
2005-02-04,192.4,64.89,2.428,3.559,3.297,4.083,1.2854
2005-02-05,192.4,64.89,2.4183333333333334,3.5380000000000003,3.3000000000000003,4.074,1.2822333333333333
2005-02-06,192.4,64.89,2.4086666666666665,3.517,3.303,4.065,1.2790666666666668
2005-02-07,192.4,64.89,2.399,3.496,3.306,4.056,1.2759
2005-02-08,192.4,64.89,2.416,3.484,3.318,4.023,1.2766
2005-02-09,192.4,64.89,2.416,3.45,3.244,3.986,1.2807
2005-02-10,192.4,64.89,2.394,3.455,3.298,4.091,1.2874
2005-02-11,192.4,64.89,2.373,3.432,3.328,4.092,1.2852
2005-02-12,192.4,64.89,2.3746666666666667,3.4426666666666668,3.337666666666667,4.087,1.2890666666666666
2005-02-13,192.4,64.89,2.3763333333333336,3.453333333333333,3.3473333333333333,4.082,1.2929333333333333
2005-02-14,192.4,64.89,2.378,3.464,3.357,4.077,1.2968
2005-02-15,192.4,64.89,2.384,3.484,3.353,4.102,1.3012
2005-02-16,192.4,64.89,2.423,3.52,3.42,4.16,1.3022
2005-02-17,192.4,64.89,2.43,3.561,3.375,4.185,1.3071
2005-02-18,192.4,64.89,2.442,3.578,3.448,4.264,1.3016
2005-02-19,192.4,64.89,2.4573333333333336,3.6106666666666665,3.4459999999999997,4.2707500000000005,1.3030666666666668
2005-02-20,192.4,64.89,2.4726666666666666,3.6433333333333335,3.444,4.2775,1.3045333333333333
2005-02-21,192.4,64.89,2.488,3.676,3.442,4.28425,1.306
2005-02-22,192.4,64.89,2.499,3.701,3.44,4.291,1.3257
2005-02-23,192.4,64.89,2.477,3.7,3.453,4.271,1.3199
2005-02-24,192.4,64.89,2.484,3.73,3.487,4.289,1.318
2005-02-25,192.4,64.89,2.488,3.729,3.53,4.27,1.324
2005-02-26,192.4,64.89,2.486666666666667,3.723,3.5546666666666664,4.3069999999999995,1.3232000000000002
2005-02-27,192.4,64.89,2.485333333333333,3.717,3.5793333333333335,4.344,1.3224
2005-02-28,192.4,64.89,2.484,3.711,3.604,4.381,1.3216
2005-03-01,193.1,65.37,2.49,3.736,3.584,4.371,1.3171
2005-03-02,193.1,65.37,2.473,3.735,3.567,4.381,1.3137
2005-03-03,193.1,65.37,2.48,3.777,3.576,4.383,1.3102
2005-03-04,193.1,65.37,2.47,3.767,3.56,4.315,1.3242
2005-03-05,193.1,65.37,2.452,3.7439999999999998,3.5726666666666667,4.314666666666667,1.3233
2005-03-06,193.1,65.37,2.434,3.721,3.5853333333333333,4.314333333333334,1.3224
2005-03-07,193.1,65.37,2.416,3.698,3.598,4.314,1.3215
2005-03-08,193.1,65.37,2.381,3.665,3.623,4.397,1.334
2005-03-09,193.1,65.37,2.382,3.715,3.669,4.528,1.3373
2005-03-10,193.1,65.37,2.441,3.761,3.681,4.469,1.3436
2005-03-11,193.1,65.37,2.412,3.771,3.729,4.546,1.3466
2005-03-12,193.1,65.37,2.414,3.7706666666666666,3.7303333333333333,4.535333333333334,1.3431
2005-03-13,193.1,65.37,2.416,3.7703333333333333,3.731666666666667,4.524666666666667,1.3396000000000001
2005-03-14,193.1,65.37,2.418,3.77,3.733,4.514,1.3361
2005-03-15,193.1,65.37,2.448,3.771,3.75,4.551,1.3307
2005-03-16,193.1,65.37,2.424,3.713,3.717,4.508,1.3407
2005-03-17,193.1,65.37,2.455,3.667,3.68,4.468,1.3374
2005-03-18,193.1,65.37,2.467,3.687,3.702,4.511,1.3315
2005-03-19,193.1,65.37,2.4713333333333334,3.6906666666666665,3.7076666666666664,4.516333333333334,1.3262
2005-03-20,193.1,65.37,2.4756666666666667,3.6943333333333332,3.7133333333333334,4.5216666666666665,1.3209
2005-03-21,193.1,65.37,2.48,3.698,3.719,4.527,1.3156
2005-03-22,193.1,65.37,2.457,3.725,3.83,4.647,1.3074
2005-03-23,193.1,65.37,2.578,3.687,3.818,4.588,1.2988
2005-03-24,193.1,65.37,2.54,3.74,3.846,4.599,1.2929
2005-03-25,193.1,65.37,2.544,3.706,3.8535,4.610250000000001,1.2951
2005-03-26,193.1,65.37,2.548,3.7075,3.8609999999999998,4.6215,1.2931
2005-03-27,193.1,65.37,2.552,3.709,3.8685,4.63275,1.2911
2005-03-28,193.1,65.37,2.556,3.7105,3.876,4.644,1.2891
2005-03-29,193.1,65.37,2.56,3.712,3.843,4.581,1.2935
2005-03-30,193.1,65.37,2.525,3.705,3.835,4.552,1.2911
2005-03-31,193.1,65.37,2.473,3.668,3.783,4.488,1.2964
2005-04-01,193.7,65.64,2.409,3.63,3.729,4.451,1.2908
2005-04-02,193.7,65.64,2.4196666666666666,3.6253333333333333,3.729,4.454666666666666,1.2887666666666666
2005-04-03,193.7,65.64,2.430333333333333,3.6206666666666667,3.729,4.458333333333333,1.2867333333333333
2005-04-04,193.7,65.64,2.441,3.616,3.729,4.462,1.2847
2005-04-05,193.7,65.64,2.443,3.582,3.733,4.472,1.2855
2005-04-06,193.7,65.64,2.408,3.599,3.692,4.426,1.2865
2005-04-07,193.7,65.64,2.398,3.598,3.733,4.488,1.2848
2005-04-08,193.7,65.64,2.392,3.56,3.745,4.474,1.2875
2005-04-09,193.7,65.64,2.3866666666666667,3.562,3.741,4.462,1.2906
2005-04-10,193.7,65.64,2.381333333333333,3.564,3.737,4.45,1.2937
2005-04-11,193.7,65.64,2.376,3.566,3.733,4.438,1.2968
2005-04-12,193.7,65.64,2.386,3.559,3.691,4.358,1.291
2005-04-13,193.7,65.64,2.359,3.542,3.658,4.366,1.291
2005-04-14,193.7,65.64,2.37,3.51,3.562,4.314,1.2793
2005-04-15,193.7,65.64,2.326,3.531,3.503,4.247,1.2865
2005-04-16,193.7,65.64,2.3153333333333332,3.5143333333333335,3.5166666666666666,4.256,1.2914666666666665
2005-04-17,193.7,65.64,2.304666666666667,3.4976666666666665,3.5303333333333335,4.265,1.2964333333333333
2005-04-18,193.7,65.64,2.294,3.481,3.544,4.274,1.3014
2005-04-19,193.7,65.64,2.294,3.469,3.51,4.217,1.3062
2005-04-20,193.7,65.64,2.271,3.444,3.493,4.191,1.3085
2005-04-21,193.7,65.64,2.276,3.453,3.627,4.302,1.3044
2005-04-22,193.7,65.64,2.297,3.493,3.614,4.251,1.3055
2005-04-23,193.7,65.64,2.2933333333333334,3.484,3.622333333333333,4.2523333333333335,1.3033666666666668
2005-04-24,193.7,65.64,2.2896666666666667,3.475,3.6306666666666665,4.253666666666667,1.3012333333333332
2005-04-25,193.7,65.64,2.286,3.466,3.639,4.255,1.2991
2005-04-26,193.7,65.64,2.285,3.444,3.656,4.271,1.2981
2005-04-27,193.7,65.64,2.263,3.448,3.626,4.229,1.2918
2005-04-28,193.7,65.64,2.236,3.415,3.568,4.148,1.2901
2005-04-29,193.7,65.64,2.23,3.389,3.658,4.2,1.2869
2005-04-30,193.7,65.64,2.2336666666666667,3.392,3.6496666666666666,4.198,1.2860666666666667
2005-05-01,193.6,65.78,2.2373333333333334,3.395,3.6413333333333333,4.196,1.2852333333333332
2005-05-02,193.6,65.78,2.241,3.398,3.633,4.194,1.2844
2005-05-03,193.6,65.78,2.235,3.398,3.645,4.17,1.2884
2005-05-04,193.6,65.78,2.195,3.374,3.621,4.192,1.2945
2005-05-05,193.6,65.78,2.233,3.402,3.559,4.158,1.2951
2005-05-06,193.6,65.78,2.199,3.382,3.728,4.264,1.281
2005-05-07,193.6,65.78,2.219333333333333,3.401666666666667,3.7390000000000003,4.272,1.2824666666666666
2005-05-08,193.6,65.78,2.2396666666666665,3.421333333333333,3.75,4.28,1.2839333333333334
2005-05-09,193.6,65.78,2.26,3.441,3.761,4.288,1.2854
2005-05-10,193.6,65.78,2.26,3.412,3.67,4.204,1.2883
2005-05-11,193.6,65.78,2.22,3.361,3.683,4.206,1.2812
2005-05-12,193.6,65.78,2.196,3.319,3.658,4.176,1.2676
2005-05-13,193.6,65.78,2.202,3.342,3.603,4.121,1.2614
2005-05-14,193.6,65.78,2.2053333333333334,3.332,3.603,4.125666666666667,1.2621333333333333
2005-05-15,193.6,65.78,2.208666666666667,3.322,3.603,4.130333333333334,1.2628666666666668
2005-05-16,193.6,65.78,2.212,3.312,3.603,4.135,1.2636
2005-05-17,193.6,65.78,2.206,3.306,3.599,4.121,1.2598
2005-05-18,193.6,65.78,2.205,3.306,3.591,4.094,1.2677
2005-05-19,193.6,65.78,2.215,3.287,3.645,4.119,1.2633
2005-05-20,193.6,65.78,2.238,3.351,3.675,4.127,1.255
2005-05-21,193.6,65.78,2.2396666666666665,3.3583333333333334,3.662333333333333,4.105333333333333,1.2555999999999998
2005-05-22,193.6,65.78,2.2413333333333334,3.365666666666667,3.6496666666666666,4.083666666666667,1.2562
2005-05-23,193.6,65.78,2.243,3.373,3.637,4.062,1.2568
2005-05-24,193.6,65.78,2.243,3.308,3.603,4.031,1.2564
2005-05-25,193.6,65.78,2.162,3.299,3.615,4.09,1.2596
2005-05-26,193.6,65.78,2.179,3.313,3.635,4.084,1.2509
2005-05-27,193.6,65.78,2.15,3.319,3.651,4.071,1.2577
2005-05-28,193.6,65.78,2.1536666666666666,3.321,3.63375,4.05,1.2544
2005-05-29,193.6,65.78,2.1573333333333333,3.323,3.6165,4.029,1.2511
2005-05-30,193.6,65.78,2.161,3.325,3.5992499999999996,4.008,1.2478
2005-05-31,193.6,65.78,2.12,3.333,3.582,3.987,1.2304
2005-06-01,193.7,65.86,2.062,3.271,3.484,3.89,1.2195
2005-06-02,193.7,65.86,2.067,3.227,3.537,3.913,1.2265
2005-06-03,193.7,65.86,2.06,3.222,3.578,3.981,1.2225
2005-06-04,193.7,65.86,2.0616666666666665,3.2253333333333334,3.579333333333333,3.9726666666666666,1.2235666666666667
2005-06-05,193.7,65.86,2.0633333333333335,3.228666666666667,3.5806666666666667,3.9643333333333333,1.2246333333333332
2005-06-06,193.7,65.86,2.065,3.232,3.582,3.956,1.2257
2005-06-07,193.7,65.86,2.024,3.204,3.566,3.907,1.2276
2005-06-08,193.7,65.86,1.994,3.155,3.607,3.939,1.2234
2005-06-09,193.7,65.86,2.01,3.128,3.628,3.952,1.2223
2005-06-10,193.7,65.86,2.022,3.122,3.699,4.055,1.213
2005-06-11,193.7,65.86,2.0389999999999997,3.126,3.696333333333333,4.068,1.2124666666666668
2005-06-12,193.7,65.86,2.056,3.13,3.6936666666666667,4.081,1.2119333333333333
2005-06-13,193.7,65.86,2.073,3.134,3.691,4.094,1.2114
2005-06-14,193.7,65.86,2.048,3.19,3.691,4.113,1.2024
2005-06-15,193.7,65.86,2.077,3.211,3.717,4.111,1.2117
2005-06-16,193.7,65.86,2.133,3.322,3.679,4.071,1.2093
2005-06-17,193.7,65.86,2.115,3.299,3.709,4.076,1.2272
2005-06-18,193.7,65.86,2.113,3.294,3.7133333333333334,4.089666666666666,1.2230333333333334
2005-06-19,193.7,65.86,2.111,3.2889999999999997,3.7176666666666667,4.1033333333333335,1.2188666666666665
2005-06-20,193.7,65.86,2.109,3.284,3.722,4.117,1.2147
2005-06-21,193.7,65.86,2.047,3.302,3.693,4.047,1.2172
2005-06-22,193.7,65.86,1.981,3.218,3.621,3.946,1.2117
2005-06-23,193.7,65.86,1.994,3.152,3.617,3.957,1.2028
2005-06-24,193.7,65.86,1.994,3.154,3.579,3.925,1.2091
2005-06-25,193.7,65.86,2.003,3.146,3.5820000000000003,3.919,1.2114
2005-06-26,193.7,65.86,2.012,3.138,3.585,3.913,1.2137
2005-06-27,193.7,65.86,2.021,3.13,3.588,3.907,1.216
2005-06-28,193.7,65.86,2.002,3.117,3.656,3.974,1.207
2005-06-29,193.7,65.86,2.015,3.162,3.661,3.988,1.2075
2005-06-30,193.7,65.86,2.021,3.194,3.645,3.921,1.2084
2005-07-01,194.9,65.78,2.0,3.134,3.641,4.055,1.1931
2005-07-02,194.9,65.78,2.0176666666666665,3.141,3.6782500000000002,4.069,1.1922666666666668
2005-07-03,194.9,65.78,2.0353333333333334,3.1479999999999997,3.7155,4.083,1.1914333333333333
2005-07-04,194.9,65.78,2.053,3.155,3.75275,4.0969999999999995,1.1906
2005-07-05,194.9,65.78,2.095,3.167,3.79,4.111,1.1927
2005-07-06,194.9,65.78,2.138,3.212,3.773,4.074,1.1926
2005-07-07,194.9,65.78,1.962,3.222,3.728,4.068,1.1941
2005-07-08,194.9,65.78,2.103,3.182,3.774,4.099,1.1975
2005-07-09,194.9,65.78,2.114666666666667,3.1826666666666665,3.7823333333333333,4.099,1.2005333333333332
2005-07-10,194.9,65.78,2.126333333333333,3.1833333333333336,3.7906666666666666,4.099,1.2035666666666667
2005-07-11,194.9,65.78,2.138,3.184,3.799,4.099,1.2066
2005-07-12,194.9,65.78,2.155,3.228,3.829,4.148,1.2227
2005-07-13,194.9,65.78,2.183,3.237,3.837,4.162,1.2075
2005-07-14,194.9,65.78,2.188,3.254,3.846,4.181,1.209
2005-07-15,194.9,65.78,2.209,3.297,3.868,4.171,1.2039
2005-07-16,194.9,65.78,2.2003333333333335,3.294,3.876333333333333,4.189333333333334,1.2043
2005-07-17,194.9,65.78,2.1916666666666664,3.291,3.8846666666666665,4.207666666666666,1.2047
2005-07-18,194.9,65.78,2.183,3.288,3.893,4.226,1.2051
2005-07-19,194.9,65.78,2.208,3.266,3.86,4.185,1.2027
2005-07-20,194.9,65.78,2.206,3.271,3.877,4.16,1.2152
2005-07-21,194.9,65.78,2.168,3.28,3.945,4.282,1.2157
2005-07-22,194.9,65.78,2.168,3.273,3.916,4.222,1.2054
2005-07-23,194.9,65.78,2.168,3.259666666666667,3.926,4.231333333333334,1.2056333333333333
2005-07-24,194.9,65.78,2.168,3.2463333333333333,3.936,4.240666666666667,1.2058666666666666
2005-07-25,194.9,65.78,2.168,3.233,3.946,4.25,1.2061
2005-07-26,194.9,65.78,2.172,3.207,3.938,4.228,1.2013
2005-07-27,194.9,65.78,2.19,3.222,3.99,4.262,1.2064
2005-07-28,194.9,65.78,2.197,3.22,3.957,4.193,1.2127
2005-07-29,194.9,65.78,2.209,3.218,4.023,4.282,1.2123
2005-07-30,194.9,65.78,2.223,3.225,4.028666666666666,4.293333333333333,1.2141666666666666
2005-07-31,194.9,65.78,2.237,3.2319999999999998,4.0343333333333335,4.304666666666667,1.2160333333333333
2005-08-01,196.1,65.94,2.251,3.239,4.04,4.316,1.2179
2005-08-02,196.1,65.94,2.259,3.293,4.052,4.34,1.2191
2005-08-03,196.1,65.94,2.26,3.329,4.023,4.296,1.2333
2005-08-04,196.1,65.94,2.24,3.324,4.044,4.316,1.2381
2005-08-05,196.1,65.94,2.284,3.343,4.111,4.392,1.2468
2005-08-06,196.1,65.94,2.256,3.355,4.128,4.403333333333333,1.2428333333333332
2005-08-07,196.1,65.94,2.228,3.367,4.145,4.414666666666667,1.2388666666666668
2005-08-08,196.1,65.94,2.2,3.379,4.162,4.426,1.2349
2005-08-09,196.1,65.94,2.29,3.368,4.112,4.392,1.2374
2005-08-10,196.1,65.94,2.28,3.379,4.12,4.396,1.2381
2005-08-11,196.1,65.94,2.286,3.343,4.079,4.328,1.2469
2005-08-12,196.1,65.94,2.241,3.349,4.042,4.25,1.2437
2005-08-13,196.1,65.94,2.2336666666666667,3.3273333333333333,4.051666666666667,4.262333333333333,1.2414333333333334
2005-08-14,196.1,65.94,2.2263333333333333,3.3056666666666668,4.061333333333333,4.274666666666667,1.2391666666666667
2005-08-15,196.1,65.94,2.219,3.284,4.071,4.287,1.2369
2005-08-16,196.1,65.94,2.185,3.284,4.008,4.213,1.2347
2005-08-17,196.1,65.94,2.186,3.232,4.051,4.273,1.2274
2005-08-18,196.1,65.94,2.152,3.232,4.0,4.206,1.218
2005-08-19,196.1,65.94,2.158,3.183,4.018,4.211,1.2146
2005-08-20,196.1,65.94,2.1616666666666666,3.187,4.018,4.211,1.2174333333333334
2005-08-21,196.1,65.94,2.1653333333333333,3.191,4.018,4.211,1.2202666666666666
2005-08-22,196.1,65.94,2.169,3.195,4.018,4.211,1.2231
2005-08-23,196.1,65.94,2.165,3.163,3.988,4.184,1.2231
2005-08-24,196.1,65.94,2.193,3.162,3.98,4.171,1.2271
2005-08-25,196.1,65.94,2.176,3.172,4.008,4.161,1.2299
2005-08-26,196.1,65.94,2.171,3.138,4.07,4.192,1.2288
2005-08-27,196.1,65.94,2.1786666666666665,3.142333333333333,4.065666666666667,4.186,1.2269333333333332
2005-08-28,196.1,65.94,2.1863333333333332,3.1466666666666665,4.061333333333334,4.180000000000001,1.2250666666666667
2005-08-29,196.1,65.94,2.194,3.151,4.057,4.174,1.2232
2005-08-30,196.1,65.94,2.223,3.15,3.947,4.094,1.2213
2005-08-31,196.1,65.94,2.172,3.153,3.82,4.014,1.2337
2005-09-01,198.8,66.28,2.114,3.103,3.725,4.035,1.2484
2005-09-02,198.8,66.28,2.137,3.066,3.765,4.044,1.2524
2005-09-03,198.8,66.28,2.1293333333333333,3.0636666666666668,3.77725,4.058249999999999,1.2524333333333333
2005-09-04,198.8,66.28,2.1216666666666666,3.0613333333333332,3.7895000000000003,4.0725,1.2524666666666666
2005-09-05,198.8,66.28,2.114,3.059,3.80175,4.08675,1.2525
2005-09-06,198.8,66.28,2.115,3.056,3.814,4.101,1.2454
2005-09-07,198.8,66.28,2.132,3.088,3.855,4.141,1.2413
2005-09-08,198.8,66.28,2.132,3.096,3.875,4.147,1.2391
2005-09-09,198.8,66.28,2.145,3.073,3.879,4.124,1.239
2005-09-10,198.8,66.28,2.147,3.0636666666666668,3.8926666666666665,4.141333333333333,1.2355666666666667
2005-09-11,198.8,66.28,2.149,3.054333333333333,3.9063333333333334,4.158666666666667,1.2321333333333333
2005-09-12,198.8,66.28,2.151,3.045,3.92,4.176,1.2287
2005-09-13,198.8,66.28,2.198,3.128,3.866,4.133,1.2275
2005-09-14,198.8,66.28,2.199,3.094,3.886,4.17,1.2276
2005-09-15,198.8,66.28,2.21,3.091,3.899,4.217,1.2233
2005-09-16,198.8,66.28,2.223,3.126,3.978,4.279,1.2233
2005-09-17,198.8,66.28,2.2186666666666666,3.129,3.9596666666666667,4.270333333333333,1.2200333333333333
2005-09-18,198.8,66.28,2.2143333333333333,3.1319999999999997,3.9413333333333336,4.261666666666667,1.2167666666666668
2005-09-19,198.8,66.28,2.21,3.135,3.923,4.253,1.2135
2005-09-20,198.8,66.28,2.18,3.091,3.986,4.244,1.2115
2005-09-21,198.8,66.28,2.17,3.076,3.919,4.17,1.2133500000000002
2005-09-22,198.8,66.28,2.16,3.009,3.952,4.187,1.2152
2005-09-23,198.8,66.28,2.197,3.01,4.024,4.251,1.2036
2005-09-24,198.8,66.28,2.2136666666666667,3.0269999999999997,4.037,4.266,1.2047333333333334
2005-09-25,198.8,66.28,2.2303333333333333,3.044,4.05,4.281000000000001,1.2058666666666666
2005-09-26,198.8,66.28,2.247,3.061,4.063,4.296,1.207
2005-09-27,198.8,66.28,2.25,3.115,4.08,4.285,1.2016
2005-09-28,198.8,66.28,2.2,3.115,4.084,4.259,1.2059
2005-09-29,198.8,66.28,2.2,3.118,4.136,4.304,1.2017
2005-09-30,198.8,66.28,2.2,3.154,4.173,4.332,1.2025
2005-10-01,199.1,66.45,2.236666666666667,3.1533333333333333,4.187,4.350333333333333,1.1985666666666666
2005-10-02,199.1,66.45,2.2733333333333334,3.1526666666666667,4.201,4.368666666666666,1.1946333333333334
2005-10-03,199.1,66.45,2.31,3.152,4.215,4.387,1.1907
2005-10-04,199.1,66.45,2.3,3.176,4.219,4.371,1.1915
2005-10-05,199.1,66.45,2.33,3.175,4.19,4.346,1.20095
2005-10-06,199.1,66.45,2.371,3.187,4.207,4.395,1.2169
2005-10-07,199.1,66.45,2.34,3.194,4.179,4.362,1.2127
2005-10-08,199.1,66.45,2.3466666666666667,3.185,4.179,4.362,1.2099666666666666
2005-10-09,199.1,66.45,2.353333333333333,3.1759999999999997,4.179,4.362,1.2072333333333332
2005-10-10,199.1,66.45,2.36,3.167,4.179,4.362,1.2045
2005-10-11,199.1,66.45,2.36,3.165,4.221,4.395,1.198
2005-10-12,199.1,66.45,2.3,3.192,4.238,4.445,1.2023
2005-10-13,199.1,66.45,2.38,3.229,4.234,4.467,1.2013
2005-10-14,199.1,66.45,2.37,3.289,4.26,4.481,1.2074
2005-10-15,199.1,66.45,2.38,3.295666666666667,4.267333333333333,4.487,1.2053
2005-10-16,199.1,66.45,2.39,3.3023333333333333,4.274666666666667,4.492999999999999,1.2032
2005-10-17,199.1,66.45,2.4,3.309,4.282,4.499,1.2011
2005-10-18,199.1,66.45,2.41,3.298,4.252,4.477,1.1947
2005-10-19,199.1,66.45,2.38,3.279,4.248,4.469,1.1971
2005-10-20,199.1,66.45,2.41,3.261,4.236,4.435,1.2016
2005-10-21,199.1,66.45,2.41,3.288,4.211,4.392,1.1966
2005-10-22,199.1,66.45,2.4066666666666667,3.2686666666666664,4.226666666666667,4.410666666666667,1.1968333333333334
2005-10-23,199.1,66.45,2.4033333333333333,3.2493333333333334,4.242333333333334,4.429333333333334,1.1970666666666667
2005-10-24,199.1,66.45,2.4,3.23,4.258,4.448,1.1973
2005-10-25,199.1,66.45,2.457,3.255,4.348,4.54,1.2109
2005-10-26,199.1,66.45,2.463,3.331,4.379,4.589,1.2057
2005-10-27,199.1,66.45,2.563,3.372,4.353,4.554,1.214
2005-10-28,199.1,66.45,2.581,3.411,4.39,4.569,1.2062
2005-10-29,199.1,66.45,2.596,3.411,4.3886666666666665,4.565,1.2036
2005-10-30,199.1,66.45,2.6109999999999998,3.411,4.387333333333333,4.561,1.2009999999999998
2005-10-31,199.1,66.45,2.626,3.411,4.386,4.557,1.1984
2005-11-01,198.1,66.31,2.621,3.395,4.415,4.569,1.202
2005-11-02,198.1,66.31,2.638,3.41,4.432,4.61,1.2065
2005-11-03,198.1,66.31,2.672,3.445,4.47,4.653,1.1948
2005-11-04,198.1,66.31,2.674,3.459,4.466,4.663,1.1812
2005-11-05,198.1,66.31,2.646333333333333,3.473666666666667,4.462,4.6513333333333335,1.1804000000000001
2005-11-06,198.1,66.31,2.618666666666667,3.4883333333333333,4.458,4.639666666666667,1.1796
2005-11-07,198.1,66.31,2.591,3.503,4.454,4.628,1.1788
2005-11-08,198.1,66.31,2.608,3.506,4.416,4.559,1.1764
2005-11-09,198.1,66.31,2.586,3.459,4.492,4.645,1.1773
2005-11-10,198.1,66.31,2.764,3.524,4.442,4.562,1.1672
2005-11-11,198.1,66.31,2.73,3.519,4.434,4.579,1.1735
2005-11-12,198.1,66.31,2.7283333333333335,3.5180000000000002,4.455333333333334,4.589333333333333,1.1719333333333333
2005-11-13,198.1,66.31,2.7266666666666666,3.517,4.476666666666667,4.599666666666667,1.1703666666666668
2005-11-14,198.1,66.31,2.725,3.516,4.498,4.61,1.1688
2005-11-15,198.1,66.31,2.817,3.552,4.468,4.563,1.1727
2005-11-16,198.1,66.31,2.703,3.497,4.405,4.478,1.1674
2005-11-17,198.1,66.31,2.659,3.422,4.38,4.465,1.1745
2005-11-18,198.1,66.31,2.706,3.431,4.397,4.496,1.1774
2005-11-19,198.1,66.31,2.7236666666666665,3.461333333333333,4.391333333333334,4.485,1.17605
2005-11-20,198.1,66.31,2.7413333333333334,3.4916666666666667,4.385666666666666,4.474,1.1746999999999999
2005-11-21,198.1,66.31,2.759,3.522,4.38,4.463,1.17335
2005-11-22,198.1,66.31,2.783,3.496,4.317,4.431,1.1812
2005-11-23,198.1,66.31,2.743,3.474,4.355,4.478,1.1805
2005-11-24,198.1,66.31,2.768,3.474,4.3395,4.4565,1.1777
2005-11-25,198.1,66.31,2.705,3.398,4.324,4.435,1.172
2005-11-26,198.1,66.31,2.707,3.4026666666666667,4.324,4.426666666666667,1.1762666666666666
2005-11-27,198.1,66.31,2.709,3.4073333333333333,4.324,4.418333333333333,1.1805333333333334
2005-11-28,198.1,66.31,2.711,3.412,4.324,4.41,1.1848
2005-11-29,198.1,66.31,2.724,3.391,4.398,4.482,1.1766
2005-11-30,198.1,66.31,2.707,3.451,4.415,4.49,1.1803
2005-12-01,198.1,66.53,2.762,3.423,4.44,4.519,1.1739
2005-12-02,198.1,66.53,2.686,3.393,4.428,4.515,1.1709
2005-12-03,198.1,66.53,2.6666666666666665,3.3906666666666667,4.442,4.535,1.1733666666666667
2005-12-04,198.1,66.53,2.6473333333333335,3.388333333333333,4.4559999999999995,4.555,1.1758333333333333
2005-12-05,198.1,66.53,2.628,3.386,4.47,4.575,1.1783
2005-12-06,198.1,66.53,2.687,3.417,4.404,4.488,1.1794
2005-12-07,198.1,66.53,2.658,3.368,4.412,4.517,1.1717
2005-12-08,198.1,66.53,2.755,3.405,4.37,4.468,1.1813
2005-12-09,198.1,66.53,2.649,3.371,4.408,4.533,1.1814
2005-12-10,198.1,66.53,2.6966666666666668,3.395,4.418,4.539666666666667,1.18605
2005-12-11,198.1,66.53,2.744333333333333,3.419,4.428,4.546333333333333,1.1906999999999999
2005-12-12,198.1,66.53,2.792,3.443,4.438,4.553,1.19535
2005-12-13,198.1,66.53,2.781,3.424,4.413,4.525,1.1946
2005-12-14,198.1,66.53,2.839,3.392,4.375,4.464,1.1971
2005-12-15,198.1,66.53,2.807,3.37,4.363,4.462,1.1964
2005-12-16,198.1,66.53,2.829,3.358,4.359,4.439,1.2011
2005-12-17,198.1,66.53,2.823666666666667,3.353666666666667,4.366,4.441333333333334,1.2008666666666667
2005-12-18,198.1,66.53,2.8183333333333334,3.3493333333333335,4.373,4.443666666666666,1.2006333333333332
2005-12-19,198.1,66.53,2.813,3.345,4.38,4.446,1.2004
2005-12-20,198.1,66.53,2.807,3.333,4.41,4.466,1.1871
2005-12-21,198.1,66.53,2.829,3.348,4.444,4.496,1.1827
2005-12-22,198.1,66.53,2.781,3.362,4.389,4.435,1.1872
2005-12-23,198.1,66.53,2.877,3.327,4.364,4.376,1.1871
2005-12-24,198.1,66.53,2.85025,3.3263333333333334,4.36175,4.368,1.1858666666666666
2005-12-25,198.1,66.53,2.8235,3.3256666666666668,4.359500000000001,4.36,1.1846333333333334
2005-12-26,198.1,66.53,2.79675,3.325,4.3572500000000005,4.352,1.1834
2005-12-27,198.1,66.53,2.77,3.304,4.355,4.344,1.1853
2005-12-28,198.1,66.53,2.754,3.294,4.377,4.38,1.1843
2005-12-29,198.1,66.53,2.744,3.293,4.377,4.36,1.1848
2005-12-30,198.1,66.53,2.888,3.295,4.404,4.395,1.1824
2005-12-31,198.1,66.53,2.877333333333333,3.2986666666666666,4.38625,4.38875,1.1820333333333333
2006-01-01,199.3,66.24,2.8666666666666667,3.3023333333333333,4.3685,4.3825,1.1816666666666666
2006-01-02,199.3,66.24,2.856,3.306,4.35075,4.37625,1.1813
2006-01-03,199.3,66.24,2.883,3.338,4.333,4.37,1.2031
2006-01-04,199.3,66.24,2.867,3.308,4.304,4.348,1.211
2006-01-05,199.3,66.24,2.76,3.275,4.325,4.358,1.2104
2006-01-06,199.3,66.24,2.765,3.257,4.366,4.383,1.2152
2006-01-07,199.3,66.24,2.759666666666667,3.2576666666666667,4.361666666666666,4.379666666666667,1.2126000000000001
2006-01-08,199.3,66.24,2.7543333333333333,3.2583333333333333,4.357333333333333,4.376333333333333,1.21
2006-01-09,199.3,66.24,2.749,3.259,4.353,4.373,1.2074
2006-01-10,199.3,66.24,2.694,3.237,4.399,4.43,1.2059
2006-01-11,199.3,66.24,2.835,3.267,4.429,4.458,1.2137
2006-01-12,199.3,66.24,2.857,3.294,4.383,4.408,1.2043
2006-01-13,199.3,66.24,2.841,3.252,4.349,4.357,1.2117
2006-01-14,199.3,66.24,2.835,3.248333333333333,4.34475,4.360333333333333,1.2115666666666667
2006-01-15,199.3,66.24,2.829,3.244666666666667,4.3405000000000005,4.363666666666667,1.2114333333333334
2006-01-16,199.3,66.24,2.823,3.241,4.33625,4.367,1.2113
2006-01-17,199.3,66.24,2.847,3.252,4.332,4.33,1.2106
2006-01-18,199.3,66.24,2.814,3.241,4.336,4.338,1.2107
2006-01-19,199.3,66.24,2.726,3.279,4.378,4.377,1.2088
2006-01-20,199.3,66.24,2.797,3.333,4.361,4.355,1.2136
2006-01-21,199.3,66.24,2.8266666666666667,3.342,4.362333333333333,4.357,1.2190333333333334
2006-01-22,199.3,66.24,2.8563333333333336,3.351,4.363666666666667,4.359,1.2244666666666666
2006-01-23,199.3,66.24,2.886,3.36,4.365,4.361,1.2299
2006-01-24,199.3,66.24,2.908,3.351,4.391,4.394,1.2262
2006-01-25,199.3,66.24,2.903,3.366,4.463,4.481,1.2243
2006-01-26,199.3,66.24,2.888,3.426,4.491,4.525,1.22125
2006-01-27,199.3,66.24,2.937,3.471,4.503,4.515,1.2096
2006-01-28,199.3,66.24,2.9353333333333333,3.474,4.5056666666666665,4.520333333333333,1.2091666666666667
2006-01-29,199.3,66.24,2.9336666666666664,3.477,4.508333333333334,4.525666666666666,1.2087333333333332
2006-01-30,199.3,66.24,2.932,3.48,4.511,4.531,1.2083
2006-01-31,199.3,66.24,2.96,3.456,4.528,4.519,1.2146
2006-02-01,199.4,66.42,2.966,3.456,4.586,4.561,1.2062
2006-02-02,199.4,66.42,2.984,3.505,4.595,4.563,1.2082
2006-02-03,199.4,66.42,2.973,3.504,4.579,4.529,1.2024
2006-02-04,199.4,66.42,2.9673333333333334,3.4956666666666667,4.593,4.535,1.2002666666666666
2006-02-05,199.4,66.42,2.9616666666666664,3.4873333333333334,4.607,4.5409999999999995,1.1981333333333333
2006-02-06,199.4,66.42,2.956,3.479,4.621,4.547,1.196
2006-02-07,199.4,66.42,2.956,3.465,4.608,4.571,1.199
2006-02-08,199.4,66.42,2.86,3.491,4.638,4.591,1.1961
2006-02-09,199.4,66.42,2.849,3.493,4.659,4.549,1.1996
2006-02-10,199.4,66.42,2.929,3.454,4.694,4.59,1.2064
2006-02-11,199.4,66.42,2.9273333333333333,3.4663333333333335,4.688666666666666,4.588333333333333,1.2012
2006-02-12,199.4,66.42,2.9256666666666664,3.478666666666667,4.683333333333334,4.586666666666667,1.196
2006-02-13,199.4,66.42,2.924,3.491,4.678,4.585,1.1908
2006-02-14,199.4,66.42,2.924,3.481,4.691,4.612,1.1913
2006-02-15,199.4,66.42,2.918,3.486,4.699,4.6,1.1883
2006-02-16,199.4,66.42,2.936,3.488,4.696,4.588,1.1904
2006-02-17,199.4,66.42,2.936,3.482,4.671,4.539,1.1925
2006-02-18,199.4,66.42,2.9206666666666665,3.4723333333333333,4.67975,4.5409999999999995,1.1926999999999999
2006-02-19,199.4,66.42,2.9053333333333335,3.462666666666667,4.6885,4.543,1.1929
2006-02-20,199.4,66.42,2.89,3.453,4.69725,4.545,1.1931
2006-02-21,199.4,66.42,2.896,3.42,4.706,4.571,1.1918
2006-02-22,199.4,66.42,2.908,3.429,4.672,4.527,1.1914
2006-02-23,199.4,66.42,2.926,3.401,4.724,4.563,1.192
2006-02-24,199.4,66.42,2.979,3.481,4.733,4.577,1.1873
2006-02-25,199.4,66.42,2.9796666666666667,3.485333333333333,4.734333333333333,4.582666666666666,1.1864000000000001
2006-02-26,199.4,66.42,2.9803333333333333,3.489666666666667,4.735666666666667,4.588333333333334,1.1855
2006-02-27,199.4,66.42,2.981,3.494,4.737,4.594,1.1846
2006-02-28,199.4,66.42,3.038,3.527,4.691,4.557,1.1927
2006-03-01,199.7,66.81,3.021,3.472,4.704,4.589,1.1917
2006-03-02,199.7,66.81,2.939,3.495,4.72,4.632,1.2034
2006-03-03,199.7,66.81,3.105,3.572,4.754,4.684,1.2038
2006-03-04,199.7,66.81,3.105,3.5766666666666667,4.759666666666666,4.707333333333334,1.203
2006-03-05,199.7,66.81,3.105,3.5813333333333333,4.765333333333333,4.730666666666666,1.2022
2006-03-06,199.7,66.81,3.105,3.586,4.771,4.754,1.2014
2006-03-07,199.7,66.81,2.993,3.591,4.758,4.728,1.1887
2006-03-08,199.7,66.81,3.011,3.607,4.725,4.732,1.1924
2006-03-09,199.7,66.81,3.157,3.638,4.721,4.73,1.1901
2006-03-10,199.7,66.81,3.151,3.629,4.742,4.763,1.1907
2006-03-11,199.7,66.81,3.1616666666666666,3.642,4.7363333333333335,4.766333333333333,1.1926
2006-03-12,199.7,66.81,3.172333333333333,3.6550000000000002,4.730666666666666,4.769666666666667,1.1945
2006-03-13,199.7,66.81,3.183,3.668,4.725,4.773,1.1964
2006-03-14,199.7,66.81,3.204,3.689,4.649,4.698,1.2016
2006-03-15,199.7,66.81,3.168,3.64,4.683,4.731,1.20695
2006-03-16,199.7,66.81,3.2,3.674,4.624,4.648,1.2172
2006-03-17,199.7,66.81,3.2,3.634,4.653,4.676,1.2189
2006-03-18,199.7,66.81,3.210666666666667,3.648,4.6546666666666665,4.671333333333333,1.21785
2006-03-19,199.7,66.81,3.2213333333333334,3.662,4.656333333333333,4.666666666666667,1.2168
2006-03-20,199.7,66.81,3.232,3.676,4.658,4.662,1.21575
2006-03-21,199.7,66.81,3.211,3.66,4.743,4.725,1.2106
2006-03-22,199.7,66.81,3.206,3.665,4.747,4.705,1.2075
2006-03-23,199.7,66.81,3.207,3.634,4.773,4.737,1.1969
2006-03-24,199.7,66.81,3.212,3.677,4.718,4.675,1.2032
2006-03-25,199.7,66.81,3.196,3.6626666666666665,4.726333333333334,4.686333333333333,1.2024000000000001
2006-03-26,199.7,66.81,3.18,3.6483333333333334,4.734666666666667,4.697666666666667,1.2016
2006-03-27,199.7,66.81,3.164,3.634,4.743,4.709,1.2008
2006-03-28,199.7,66.81,3.175,3.644,4.807,4.794,1.2006
2006-03-29,199.7,66.81,3.272,3.744,4.807,4.808,1.2028
2006-03-30,199.7,66.81,3.284,3.767,4.845,4.861,1.2163
2006-03-31,199.7,66.81,3.306,3.791,4.824,4.853,1.2111
2006-04-01,200.7,67.25,3.308,3.789,4.834,4.857333333333333,1.2118666666666666
2006-04-02,200.7,67.25,3.31,3.787,4.844,4.861666666666666,1.2126333333333335
2006-04-03,200.7,67.25,3.312,3.785,4.854,4.866,1.2134
2006-04-04,200.7,67.25,3.339,3.809,4.829,4.868,1.2259
2006-04-05,200.7,67.25,3.334,3.845,4.812,4.847,1.2285
2006-04-06,200.7,67.25,3.297,3.838,4.842,4.901,1.2212
2006-04-07,200.7,67.25,3.286,3.878,4.914,4.986,1.2097
2006-04-08,200.7,67.25,3.277,3.885666666666667,4.905666666666667,4.976333333333333,1.2100333333333333
2006-04-09,200.7,67.25,3.268,3.893333333333333,4.897333333333333,4.966666666666667,1.2103666666666668
2006-04-10,200.7,67.25,3.259,3.901,4.889,4.957,1.2107
2006-04-11,200.7,67.25,3.293,3.904,4.868,4.924,1.2144
2006-04-12,200.7,67.25,3.272,3.852,4.915,4.982,1.2111
2006-04-13,200.7,67.25,3.3,3.877,4.959,5.053,1.2114
2006-04-14,200.7,67.25,3.3034,3.8918,4.94525,5.042,1.2108
2006-04-15,200.7,67.25,3.3068,3.9066,4.9315,5.031000000000001,1.2155666666666667
2006-04-16,200.7,67.25,3.3102,3.9213999999999998,4.91775,5.0200000000000005,1.2203333333333335
2006-04-17,200.7,67.25,3.3136,3.9362,4.904,5.009,1.2251
2006-04-18,200.7,67.25,3.317,3.951,4.84,4.987,1.2364
2006-04-19,200.7,67.25,3.296,3.925,4.862,5.028,1.2376
2006-04-20,200.7,67.25,3.308,3.933,4.896,5.047,1.2307
2006-04-21,200.7,67.25,3.314,3.925,4.91,5.016,1.2338
2006-04-22,200.7,67.25,3.3103333333333333,3.931,4.901666666666666,5.0056666666666665,1.2354
2006-04-23,200.7,67.25,3.3066666666666666,3.937,4.8933333333333335,4.995333333333334,1.2369999999999999
2006-04-24,200.7,67.25,3.303,3.943,4.885,4.985,1.2386
2006-04-25,200.7,67.25,3.309,3.925,4.945,5.073,1.2427
2006-04-26,200.7,67.25,3.388,3.975,4.989,5.111,1.2447
2006-04-27,200.7,67.25,3.395,3.984,4.908,5.073,1.253
2006-04-28,200.7,67.25,3.385,3.97,4.871,5.057,1.2633
2006-04-29,200.7,67.25,3.38075,3.96525,4.898666666666667,5.085666666666667,1.2614666666666667
2006-04-30,200.7,67.25,3.3765,3.9605,4.926333333333333,5.114333333333334,1.2596333333333334
2006-05-01,201.3,67.44,3.3722499999999997,3.95575,4.954,5.143,1.2578
2006-05-02,201.3,67.44,3.368,3.951,4.921,5.114,1.2612
2006-05-03,201.3,67.44,3.34,3.971,4.941,5.148,1.262
2006-05-04,201.3,67.44,3.336,3.99,4.979,5.161,1.2698
2006-05-05,201.3,67.44,3.359,4.017,4.937,5.106,1.2723
2006-05-06,201.3,67.44,3.3686666666666665,4.011,4.947,5.110333333333333,1.2715333333333334
2006-05-07,201.3,67.44,3.3783333333333334,4.005,4.957,5.1146666666666665,1.2707666666666666
2006-05-08,201.3,67.44,3.388,3.999,4.967,5.119,1.27
2006-05-09,201.3,67.44,3.36,4.005,4.971,5.13,1.2765
2006-05-10,201.3,67.44,3.361,4.016,4.996,5.13,1.2773
2006-05-11,201.3,67.44,3.322,4.004,4.996,5.162,1.2852
2006-05-12,201.3,67.44,3.368,4.061,5.014,5.2,1.2915
2006-05-13,201.3,67.44,3.377,4.060333333333333,5.002666666666667,5.187,1.2870333333333335
2006-05-14,201.3,67.44,3.386,4.059666666666667,4.991333333333333,5.1739999999999995,1.2825666666666666
2006-05-15,201.3,67.44,3.395,4.059,4.98,5.161,1.2781
2006-05-16,201.3,67.44,3.271,4.013,4.95,5.103,1.2845
2006-05-17,201.3,67.44,3.243,4.067,4.959,5.151,1.274
2006-05-18,201.3,67.44,3.33,4.067,4.929,5.063,1.2847
2006-05-19,201.3,67.44,3.308,4.007,4.972,5.064,1.2763
2006-05-20,201.3,67.44,3.312,4.005333333333333,4.964666666666667,5.057333333333333,1.2790666666666666
2006-05-21,201.3,67.44,3.316,4.003666666666667,4.957333333333334,5.050666666666666,1.2818333333333334
2006-05-22,201.3,67.44,3.32,4.002,4.95,5.044,1.2846
2006-05-23,201.3,67.44,3.262,3.929,4.929,5.016,1.2781
2006-05-24,201.3,67.44,3.268,3.918,4.942,5.042,1.2769
2006-05-25,201.3,67.44,3.257,3.894,4.962,5.076,1.2806
2006-05-26,201.3,67.44,3.252,3.872,4.954,5.056,1.2733
2006-05-27,201.3,67.44,3.254,3.8753333333333333,4.95925,5.058,1.2737666666666667
2006-05-28,201.3,67.44,3.256,3.8786666666666667,4.964499999999999,5.0600000000000005,1.2742333333333333
2006-05-29,201.3,67.44,3.258,3.882,4.9697499999999994,5.062,1.2747
2006-05-30,201.3,67.44,3.27,3.888,4.975,5.078,1.2861
2006-05-31,201.3,67.44,3.306,3.932,5.041,5.123,1.2813
2006-06-01,201.8,67.49,3.372,3.989,5.029,5.104,1.281
2006-06-02,201.8,67.49,3.385,3.991,4.921,4.994,1.2916
2006-06-03,201.8,67.49,3.3673333333333333,3.9686666666666666,4.941666666666666,5.004666666666666,1.2909333333333335
2006-06-04,201.8,67.49,3.3496666666666663,3.9463333333333335,4.9623333333333335,5.015333333333333,1.2902666666666667
2006-06-05,201.8,67.49,3.332,3.924,4.983,5.026,1.2896
2006-06-06,201.8,67.49,3.41,3.96,4.996,5.004,1.2817
2006-06-07,201.8,67.49,3.419,3.998,5.009,5.024,1.28
2006-06-08,201.8,67.49,3.436,3.998,5.009,5.0,1.2646
2006-06-09,201.8,67.49,3.371,3.93,5.005,4.977,1.2638
2006-06-10,201.8,67.49,3.363,3.93,5.010666666666666,4.979,1.2619333333333334
2006-06-11,201.8,67.49,3.355,3.93,5.016333333333334,4.981,1.2600666666666667
2006-06-12,201.8,67.49,3.347,3.93,5.022,4.983,1.2582
2006-06-13,201.8,67.49,3.33,3.902,5.013,4.969,1.2543
2006-06-14,201.8,67.49,3.312,3.864,5.12,5.07,1.2606
2006-06-15,201.8,67.49,3.356,3.904,5.141,5.1,1.263
2006-06-16,201.8,67.49,3.38,3.955,5.168,5.135,1.2638
2006-06-17,201.8,67.49,3.3783333333333334,3.953,5.1723333333333334,5.136333333333333,1.2617666666666667
2006-06-18,201.8,67.49,3.3766666666666665,3.951,5.176666666666667,5.137666666666667,1.2597333333333334
2006-06-19,201.8,67.49,3.375,3.949,5.181,5.139,1.2577
2006-06-20,201.8,67.49,3.424,3.965,5.203,5.157,1.2583
2006-06-21,201.8,67.49,3.463,3.997,5.203,5.159,1.2658
2006-06-22,201.8,67.49,3.495,4.015,5.242,5.214,1.2581
2006-06-23,201.8,67.49,3.517,4.059,5.27,5.228,1.2508
2006-06-24,201.8,67.49,3.5243333333333333,4.065333333333333,5.265666666666666,5.2316666666666665,1.2534666666666665
2006-06-25,201.8,67.49,3.5316666666666667,4.071666666666667,5.261333333333333,5.235333333333333,1.2561333333333333
2006-06-26,201.8,67.49,3.539,4.078,5.257,5.239,1.2588
2006-06-27,201.8,67.49,3.561,4.087,5.245,5.208,1.2567
2006-06-28,201.8,67.49,3.599,4.083,5.283,5.253,1.2543
2006-06-29,201.8,67.49,3.6,4.095,5.196,5.2,1.2661
2006-06-30,201.8,67.49,3.546,4.054,5.162,5.145,1.279
2006-07-01,202.9,67.41,3.555333333333333,4.0553333333333335,5.167666666666666,5.148333333333333,1.2792333333333332
2006-07-02,202.9,67.41,3.5646666666666667,4.056666666666667,5.173333333333334,5.151666666666666,1.2794666666666668
2006-07-03,202.9,67.41,3.574,4.058,5.179,5.155,1.2797
2006-07-04,202.9,67.41,3.585,4.081,5.2105,5.143,1.2789
2006-07-05,202.9,67.41,3.564,4.068,5.242,5.227,1.2729
2006-07-06,202.9,67.41,3.614,4.134,5.217,5.183,1.2774
2006-07-07,202.9,67.41,3.637,4.115,5.175,5.132,1.2818
2006-07-08,202.9,67.41,3.626,4.096333333333334,5.176333333333333,5.131333333333333,1.2791666666666668
2006-07-09,202.9,67.41,3.615,4.0776666666666666,5.177666666666667,5.1306666666666665,1.2765333333333333
2006-07-10,202.9,67.41,3.604,4.059,5.179,5.13,1.2739
2006-07-11,202.9,67.41,3.615,4.082,5.162,5.108,1.2765
2006-07-12,202.9,67.41,3.588,4.041,5.183,5.106,1.271
2006-07-13,202.9,67.41,3.612,4.07,5.12,5.067,1.2692
2006-07-14,202.9,67.41,3.551,4.02,5.102,5.067,1.2649
2006-07-15,202.9,67.41,3.5420000000000003,4.006666666666666,5.107666666666667,5.067666666666667,1.2604333333333333
2006-07-16,202.9,67.41,3.533,3.993333333333333,5.113333333333333,5.068333333333333,1.2559666666666667
2006-07-17,202.9,67.41,3.524,3.98,5.119,5.069,1.2515
2006-07-18,202.9,67.41,3.524,3.984,5.192,5.136,1.2499
2006-07-19,202.9,67.41,3.558,4.013,5.11,5.055,1.2596
2006-07-20,202.9,67.41,3.553,3.979,5.068,5.03,1.263
2006-07-21,202.9,67.41,3.542,3.966,5.089,5.049,1.2693
2006-07-22,202.9,67.41,3.5366666666666666,3.965666666666667,5.090333333333334,5.049,1.2669000000000001
2006-07-23,202.9,67.41,3.531333333333333,3.965333333333333,5.091666666666667,5.049,1.2645
2006-07-24,202.9,67.41,3.526,3.965,5.093,5.049,1.2621
2006-07-25,202.9,67.41,3.526,3.961,5.123,5.069,1.258
2006-07-26,202.9,67.41,3.527,3.964,5.075,5.038,1.271
2006-07-27,202.9,67.41,3.545,3.97,5.054,5.04,1.2692
2006-07-28,202.9,67.41,3.534,3.948,4.988,4.994,1.2745
2006-07-29,202.9,67.41,3.523333333333333,3.9396666666666667,4.981,4.992,1.2753333333333332
2006-07-30,202.9,67.41,3.5126666666666666,3.9313333333333333,4.974,4.99,1.2761666666666667
2006-07-31,202.9,67.41,3.502,3.923,4.967,4.988,1.277
2006-08-01,203.8,67.47,3.512,3.922,4.962,4.981,1.2817
2006-08-02,203.8,67.47,3.487,3.922,4.954,4.965,1.2789
2006-08-03,203.8,67.47,3.507,3.926,4.991,4.963,1.2796
2006-08-04,203.8,67.47,3.57,3.965,4.916,4.899,1.2872
2006-08-05,203.8,67.47,3.56,3.9459999999999997,4.929666666666667,4.907,1.28535
2006-08-06,203.8,67.47,3.55,3.927,4.943333333333333,4.915,1.2834999999999999
2006-08-07,203.8,67.47,3.54,3.908,4.957,4.923,1.28165
2006-08-08,203.8,67.47,3.537,3.894,4.903,4.925,1.2772
2006-08-09,203.8,67.47,3.52,3.891,4.923,4.941,1.28695
2006-08-10,203.8,67.47,3.555,3.93,4.936,4.939,1.2791
2006-08-11,203.8,67.47,3.55,3.932,4.978,4.975,1.2713
2006-08-12,203.8,67.47,3.5693333333333332,3.9486666666666665,4.990666666666667,4.983,1.2715333333333334
2006-08-13,203.8,67.47,3.5886666666666667,3.9653333333333336,5.003333333333333,4.991,1.2717666666666667
2006-08-14,203.8,67.47,3.608,3.982,5.016,4.999,1.272
2006-08-15,203.8,67.47,3.655,4.001,4.952,4.935,1.2788
2006-08-16,203.8,67.47,3.626,3.976,4.884,4.865,1.284
2006-08-17,203.8,67.47,3.605,3.935,4.905,4.869,1.283
2006-08-18,203.8,67.47,3.623,3.912,4.883,4.847,1.2836
2006-08-19,203.8,67.47,3.6220000000000003,3.9063333333333334,4.8773333333333335,4.837000000000001,1.2847
2006-08-20,203.8,67.47,3.621,3.9006666666666665,4.871666666666666,4.827,1.2858
2006-08-21,203.8,67.47,3.62,3.895,4.866,4.817,1.2869
2006-08-22,203.8,67.47,3.589,3.858,4.874,4.811,1.2808
2006-08-23,203.8,67.47,3.512,3.814,4.874,4.821,1.2779
2006-08-24,203.8,67.47,3.52,3.808,4.887,4.805,1.2757
2006-08-25,203.8,67.47,3.516,3.811,4.869,4.785,1.2753
2006-08-26,203.8,67.47,3.5136666666666665,3.8036666666666665,4.873,4.7876666666666665,1.2765333333333333
2006-08-27,203.8,67.47,3.5113333333333334,3.7963333333333336,4.877,4.790333333333334,1.2777666666666667
2006-08-28,203.8,67.47,3.509,3.789,4.881,4.793,1.279
2006-08-29,203.8,67.47,3.503,3.798,4.866,4.785,1.2826
2006-08-30,203.8,67.47,3.527,3.806,4.821,4.753,1.2838
2006-08-31,203.8,67.47,3.528,3.804,4.788,4.732,1.2804
2006-09-01,202.8,67.47,3.501,3.755,4.762,4.724,1.2833
2006-09-02,202.8,67.47,3.505333333333333,3.749,4.77225,4.73925,1.284
2006-09-03,202.8,67.47,3.5096666666666665,3.743,4.7825,4.7545,1.2847000000000002
2006-09-04,202.8,67.47,3.514,3.737,4.79275,4.76975,1.2854
2006-09-05,202.8,67.47,3.52,3.748,4.803,4.785,1.2821
2006-09-06,202.8,67.47,3.583,3.797,4.816,4.799,1.28175
2006-09-07,202.8,67.47,3.609,3.812,4.824,4.793,1.2726
2006-09-08,202.8,67.47,3.633,3.809,4.819,4.777,1.2672
2006-09-09,202.8,67.47,3.6353333333333335,3.8033333333333332,4.826,4.786333333333333,1.2683333333333333
2006-09-10,202.8,67.47,3.6376666666666666,3.7976666666666667,4.833,4.7956666666666665,1.2694666666666667
2006-09-11,202.8,67.47,3.64,3.792,4.84,4.805,1.2706
2006-09-12,202.8,67.47,3.665,3.802,4.823,4.775,1.2691
2006-09-13,202.8,67.47,3.665,3.808,4.802,4.765,1.2694
2006-09-14,202.8,67.47,3.643,3.777,4.84,4.793,1.2717
2006-09-15,202.8,67.47,3.661,3.806,4.869,4.796,1.2645
2006-09-16,202.8,67.47,3.6603333333333334,3.7953333333333332,4.873333333333333,4.800666666666666,1.2665
2006-09-17,202.8,67.47,3.6596666666666664,3.784666666666667,4.877666666666666,4.8053333333333335,1.2685
2006-09-18,202.8,67.47,3.659,3.774,4.882,4.81,1.2705
2006-09-19,202.8,67.47,3.633,3.816,4.805,4.739,1.2676
2006-09-20,202.8,67.47,3.633,3.773,4.822,4.733,1.2685
2006-09-21,202.8,67.47,3.585,3.717,4.703,4.642,1.2778
2006-09-22,202.8,67.47,3.52,3.717,4.672,4.591,1.2776
2006-09-23,202.8,67.47,3.4896666666666665,3.707,4.663333333333333,4.575333333333333,1.2765666666666666
2006-09-24,202.8,67.47,3.4593333333333334,3.697,4.6546666666666665,4.559666666666667,1.2755333333333334
2006-09-25,202.8,67.47,3.429,3.687,4.646,4.544,1.2745
2006-09-26,202.8,67.47,3.472,3.657,4.701,4.587,1.2684
2006-09-27,202.8,67.47,3.515,3.654,4.645,4.604,1.2703
2006-09-28,202.8,67.47,3.499,3.677,4.666,4.618,1.2703
2006-09-29,202.8,67.47,3.499,3.681,4.691,4.633,1.2659
2006-09-30,202.8,67.47,3.525,3.6893333333333334,4.6786666666666665,4.626,1.2685
2006-10-01,201.9,67.53,3.551,3.6976666666666667,4.666333333333333,4.619,1.2711000000000001
2006-10-02,201.9,67.53,3.577,3.706,4.654,4.612,1.2737
2006-10-03,201.9,67.53,3.569,3.693,4.666,4.618,1.2732
2006-10-04,201.9,67.53,3.586,3.729,4.596,4.563,1.271
2006-10-05,201.9,67.53,3.553,3.69,4.658,4.61,1.2693
2006-10-06,201.9,67.53,3.575,3.717,4.75,4.696,1.2601
2006-10-07,201.9,67.53,3.5823333333333336,3.7333333333333334,4.77,4.698666666666666,1.2598333333333334
2006-10-08,201.9,67.53,3.5896666666666666,3.7496666666666667,4.79,4.701333333333333,1.2595666666666667
2006-10-09,201.9,67.53,3.597,3.766,4.8100000000000005,4.704,1.2593
2006-10-10,201.9,67.53,3.613,3.762,4.83,4.758,1.25295
2006-10-11,201.9,67.53,3.668,3.82,4.856,4.782,1.252
2006-10-12,201.9,67.53,3.68,3.835,4.839,4.776,1.2558
2006-10-13,201.9,67.53,3.652,3.811,4.87,4.802,1.2531
2006-10-14,201.9,67.53,3.658666666666667,3.8183333333333334,4.864333333333334,4.795333333333333,1.2533333333333334
2006-10-15,201.9,67.53,3.6653333333333333,3.8256666666666668,4.858666666666666,4.788666666666667,1.2535666666666667
2006-10-16,201.9,67.53,3.672,3.833,4.853,4.782,1.2538
2006-10-17,201.9,67.53,3.658,3.831,4.844,4.772,1.2542
2006-10-18,201.9,67.53,3.647,3.812,4.849,4.76,1.2536
2006-10-19,201.9,67.53,3.642,3.82,4.87,4.79,1.2625
2006-10-20,201.9,67.53,3.667,3.836,4.88,4.792,1.2611
2006-10-21,201.9,67.53,3.674,3.8366666666666664,4.893,4.806,1.2590000000000001
2006-10-22,201.9,67.53,3.681,3.8373333333333335,4.906,4.819999999999999,1.2569
2006-10-23,201.9,67.53,3.688,3.838,4.919,4.834,1.2548
2006-10-24,201.9,67.53,3.732,3.879,4.908,4.826,1.2556
2006-10-25,201.9,67.53,3.733,3.879,4.854,4.767,1.2613
2006-10-26,201.9,67.53,3.733,3.86,4.809,4.723,1.269
2006-10-27,201.9,67.53,3.739,3.855,4.755,4.677,1.2739
2006-10-28,201.9,67.53,3.73,3.8383333333333334,4.757666666666666,4.676333333333333,1.2731000000000001
2006-10-29,201.9,67.53,3.721,3.8216666666666668,4.7603333333333335,4.675666666666666,1.2723
2006-10-30,201.9,67.53,3.712,3.805,4.763,4.675,1.2715
2006-10-31,201.9,67.53,3.711,3.787,4.701,4.604,1.2762
2006-11-01,202.0,67.55,3.672,3.74,4.651,4.57,1.27535
2006-11-02,202.0,67.55,3.632,3.703,4.679,4.6,1.2776
2006-11-03,202.0,67.55,3.667,3.743,4.829,4.723,1.2718
2006-11-04,202.0,67.55,3.6806666666666668,3.7556666666666665,4.824666666666666,4.714333333333333,1.2720333333333333
2006-11-05,202.0,67.55,3.6943333333333332,3.7683333333333335,4.820333333333333,4.705666666666667,1.2722666666666667
2006-11-06,202.0,67.55,3.708,3.781,4.816,4.697,1.2725
2006-11-07,202.0,67.55,3.728,3.783,4.778,4.667,1.2777
2006-11-08,202.0,67.55,3.73,3.748,4.761,4.641,1.2757
2006-11-09,202.0,67.55,3.731,3.748,4.752,4.623,1.28325
2006-11-10,202.0,67.55,3.737,3.744,4.748,4.593,1.285
2006-11-11,202.0,67.55,3.719,3.735666666666667,4.757666666666667,4.599666666666667,1.2839833333333333
2006-11-12,202.0,67.55,3.701,3.727333333333333,4.767333333333333,4.606333333333334,1.2829666666666666
2006-11-13,202.0,67.55,3.683,3.719,4.777,4.613,1.28195
2006-11-14,202.0,67.55,3.709,3.729,4.743,4.568,1.2811
2006-11-15,202.0,67.55,3.703,3.72,4.819,4.625,1.2823
2006-11-16,202.0,67.55,3.727,3.741,4.861,4.672,1.2788
2006-11-17,202.0,67.55,3.728,3.761,4.771,4.605,1.2846
2006-11-18,202.0,67.55,3.716666666666667,3.747666666666667,4.774,4.603666666666667,1.2835333333333334
2006-11-19,202.0,67.55,3.7053333333333334,3.7343333333333333,4.777,4.602333333333333,1.2824666666666666
2006-11-20,202.0,67.55,3.694,3.721,4.78,4.601,1.2814
2006-11-21,202.0,67.55,3.658,3.714,4.767,4.578,1.284
2006-11-22,202.0,67.55,3.682,3.709,4.762,4.562,1.2936
2006-11-23,202.0,67.55,3.662,3.72,4.755,4.561,1.295
2006-11-24,202.0,67.55,3.711,3.741,4.748,4.56,1.3079
2006-11-25,202.0,67.55,3.7013333333333334,3.725,4.7410000000000005,4.551333333333333,1.3095333333333334
2006-11-26,202.0,67.55,3.6916666666666664,3.709,4.734,4.542666666666666,1.3111666666666666
2006-11-27,202.0,67.55,3.682,3.693,4.727,4.534,1.3128
2006-11-28,202.0,67.55,3.647,3.717,4.688,4.505,1.3201
2006-11-29,202.0,67.55,3.641,3.701,4.691,4.524,1.3144
2006-11-30,202.0,67.55,3.689,3.691,4.621,4.462,1.325
2006-12-01,203.1,67.81,3.654,3.692,4.529,4.439,1.3333
2006-12-02,203.1,67.81,3.64,3.682,4.525,4.435666666666667,1.3333
2006-12-03,203.1,67.81,3.626,3.672,4.521,4.432333333333333,1.3333
2006-12-04,203.1,67.81,3.612,3.662,4.517,4.429,1.3333
2006-12-05,203.1,67.81,3.595,3.665,4.521,4.446,1.3315
2006-12-06,203.1,67.81,3.636,3.669,4.591,4.489,1.3284
2006-12-07,203.1,67.81,3.661,3.689,4.583,4.487,1.3284
2006-12-08,203.1,67.81,3.703,3.712,4.679,4.55,1.3392
2006-12-09,203.1,67.81,3.707,3.719666666666667,4.676,4.540666666666667,1.3343666666666667
2006-12-10,203.1,67.81,3.711,3.727333333333333,4.673,4.531333333333333,1.3295333333333332
2006-12-11,203.1,67.81,3.715,3.735,4.67,4.522,1.3247
2006-12-12,203.1,67.81,3.737,3.74,4.62,4.493,1.3279
2006-12-13,203.1,67.81,3.749,3.736,4.713,4.587,1.3216
2006-12-14,203.1,67.81,3.76,3.753,4.742,4.601,1.3151
2006-12-15,203.1,67.81,3.787,3.785,4.726,4.599,1.3094
2006-12-16,203.1,67.81,3.7886666666666664,3.7920000000000003,4.724333333333333,4.594333333333333,1.3096333333333332
2006-12-17,203.1,67.81,3.7903333333333333,3.799,4.722666666666667,4.589666666666667,1.3098666666666667
2006-12-18,203.1,67.81,3.792,3.806,4.721,4.585,1.3101
2006-12-19,203.1,67.81,3.803,3.826,4.717,4.593,1.3205
2006-12-20,203.1,67.81,3.819,3.864,4.721,4.599,1.3185
2006-12-21,203.1,67.81,3.829,3.862,4.657,4.549,1.318
2006-12-22,203.1,67.81,3.829,3.863,4.735,4.628,1.3116
2006-12-23,203.1,67.81,3.8324000000000003,3.8676,4.7307500000000005,4.622,1.3121333333333334
2006-12-24,203.1,67.81,3.8358000000000003,3.8722,4.7265,4.616,1.3126666666666666
2006-12-25,203.1,67.81,3.8392,3.8768000000000002,4.72225,4.61,1.3132
2006-12-26,203.1,67.81,3.8426,3.8814,4.718,4.604,1.3109
2006-12-27,203.1,67.81,3.846,3.886,4.787,4.654,1.3122
2006-12-28,203.1,67.81,3.879,3.932,4.804,4.686,1.3144
2006-12-29,203.1,67.81,3.901,3.946,4.825,4.7,1.3193
2006-12-30,203.1,67.81,3.89825,3.94925,4.81975,4.696,1.3200166666666666
2006-12-31,203.1,67.81,3.8955,3.9525,4.814500000000001,4.692,1.3207333333333333
2007-01-01,203.437,67.47,3.89275,3.95575,4.8092500000000005,4.688000000000001,1.32145
2007-01-02,203.437,67.47,3.89,3.959,4.804,4.684,1.3273
2007-01-03,203.437,67.47,3.884,3.928,4.766,4.664,1.3168
2007-01-04,203.437,67.47,3.89,3.938,4.704,4.608,1.3088
2007-01-05,203.437,67.47,3.89,3.935,4.762,4.648,1.2982
2007-01-06,203.437,67.47,3.8973333333333335,3.9476666666666667,4.770333333333333,4.6513333333333335,1.3000333333333334
2007-01-07,203.437,67.47,3.9046666666666665,3.9603333333333333,4.778666666666666,4.6546666666666665,1.3018666666666667
2007-01-08,203.437,67.47,3.912,3.973,4.787,4.658,1.3037
2007-01-09,203.437,67.47,3.907,3.973,4.8,4.662,1.29935
2007-01-10,203.437,67.47,3.946,4.015,4.816,4.69,1.2936
2007-01-11,203.437,67.47,3.946,4.018,4.867,4.739,1.2893
2007-01-12,203.437,67.47,3.93,4.028,4.897,4.783,1.292
2007-01-13,203.437,67.47,3.93,4.039333333333333,4.8895,4.737333333333334,1.2924333333333333
2007-01-14,203.437,67.47,3.93,4.050666666666666,4.882,4.691666666666666,1.2928666666666666
2007-01-15,203.437,67.47,3.93,4.062,4.8745,4.646,1.2933
2007-01-16,203.437,67.47,3.941,4.057,4.867,4.753,1.29155
2007-01-17,203.437,67.47,3.947,4.041,4.91,4.785,1.2936
2007-01-18,203.437,67.47,3.931,4.041,4.889,4.749,1.296
2007-01-19,203.437,67.47,3.948,4.044,4.932,4.783,1.2955
2007-01-20,203.437,67.47,3.95,4.045999999999999,4.926333333333334,4.775666666666667,1.2953333333333334
2007-01-21,203.437,67.47,3.952,4.048,4.9206666666666665,4.7683333333333335,1.2951666666666666
2007-01-22,203.437,67.47,3.954,4.05,4.915,4.761,1.295
2007-01-23,203.437,67.47,3.926,4.011,4.954,4.81,1.302
2007-01-24,203.437,67.47,3.943,4.024,4.937,4.814,1.2961
2007-01-25,203.437,67.47,3.955,4.028,4.979,4.879,1.2934
2007-01-26,203.437,67.47,3.966,4.067,4.971,4.877,1.291
2007-01-27,203.437,67.47,3.9643333333333333,4.074666666666666,4.977666666666667,4.882666666666666,1.2926666666666666
2007-01-28,203.437,67.47,3.962666666666667,4.082333333333334,4.984333333333333,4.888333333333334,1.2943333333333333
2007-01-29,203.437,67.47,3.961,4.09,4.991,4.894,1.296
2007-01-30,203.437,67.47,3.978,4.113,4.975,4.875,1.2963
2007-01-31,203.437,67.47,3.961,4.103,4.925,4.814,1.3021
2007-02-01,204.226,67.67,3.956,4.095,4.966,4.843,1.30155
2007-02-02,204.226,67.67,3.956,4.094,4.937,4.827,1.296
2007-02-03,204.226,67.67,3.939,4.081666666666667,4.933,4.8213333333333335,1.2950333333333333
2007-02-04,204.226,67.67,3.9219999999999997,4.069333333333334,4.929,4.815666666666666,1.2940666666666667
2007-02-05,204.226,67.67,3.905,4.057,4.925,4.81,1.2931
2007-02-06,204.226,67.67,3.894,4.036,4.904,4.769,1.2983
2007-02-07,204.226,67.67,3.899,4.021,4.874,4.749,1.3022
2007-02-08,204.226,67.67,3.917,4.022,4.883,4.74,1.3036
2007-02-09,204.226,67.67,3.935,4.049,4.912,4.786,1.3004
2007-02-10,204.226,67.67,3.943,4.064333333333334,4.920333333333334,4.794,1.2988666666666666
2007-02-11,204.226,67.67,3.951,4.079666666666666,4.9286666666666665,4.802,1.2973333333333334
2007-02-12,204.226,67.67,3.959,4.095,4.937,4.81,1.2958
2007-02-13,204.226,67.67,3.9,4.115,4.95,4.816,1.3029
2007-02-14,204.226,67.67,3.982,4.128,4.878,4.742,1.3137
2007-02-15,204.226,67.67,3.959,4.097,4.844,4.71,1.3132
2007-02-16,204.226,67.67,3.93,4.048,4.848,4.696,1.3141
2007-02-17,204.226,67.67,3.936,4.048,4.8415,4.695333333333333,1.3144333333333333
2007-02-18,204.226,67.67,3.942,4.048,4.835,4.6946666666666665,1.3147666666666666
2007-02-19,204.226,67.67,3.948,4.048,4.8285,4.694,1.3151
2007-02-20,204.226,67.67,3.972,4.067,4.822,4.68,1.3144
2007-02-21,204.226,67.67,3.96,4.054,4.843,4.694,1.3137
2007-02-22,204.226,67.67,3.961,4.046,4.87,4.734,1.3125
2007-02-23,204.226,67.67,3.991,4.095,4.804,4.672,1.3166
2007-02-24,204.226,67.67,3.981,4.078333333333333,4.79,4.658333333333333,1.3175
2007-02-25,204.226,67.67,3.971,4.0616666666666665,4.776,4.644666666666667,1.3184
2007-02-26,204.226,67.67,3.961,4.045,4.762,4.631,1.3193
2007-02-27,204.226,67.67,3.897,3.994,4.589,4.513,1.323
2007-02-28,204.226,67.67,3.867,3.922,4.659,4.577,1.32265
2007-03-01,205.288,68.12,3.867,3.964,4.617,4.554,1.3169
2007-03-02,205.288,68.12,3.874,3.955,4.538,4.503,1.3161
2007-03-03,205.288,68.12,3.854,3.9473333333333334,4.529333333333334,4.500333333333334,1.3135666666666668
2007-03-04,205.288,68.12,3.834,3.9396666666666667,4.520666666666666,4.4976666666666665,1.3110333333333333
2007-03-05,205.288,68.12,3.814,3.932,4.512,4.495,1.3085
2007-03-06,205.288,68.12,3.832,3.906,4.583,4.534,1.3136
2007-03-07,205.288,68.12,3.874,3.928,4.532,4.493,1.3175
2007-03-08,205.288,68.12,3.876,3.915,4.57,4.518,1.31365
2007-03-09,205.288,68.12,3.832,3.925,4.678,4.591,1.3114
2007-03-10,205.288,68.12,3.8663333333333334,3.9356666666666666,4.665333333333333,4.580333333333334,1.3137666666666665
2007-03-11,205.288,68.12,3.9006666666666665,3.946333333333333,4.652666666666667,4.5696666666666665,1.3161333333333334
2007-03-12,205.288,68.12,3.935,3.957,4.64,4.559,1.3185
2007-03-13,205.288,68.12,3.917,3.928,4.513,4.491,1.3184
2007-03-14,205.288,68.12,3.899,3.886,4.572,4.54,1.3232
2007-03-15,205.288,68.12,3.888,3.901,4.588,4.544,1.328
2007-03-16,205.288,68.12,3.899,3.904,4.6,4.549,1.3315
2007-03-17,205.288,68.12,3.9026666666666667,3.9036666666666666,4.609999999999999,4.555666666666667,1.3312666666666666
2007-03-18,205.288,68.12,3.9063333333333334,3.9033333333333333,4.62,4.562333333333333,1.3310333333333333
2007-03-19,205.288,68.12,3.91,3.903,4.63,4.569,1.3308
2007-03-20,205.288,68.12,3.931,3.912,4.612,4.555,1.3315
2007-03-21,205.288,68.12,3.921,3.913,4.536,4.54,1.3396
2007-03-22,205.288,68.12,3.84,3.893,4.591,4.589,1.3332
2007-03-23,205.288,68.12,3.932,3.964,4.611,4.617,1.3281
2007-03-24,205.288,68.12,3.941,3.9766666666666666,4.604,4.613666666666667,1.3297
2007-03-25,205.288,68.12,3.95,3.989333333333333,4.5969999999999995,4.610333333333333,1.3313
2007-03-26,205.288,68.12,3.959,4.002,4.59,4.607,1.3329
2007-03-27,205.288,68.12,3.96,4.022,4.572,4.605,1.3361
2007-03-28,205.288,68.12,3.981,4.027,4.581,4.624,1.3312
2007-03-29,205.288,68.12,3.977,4.047,4.591,4.642,1.3332
2007-03-30,205.288,68.12,4.004,4.061,4.583,4.648,1.3356
2007-03-31,205.288,68.12,4.007666666666666,4.062,4.584333333333333,4.647333333333333,1.3359999999999999
2007-04-01,205.904,68.55,4.011333333333333,4.063,4.585666666666667,4.6466666666666665,1.3364
2007-04-02,205.904,68.55,4.015,4.064,4.587,4.646,1.3368
2007-04-03,205.904,68.55,4.043,4.082,4.624,4.67,1.3322
2007-04-04,205.904,68.55,4.039,4.103,4.604,4.654,1.3372
2007-04-05,205.904,68.55,4.017,4.082,4.629,4.684,1.3428
2007-04-06,205.904,68.55,4.0194,4.0842,4.616,4.757,1.3398
2007-04-07,205.904,68.55,4.0218,4.0864,4.658333333333333,4.755,1.3383
2007-04-08,205.904,68.55,4.0242,4.0886,4.700666666666667,4.753,1.3368
2007-04-09,205.904,68.55,4.0266,4.0908,4.743,4.751,1.3353
2007-04-10,205.904,68.55,4.029,4.093,4.701,4.726,1.3427
2007-04-11,205.904,68.55,4.068,4.129,4.722,4.737,1.3436
2007-04-12,205.904,68.55,4.091,4.16,4.735,4.74,1.3488
2007-04-13,205.904,68.55,4.108,4.199,4.77,4.765,1.3526
2007-04-14,205.904,68.55,4.1193333333333335,4.211,4.763,4.7556666666666665,1.3526333333333334
2007-04-15,205.904,68.55,4.1306666666666665,4.223,4.755999999999999,4.746333333333333,1.3526666666666667
2007-04-16,205.904,68.55,4.142,4.235,4.749,4.737,1.3527
2007-04-17,205.904,68.55,4.126,4.207,4.681,4.684,1.357
2007-04-18,205.904,68.55,4.115,4.181,4.643,4.656,1.3613
2007-04-19,205.904,68.55,4.105,4.155,4.647,4.67,1.3622
2007-04-20,205.904,68.55,4.134,4.205,4.652,4.674,1.3584
2007-04-21,205.904,68.55,4.130333333333334,4.201666666666667,4.6450000000000005,4.664666666666667,1.3582666666666667
2007-04-22,205.904,68.55,4.126666666666667,4.198333333333333,4.638,4.655333333333333,1.3581333333333334
2007-04-23,205.904,68.55,4.123,4.195,4.631,4.646,1.358
2007-04-24,205.904,68.55,4.118,4.183,4.605,4.624,1.3631
2007-04-25,205.904,68.55,4.118,4.17,4.644,4.658,1.3634
2007-04-26,205.904,68.55,4.131,4.178,4.674,4.7,1.3587
2007-04-27,205.904,68.55,4.172,4.214,4.661,4.699,1.3652
2007-04-28,205.904,68.55,4.168333333333333,4.215666666666667,4.638999999999999,4.675333333333334,1.3651
2007-04-29,205.904,68.55,4.164666666666666,4.217333333333333,4.617,4.651666666666666,1.365
2007-04-30,205.904,68.55,4.161,4.219,4.595,4.628,1.3649
2007-05-01,206.755,68.71,4.141,4.1805,4.637,4.642,1.3596
2007-05-02,206.755,68.71,4.121,4.142,4.653,4.65,1.3586
2007-05-03,206.755,68.71,4.18,4.202,4.712,4.682,1.3553
2007-05-04,206.755,68.71,4.18,4.232,4.683,4.644,1.3585
2007-05-05,206.755,68.71,4.174666666666666,4.2203333333333335,4.681666666666667,4.64,1.3588666666666667
2007-05-06,206.755,68.71,4.169333333333333,4.208666666666667,4.6803333333333335,4.636,1.3592333333333333
2007-05-07,206.755,68.71,4.164,4.197,4.679,4.632,1.3596
2007-05-08,206.755,68.71,4.181,4.207,4.679,4.638,1.3538
2007-05-09,206.755,68.71,4.165,4.208,4.734,4.672,1.3524
2007-05-10,206.755,68.71,4.189,4.228,4.688,4.642,1.3479
2007-05-11,206.755,68.71,4.161,4.199,4.714,4.676,1.3524
2007-05-12,206.755,68.71,4.165,4.209333333333333,4.722666666666667,4.684,1.3529666666666667
2007-05-13,206.755,68.71,4.169,4.219666666666667,4.731333333333334,4.692,1.3535333333333335
2007-05-14,206.755,68.71,4.173,4.23,4.74,4.7,1.3541
2007-05-15,206.755,68.71,4.203,4.274,4.744,4.708,1.3591
2007-05-16,206.755,68.71,4.244,4.305,4.74,4.716,1.352
2007-05-17,206.755,68.71,4.27,4.316,4.787,4.76,1.3493
2007-05-18,206.755,68.71,4.276,4.32,4.822,4.806,1.351
2007-05-19,206.755,68.71,4.274333333333333,4.32,4.818,4.8,1.3495
2007-05-20,206.755,68.71,4.272666666666667,4.32,4.814,4.7940000000000005,1.348
2007-05-21,206.755,68.71,4.271,4.32,4.81,4.788,1.3465
2007-05-22,206.755,68.71,4.266,4.313,4.84,4.832,1.3449
2007-05-23,206.755,68.71,4.314,4.352,4.836,4.849,1.3456
2007-05-24,206.755,68.71,4.328,4.375,4.845,4.845,1.3426
2007-05-25,206.755,68.71,4.299,4.296,4.869,4.865,1.3445
2007-05-26,206.755,68.71,4.31125,4.321,4.8765,4.867666666666667,1.3446333333333333
2007-05-27,206.755,68.71,4.3235,4.346,4.884,4.870333333333334,1.3447666666666667
2007-05-28,206.755,68.71,4.33575,4.371,4.8915,4.873,1.3449
2007-05-29,206.755,68.71,4.348,4.396,4.899,4.888,1.3443
2007-05-30,206.755,68.71,4.361,4.398,4.887,4.87,1.3428
2007-05-31,206.755,68.71,4.31,4.388,4.921,4.892,1.3454
2007-06-01,207.234,68.78,4.389,4.412,4.979,4.956,1.3436
2007-06-02,207.234,68.78,4.405333333333333,4.428333333333334,4.974666666666667,4.947,1.3453333333333333
2007-06-03,207.234,68.78,4.421666666666667,4.4446666666666665,4.9703333333333335,4.938000000000001,1.3470666666666666
2007-06-04,207.234,68.78,4.438,4.461,4.966,4.929,1.3488
2007-06-05,207.234,68.78,4.421,4.455,5.008,4.997,1.3516
2007-06-06,207.234,68.78,4.446,4.489,4.954,4.968,1.3492
2007-06-07,207.234,68.78,4.406,4.45,5.034,5.141,1.3425
2007-06-08,207.234,68.78,4.462,4.546,5.005,5.107,1.3373
2007-06-09,207.234,68.78,4.456333333333333,4.548333333333334,5.012,5.1273333333333335,1.3366333333333333
2007-06-10,207.234,68.78,4.450666666666667,4.550666666666666,5.019,5.147666666666667,1.3359666666666665
2007-06-11,207.234,68.78,4.445,4.553,5.026,5.168,1.3353
2007-06-12,207.234,68.78,4.458,4.565,5.107,5.289,1.3303
2007-06-13,207.234,68.78,4.508,4.612,5.086,5.202,1.3308
2007-06-14,207.234,68.78,4.499,4.633,5.098,5.225,1.3313
2007-06-15,207.234,68.78,4.488,4.635,5.027,5.169,1.3375
2007-06-16,207.234,68.78,4.493333333333333,4.638333333333333,5.019666666666667,5.159333333333333,1.3388
2007-06-17,207.234,68.78,4.498666666666667,4.641666666666667,5.012333333333333,5.149666666666667,1.3400999999999998
2007-06-18,207.234,68.78,4.504,4.645,5.005,5.14,1.3414
2007-06-19,207.234,68.78,4.488,4.64,4.942,5.088,1.342
2007-06-20,207.234,68.78,4.385,4.593,4.976,5.136,1.3393
2007-06-21,207.234,68.78,4.444,4.64,4.98,5.186,1.3391
2007-06-22,207.234,68.78,4.433,4.65,4.925,5.136,1.3466
2007-06-23,207.234,68.78,4.4383333333333335,4.642,4.910666666666667,5.1193333333333335,1.3465333333333334
2007-06-24,207.234,68.78,4.443666666666666,4.634,4.896333333333333,5.102666666666667,1.3464666666666667
2007-06-25,207.234,68.78,4.449,4.626,4.882,5.086,1.3464
2007-06-26,207.234,68.78,4.4,4.603,4.877,5.084,1.3446
2007-06-27,207.234,68.78,4.449,4.6,4.904,5.087,1.3453
2007-06-28,207.234,68.78,4.426,4.558,4.95,5.11,1.3445
2007-06-29,207.234,68.78,4.404,4.555,4.871,5.027,1.3533
2007-06-30,207.234,68.78,4.418666666666667,4.555,4.864,5.014333333333333,1.3565666666666667
2007-07-01,207.603,68.62,4.433333333333334,4.555,4.857,5.001666666666667,1.3598333333333332
2007-07-02,207.603,68.62,4.448,4.555,4.85,4.989,1.3631
2007-07-03,207.603,68.62,4.359,4.484,4.887,5.045,1.361
2007-07-04,207.603,68.62,4.442,4.564,4.930999999999999,5.066,1.3612
2007-07-05,207.603,68.62,4.436,4.612,4.975,5.144,1.3594
2007-07-06,207.603,68.62,4.474,4.654,4.992,5.187,1.3623
2007-07-07,207.603,68.62,4.496,4.665,4.976666666666667,5.169333333333333,1.3622666666666667
2007-07-08,207.603,68.62,4.518,4.676,4.961333333333333,5.151666666666667,1.3622333333333334
2007-07-09,207.603,68.62,4.54,4.687,4.946,5.134,1.3622
2007-07-10,207.603,68.62,4.54,4.663,4.849,5.029,1.3762
2007-07-11,207.603,68.62,4.468,4.591,4.904,5.09,1.375
2007-07-12,207.603,68.62,4.495,4.588,4.946,5.13,1.3783
2007-07-13,207.603,68.62,4.529,4.64,4.929,5.097,1.3781
2007-07-14,207.603,68.62,4.529,4.632666666666666,4.909,5.079000000000001,1.3778333333333335
2007-07-15,207.603,68.62,4.529,4.625333333333334,4.889,5.061,1.3775666666666666
2007-07-16,207.603,68.62,4.529,4.618,4.869,5.043,1.3773
2007-07-17,207.603,68.62,4.473,4.55,4.886,5.055,1.3788
2007-07-18,207.603,68.62,4.501,4.582,4.865,5.035,1.3806
2007-07-19,207.603,68.62,4.489,4.539,4.848,5.02,1.3795
2007-07-20,207.603,68.62,4.494,4.545,4.771,4.952,1.3826
2007-07-21,207.603,68.62,4.469666666666667,4.509666666666667,4.778,4.9526666666666666,1.3818000000000001
2007-07-22,207.603,68.62,4.445333333333333,4.474333333333333,4.785,4.953333333333333,1.381
2007-07-23,207.603,68.62,4.421,4.439,4.792,4.954,1.3802
2007-07-24,207.603,68.62,4.37,4.432,4.74,4.909,1.3827
2007-07-25,207.603,68.62,4.392,4.42,4.74,4.902,1.3721
2007-07-26,207.603,68.62,4.386,4.408,4.584,4.806,1.3747
2007-07-27,207.603,68.62,4.244,4.294,4.513,4.763,1.3633
2007-07-28,207.603,68.62,4.253333333333333,4.306333333333333,4.539333333333333,4.778,1.3658566666666667
2007-07-29,207.603,68.62,4.262666666666667,4.318666666666667,4.565666666666666,4.793,1.3684133333333333
2007-07-30,207.603,68.62,4.272,4.331,4.592,4.808,1.37097
2007-07-31,207.603,68.62,4.271,4.328,4.513,4.733,1.3669
2007-08-01,207.667,68.67,4.254,4.316,4.608,4.794,1.3673
2007-08-02,207.667,68.67,4.235,4.353,4.587,4.771,1.3704
2007-08-03,207.667,68.67,4.326,4.359,4.413,4.678,1.3786
2007-08-04,207.667,68.67,4.312666666666666,4.341333333333333,4.446,4.698333333333333,1.3788666666666667
2007-08-05,207.667,68.67,4.299333333333333,4.323666666666667,4.479,4.718666666666667,1.3791333333333333
2007-08-06,207.667,68.67,4.286,4.306,4.512,4.739,1.3794
2007-08-07,207.667,68.67,4.291,4.324,4.574,4.782,1.3739
2007-08-08,207.667,68.67,4.308,4.333,4.67,4.883,1.3801
2007-08-09,207.667,68.67,4.341,4.435,4.453,4.78,1.3671
2007-08-10,207.667,68.67,4.272,4.396,4.469,4.812,1.3695
2007-08-11,207.667,68.67,4.258333333333334,4.385666666666666,4.455,4.796666666666667,1.3666333333333334
2007-08-12,207.667,68.67,4.244666666666666,4.375333333333334,4.441,4.781333333333333,1.3637666666666666
2007-08-13,207.667,68.67,4.231,4.365,4.427,4.766,1.3609
2007-08-14,207.667,68.67,4.213,4.352,4.359,4.724,1.3532
2007-08-15,207.667,68.67,4.184,4.358,4.3,4.728,1.3424
2007-08-16,207.667,68.67,4.101,4.31,4.245,4.702,1.3424
2007-08-17,207.667,68.67,3.903,4.238,4.189,4.689,1.3491
2007-08-18,207.667,68.67,3.9276666666666666,4.256333333333334,4.156333333333333,4.669333333333333,1.3484
2007-08-19,207.667,68.67,3.9523333333333333,4.274666666666667,4.123666666666667,4.649666666666667,1.3477
2007-08-20,207.667,68.67,3.977,4.293,4.091,4.63,1.347
2007-08-21,207.667,68.67,3.948,4.277,4.036,4.596,1.3455
2007-08-22,207.667,68.67,3.871,4.233,4.191,4.649,1.3545
2007-08-23,207.667,68.67,4.026,4.281,4.275,4.651,1.3554
2007-08-24,207.667,68.67,4.019,4.269,4.29,4.614,1.3663
2007-08-25,207.667,68.67,4.032333333333334,4.268,4.267333333333333,4.599666666666667,1.3653666666666666
2007-08-26,207.667,68.67,4.0456666666666665,4.267,4.244666666666667,4.585333333333333,1.3644333333333334
2007-08-27,207.667,68.67,4.059,4.266,4.222,4.571,1.3635
2007-08-28,207.667,68.67,4.006,4.249,4.073,4.506,1.3596
2007-08-29,207.667,68.67,3.929,4.219,4.178,4.565,1.36706
2007-08-30,207.667,68.67,3.961,4.245,4.103,4.512,1.3642
2007-08-31,207.667,68.67,3.972,4.216,4.157,4.527,1.3621
2007-09-01,208.547,68.93,3.993333333333333,4.227,4.15075,4.5335,1.3617666666666668
2007-09-02,208.547,68.93,4.014666666666667,4.2379999999999995,4.1445,4.54,1.3614333333333333
2007-09-03,208.547,68.93,4.036,4.249,4.138249999999999,4.5465,1.3611
2007-09-04,208.547,68.93,4.042,4.264,4.132,4.553,1.3617
2007-09-05,208.547,68.93,4.089,4.281,4.016,4.465,1.3653
2007-09-06,208.547,68.93,3.955,4.215,4.095,4.519,1.36935
2007-09-07,208.547,68.93,4.026,4.214,3.908,4.385,1.3767
2007-09-08,208.547,68.93,3.992,4.182,3.8886666666666665,4.364,1.3783750000000001
2007-09-09,208.547,68.93,3.9579999999999997,4.15,3.8693333333333335,4.343,1.38005
2007-09-10,208.547,68.93,3.924,4.118,3.85,4.322,1.3817249999999999
2007-09-11,208.547,68.93,3.833,4.083,3.949,4.374,1.3834
2007-09-12,208.547,68.93,3.886,4.113,3.958,4.416,1.3906
2007-09-13,208.547,68.93,3.967,4.122,4.029,4.466,1.3866
2007-09-14,208.547,68.93,4.005,4.167,4.045,4.456,1.3874
2007-09-15,208.547,68.93,4.001333333333333,4.167,4.055,4.459333333333333,1.3870333333333333
2007-09-16,208.547,68.93,3.997666666666667,4.167,4.065,4.462666666666667,1.3866666666666667
2007-09-17,208.547,68.93,3.994,4.167,4.075,4.466,1.3863
2007-09-18,208.547,68.93,3.983,4.152,3.974,4.47,1.3977
2007-09-19,208.547,68.93,3.94,4.189,4.012,4.544,1.3966
2007-09-20,208.547,68.93,4.069,4.265,4.113,4.7,1.4075
2007-09-21,208.547,68.93,4.08,4.348,4.054,4.628,1.4089
2007-09-22,208.547,68.93,4.072666666666667,4.351,4.052666666666667,4.631333333333333,1.4083333333333334
2007-09-23,208.547,68.93,4.065333333333333,4.354,4.051333333333333,4.634666666666667,1.4077666666666666
2007-09-24,208.547,68.93,4.058,4.357,4.05,4.638,1.4072
2007-09-25,208.547,68.93,4.058,4.359,3.999,4.63,1.4148
2007-09-26,208.547,68.93,4.036,4.342,3.99,4.626,1.413
2007-09-27,208.547,68.93,4.08,4.375,3.947,4.569,1.4148
2007-09-28,208.547,68.93,4.063,4.36,3.988,4.594,1.426
2007-09-29,208.547,68.93,4.052,4.354666666666667,3.996,4.579000000000001,1.4250666666666667
2007-09-30,208.547,68.93,4.041,4.349333333333334,4.004,4.564,1.4241333333333333
2007-10-01,209.19,69.27,4.03,4.344,4.012,4.549,1.4232
2007-10-02,209.19,69.27,4.008,4.329,3.975,4.527,1.4149
2007-10-03,209.19,69.27,4.025,4.315,4.029,4.561,1.4097
2007-10-04,209.19,69.27,4.03,4.333,3.983,4.516,1.4132
2007-10-05,209.19,69.27,3.997,4.286,4.087,4.642,1.4131
2007-10-06,209.19,69.27,4.009666666666667,4.308,4.1005,4.645333333333333,1.4102666666666668
2007-10-07,209.19,69.27,4.022333333333333,4.33,4.114,4.648666666666667,1.4074333333333333
2007-10-08,209.19,69.27,4.035,4.352,4.1274999999999995,4.652,1.4046
2007-10-09,209.19,69.27,4.046,4.342,4.141,4.654,1.4105
2007-10-10,209.19,69.27,4.08,4.338,4.158,4.655,1.4138
2007-10-11,209.19,69.27,4.069,4.339,4.129,4.644,1.4198
2007-10-12,209.19,69.27,4.113,4.369,4.234,4.687,1.4186
2007-10-13,209.19,69.27,4.154,4.39,4.231333333333334,4.6850000000000005,1.4190666666666667
2007-10-14,209.19,69.27,4.195,4.4110000000000005,4.228666666666666,4.683,1.4195333333333333
2007-10-15,209.19,69.27,4.236,4.432,4.226,4.681,1.42
2007-10-16,209.19,69.27,4.219,4.43,4.138,4.657,1.4174
2007-10-17,209.19,69.27,4.203,4.437,3.986,4.554,1.4213
2007-10-18,209.19,69.27,4.158,4.38,3.919,4.499,1.4293
2007-10-19,209.19,69.27,4.074,4.324,3.792,4.397,1.4293
2007-10-20,209.19,69.27,4.049666666666667,4.283333333333333,3.817333333333333,4.402333333333334,1.42547
2007-10-21,209.19,69.27,4.025333333333333,4.242666666666667,3.8426666666666667,4.407666666666667,1.42164
2007-10-22,209.19,69.27,4.001,4.202,3.868,4.413,1.41781
2007-10-23,209.19,69.27,3.978,4.182,3.813,4.413,1.4255
2007-10-24,209.19,69.27,3.933,4.188,3.745,4.347,1.4259
2007-10-25,209.19,69.27,3.831,4.153,3.78,4.385,1.4322
2007-10-26,209.19,69.27,3.933,4.161,3.772,4.403,1.4391
2007-10-27,209.19,69.27,3.9443333333333332,4.165,3.783,4.396999999999999,1.4398666666666666
2007-10-28,209.19,69.27,3.9556666666666667,4.169,3.794,4.391,1.4406333333333334
2007-10-29,209.19,69.27,3.967,4.173,3.805,4.385,1.4414
2007-10-30,209.19,69.27,3.955,4.173,3.809,4.387,1.4439
2007-10-31,209.19,69.27,3.972,4.177,3.954,4.473,1.4469
2007-11-01,210.834,69.65,4.114,4.293,3.76,4.348,1.4423
2007-11-02,210.834,69.65,3.977,4.186,3.678,4.318,1.4486
2007-11-03,210.834,69.65,3.9656666666666665,4.183666666666666,3.679333333333333,4.324666666666666,1.4482333333333335
2007-11-04,210.834,69.65,3.9543333333333335,4.181333333333334,3.6806666666666668,4.331333333333333,1.4478666666666666
2007-11-05,210.834,69.65,3.943,4.179,3.682,4.338,1.4475
2007-11-06,210.834,69.65,3.943,4.188,3.716,4.38,1.4561
2007-11-07,210.834,69.65,3.942,4.204,3.546,4.301,1.4619
2007-11-08,210.834,69.65,3.89,4.13,3.484,4.289,1.4676
2007-11-09,210.834,69.65,3.861,4.131,3.405,4.21,1.4673
2007-11-10,210.834,69.65,3.843666666666667,4.118,3.4412499999999997,4.211,1.4622666666666666
2007-11-11,210.834,69.65,3.8263333333333334,4.1049999999999995,3.4775,4.212,1.4572333333333334
2007-11-12,210.834,69.65,3.809,4.092,3.51375,4.213,1.4522
2007-11-13,210.834,69.65,3.82,4.102,3.55,4.269,1.4618
2007-11-14,210.834,69.65,3.889,4.145,3.504,4.254,1.4649
2007-11-15,210.834,69.65,3.848,4.133,3.317,4.14,1.4617
2007-11-16,210.834,69.65,3.784,4.138,3.344,4.175,1.4632
2007-11-17,210.834,69.65,3.7876666666666665,4.134,3.284333333333333,4.142333333333333,1.4643666666666666
2007-11-18,210.834,69.65,3.791333333333333,4.13,3.224666666666667,4.109666666666667,1.4655333333333334
2007-11-19,210.834,69.65,3.795,4.126,3.165,4.077,1.4667
2007-11-20,210.834,69.65,3.673,4.052,3.189,4.094,1.4831
2007-11-21,210.834,69.65,3.724,4.072,3.018,4.016,1.4856
2007-11-22,210.834,69.65,3.595,4.031,3.0415,4.012,1.4852
2007-11-23,210.834,69.65,3.617,4.025,3.065,4.006,1.4799
2007-11-24,210.834,69.65,3.6306666666666665,4.029,3.012,3.9523333333333337,1.4808
2007-11-25,210.834,69.65,3.6443333333333334,4.033,2.959,3.8986666666666667,1.4817
2007-11-26,210.834,69.65,3.658,4.037,2.906,3.845,1.4826000000000001
2007-11-27,210.834,69.65,3.569,4.043,3.089,3.951,1.4835
2007-11-28,210.834,69.65,3.715,4.06,3.193,4.046,1.4838
2007-11-29,210.834,69.65,3.802,4.134,3.032,3.929,1.4756
2007-11-30,210.834,69.65,3.731,4.09,3.015,3.949,1.4694
2007-12-01,211.445,69.92,3.7663333333333333,4.1129999999999995,2.9663333333333335,3.9166666666666665,1.4684666666666666
2007-12-02,211.445,69.92,3.8016666666666667,4.136,2.917666666666667,3.884333333333333,1.4675333333333334
2007-12-03,211.445,69.92,3.837,4.159,2.869,3.852,1.4666
2007-12-04,211.445,69.92,3.777,4.082,2.897,3.902,1.4763
2007-12-05,211.445,69.92,3.795,4.042,2.925,3.955,1.45961
2007-12-06,211.445,69.92,3.734,4.032,3.035,4.017,1.4654
2007-12-07,211.445,69.92,3.835,4.105,3.104,4.109,1.4659
2007-12-08,211.445,69.92,3.863,4.143000000000001,3.1286666666666667,4.126666666666667,1.4675333333333334
2007-12-09,211.445,69.92,3.891,4.181,3.1533333333333333,4.144333333333333,1.4691666666666667
2007-12-10,211.445,69.92,3.919,4.219,3.178,4.162,1.4708
2007-12-11,211.445,69.92,3.949,4.283,2.919,3.973,1.4659
2007-12-12,211.445,69.92,3.913,4.27,3.137,4.091,1.4711
2007-12-13,211.445,69.92,3.978,4.338,3.253,4.213,1.4625
2007-12-14,211.445,69.92,3.982,4.304,3.32,4.242,1.4424
2007-12-15,211.445,69.92,3.989333333333333,4.315666666666667,3.2743333333333333,4.211666666666667,1.4419333333333333
2007-12-16,211.445,69.92,3.9966666666666666,4.327333333333334,3.2286666666666664,4.181333333333333,1.4414666666666667
2007-12-17,211.445,69.92,4.004,4.339,3.183,4.151,1.441
2007-12-18,211.445,69.92,3.983,4.317,3.191,4.122,1.4418
2007-12-19,211.445,69.92,3.977,4.305,3.116,4.034,1.4383
2007-12-20,211.445,69.92,3.945,4.292,3.103,4.054,1.433
2007-12-21,211.445,69.92,3.933,4.268,3.187,4.172,1.438
2007-12-22,211.445,69.92,3.9465,4.278,3.208333333333333,4.186,1.4384666666666666
2007-12-23,211.445,69.92,3.96,4.288,3.2296666666666667,4.2,1.4389333333333334
2007-12-24,211.445,69.92,3.9735,4.298,3.251,4.214,1.4394
2007-12-25,211.445,69.92,3.987,4.308,3.2824999999999998,4.2495,1.4392
2007-12-26,211.445,69.92,4.000500000000001,4.3180000000000005,3.314,4.285,1.4487
2007-12-27,211.445,69.92,4.014,4.328,3.217,4.203,1.461
2007-12-28,211.445,69.92,4.041,4.368,3.108,4.077,1.4712
2007-12-29,211.445,69.92,4.0322000000000005,4.3592,3.091666666666667,4.063,1.4673333333333334
2007-12-30,211.445,69.92,4.0234000000000005,4.3504000000000005,3.0753333333333335,4.049,1.4634666666666667
2007-12-31,211.445,69.92,4.0146,4.3416,3.059,4.035,1.4596
2008-01-01,212.174,69.68,4.0058,4.3328,2.9715,3.9699999999999998,1.4618
2008-01-02,212.174,69.68,3.997,4.324,2.884,3.905,1.4716
2008-01-03,212.174,69.68,3.855,4.213,2.815,3.894,1.4743
2008-01-04,212.174,69.68,3.805,4.193,2.74,3.875,1.4737
2008-01-05,212.174,69.68,3.794,4.173333333333333,2.745,3.8623333333333334,1.4718
2008-01-06,212.174,69.68,3.783,4.153666666666667,2.75,3.849666666666667,1.4699
2008-01-07,212.174,69.68,3.772,4.134,2.755,3.837,1.468
2008-01-08,212.174,69.68,3.777,4.113,2.682,3.78,1.4704
2008-01-09,212.174,69.68,3.804,4.13,2.721,3.825,1.46615
2008-01-10,212.174,69.68,3.753,4.095,2.7,3.889,1.4798
2008-01-11,212.174,69.68,3.758,4.087,2.576,3.791,1.4784
2008-01-12,212.174,69.68,3.7396666666666665,4.083,2.57,3.7846666666666664,1.4810999999999999
2008-01-13,212.174,69.68,3.7213333333333334,4.079,2.564,3.7783333333333333,1.4838
2008-01-14,212.174,69.68,3.703,4.075,2.558,3.772,1.4865
2008-01-15,212.174,69.68,3.68,4.06,2.496,3.681,1.48003
2008-01-16,212.174,69.68,3.658,4.022,2.515,3.74,1.4659
2008-01-17,212.174,69.68,3.562,3.974,2.412,3.63,1.4638
2008-01-18,212.174,69.68,3.478,3.948,2.35,3.637,1.4615
2008-01-19,212.174,69.68,3.477666666666667,3.958,2.2567500000000003,3.591666666666667,1.462175
2008-01-20,212.174,69.68,3.477333333333333,3.968,2.1635,3.546333333333333,1.46285
2008-01-21,212.174,69.68,3.477,3.978,2.07025,3.501,1.463525
2008-01-22,212.174,69.68,3.327,3.91,1.977,3.415,1.4642
2008-01-23,212.174,69.68,3.415,3.98,2.147,3.605,1.46255
2008-01-24,212.174,69.68,3.234,3.909,2.318,3.704,1.4771
2008-01-25,212.174,69.68,3.484,4.011,2.182,3.557,1.4669
2008-01-26,212.174,69.68,3.4686666666666666,3.997666666666667,2.1896666666666667,3.5656666666666665,1.4707666666666668
2008-01-27,212.174,69.68,3.4533333333333336,3.9843333333333333,2.1973333333333334,3.5743333333333336,1.4746333333333332
2008-01-28,212.174,69.68,3.438,3.971,2.205,3.583,1.4785
2008-01-29,212.174,69.68,3.443,3.95,2.294,3.679,1.4766
2008-01-30,212.174,69.68,3.475,3.986,2.161,3.647,1.4826
2008-01-31,212.174,69.68,3.49,4.011,2.109,3.597,1.4861
2008-02-01,212.687,69.92,3.382,3.933,2.077,3.596,1.4803
2008-02-02,212.687,69.92,3.381666666666667,3.925,2.0726666666666667,3.612,1.4810666666666665
2008-02-03,212.687,69.92,3.381333333333333,3.917,2.0683333333333334,3.628,1.4818333333333333
2008-02-04,212.687,69.92,3.381,3.909,2.064,3.644,1.4826
2008-02-05,212.687,69.92,3.391,3.929,1.919,3.568,1.4634
2008-02-06,212.687,69.92,3.238,3.836,1.927,3.598,1.4612
2008-02-07,212.687,69.92,3.263,3.875,2.076,3.772,1.4476
2008-02-08,212.687,69.92,3.121,3.895,1.946,3.65,1.4501
2008-02-09,212.687,69.92,3.115,3.8806666666666665,1.935,3.639333333333333,1.4500333333333333
2008-02-10,212.687,69.92,3.109,3.8663333333333334,1.924,3.6286666666666667,1.4499666666666666
2008-02-11,212.687,69.92,3.103,3.852,1.913,3.618,1.4499
2008-02-12,212.687,69.92,3.079,3.876,1.917,3.662,1.4577
2008-02-13,212.687,69.92,3.123,3.92,1.921,3.736,1.4552
2008-02-14,212.687,69.92,3.147,3.986,1.9,3.822,1.464
2008-02-15,212.687,69.92,3.197,4.008,1.907,3.765,1.467
2008-02-16,212.687,69.92,3.172,3.991,1.9500000000000002,3.80075,1.4662333333333333
2008-02-17,212.687,69.92,3.147,3.9739999999999998,1.993,3.8365,1.4654666666666667
2008-02-18,212.687,69.92,3.122,3.957,2.036,3.87225,1.4647
2008-02-19,212.687,69.92,3.212,4.01,2.079,3.908,1.4728
2008-02-20,212.687,69.92,3.17,4.028,2.137,3.892,1.4721
2008-02-21,212.687,69.92,3.288,4.033,1.98,3.786,1.4811
2008-02-22,212.687,69.92,3.327,3.994,2.025,3.805,1.4824
2008-02-23,212.687,69.92,3.3306666666666667,3.9943333333333335,2.058333333333333,3.8400000000000003,1.4826666666666666
2008-02-24,212.687,69.92,3.3343333333333334,3.994666666666667,2.091666666666667,3.875,1.4829333333333334
2008-02-25,212.687,69.92,3.338,3.995,2.125,3.91,1.4832
2008-02-26,212.687,69.92,3.365,4.039,2.004,3.858,1.4996
2008-02-27,212.687,69.92,3.394,4.078,2.008,3.852,1.5114
2008-02-28,212.687,69.92,3.321,4.082,1.816,3.672,1.5188
2008-02-29,212.687,69.92,3.267,3.989,1.628,3.519,1.5173
2008-03-01,213.448,70.61,3.2316666666666665,3.9506666666666668,1.633,3.530666666666667,1.5181
2008-03-02,213.448,70.61,3.1963333333333335,3.912333333333333,1.638,3.542333333333333,1.5189000000000001
2008-03-03,213.448,70.61,3.161,3.874,1.643,3.554,1.5197
2008-03-04,213.448,70.61,3.224,3.86,1.671,3.63,1.5206
2008-03-05,213.448,70.61,3.158,3.811,1.634,3.681,1.5276
2008-03-06,213.448,70.61,3.225,3.856,1.53,3.594,1.5383
2008-03-07,213.448,70.61,3.324,3.797,1.532,3.541,1.5348
2008-03-08,213.448,70.61,3.304,3.7893333333333334,1.5196666666666667,3.516,1.5344333333333333
2008-03-09,213.448,70.61,3.284,3.7816666666666667,1.5073333333333334,3.491,1.5340666666666667
2008-03-10,213.448,70.61,3.264,3.774,1.495,3.466,1.5337
2008-03-11,213.448,70.61,3.18,3.731,1.748,3.6,1.5338
2008-03-12,213.448,70.61,3.321,3.797,1.594,3.44,1.5541
2008-03-13,213.448,70.61,3.178,3.755,1.618,3.526,1.562
2008-03-14,213.448,70.61,3.142,3.76,1.487,3.466,1.5612
2008-03-15,213.448,70.61,3.118,3.7479999999999998,1.4396666666666667,3.409666666666667,1.5655333333333332
2008-03-16,213.448,70.61,3.094,3.736,1.3923333333333334,3.3533333333333335,1.5698666666666667
2008-03-17,213.448,70.61,3.07,3.724,1.345,3.297,1.5742
2008-03-18,213.448,70.61,2.952,3.693,1.636,3.503,1.5654
2008-03-19,213.448,70.61,3.159,3.766,1.472,3.33,1.5638
2008-03-20,213.448,70.61,3.175,3.723,1.617,3.341,1.5434
2008-03-21,213.448,70.61,3.2344,3.731,1.66825,3.39525,1.5694
2008-03-22,213.448,70.61,3.2938,3.739,1.7195,3.4495,1.5607
2008-03-23,213.448,70.61,3.3531999999999997,3.747,1.77075,3.50375,1.5519999999999998
2008-03-24,213.448,70.61,3.4126,3.755,1.822,3.558,1.5433
2008-03-25,213.448,70.61,3.472,3.763,1.776,3.513,1.5608
2008-03-26,213.448,70.61,3.472,3.883,1.632,3.464,1.5819
2008-03-27,213.448,70.61,3.425,3.865,1.698,3.524,1.5808
2008-03-28,213.448,70.61,3.425,3.915,1.65,3.441,1.5755
2008-03-29,213.448,70.61,3.4346666666666668,3.9103333333333334,1.6513333333333333,3.434333333333333,1.5755333333333332
2008-03-30,213.448,70.61,3.4443333333333332,3.9056666666666664,1.6526666666666665,3.4276666666666666,1.5755666666666666
2008-03-31,213.448,70.61,3.454,3.901,1.654,3.421,1.5756
2008-04-01,213.942,70.84,3.503,3.96,1.802,3.558,1.5715
2008-04-02,213.942,70.84,3.503,3.96,1.903,3.604,1.5674
2008-04-03,213.942,70.84,3.538,3.979,1.915,3.594,1.5662
2008-04-04,213.942,70.84,3.473,3.985,1.822,3.47,1.5731
2008-04-05,213.942,70.84,3.478666666666667,3.9736666666666665,1.8586666666666667,3.4956666666666667,1.5721333333333334
2008-04-06,213.942,70.84,3.4843333333333333,3.9623333333333335,1.8953333333333333,3.5213333333333336,1.5711666666666666
2008-04-07,213.942,70.84,3.49,3.951,1.932,3.547,1.5702
2008-04-08,213.942,70.84,3.551,4.009,1.888,3.564,1.5691
2008-04-09,213.942,70.84,3.53,4.023,1.77,3.481,1.5822
2008-04-10,213.942,70.84,3.46,3.986,1.847,3.545,1.574
2008-04-11,213.942,70.84,3.46,3.986,1.75,3.479,1.582
2008-04-12,213.942,70.84,3.449333333333333,3.9643333333333333,1.754,3.4903333333333335,1.5820666666666667
2008-04-13,213.942,70.84,3.4386666666666668,3.9426666666666668,1.758,3.5016666666666665,1.5821333333333334
2008-04-14,213.942,70.84,3.428,3.921,1.762,3.513,1.5822
2008-04-15,213.942,70.84,3.501,3.973,1.877,3.606,1.5782
2008-04-16,213.942,70.84,3.598,4.043,1.992,3.714,1.5951
2008-04-17,213.942,70.84,3.7,4.084,2.107,3.725,1.5899
2008-04-18,213.942,70.84,3.809,4.139,2.138,3.708,1.5732
2008-04-19,213.942,70.84,3.811,4.128666666666667,2.149,3.715666666666667,1.5791
2008-04-20,213.942,70.84,3.813,4.118333333333333,2.1599999999999997,3.723333333333333,1.585
2008-04-21,213.942,70.84,3.815,4.108,2.171,3.731,1.5909
2008-04-22,213.942,70.84,3.913,4.141,2.209,3.699,1.5984
2008-04-23,213.942,70.84,3.928,4.15,2.202,3.737,1.5873
2008-04-24,213.942,70.84,3.918,4.198,2.407,3.835,1.5683
2008-04-25,213.942,70.84,3.868,4.18,2.431,3.872,1.5631
2008-04-26,213.942,70.84,3.857333333333333,4.190333333333333,2.4053333333333335,3.8583333333333334,1.5636999999999999
2008-04-27,213.942,70.84,3.8466666666666667,4.200666666666667,2.3796666666666666,3.8446666666666665,1.5643
2008-04-28,213.942,70.84,3.836,4.211,2.354,3.831,1.5649
2008-04-29,213.942,70.84,3.77,4.136,2.362,3.825,1.5564
2008-04-30,213.942,70.84,3.714,4.116,2.27,3.734,1.5619
2008-05-01,215.208,71.28,3.775,4.157,2.379,3.769,1.5523500000000001
2008-05-02,215.208,71.28,3.836,4.198,2.461,3.859,1.5428
2008-05-03,215.208,71.28,3.8266666666666667,4.185666666666667,2.449,3.8636666666666666,1.5450333333333333
2008-05-04,215.208,71.28,3.817333333333333,4.173333333333333,2.437,3.8683333333333336,1.5472666666666668
2008-05-05,215.208,71.28,3.808,4.161,2.425,3.873,1.5495
2008-05-06,215.208,71.28,3.78,4.136,2.401,3.922,1.5533
2008-05-07,215.208,71.28,3.783,4.184,2.316,3.849,1.5379
2008-05-08,215.208,71.28,3.715,4.067,2.231,3.782,1.5398
2008-05-09,215.208,71.28,3.675,3.991,2.239,3.779,1.5486
2008-05-10,215.208,71.28,3.689,3.997666666666667,2.2663333333333333,3.7856666666666667,1.5501666666666667
2008-05-11,215.208,71.28,3.703,4.004333333333333,2.2936666666666667,3.792333333333333,1.5517333333333332
2008-05-12,215.208,71.28,3.717,4.011,2.321,3.799,1.5533
2008-05-13,215.208,71.28,3.823,4.094,2.474,3.913,1.5471
2008-05-14,215.208,71.28,3.908,4.172,2.532,3.919,1.5466
2008-05-15,215.208,71.28,4.004,4.207,2.433,3.82,1.545
2008-05-16,215.208,71.28,3.994,4.178,2.459,3.854,1.5575
2008-05-17,215.208,71.28,4.0023333333333335,4.189666666666667,2.44,3.8476666666666666,1.5558666666666667
2008-05-18,215.208,71.28,4.010666666666667,4.201333333333333,2.4210000000000003,3.8413333333333335,1.5542333333333334
2008-05-19,215.208,71.28,4.019,4.213,2.402,3.835,1.5526
2008-05-20,215.208,71.28,3.997,4.192,2.311,3.78,1.5649
2008-05-21,215.208,71.28,4.12,4.267,2.406,3.807,1.5784
2008-05-22,215.208,71.28,4.212,4.307,2.54,3.923,1.5729
2008-05-23,215.208,71.28,4.207,4.264,2.446,3.85,1.5779
2008-05-24,215.208,71.28,4.211666666666667,4.274,2.463,3.852666666666667,1.5777666666666668
2008-05-25,215.208,71.28,4.216333333333333,4.284,2.48,3.8553333333333333,1.5776333333333332
2008-05-26,215.208,71.28,4.221,4.294,2.497,3.858,1.5775
2008-05-27,215.208,71.28,4.217,4.313,2.514,3.921,1.569
2008-05-28,215.208,71.28,4.228,4.359,2.607,3.999,1.5652
2008-05-29,215.208,71.28,4.352,4.46,2.69,4.079,1.5512
2008-05-30,215.208,71.28,4.323,4.454,2.657,4.067,1.5539
2008-05-31,215.208,71.28,4.313666666666667,4.425666666666666,2.6073333333333335,4.033666666666667,1.5540333333333334
2008-06-01,217.463,71.56,4.304333333333333,4.397333333333333,2.5576666666666665,4.000333333333334,1.5541666666666667
2008-06-02,217.463,71.56,4.295,4.369,2.508,3.967,1.5543
2008-06-03,217.463,71.56,4.382,4.438,2.406,3.894,1.5449
2008-06-04,217.463,71.56,4.345,4.433,2.455,3.982,1.543
2008-06-05,217.463,71.56,4.631,4.495,2.511,4.044,1.5584
2008-06-06,217.463,71.56,4.652,4.423,2.389,3.928,1.5777
2008-06-07,217.463,71.56,4.615666666666667,4.441,2.4976666666666665,3.9603333333333333,1.5732666666666668
2008-06-08,217.463,71.56,4.5793333333333335,4.4590000000000005,2.606333333333333,3.992666666666667,1.5688333333333333
2008-06-09,217.463,71.56,4.543,4.477,2.715,4.025,1.5644
2008-06-10,217.463,71.56,4.601,4.551,2.929,4.097,1.5459
2008-06-11,217.463,71.56,4.658,4.569,2.814,4.075,1.5552
2008-06-12,217.463,71.56,4.603,4.617,3.05,4.215,1.5456
2008-06-13,217.463,71.56,4.625,4.655,3.031,4.261,1.5378
2008-06-14,217.463,71.56,4.646333333333334,4.645333333333333,3.033666666666667,4.267,1.5409
2008-06-15,217.463,71.56,4.667666666666666,4.635666666666667,3.0363333333333333,4.273,1.544
2008-06-16,217.463,71.56,4.689,4.626,3.039,4.279,1.5471
2008-06-17,217.463,71.56,4.635,4.598,2.898,4.199,1.5518
2008-06-18,217.463,71.56,4.618,4.6,2.853,4.142,1.5537
2008-06-19,217.463,71.56,4.71,4.678,2.945,4.209,1.5505
2008-06-20,217.463,71.56,4.601,4.626,2.896,4.168,1.5622
2008-06-21,217.463,71.56,4.591666666666667,4.6240000000000006,2.9143333333333334,4.167333333333334,1.5588333333333333
2008-06-22,217.463,71.56,4.582333333333334,4.622,2.9326666666666665,4.166666666666667,1.5554666666666668
2008-06-23,217.463,71.56,4.573,4.62,2.951,4.166,1.5521
2008-06-24,217.463,71.56,4.54,4.599,2.859,4.103,1.5566
2008-06-25,217.463,71.56,4.561,4.61,2.818,4.103,1.5671
2008-06-26,217.463,71.56,4.446,4.515,2.669,4.031,1.575
2008-06-27,217.463,71.56,4.429,4.525,2.629,3.969,1.5747
2008-06-28,217.463,71.56,4.489,4.559333333333334,2.63,3.971,1.5747
2008-06-29,217.463,71.56,4.549,4.593666666666667,2.6310000000000002,3.973,1.5747
2008-06-30,217.463,71.56,4.609,4.628,2.632,3.975,1.5747
2008-07-01,219.016,71.45,4.588,4.614,2.66,4.008,1.58115
2008-07-02,219.016,71.45,4.635,4.658,2.579,3.959,1.5876
2008-07-03,219.016,71.45,4.464,4.553,2.537,3.99,1.5696
2008-07-04,219.016,71.45,4.419,4.496,2.5145,3.987,1.5708
2008-07-05,219.016,71.45,4.404333333333333,4.473666666666667,2.492,3.961,1.5711
2008-07-06,219.016,71.45,4.389666666666667,4.451333333333333,2.4695,3.935,1.5714000000000001
2008-07-07,219.016,71.45,4.375,4.429,2.447,3.909,1.5717
2008-07-08,219.016,71.45,4.396,4.409,2.483,3.888,1.5663
2008-07-09,219.016,71.45,4.422,4.417,2.389,3.817,1.5733
2008-07-10,219.016,71.45,4.383,4.387,2.409,3.8,1.5782
2008-07-11,219.016,71.45,4.44,4.456,2.62,3.973,1.5941
2008-07-12,219.016,71.45,4.420333333333334,4.435666666666667,2.568,3.9363333333333332,1.5923
2008-07-13,219.016,71.45,4.400666666666667,4.415333333333333,2.516,3.8996666666666666,1.5905
2008-07-14,219.016,71.45,4.381,4.395,2.464,3.863,1.5887
2008-07-15,219.016,71.45,4.331,4.399,2.373,3.828,1.5898
2008-07-16,219.016,71.45,4.323,4.403,2.434,3.938,1.582
2008-07-17,219.016,71.45,4.378,4.457,2.487,3.997,1.585
2008-07-18,219.016,71.45,4.54,4.586,2.65,4.089,1.5852
2008-07-19,219.016,71.45,4.566333333333334,4.601333333333334,2.632,4.072666666666667,1.5871666666666666
2008-07-20,219.016,71.45,4.592666666666666,4.616666666666666,2.614,4.056333333333334,1.5891333333333333
2008-07-21,219.016,71.45,4.619,4.632,2.596,4.04,1.5911
2008-07-22,219.016,71.45,4.596,4.637,2.72,4.105,1.579
2008-07-23,219.016,71.45,4.589,4.659,2.741,4.12,1.5689
2008-07-24,219.016,71.45,4.419,4.563,2.609,3.999,1.5687
2008-07-25,219.016,71.45,4.435,4.622,2.714,4.103,1.5671
2008-07-26,219.016,71.45,4.4046666666666665,4.587,2.671,4.071,1.5693333333333332
2008-07-27,219.016,71.45,4.374333333333333,4.5520000000000005,2.628,4.039,1.5715666666666668
2008-07-28,219.016,71.45,4.344,4.517,2.585,4.007,1.5738
2008-07-29,219.016,71.45,4.338,4.469,2.629,4.044,1.5588
2008-07-30,219.016,71.45,4.296,4.395,2.641,4.05,1.557
2008-07-31,219.016,71.45,4.244,4.352,2.524,3.958,1.5589
2008-08-01,218.69,71.35,4.266,4.331,2.503,3.942,1.5559
2008-08-02,218.69,71.35,4.26,4.33,2.515,3.9513333333333334,1.5565
2008-08-03,218.69,71.35,4.2540000000000004,4.329000000000001,2.527,3.960666666666667,1.5567
2008-08-04,218.69,71.35,4.248,4.328,2.539,3.97,1.5564
2008-08-05,218.69,71.35,4.241,4.308,2.559,4.022,1.5465
2008-08-06,218.69,71.35,4.233,4.357,2.587,4.06,1.5423
2008-08-07,218.69,71.35,4.066,4.252,2.432,3.928,1.5311
2008-08-08,218.69,71.35,4.065,4.26,2.509,3.935,1.5038
2008-08-09,218.69,71.35,4.0760000000000005,4.262,2.522333333333333,3.956,1.5045
2008-08-10,218.69,71.35,4.087,4.264,2.5356666666666667,3.9770000000000003,1.4934
2008-08-11,218.69,71.35,4.098,4.266,2.549,3.998,1.4912
2008-08-12,218.69,71.35,4.057,4.237,2.434,3.901,1.4896
2008-08-13,218.69,71.35,4.047,4.22,2.483,3.939,1.49
2008-08-14,218.69,71.35,4.024,4.204,2.438,3.897,1.4776
2008-08-15,218.69,71.35,4.0,4.145,2.387,3.844,1.4694
2008-08-16,218.69,71.35,3.9936666666666665,4.143,2.3716666666666666,3.8353333333333333,1.4694
2008-08-17,218.69,71.35,3.9873333333333334,4.141,2.3563333333333336,3.8266666666666667,1.4688
2008-08-18,218.69,71.35,3.981,4.139,2.341,3.818,1.4696
2008-08-19,218.69,71.35,3.986,4.165,2.3,3.837,1.4793
2008-08-20,218.69,71.35,4.0,4.131,2.254,3.805,1.475
2008-08-21,218.69,71.35,4.092,4.175,2.315,3.833,1.4889
2008-08-22,218.69,71.35,4.137,4.219,2.416,3.874,1.4807
2008-08-23,218.69,71.35,4.097666666666666,4.187333333333333,2.388333333333333,3.844666666666667,1.48
2008-08-24,218.69,71.35,4.058333333333334,4.155666666666667,2.360666666666667,3.8153333333333332,1.4779
2008-08-25,218.69,71.35,4.019,4.124,2.333,3.786,1.4726
2008-08-26,218.69,71.35,3.983,4.111,2.337,3.78,1.4644
2008-08-27,218.69,71.35,4.079,4.159,2.282,3.765,1.4722
2008-08-28,218.69,71.35,4.143,4.167,2.371,3.784,1.471
2008-08-29,218.69,71.35,4.119,4.174,2.379,3.825,1.4665
2008-08-30,218.69,71.35,4.0889999999999995,4.157,2.35075,3.8032500000000002,1.4634666666666667
2008-08-31,218.69,71.35,4.059,4.140000000000001,2.3225,3.7815000000000003,1.4604333333333333
2008-09-01,218.877,71.49,4.029,4.123,2.29425,3.75975,1.4574
2008-09-02,218.877,71.49,4.105,4.14,2.266,3.738,1.4515
2008-09-03,218.877,71.49,4.131,4.14,2.266,3.705,1.4484
2008-09-04,218.877,71.49,4.053,4.058,2.185,3.628,1.4252
2008-09-05,218.877,71.49,4.004,4.034,2.302,3.699,1.4269
2008-09-06,218.877,71.49,4.011666666666667,4.044666666666666,2.306,3.6976666666666667,1.4228666666666667
2008-09-07,218.877,71.49,4.019333333333333,4.0553333333333335,2.31,3.696333333333333,1.4188333333333334
2008-09-08,218.877,71.49,4.027,4.066,2.314,3.695,1.4148
2008-09-09,218.877,71.49,4.008,4.048,2.175,3.574,1.4147
2008-09-10,218.877,71.49,4.04,4.077,2.212,3.637,1.3979
2008-09-11,218.877,71.49,3.877,4.078,2.236,3.648,1.3997
2008-09-12,218.877,71.49,3.951,4.174,2.215,3.722,1.4227
2008-09-13,218.877,71.49,3.8746666666666667,4.134,2.048,3.6113333333333335,1.4239
2008-09-14,218.877,71.49,3.7983333333333333,4.094,1.881,3.5006666666666666,1.4251
2008-09-15,218.877,71.49,3.722,4.054,1.714,3.39,1.4263
2008-09-16,218.877,71.49,3.716,4.016,1.81,3.439,1.4132
2008-09-17,218.877,71.49,3.57,3.981,1.647,3.421,1.4326
2008-09-18,218.877,71.49,3.607,4.019,1.703,3.549,1.4299
2008-09-19,218.877,71.49,4.042,4.231,2.176,3.816,1.4458
2008-09-20,218.877,71.49,4.029333333333333,4.237333333333333,2.167666666666667,3.826,1.4569
2008-09-21,218.877,71.49,4.016666666666667,4.243666666666667,2.159333333333333,3.836,1.468
2008-09-22,218.877,71.49,4.004,4.25,2.151,3.846,1.4791
2008-09-23,218.877,71.49,3.89,4.248,2.068,3.805,1.4685
2008-09-24,218.877,71.49,3.765,4.169,1.969,3.812,1.463
2008-09-25,218.877,71.49,3.857,4.234,2.16,3.854,1.464
2008-09-26,218.877,71.49,3.667,4.156,2.1,3.858,1.4586
2008-09-27,218.877,71.49,3.593,4.098,1.943,3.763333333333333,1.4521333333333333
2008-09-28,218.877,71.49,3.5189999999999997,4.04,1.786,3.6686666666666667,1.4456666666666667
2008-09-29,218.877,71.49,3.445,3.982,1.629,3.574,1.4392
2008-09-30,218.877,71.49,3.487,4.009,1.968,3.829,1.4093
2008-10-01,216.995,71.51,3.442,3.993,1.824,3.746,1.4017
2008-10-02,216.995,71.51,3.295,3.936,1.62,3.631,1.3802
2008-10-03,216.995,71.51,3.3,3.918,1.586,3.603,1.3779
2008-10-04,216.995,71.51,3.2239999999999998,3.8636666666666666,1.5366666666666666,3.556,1.3688
2008-10-05,216.995,71.51,3.148,3.8093333333333335,1.4873333333333334,3.5090000000000003,1.3597
2008-10-06,216.995,71.51,3.072,3.755,1.438,3.462,1.3506
2008-10-07,216.995,71.51,3.168,3.753,1.469,3.506,1.3582
2008-10-08,216.995,71.51,3.072,3.802,1.564,3.648,1.3632
2008-10-09,216.995,71.51,3.098,3.889,1.528,3.785,1.3594
2008-10-10,216.995,71.51,3.016,3.98,1.598,3.876,1.3394
2008-10-11,216.995,71.51,3.068,4.014666666666667,1.65575,3.9456666666666664,1.3469
2008-10-12,216.995,71.51,3.12,4.049333333333333,1.7135,4.015333333333333,1.3544
2008-10-13,216.995,71.51,3.172,4.084,1.77125,4.085,1.3619
2008-10-14,216.995,71.51,3.219,4.121,1.829,4.081,1.3613
2008-10-15,216.995,71.51,3.134,4.133,1.56,3.955,1.3442
2008-10-16,216.995,71.51,2.898,4.07,1.637,3.969,1.3486
2008-10-17,216.995,71.51,2.984,4.038,1.619,3.938,1.3407
2008-10-18,216.995,71.51,2.965,4.027333333333334,1.65,3.9123333333333337,1.3374666666666666
2008-10-19,216.995,71.51,2.946,4.016666666666667,1.681,3.8866666666666667,1.3342333333333334
2008-10-20,216.995,71.51,2.927,4.006,1.712,3.861,1.331
2008-10-21,216.995,71.51,2.877,3.944,1.626,3.737,1.3057
2008-10-22,216.995,71.51,2.823,3.8,1.507,3.598,1.2813
2008-10-23,216.995,71.51,2.794,3.787,1.6,3.678,1.2944
2008-10-24,216.995,71.51,2.667,3.765,1.496,3.682,1.2622
2008-10-25,216.995,71.51,2.639,3.7600000000000002,1.508,3.6856666666666666,1.2569333333333332
2008-10-26,216.995,71.51,2.611,3.755,1.52,3.6893333333333334,1.2516666666666667
2008-10-27,216.995,71.51,2.583,3.75,1.532,3.693,1.2464
2008-10-28,216.995,71.51,2.564,3.757,1.589,3.847,1.281
2008-10-29,216.995,71.51,2.525,3.796,1.548,3.858,1.2956
2008-10-30,216.995,71.51,2.474,3.775,1.568,3.972,1.2871
2008-10-31,216.995,71.51,2.562,3.903,1.568,3.97,1.2693
2008-11-01,213.153,71.17,2.5493333333333332,3.882,1.5266666666666666,3.9506666666666668,1.2667333333333335
2008-11-02,213.153,71.17,2.5366666666666666,3.8609999999999998,1.4853333333333334,3.9313333333333333,1.2641666666666667
2008-11-03,213.153,71.17,2.524,3.84,1.444,3.912,1.2616
2008-11-04,213.153,71.17,2.533,3.813,1.38,3.732,1.2982
2008-11-05,213.153,71.17,2.51,3.766,1.34,3.704,1.2911
2008-11-06,213.153,71.17,2.436,3.72,1.284,3.691,1.2693
2008-11-07,213.153,71.17,2.406,3.667,1.331,3.793,1.2709
2008-11-08,213.153,71.17,2.401666666666667,3.6716666666666664,1.312,3.7816666666666667,1.2720666666666667
2008-11-09,213.153,71.17,2.397333333333333,3.6763333333333335,1.293,3.7703333333333333,1.2732333333333332
2008-11-10,213.153,71.17,2.393,3.681,1.274,3.759,1.2744
2008-11-11,213.153,71.17,2.318,3.669,1.2235,3.7075,1.2514
2008-11-12,213.153,71.17,2.283,3.704,1.173,3.656,1.2457
2008-11-13,213.153,71.17,2.28,3.71,1.237,3.856,1.2786
2008-11-14,213.153,71.17,2.222,3.681,1.216,3.731,1.2593
2008-11-15,213.153,71.17,2.2093333333333334,3.671,1.2103333333333333,3.7066666666666666,1.2609000000000001
2008-11-16,213.153,71.17,2.1966666666666668,3.661,1.2046666666666668,3.6823333333333332,1.2625
2008-11-17,213.153,71.17,2.184,3.651,1.199,3.658,1.2641
2008-11-18,213.153,71.17,2.184,3.639,1.138,3.529,1.2634
2008-11-19,213.153,71.17,2.187,3.53,1.072,3.337,1.2503
2008-11-20,213.153,71.17,2.056,3.398,0.967,3.008,1.2437
2008-11-21,213.153,71.17,2.103,3.378,1.131,3.223,1.2584
2008-11-22,213.153,71.17,2.1413333333333333,3.3906666666666667,1.171,3.2583333333333333,1.2693333333333332
2008-11-23,213.153,71.17,2.179666666666667,3.4033333333333333,1.2109999999999999,3.2936666666666667,1.2802666666666667
2008-11-24,213.153,71.17,2.218,3.416,1.251,3.329,1.2912
2008-11-25,213.153,71.17,2.249,3.341,1.194,3.111,1.3028
2008-11-26,213.153,71.17,2.213,3.279,1.111,2.989,1.2895
2008-11-27,213.153,71.17,2.233,3.292,1.0554999999999999,3.005,1.2892
2008-11-28,213.153,71.17,2.202,3.265,1.0,2.92,1.2693
2008-11-29,213.153,71.17,2.1746666666666665,3.2306666666666666,0.9723333333333334,2.856333333333333,1.2660666666666667
2008-11-30,213.153,71.17,2.1473333333333335,3.1963333333333335,0.9446666666666667,2.792666666666667,1.2628333333333335
2008-12-01,211.398,71.08,2.12,3.162,0.917,2.729,1.2596
2008-12-02,211.398,71.08,2.117,3.059,0.897,2.693,1.2706
2008-12-03,211.398,71.08,2.097,3.045,0.892,2.657,1.2703
2008-12-04,211.398,71.08,2.169,3.095,0.821,2.553,1.2774
2008-12-05,211.398,71.08,2.05,3.02,0.942,2.7,1.2715
2008-12-06,211.398,71.08,2.1086666666666667,3.066,0.942,2.7143333333333333,1.278
2008-12-07,211.398,71.08,2.167333333333333,3.112,0.942,2.728666666666667,1.2845
2008-12-08,211.398,71.08,2.226,3.158,0.942,2.743,1.291
2008-12-09,211.398,71.08,2.298,3.228,0.854,2.652,1.2925
2008-12-10,211.398,71.08,2.198,3.196,0.861,2.689,1.3013
2008-12-11,211.398,71.08,2.146,3.204,0.801,2.609,1.3327
2008-12-12,211.398,71.08,2.224,3.294,0.767,2.576,1.3348
2008-12-13,211.398,71.08,2.1926666666666668,3.2643333333333335,0.7586666666666667,2.557,1.3463
2008-12-14,211.398,71.08,2.1613333333333333,3.2346666666666666,0.7503333333333333,2.5380000000000003,1.3578
2008-12-15,211.398,71.08,2.13,3.205,0.742,2.519,1.3693
2008-12-16,211.398,71.08,2.088,3.138,0.657,2.264,1.4061
2008-12-17,211.398,71.08,1.868,2.993,0.753,2.2,1.4404
2008-12-18,211.398,71.08,1.873,2.98,0.688,2.085,1.429
2008-12-19,211.398,71.08,1.841,3.01,0.75,2.131,1.3921
2008-12-20,211.398,71.08,1.821,2.989,0.7263333333333334,2.145,1.3932333333333333
2008-12-21,211.398,71.08,1.801,2.968,0.7026666666666667,2.159,1.3943666666666665
2008-12-22,211.398,71.08,1.781,2.947,0.679,2.173,1.3955
2008-12-23,211.398,71.08,1.796,2.945,0.903,2.183,1.3937
2008-12-24,211.398,71.08,1.7841666666666667,2.9354999999999998,0.914,2.188,1.4
2008-12-25,211.398,71.08,1.7723333333333333,2.9259999999999997,0.9105000000000001,2.1625,1.4013
2008-12-26,211.398,71.08,1.7605,2.9165,0.907,2.137,1.4023
2008-12-27,211.398,71.08,1.7486666666666668,2.907,0.866,2.126,1.4026
2008-12-28,211.398,71.08,1.7368333333333335,2.8975,0.8250000000000001,2.115,1.4029
2008-12-29,211.398,71.08,1.725,2.888,0.784,2.104,1.4032
2008-12-30,211.398,71.08,1.776,2.949,0.725,2.056,1.4139
2008-12-31,211.398,71.08,1.7630000000000001,2.9496666666666664,0.768,2.22,1.3974
2009-01-01,211.933,70.5,1.75,2.9503333333333335,0.7975,2.2905,1.3996
2009-01-02,211.933,70.5,1.737,2.951,0.827,2.361,1.3918
2009-01-03,211.933,70.5,1.7226666666666668,2.9726666666666666,0.8099999999999999,2.4023333333333334,1.3823999999999999
2009-01-04,211.933,70.5,1.7083333333333333,2.9943333333333335,0.793,2.4436666666666667,1.373
2009-01-05,211.933,70.5,1.694,3.016,0.776,2.485,1.3636
2009-01-06,211.933,70.5,1.763,3.155,0.779,2.45,1.3498
2009-01-07,211.933,70.5,1.675,3.207,0.819,2.498,1.3612
2009-01-08,211.933,70.5,1.579,3.124,0.843,2.445,1.3697
2009-01-09,211.933,70.5,1.54,3.019,0.759,2.393,1.3452
2009-01-10,211.933,70.5,1.5343333333333333,3.0076666666666667,0.7573333333333333,2.3649999999999998,1.3420333333333334
2009-01-11,211.933,70.5,1.5286666666666666,2.9963333333333333,0.7556666666666667,2.337,1.3388666666666666
2009-01-12,211.933,70.5,1.523,2.985,0.754,2.309,1.3357
2009-01-13,211.933,70.5,1.533,2.998,0.758,2.297,1.3205
2009-01-14,211.933,70.5,1.498,2.937,0.714,2.206,1.3207
2009-01-15,211.933,70.5,1.545,2.89,0.726,2.211,1.3158
2009-01-16,211.933,70.5,1.469,2.935,0.733,2.342,1.3287
2009-01-17,211.933,70.5,1.4953333333333334,2.953666666666667,0.727,2.379,1.3221666666666667
2009-01-18,211.933,70.5,1.5216666666666667,2.9723333333333333,0.721,2.416,1.3156333333333332
2009-01-19,211.933,70.5,1.548,2.991,0.715,2.453,1.3091
2009-01-20,211.933,70.5,1.51,3.018,0.709,2.382,1.2885
2009-01-21,211.933,70.5,1.42,2.993,0.789,2.546,1.2994
2009-01-22,211.933,70.5,1.451,3.107,0.741,2.599,1.3003
2009-01-23,211.933,70.5,1.439,3.223,0.822,2.615,1.2965
2009-01-24,211.933,70.5,1.5130000000000001,3.255333333333333,0.8286666666666667,2.6253333333333333,1.3038666666666667
2009-01-25,211.933,70.5,1.587,3.2876666666666665,0.8353333333333333,2.635666666666667,1.3112333333333333
2009-01-26,211.933,70.5,1.661,3.32,0.842,2.646,1.3186
2009-01-27,211.933,70.5,1.665,3.261,0.843,2.529,1.3213
2009-01-28,211.933,70.5,1.609,3.236,0.911,2.672,1.3147
2009-01-29,211.933,70.5,1.574,3.248,0.97,2.864,1.2939
2009-01-30,211.933,70.5,1.535,3.296,0.958,2.851,1.2833
2009-01-31,211.933,70.5,1.5253333333333332,3.2916666666666665,0.9396666666666667,2.8063333333333333,1.2825666666666666
2009-02-01,212.705,70.79,1.5156666666666667,3.287333333333333,0.9213333333333333,2.7616666666666667,1.2818333333333334
2009-02-02,212.705,70.79,1.506,3.283,0.903,2.717,1.2811
2009-02-03,212.705,70.79,1.494,3.349,0.966,2.893,1.301
2009-02-04,212.705,70.79,1.488,3.365,0.983,2.939,1.2854
2009-02-05,212.705,70.79,1.423,3.331,0.975,2.919,1.2786
2009-02-06,212.705,70.79,1.401,3.365,1.007,2.988,1.2922
2009-02-07,212.705,70.79,1.4176666666666666,3.3746666666666667,1.0096666666666665,2.9896666666666665,1.2936
2009-02-08,212.705,70.79,1.4343333333333335,3.3843333333333336,1.0123333333333333,2.9913333333333334,1.295
2009-02-09,212.705,70.79,1.451,3.394,1.015,2.993,1.2964
2009-02-10,212.705,70.79,1.475,3.349,0.899,2.819,1.291
2009-02-11,212.705,70.79,1.373,3.218,0.915,2.757,1.2861
2009-02-12,212.705,70.79,1.296,3.085,0.919,2.788,1.2884
2009-02-13,212.705,70.79,1.305,3.11,0.968,2.895,1.2862
2009-02-14,212.705,70.79,1.2776666666666667,3.084,0.94275,2.868333333333333,1.2840666666666667
2009-02-15,212.705,70.79,1.2503333333333333,3.058,0.9175,2.841666666666667,1.2819333333333334
2009-02-16,212.705,70.79,1.223,3.032,0.89225,2.815,1.2798
2009-02-17,212.705,70.79,1.172,2.975,0.867,2.651,1.2584
2009-02-18,212.705,70.79,1.263,2.993,0.964,2.766,1.2564
2009-02-19,212.705,70.79,1.378,3.086,0.985,2.857,1.2655
2009-02-20,212.705,70.79,1.309,3.019,0.965,2.792,1.2929
2009-02-21,212.705,70.79,1.315,3.0193333333333334,0.9566666666666667,2.7796666666666665,1.2847
2009-02-22,212.705,70.79,1.321,3.0196666666666667,0.9483333333333333,2.767333333333333,1.2765
2009-02-23,212.705,70.79,1.327,3.02,0.94,2.755,1.2683
2009-02-24,212.705,70.79,1.292,2.986,1.003,2.806,1.2868
2009-02-25,212.705,70.79,1.251,2.99,1.093,2.925,1.2716
2009-02-26,212.705,70.79,1.348,3.132,1.093,3.0,1.2718
2009-02-27,212.705,70.79,1.314,3.109,0.982,3.021,1.2676
2009-02-28,212.705,70.79,1.2743333333333333,3.082333333333333,0.9476666666666667,2.9686666666666666,1.2638
2009-03-01,212.495,71.05,1.2346666666666668,3.0556666666666668,0.9133333333333333,2.916333333333333,1.26
2009-03-02,212.495,71.05,1.195,3.029,0.879,2.864,1.2562
2009-03-03,212.495,71.05,1.184,3.045,0.891,2.886,1.253
2009-03-04,212.495,71.05,1.18,3.143,0.943,2.978,1.2632
2009-03-05,212.495,71.05,1.199,3.019,0.891,2.813,1.2545
2009-03-06,212.495,71.05,1.179,2.921,0.951,2.873,1.2635
2009-03-07,212.495,71.05,1.2136666666666667,2.9336666666666664,0.955,2.869,1.2630000000000001
2009-03-08,212.495,71.05,1.2483333333333333,2.9463333333333335,0.959,2.865,1.2625
2009-03-09,212.495,71.05,1.283,2.959,0.963,2.861,1.262
2009-03-10,212.495,71.05,1.327,3.013,1.04,3.012,1.2714
2009-03-11,212.495,71.05,1.44,3.068,1.024,2.91,1.2803
2009-03-12,212.495,71.05,1.337,3.016,1.012,2.863,1.2896
2009-03-13,212.495,71.05,1.322,3.041,0.968,2.896,1.2927
2009-03-14,212.495,71.05,1.3356666666666668,3.0753333333333335,0.983,2.916333333333333,1.2941333333333334
2009-03-15,212.495,71.05,1.3493333333333333,3.1096666666666666,0.9979999999999999,2.9366666666666665,1.2955666666666665
2009-03-16,212.495,71.05,1.363,3.144,1.013,2.957,1.297
2009-03-17,212.495,71.05,1.421,3.197,1.033,3.012,1.303
2009-03-18,212.495,71.05,1.421,3.222,0.83,2.547,1.3487
2009-03-19,212.495,71.05,1.442,3.041,0.867,2.611,1.3661
2009-03-20,212.495,71.05,1.37,2.978,0.879,2.633,1.3579
2009-03-21,212.495,71.05,1.3593333333333335,2.9916666666666667,0.8856666666666667,2.64,1.3591666666666666
2009-03-22,212.495,71.05,1.3486666666666667,3.0053333333333336,0.8923333333333333,2.647,1.3604333333333334
2009-03-23,212.495,71.05,1.338,3.019,0.899,2.654,1.3617
2009-03-24,212.495,71.05,1.401,3.145,0.932,2.71,1.348
2009-03-25,212.495,71.05,1.396,3.137,0.958,2.793,1.3575
2009-03-26,212.495,71.05,1.411,3.137,0.919,2.744,1.3527
2009-03-27,212.495,71.05,1.313,3.095,0.926,2.763,1.3289
2009-03-28,212.495,71.05,1.299,3.0793333333333335,0.9023333333333333,2.7496666666666667,1.3253333333333333
2009-03-29,212.495,71.05,1.285,3.0636666666666668,0.8786666666666667,2.736333333333333,1.3217666666666668
2009-03-30,212.495,71.05,1.271,3.048,0.855,2.723,1.3182
2009-03-31,212.495,71.05,1.287,2.994,0.804,2.668,1.3243
2009-04-01,212.709,71.3,1.239,2.989,0.812,2.652,1.3237
2009-04-02,212.709,71.3,1.441,3.166,0.891,2.779,1.3458
2009-04-03,212.709,71.3,1.531,3.236,0.959,2.895,1.3486
2009-04-04,212.709,71.3,1.5223333333333333,3.230666666666667,0.9576666666666667,2.9073333333333333,1.3458666666666668
2009-04-05,212.709,71.3,1.5136666666666665,3.2253333333333334,0.9563333333333333,2.9196666666666666,1.3431333333333333
2009-04-06,212.709,71.3,1.505,3.22,0.955,2.932,1.3404
2009-04-07,212.709,71.3,1.485,3.214,0.919,2.9,1.3277
2009-04-08,212.709,71.3,1.48,3.226,0.935,2.86,1.325
2009-04-09,212.709,71.3,1.378,3.216,0.964,2.928,1.3153
2009-04-10,212.709,71.3,1.382,3.2112000000000003,0.94275,2.91175,1.3173
2009-04-11,212.709,71.3,1.386,3.2064000000000004,0.9215,2.8955,1.3236666666666665
2009-04-12,212.709,71.3,1.39,3.2016,0.90025,2.87925,1.3300333333333334
2009-04-13,212.709,71.3,1.394,3.1968,0.879,2.863,1.3364
2009-04-14,212.709,71.3,1.398,3.192,0.859,2.79,1.3271
2009-04-15,212.709,71.3,1.357,3.15,0.859,2.772,1.3225
2009-04-16,212.709,71.3,1.379,3.18,0.907,2.84,1.3179
2009-04-17,212.709,71.3,1.477,3.272,0.981,2.951,1.304
2009-04-18,212.709,71.3,1.4643333333333335,3.2276666666666665,0.9606666666666667,2.9170000000000003,1.3001666666666667
2009-04-19,212.709,71.3,1.4516666666666667,3.183333333333333,0.9403333333333334,2.883,1.2963333333333333
2009-04-20,212.709,71.3,1.439,3.139,0.92,2.849,1.2925
2009-04-21,212.709,71.3,1.412,3.143,0.94,2.902,1.2931
2009-04-22,212.709,71.3,1.468,3.218,0.969,2.94,1.3001
2009-04-23,212.709,71.3,1.466,3.23,0.936,2.929,1.3138
2009-04-24,212.709,71.3,1.43,3.184,0.965,2.998,1.3255
2009-04-25,212.709,71.3,1.4226666666666665,3.1776666666666666,0.9376666666666666,2.97,1.3176666666666665
2009-04-26,212.709,71.3,1.4153333333333333,3.1713333333333336,0.9103333333333333,2.942,1.3098333333333334
2009-04-27,212.709,71.3,1.408,3.165,0.883,2.914,1.302
2009-04-28,212.709,71.3,1.337,3.141,0.95,3.02,1.3128
2009-04-29,212.709,71.3,1.321,3.129,0.954,3.107,1.3262
2009-04-30,212.709,71.3,1.371,3.165,0.911,3.119,1.3232
2009-05-01,213.022,71.34,1.3945,3.186,0.907,3.157,1.3261
2009-05-02,213.022,71.34,1.4180000000000001,3.207,0.9176666666666666,3.1546666666666665,1.3312666666666666
2009-05-03,213.022,71.34,1.4415,3.228,0.9283333333333333,3.1523333333333334,1.3364333333333334
2009-05-04,213.022,71.34,1.465,3.249,0.939,3.15,1.3416
2009-05-05,213.022,71.34,1.427,3.221,0.967,3.169,1.3313
2009-05-06,213.022,71.34,1.338,3.253,0.963,3.155,1.331
2009-05-07,213.022,71.34,1.422,3.389,1.003,3.34,1.3392
2009-05-08,213.022,71.34,1.32,3.462,0.983,3.289,1.3637
2009-05-09,213.022,71.34,1.3486666666666667,3.438,0.955,3.2513333333333336,1.3620666666666665
2009-05-10,213.022,71.34,1.3773333333333333,3.414,0.927,3.2136666666666667,1.3604333333333334
2009-05-11,213.022,71.34,1.406,3.39,0.899,3.176,1.3588
2009-05-12,213.022,71.34,1.384,3.406,0.891,3.178,1.3644
2009-05-13,213.022,71.34,1.3,3.354,0.871,3.112,1.3589
2009-05-14,213.022,71.34,1.272,3.306,0.851,3.092,1.3633
2009-05-15,213.022,71.34,1.266,3.368,0.859,3.134,1.3499
2009-05-16,213.022,71.34,1.2603333333333333,3.3703333333333334,0.8776666666666667,3.1696666666666666,1.3517333333333335
2009-05-17,213.022,71.34,1.2546666666666668,3.3726666666666665,0.8963333333333333,3.2053333333333334,1.3535666666666666
2009-05-18,213.022,71.34,1.249,3.375,0.915,3.241,1.3554
2009-05-19,213.022,71.34,1.306,3.431,0.891,3.245,1.363
2009-05-20,213.022,71.34,1.391,3.503,0.838,3.195,1.3771
2009-05-21,213.022,71.34,1.357,3.491,0.871,3.368,1.3903
2009-05-22,213.022,71.34,1.369,3.568,0.895,3.45,1.4
2009-05-23,213.022,71.34,1.3843333333333334,3.578666666666667,0.90025,3.47425,1.4002
2009-05-24,213.022,71.34,1.3996666666666666,3.5893333333333333,0.9055,3.4985,1.4004
2009-05-25,213.022,71.34,1.415,3.6,0.9107500000000001,3.5227500000000003,1.4006
2009-05-26,213.022,71.34,1.426,3.635,0.916,3.547,1.3991
2009-05-27,213.022,71.34,1.56,3.626,0.986,3.738,1.383
2009-05-28,213.022,71.34,1.55,3.682,0.962,3.612,1.3928
2009-05-29,213.022,71.34,1.419,3.58,0.923,3.461,1.4154
2009-05-30,213.022,71.34,1.4476666666666667,3.6113333333333335,0.9333333333333333,3.534,1.4156333333333333
2009-05-31,213.022,71.34,1.4763333333333333,3.6426666666666665,0.9436666666666667,3.607,1.4158666666666666
2009-06-01,214.79,71.48,1.505,3.674,0.954,3.68,1.4161
2009-06-02,214.79,71.48,1.419,3.65,0.95,3.613,1.4303
2009-06-03,214.79,71.48,1.408,3.571,0.911,3.536,1.4155
2009-06-04,214.79,71.48,1.52,3.63,0.963,3.716,1.4174
2009-06-05,214.79,71.48,1.689,3.721,1.296,3.84,1.3969
2009-06-06,214.79,71.48,1.7096666666666667,3.703,1.338,3.859,1.3947333333333334
2009-06-07,214.79,71.48,1.7303333333333333,3.685,1.38,3.8779999999999997,1.3925666666666667
2009-06-08,214.79,71.48,1.751,3.667,1.422,3.897,1.3904
2009-06-09,214.79,71.48,1.721,3.64,1.31,3.868,1.4057
2009-06-10,214.79,71.48,1.758,3.702,1.359,3.947,1.3981
2009-06-11,214.79,71.48,1.784,3.694,1.323,3.862,1.4106
2009-06-12,214.79,71.48,1.738,3.64,1.272,3.803,1.4
2009-06-13,214.79,71.48,1.7103333333333333,3.599,1.2573333333333334,3.7736666666666667,1.3927666666666667
2009-06-14,214.79,71.48,1.6826666666666668,3.558,1.2426666666666666,3.744333333333333,1.3855333333333333
2009-06-15,214.79,71.48,1.655,3.517,1.228,3.715,1.3783
2009-06-16,214.79,71.48,1.634,3.519,1.183,3.663,1.3827
2009-06-17,214.79,71.48,1.531,3.478,1.163,3.69,1.3935
2009-06-18,214.79,71.48,1.546,3.554,1.25,3.83,1.3912
2009-06-19,214.79,71.48,1.468,3.498,1.202,3.773,1.3945
2009-06-20,214.79,71.48,1.4696666666666667,3.482,1.179,3.743666666666667,1.3917333333333335
2009-06-21,214.79,71.48,1.4713333333333334,3.466,1.156,3.7143333333333333,1.3889666666666667
2009-06-22,214.79,71.48,1.473,3.45,1.133,3.685,1.3862
2009-06-23,214.79,71.48,1.484,3.47,1.096,3.625,1.4073
2009-06-24,214.79,71.48,1.405,3.445,1.216,3.689,1.394
2009-06-25,214.79,71.48,1.326,3.427,1.125,3.544,1.3983
2009-06-26,214.79,71.48,1.331,3.391,1.109,3.529,1.4047
2009-06-27,214.79,71.48,1.3433333333333333,3.383,1.1063333333333334,3.513,1.4059333333333335
2009-06-28,214.79,71.48,1.3556666666666668,3.375,1.1036666666666666,3.497,1.4071666666666667
2009-06-29,214.79,71.48,1.368,3.367,1.101,3.481,1.4084
2009-06-30,214.79,71.48,1.368,3.382,1.117,3.537,1.4037
2009-07-01,214.726,71.01,1.357,3.415,1.05,3.548,1.4145
2009-07-02,214.726,71.01,1.23,3.322,0.985,3.502,1.3962
2009-07-03,214.726,71.01,1.245,3.335,0.976,3.5039999999999996,1.3957
2009-07-04,214.726,71.01,1.238,3.3233333333333333,0.967,3.506,1.3986
2009-07-05,214.726,71.01,1.231,3.3116666666666665,0.958,3.508,1.396
2009-07-06,214.726,71.01,1.224,3.3,0.949,3.51,1.3991
2009-07-07,214.726,71.01,1.223,3.306,0.969,3.454,1.3897
2009-07-08,214.726,71.01,1.185,3.267,0.917,3.306,1.3862
2009-07-09,214.726,71.01,1.238,3.303,0.933,3.413,1.4009
2009-07-10,214.726,71.01,1.205,3.258,0.9,3.304,1.3931
2009-07-11,214.726,71.01,1.2103333333333335,3.263333333333333,0.9,3.3226666666666667,1.3936
2009-07-12,214.726,71.01,1.2156666666666667,3.268666666666667,0.9,3.341333333333333,1.3973
2009-07-13,214.726,71.01,1.221,3.274,0.9,3.36,1.4004
2009-07-14,214.726,71.01,1.247,3.3,0.943,3.474,1.3979
2009-07-15,214.726,71.01,1.289,3.376,1.024,3.614,1.4092
2009-07-16,214.726,71.01,1.219,3.319,0.979,3.573,1.4131
2009-07-17,214.726,71.01,1.267,3.409,0.991,3.649,1.4102
2009-07-18,214.726,71.01,1.2723333333333333,3.412,0.9853333333333333,3.6366666666666667,1.4101
2009-07-19,214.726,71.01,1.2776666666666665,3.415,0.9796666666666667,3.6243333333333334,1.4136
2009-07-20,214.726,71.01,1.283,3.418,0.974,3.612,1.421
2009-07-21,214.726,71.01,1.245,3.362,0.921,3.484,1.4196
2009-07-22,214.726,71.01,1.276,3.384,0.941,3.544,1.4202
2009-07-23,214.726,71.01,1.314,3.463,1.019,3.658,1.4161
2009-07-24,214.726,71.01,1.342,3.483,1.006,3.66,1.4209
2009-07-25,214.726,71.01,1.3523333333333334,3.484,1.0166666666666666,3.6816666666666666,1.4201
2009-07-26,214.726,71.01,1.3626666666666667,3.4850000000000003,1.0273333333333334,3.7033333333333336,1.4193
2009-07-27,214.726,71.01,1.373,3.486,1.038,3.725,1.4243
2009-07-28,214.726,71.01,1.329,3.422,1.08,3.686,1.4145
2009-07-29,214.726,71.01,1.345,3.418,1.166,3.664,1.4015
2009-07-30,214.726,71.01,1.345,3.428,1.174,3.615,1.4083
2009-07-31,214.726,71.01,1.264,3.289,1.111,3.482,1.4254
2009-08-01,215.445,71.25,1.2993333333333335,3.3080000000000003,1.135,3.533666666666667,1.42705
2009-08-02,215.445,71.25,1.3346666666666667,3.327,1.159,3.5853333333333333,1.4287
2009-08-03,215.445,71.25,1.37,3.346,1.183,3.637,1.4408
2009-08-04,215.445,71.25,1.431,3.354,1.204,3.687,1.4414
2009-08-05,215.445,71.25,1.436,3.341,1.22,3.762,1.4409
2009-08-06,215.445,71.25,1.477,3.389,1.204,3.756,1.437
2009-08-07,215.445,71.25,1.599,3.526,1.306,3.854,1.4188
2009-08-08,215.445,71.25,1.581,3.5096666666666665,1.2846666666666666,3.8266666666666667,1.4168
2009-08-09,215.445,71.25,1.563,3.493333333333333,1.2633333333333334,3.7993333333333332,1.4191
2009-08-10,215.445,71.25,1.545,3.477,1.242,3.772,1.413
2009-08-11,215.445,71.25,1.495,3.469,1.177,3.672,1.415
2009-08-12,215.445,71.25,1.449,3.449,1.153,3.711,1.4216
2009-08-13,215.445,71.25,1.375,3.424,1.093,3.597,1.4273
2009-08-14,215.445,71.25,1.333,3.315,1.065,3.572,1.4202
2009-08-15,215.445,71.25,1.342,3.3073333333333332,1.0473333333333332,3.538666666666667,1.4215
2009-08-16,215.445,71.25,1.351,3.2996666666666665,1.0296666666666667,3.505333333333333,1.4165
2009-08-17,215.445,71.25,1.36,3.292,1.012,3.472,1.4105
2009-08-18,215.445,71.25,1.353,3.301,1.028,3.517,1.4165
2009-08-19,215.445,71.25,1.327,3.263,0.992,3.455,1.4248
2009-08-20,215.445,71.25,1.301,3.256,0.992,3.428,1.4254
2009-08-21,215.445,71.25,1.408,3.32,1.094,3.569,1.4319
2009-08-22,215.445,71.25,1.3866666666666667,3.3136666666666668,1.0693333333333335,3.537333333333333,1.4302
2009-08-23,215.445,71.25,1.3653333333333333,3.3073333333333332,1.0446666666666666,3.505666666666667,1.4337
2009-08-24,215.445,71.25,1.344,3.301,1.02,3.474,1.4292
2009-08-25,215.445,71.25,1.334,3.273,1.012,3.438,1.4282
2009-08-26,215.445,71.25,1.281,3.235,1.055,3.435,1.4236
2009-08-27,215.445,71.25,1.271,3.249,1.048,3.453,1.4369
2009-08-28,215.445,71.25,1.265,3.238,1.016,3.449,1.4354
2009-08-29,215.445,71.25,1.2643333333333333,3.2436666666666665,1.0,3.433,1.4302
2009-08-30,215.445,71.25,1.2636666666666665,3.2493333333333334,0.984,3.417,1.4303
2009-08-31,215.445,71.25,1.263,3.255,0.968,3.401,1.4335
2009-09-01,215.861,71.26,1.194,3.234,0.913,3.37,1.4206
2009-09-02,215.861,71.26,1.191,3.231,0.901,3.309,1.4271
2009-09-03,215.861,71.26,1.145,3.235,0.917,3.348,1.4255
2009-09-04,215.861,71.26,1.105,3.256,0.932,3.445,1.4292
2009-09-05,215.861,71.26,1.097,3.2479999999999998,0.935,3.4539999999999997,1.4274
2009-09-06,215.861,71.26,1.089,3.24,0.938,3.463,1.432
2009-09-07,215.861,71.26,1.081,3.232,0.941,3.472,1.4333
2009-09-08,215.861,71.26,1.062,3.276,0.944,3.481,1.4499
2009-09-09,215.861,71.26,1.09,3.372,0.928,3.475,1.4547
2009-09-10,215.861,71.26,1.119,3.301,0.888,3.354,1.4579
2009-09-11,215.861,71.26,1.14,3.234,0.907,3.349,1.4579
2009-09-12,215.861,71.26,1.1733333333333333,3.2416666666666667,0.9136666666666667,3.373666666666667,1.4577
2009-09-13,215.861,71.26,1.2066666666666666,3.2493333333333334,0.9203333333333333,3.3983333333333334,1.4575
2009-09-14,215.861,71.26,1.24,3.257,0.927,3.423,1.4638
2009-09-15,215.861,71.26,1.26,3.294,0.939,3.447,1.467
2009-09-16,215.861,71.26,1.276,3.343,0.992,3.475,1.4707
2009-09-17,215.861,71.26,1.296,3.365,0.939,3.385,1.4731
2009-09-18,215.861,71.26,1.301,3.392,1.0,3.469,1.4707
2009-09-19,215.861,71.26,1.2886666666666666,3.3876666666666666,0.9946666666666667,3.473333333333333,1.4703
2009-09-20,215.861,71.26,1.2763333333333333,3.3833333333333333,0.9893333333333333,3.477666666666667,1.4702
2009-09-21,215.861,71.26,1.264,3.379,0.984,3.482,1.4682
2009-09-22,215.861,71.26,1.286,3.394,0.955,3.443,1.4809
2009-09-23,215.861,71.26,1.27,3.376,0.956,3.415,1.4727
2009-09-24,215.861,71.26,1.198,3.305,0.937,3.383,1.465
2009-09-25,215.861,71.26,1.218,3.241,0.988,3.322,1.4681
2009-09-26,215.861,71.26,1.2216666666666667,3.247,0.984,3.3083333333333336,1.4681
2009-09-27,215.861,71.26,1.2253333333333334,3.253,0.98,3.2946666666666666,1.4708
2009-09-28,215.861,71.26,1.229,3.259,0.976,3.281,1.4621
2009-09-29,215.861,71.26,1.25,3.219,1.0,3.292,1.4593
2009-09-30,215.861,71.26,1.276,3.224,0.948,3.305,1.4653
2009-10-01,216.509,71.42,1.229,3.152,0.873,3.181,1.4514
2009-10-02,216.509,71.42,1.208,3.114,0.873,3.219,1.4586
2009-10-03,216.509,71.42,1.2113333333333334,3.1173333333333333,0.8743333333333333,3.219,1.4586
2009-10-04,216.509,71.42,1.2146666666666666,3.1206666666666667,0.8756666666666667,3.219,1.4598
2009-10-05,216.509,71.42,1.218,3.124,0.877,3.219,1.4657
2009-10-06,216.509,71.42,1.229,3.161,0.904,3.259,1.472
2009-10-07,216.509,71.42,1.239,3.121,0.86,3.186,1.4714
2009-10-08,216.509,71.42,1.255,3.112,0.884,3.248,1.4772
2009-10-09,216.509,71.42,1.372,3.204,0.972,3.384,1.4728
2009-10-10,216.509,71.42,1.3613333333333335,3.1963333333333335,0.95375,3.3846666666666665,1.4714
2009-10-11,216.509,71.42,1.3506666666666667,3.1886666666666668,0.9355,3.3853333333333335,1.4719
2009-10-12,216.509,71.42,1.34,3.181,0.91725,3.386,1.4789
2009-10-13,216.509,71.42,1.303,3.167,0.899,3.352,1.4848
2009-10-14,216.509,71.42,1.351,3.236,0.923,3.423,1.4931
2009-10-15,216.509,71.42,1.41,3.302,0.951,3.464,1.4954
2009-10-16,216.509,71.42,1.438,3.291,0.959,3.412,1.4902
2009-10-17,216.509,71.42,1.437,3.292333333333333,0.9616666666666667,3.4036666666666666,1.489
2009-10-18,216.509,71.42,1.436,3.2936666666666667,0.9643333333333333,3.3953333333333333,1.4893
2009-10-19,216.509,71.42,1.435,3.295,0.967,3.387,1.4967
2009-10-20,216.509,71.42,1.376,3.232,0.919,3.341,1.493
2009-10-21,216.509,71.42,1.406,3.321,0.959,3.393,1.5012
2009-10-22,216.509,71.42,1.386,3.3,0.947,3.421,1.5039
2009-10-23,216.509,71.42,1.395,3.352,1.012,3.494,1.5007
2009-10-24,216.509,71.42,1.3880000000000001,3.3529999999999998,1.0176666666666667,3.5153333333333334,1.4998
2009-10-25,216.509,71.42,1.381,3.354,1.0233333333333332,3.5366666666666666,1.4989
2009-10-26,216.509,71.42,1.374,3.355,1.029,3.558,1.4857
2009-10-27,216.509,71.42,1.301,3.26,0.934,3.452,1.4819
2009-10-28,216.509,71.42,1.307,3.254,0.941,3.415,1.4714
2009-10-29,216.509,71.42,1.364,3.329,0.98,3.495,1.4838
2009-10-30,216.509,71.42,1.288,3.225,0.901,3.388,1.4729
2009-10-31,216.509,71.42,1.2933333333333334,3.23,0.909,3.4,1.4729
2009-11-01,217.234,71.51,1.2986666666666666,3.2350000000000003,0.917,3.412,1.475
2009-11-02,217.234,71.51,1.304,3.24,0.925,3.424,1.4771
2009-11-03,217.234,71.51,1.293,3.271,0.917,3.469,1.4729
2009-11-04,217.234,71.51,1.327,3.317,0.9,3.52,1.4864
2009-11-05,217.234,71.51,1.31,3.345,0.881,3.527,1.4875
2009-11-06,217.234,71.51,1.282,3.381,0.848,3.501,1.484
2009-11-07,217.234,71.51,1.2766666666666666,3.3593333333333333,0.8493333333333333,3.4953333333333334,1.4894666666666667
2009-11-08,217.234,71.51,1.2713333333333334,3.3376666666666663,0.8506666666666667,3.4896666666666665,1.4949333333333332
2009-11-09,217.234,71.51,1.266,3.316,0.852,3.484,1.5004
2009-11-10,217.234,71.51,1.249,3.286,0.835,3.478,1.4989
2009-11-11,217.234,71.51,1.244,3.342,0.823,3.444,1.4981
2009-11-12,217.234,71.51,1.227,3.371,0.811,3.444,1.4854
2009-11-13,217.234,71.51,1.199,3.382,0.806,3.423,1.4903
2009-11-14,217.234,71.51,1.1963333333333335,3.3596666666666666,0.7953333333333333,3.3983333333333334,1.4928666666666666
2009-11-15,217.234,71.51,1.1936666666666667,3.3373333333333335,0.7846666666666667,3.373666666666667,1.4954333333333334
2009-11-16,217.234,71.51,1.191,3.315,0.774,3.349,1.498
2009-11-17,217.234,71.51,1.182,3.278,0.761,3.323,1.4875
2009-11-18,217.234,71.51,1.309,3.284,0.749,3.366,1.4951
2009-11-19,217.234,71.51,1.299,3.271,0.704,3.342,1.4913
2009-11-20,217.234,71.51,1.338,3.242,0.731,3.369,1.486
2009-11-21,217.234,71.51,1.346,3.2516666666666665,0.731,3.363666666666667,1.4892
2009-11-22,217.234,71.51,1.354,3.2613333333333334,0.731,3.3583333333333334,1.4924
2009-11-23,217.234,71.51,1.362,3.271,0.731,3.353,1.4956
2009-11-24,217.234,71.51,1.347,3.253,0.73,3.304,1.4965
2009-11-25,217.234,71.51,1.354,3.268,0.742,3.268,1.5126
2009-11-26,217.234,71.51,1.24,3.157,0.7145,3.2375,1.4973
2009-11-27,217.234,71.51,1.255,3.158,0.687,3.207,1.4983
2009-11-28,217.234,71.51,1.261,3.1576666666666666,0.6803333333333333,3.2039999999999997,1.5000666666666667
2009-11-29,217.234,71.51,1.267,3.1573333333333333,0.6736666666666667,3.201,1.5018333333333334
2009-11-30,217.234,71.51,1.273,3.157,0.667,3.198,1.5036
2009-12-01,217.347,71.73,1.245,3.151,0.675,3.284,1.5086
2009-12-02,217.347,71.73,1.245,3.156,0.722,3.314,1.5068
2009-12-03,217.347,71.73,1.29,3.17,0.726,3.379,1.5063
2009-12-04,217.347,71.73,1.345,3.233,0.846,3.478,1.4855
2009-12-05,217.347,71.73,1.3413333333333333,3.216,0.8193333333333334,3.461666666666667,1.4849
2009-12-06,217.347,71.73,1.3376666666666668,3.199,0.7926666666666666,3.445333333333333,1.4843
2009-12-07,217.347,71.73,1.334,3.182,0.766,3.429,1.4837
2009-12-08,217.347,71.73,1.25,3.148,0.726,3.384,1.4685
2009-12-09,217.347,71.73,1.219,3.143,0.746,3.433,1.4736
2009-12-10,217.347,71.73,1.253,3.185,0.77,3.501,1.4727
2009-12-11,217.347,71.73,1.275,3.205,0.81,3.554,1.4616
2009-12-12,217.347,71.73,1.267,3.198,0.8250000000000001,3.5533333333333332,1.4629
2009-12-13,217.347,71.73,1.259,3.1910000000000003,0.84,3.5526666666666666,1.4642
2009-12-14,217.347,71.73,1.251,3.184,0.855,3.552,1.4655
2009-12-15,217.347,71.73,1.274,3.234,0.859,3.594,1.454
2009-12-16,217.347,71.73,1.214,3.185,0.835,3.598,1.4523
2009-12-17,217.347,71.73,1.167,3.141,0.758,3.482,1.4342
2009-12-18,217.347,71.73,1.168,3.141,0.799,3.546,1.4344
2009-12-19,217.347,71.73,1.173,3.159666666666667,0.8206666666666667,3.5906666666666665,1.4324666666666666
2009-12-20,217.347,71.73,1.178,3.1783333333333332,0.8423333333333334,3.6353333333333335,1.4305333333333334
2009-12-21,217.347,71.73,1.183,3.197,0.864,3.68,1.4286
2009-12-22,217.347,71.73,1.208,3.26,0.913,3.758,1.4253
2009-12-23,217.347,71.73,1.22,3.33,0.926,3.754,1.4335
2009-12-24,217.347,71.73,1.2292,3.3366000000000002,0.968,3.805,1.4378
2009-12-25,217.347,71.73,1.2384,3.3432,0.98875,3.81575,1.438
2009-12-26,217.347,71.73,1.2476,3.3498,1.0095,3.8265000000000002,1.4377333333333333
2009-12-27,217.347,71.73,1.2568,3.3564,1.0302499999999999,3.83725,1.4374666666666667
2009-12-28,217.347,71.73,1.266,3.363,1.051,3.848,1.4372
2009-12-29,217.347,71.73,1.321,3.375,1.095,3.803,1.4341
2009-12-30,217.347,71.73,1.36,3.388,1.083,3.793,1.4338
2009-12-31,217.347,71.73,1.3612000000000002,3.3884,1.143,3.837,1.43
2010-01-01,217.488,71.15,1.3624,3.3888,1.12625,3.8335,1.4287
2010-01-02,217.488,71.15,1.3636000000000001,3.3892,1.1095000000000002,3.83,1.4287
2010-01-03,217.488,71.15,1.3648,3.3896,1.09275,3.8265000000000002,1.4317
2010-01-04,217.488,71.15,1.366,3.39,1.076,3.823,1.4422
2010-01-05,217.488,71.15,1.311,3.369,1.016,3.763,1.4361
2010-01-06,217.488,71.15,1.321,3.391,1.0,3.829,1.4398
2010-01-07,217.488,71.15,1.293,3.371,1.028,3.827,1.4315
2010-01-08,217.488,71.15,1.251,3.379,0.976,3.836,1.4408
2010-01-09,217.488,71.15,1.2503333333333333,3.3676666666666666,0.964,3.832,1.4402
2010-01-10,217.488,71.15,1.2496666666666667,3.3563333333333336,0.952,3.828,1.4463
2010-01-11,217.488,71.15,1.249,3.345,0.94,3.824,1.4509
2010-01-12,217.488,71.15,1.229,3.314,0.907,3.717,1.4475
2010-01-13,217.488,71.15,1.208,3.303,0.964,3.793,1.4522
2010-01-14,217.488,71.15,1.186,3.295,0.923,3.742,1.4497
2010-01-15,217.488,71.15,1.146,3.258,0.87,3.676,1.4386
2010-01-16,217.488,71.15,1.15,3.2546666666666666,0.874,3.6815,1.4386
2010-01-17,217.488,71.15,1.154,3.2513333333333336,0.878,3.6870000000000003,1.4368
2010-01-18,217.488,71.15,1.158,3.248,0.882,3.6925,1.4404
2010-01-19,217.488,71.15,1.194,3.276,0.886,3.698,1.4277
2010-01-20,217.488,71.15,1.136,3.22,0.882,3.653,1.411
2010-01-21,217.488,71.15,1.123,3.198,0.833,3.595,1.4096
2010-01-22,217.488,71.15,1.124,3.218,0.792,3.601,1.4137
2010-01-23,217.488,71.15,1.1206666666666667,3.216666666666667,0.8,3.6106666666666665,1.415
2010-01-24,217.488,71.15,1.1173333333333335,3.215333333333333,0.8079999999999999,3.6203333333333334,1.4153
2010-01-25,217.488,71.15,1.114,3.214,0.816,3.63,1.4146
2010-01-26,217.488,71.15,1.126,3.204,0.811,3.621,1.4076
2010-01-27,217.488,71.15,1.146,3.207,0.915,3.65,1.4029
2010-01-28,217.488,71.15,1.13,3.199,0.863,3.642,1.39648
2010-01-29,217.488,71.15,1.127,3.19,0.816,3.588,1.3861
2010-01-30,217.488,71.15,1.1306666666666667,3.1883333333333335,0.829,3.610666666666667,1.3861
2010-01-31,217.488,71.15,1.1343333333333332,3.1866666666666665,0.842,3.6333333333333333,1.3874
2010-02-01,217.281,71.37,1.138,3.185,0.855,3.656,1.3924
2010-02-02,217.281,71.37,1.143,3.2,0.855,3.64,1.3973
2010-02-03,217.281,71.37,1.158,3.226,0.883,3.707,1.3899
2010-02-04,217.281,71.37,1.063,3.159,0.807,3.61,1.3743
2010-02-05,217.281,71.37,0.989,3.114,0.771,3.571,1.3675
2010-02-06,217.281,71.37,0.9956666666666666,3.1253333333333333,0.7683333333333333,3.568,1.3604
2010-02-07,217.281,71.37,1.0023333333333333,3.1366666666666667,0.7656666666666667,3.565,1.3638
2010-02-08,217.281,71.37,1.009,3.148,0.763,3.562,1.3654
2010-02-09,217.281,71.37,1.081,3.208,0.827,3.647,1.378
2010-02-10,217.281,71.37,1.063,3.208,0.879,3.69,1.3748
2010-02-11,217.281,71.37,1.06,3.236,0.871,3.721,1.3682
2010-02-12,217.281,71.37,0.99,3.192,0.831,3.695,1.3634
2010-02-13,217.281,71.37,0.9886666666666667,3.1943333333333332,0.82475,3.687,1.36161
2010-02-14,217.281,71.37,0.9873333333333333,3.1966666666666668,0.8185,3.679,1.3621
2010-02-15,217.281,71.37,0.986,3.199,0.81225,3.671,1.3599
2010-02-16,217.281,71.37,0.985,3.203,0.806,3.663,1.3763
2010-02-17,217.281,71.37,0.977,3.194,0.855,3.735,1.3603
2010-02-18,217.281,71.37,0.999,3.252,0.928,3.807,1.3462
2010-02-19,217.281,71.37,1.008,3.289,0.92,3.776,1.3612
2010-02-20,217.281,71.37,1.007,3.282,0.909,3.783,1.3535
2010-02-21,217.281,71.37,1.006,3.275,0.898,3.79,1.3626
2010-02-22,217.281,71.37,1.005,3.268,0.887,3.797,1.36002
2010-02-23,217.281,71.37,0.939,3.166,0.838,3.689,1.3524
2010-02-24,217.281,71.37,0.92,3.134,0.867,3.695,1.3541
2010-02-25,217.281,71.37,0.872,3.109,0.828,3.632,1.3535
2010-02-26,217.281,71.37,0.876,3.099,0.816,3.619,1.3623
2010-02-27,217.281,71.37,0.8713333333333333,3.1006666666666667,0.8119999999999999,3.6153333333333335,1.3657
2010-02-28,217.281,71.37,0.8666666666666667,3.1023333333333336,0.808,3.611666666666667,1.3634
2010-03-01,217.353,72.16,0.862,3.104,0.804,3.608,1.35616
2010-03-02,217.353,72.16,0.863,3.109,0.792,3.608,1.3617
2010-03-03,217.353,72.16,0.878,3.138,0.812,3.621,1.3699
2010-03-04,217.353,72.16,0.878,3.118,0.859,3.606,1.358
2010-03-05,217.353,72.16,0.887,3.148,0.899,3.682,1.3621
2010-03-06,217.353,72.16,0.89,3.153,0.8976666666666667,3.695,1.3606
2010-03-07,217.353,72.16,0.893,3.158,0.8963333333333333,3.708,1.3636
2010-03-08,217.353,72.16,0.896,3.163,0.895,3.721,1.3616
2010-03-09,217.353,72.16,0.871,3.134,0.871,3.7,1.3603
2010-03-10,217.353,72.16,0.92,3.155,0.907,3.721,1.3641
2010-03-11,217.353,72.16,0.951,3.182,0.951,3.729,1.3684
2010-03-12,217.353,72.16,0.957,3.162,0.96,3.703,1.3765
2010-03-13,217.353,72.16,0.9523333333333333,3.1606666666666667,0.9546666666666667,3.701,1.3769
2010-03-14,217.353,72.16,0.9476666666666667,3.159333333333333,0.9493333333333333,3.699,1.3773
2010-03-15,217.353,72.16,0.943,3.158,0.944,3.697,1.3675
2010-03-16,217.353,72.16,0.915,3.132,0.911,3.653,1.3769
2010-03-17,217.353,72.16,0.878,3.115,0.919,3.642,1.3738
2010-03-18,217.353,72.16,0.907,3.129,0.956,3.682,1.36124
2010-03-19,217.353,72.16,0.91,3.109,0.997,3.693,1.353
2010-03-20,217.353,72.16,0.899,3.0953333333333335,0.989,3.6823333333333332,1.35205
2010-03-21,217.353,72.16,0.888,3.0816666666666666,0.981,3.671666666666667,1.3511
2010-03-22,217.353,72.16,0.877,3.068,0.973,3.661,1.3565
2010-03-23,217.353,72.16,0.856,3.059,0.981,3.687,1.3466
2010-03-24,217.353,72.16,0.884,3.094,1.099,3.854,1.3327
2010-03-25,217.353,72.16,0.92,3.176,1.087,3.881,1.33029
2010-03-26,217.353,72.16,0.893,3.15,1.048,3.851,1.34079
2010-03-27,217.353,72.16,0.897,3.1443333333333334,1.0453333333333334,3.856,1.3387
2010-03-28,217.353,72.16,0.901,3.1386666666666665,1.0426666666666666,3.861,1.3447
2010-03-29,217.353,72.16,0.905,3.133,1.04,3.866,1.3476
2010-03-30,217.353,72.16,0.989,3.108,1.063,3.858,1.34223
2010-03-31,217.353,72.16,0.977,3.098,1.02,3.833,1.3506
2010-04-01,217.403,72.45,0.973,3.086,1.06,3.87,1.358
2010-04-02,217.403,72.45,0.9782,3.0993999999999997,1.104,3.943,1.3499
2010-04-03,217.403,72.45,0.9833999999999999,3.1128,1.1280000000000001,3.958666666666667,1.3497
2010-04-04,217.403,72.45,0.9886,3.1262,1.152,3.9743333333333335,1.3495
2010-04-05,217.403,72.45,0.9938,3.1396,1.176,3.99,1.3485
2010-04-06,217.403,72.45,0.999,3.153,1.14,3.956,1.3398
2010-04-07,217.403,72.45,0.974,3.121,1.056,3.863,1.3345
2010-04-08,217.403,72.45,0.931,3.098,1.068,3.89,1.3356
2010-04-09,217.403,72.45,0.992,3.165,1.064,3.881,1.3499
2010-04-10,217.403,72.45,0.9986666666666667,3.17,1.0546666666666666,3.8666666666666667,1.3562
2010-04-11,217.403,72.45,1.0053333333333334,3.1750000000000003,1.0453333333333334,3.852333333333333,1.3625
2010-04-12,217.403,72.45,1.012,3.18,1.036,3.838,1.35942
2010-04-13,217.403,72.45,0.984,3.147,1.052,3.82,1.3607
2010-04-14,217.403,72.45,0.967,3.137,1.056,3.865,1.3654
2010-04-15,217.403,72.45,0.937,3.126,1.016,3.836,1.35708
2010-04-16,217.403,72.45,0.908,3.086,0.959,3.77,1.35
2010-04-17,217.403,72.45,0.8976666666666667,3.0846666666666667,0.9686666666666667,3.781,1.3483
2010-04-18,217.403,72.45,0.8873333333333333,3.083333333333333,0.9783333333333333,3.792,1.3486
2010-04-19,217.403,72.45,0.877,3.082,0.988,3.803,1.34866
2010-04-20,217.403,72.45,0.9,3.101,1.012,3.797,1.3433
2010-04-21,217.403,72.45,0.891,3.076,1.0,3.738,1.3386
2010-04-22,217.403,72.45,0.892,3.05,1.033,3.77,1.3268
2010-04-23,217.403,72.45,0.919,3.053,1.07,3.817,1.3381
2010-04-24,217.403,72.45,0.9063333333333333,3.0523333333333333,1.0656666666666668,3.8143333333333334,1.33685
2010-04-25,217.403,72.45,0.8936666666666667,3.0516666666666667,1.0613333333333332,3.811666666666667,1.3356
2010-04-26,217.403,72.45,0.881,3.051,1.057,3.809,1.34
2010-04-27,217.403,72.45,0.789,2.941,0.963,3.693,1.3169
2010-04-28,217.403,72.45,0.793,2.971,1.032,3.767,1.3211
2010-04-29,217.403,72.45,0.821,3.009,1.004,3.73,1.3261
2010-04-30,217.403,72.45,0.788,3.019,0.964,3.659,1.3292
2010-05-01,217.29,72.54,0.8023333333333333,3.0313333333333334,0.976,3.67,1.33
2010-05-02,217.29,72.54,0.8166666666666667,3.0436666666666667,0.988,3.681,1.332
2010-05-03,217.29,72.54,0.831,3.056,1.0,3.692,1.31978
2010-05-04,217.29,72.54,0.715,2.952,0.952,3.598,1.2963
2010-05-05,217.29,72.54,0.596,2.859,0.873,3.546,1.2811
2010-05-06,217.29,72.54,0.542,2.794,0.793,3.405,1.2632
2010-05-07,217.29,72.54,0.576,2.785,0.82,3.42,1.2757
2010-05-08,217.29,72.54,0.593,2.841,0.836,3.461333333333333,1.2718
2010-05-09,217.29,72.54,0.61,2.897,0.852,3.502666666666667,1.28734
2010-05-10,217.29,72.54,0.627,2.953,0.868,3.544,1.2777
2010-05-11,217.29,72.54,0.597,2.934,0.84,3.527,1.2626
2010-05-12,217.29,72.54,0.582,2.94,0.867,3.571,1.2635
2010-05-13,217.29,72.54,0.534,2.94,0.835,3.537,1.2539
2010-05-14,217.29,72.54,0.563,2.868,0.79,3.455,1.2359
2010-05-15,217.29,72.54,0.5646666666666667,2.866,0.7953333333333333,3.467,1.23625
2010-05-16,217.29,72.54,0.5663333333333332,2.864,0.8006666666666667,3.479,1.2366
2010-05-17,217.29,72.54,0.568,2.862,0.806,3.491,1.23906
2010-05-18,217.29,72.54,0.568,2.829,0.733,3.353,1.21779
2010-05-19,217.29,72.54,0.54,2.76,0.777,3.37,1.23884
2010-05-20,217.29,72.54,0.517,2.696,0.716,3.216,1.2478
2010-05-21,217.29,72.54,0.51,2.665,0.764,3.236,1.2583
2010-05-22,217.29,72.54,0.519,2.661,0.7543333333333333,3.2233333333333336,1.2558
2010-05-23,217.29,72.54,0.528,2.657,0.7446666666666667,3.2106666666666666,1.2533
2010-05-24,217.29,72.54,0.537,2.653,0.735,3.198,1.2348
2010-05-25,217.29,72.54,0.495,2.578,0.759,3.16,1.2342
2010-05-26,217.29,72.54,0.505,2.632,0.817,3.192,1.21702
2010-05-27,217.29,72.54,0.53,2.706,0.881,3.357,1.2343
2010-05-28,217.29,72.54,0.5,2.676,0.774,3.303,1.2269
2010-05-29,217.29,72.54,0.505,2.669,0.773,3.302,1.2366
2010-05-30,217.29,72.54,0.51,2.662,0.772,3.3009999999999997,1.2267
2010-05-31,217.29,72.54,0.515,2.655,0.771,3.3,1.2286
2010-06-01,217.199,72.54,0.499,2.682,0.77,3.263,1.2231
2010-06-02,217.199,72.54,0.501,2.656,0.817,3.347,1.2236
2010-06-03,217.199,72.54,0.507,2.674,0.821,3.369,1.2166
2010-06-04,217.199,72.54,0.484,2.568,0.73,3.208,1.1969
2010-06-05,217.199,72.54,0.48533333333333334,2.565,0.726,3.1873333333333336,1.1997
2010-06-06,217.199,72.54,0.48666666666666664,2.5620000000000003,0.722,3.1666666666666665,1.1931
2010-06-07,217.199,72.54,0.488,2.559,0.718,3.146,1.1922
2010-06-08,217.199,72.54,0.45,2.513,0.746,3.189,1.1969
2010-06-09,217.199,72.54,0.49,2.566,0.726,3.178,1.1989
2010-06-10,217.199,72.54,0.511,2.609,0.794,3.325,1.2107
2010-06-11,217.199,72.54,0.469,2.573,0.734,3.233,1.211
2010-06-12,217.199,72.54,0.479,2.5963333333333334,0.7353333333333333,3.2426666666666666,1.2116
2010-06-13,217.199,72.54,0.489,2.6196666666666664,0.7366666666666667,3.2523333333333335,1.2139
2010-06-14,217.199,72.54,0.499,2.643,0.738,3.262,1.2215
2010-06-15,217.199,72.54,0.51,2.67,0.758,3.306,1.2317
2010-06-16,217.199,72.54,0.495,2.675,0.734,3.264,1.231
2010-06-17,217.199,72.54,0.519,2.665,0.706,3.194,1.2379
2010-06-18,217.199,72.54,0.581,2.73,0.714,3.225,1.2388
2010-06-19,217.199,72.54,0.6,2.7443333333333335,0.715,3.231,1.23728
2010-06-20,217.199,72.54,0.619,2.7586666666666666,0.716,3.237,1.2411
2010-06-21,217.199,72.54,0.638,2.773,0.717,3.243,1.2313
2010-06-22,217.199,72.54,0.592,2.695,0.685,3.165,1.22708
2010-06-23,217.199,72.54,0.603,2.649,0.68,3.124,1.2316
2010-06-24,217.199,72.54,0.544,2.597,0.68,3.143,1.2336
2010-06-25,217.199,72.54,0.573,2.618,0.653,3.11,1.2374
2010-06-26,217.199,72.54,0.571,2.6083333333333334,0.645,3.081,1.2375500000000001
2010-06-27,217.199,72.54,0.569,2.5986666666666665,0.637,3.052,1.2377
2010-06-28,217.199,72.54,0.567,2.589,0.629,3.023,1.2273
2010-06-29,217.199,72.54,0.546,2.563,0.601,2.953,1.2186
2010-06-30,217.199,72.54,0.587,2.552,0.605,2.935,1.2228
2010-07-01,217.605,72.23,0.682,2.563,0.637,2.954,1.25049
2010-07-02,217.605,72.23,0.672,2.587,0.629,2.984,1.2563
2010-07-03,217.605,72.23,0.658,2.5726666666666667,0.627,2.982666666666667,1.2574
2010-07-04,217.605,72.23,0.644,2.5583333333333336,0.625,2.981333333333333,1.2558
2010-07-05,217.605,72.23,0.63,2.544,0.623,2.98,1.2534
2010-07-06,217.605,72.23,0.657,2.589,0.621,2.936,1.262
2010-07-07,217.605,72.23,0.684,2.602,0.629,2.986,1.2632
2010-07-08,217.605,72.23,0.726,2.633,0.621,3.034,1.2689
2010-07-09,217.605,72.23,0.774,2.636,0.633,3.056,1.2637
2010-07-10,217.605,72.23,0.747,2.621,0.6396666666666667,3.0593333333333335,1.2642
2010-07-11,217.605,72.23,0.72,2.6060000000000003,0.6463333333333333,3.0626666666666664,1.2644
2010-07-12,217.605,72.23,0.693,2.591,0.653,3.066,1.25876
2010-07-13,217.605,72.23,0.737,2.646,0.669,3.124,1.27193
2010-07-14,217.605,72.23,0.775,2.664,0.609,3.05,1.27399
2010-07-15,217.605,72.23,0.803,2.655,0.609,2.997,1.2923
2010-07-16,217.605,72.23,0.776,2.604,0.589,2.925,1.2926
2010-07-17,217.605,72.23,0.794,2.622333333333333,0.5903333333333333,2.937,1.2918
2010-07-18,217.605,72.23,0.8119999999999999,2.6406666666666667,0.5916666666666667,2.949,1.29
2010-07-19,217.605,72.23,0.83,2.659,0.593,2.961,1.29367
2010-07-20,217.605,72.23,0.784,2.636,0.585,2.954,1.2891
2010-07-21,217.605,72.23,0.73,2.637,0.56,2.882,1.27662
2010-07-22,217.605,72.23,0.708,2.678,0.564,2.932,1.29001
2010-07-23,217.605,72.23,0.752,2.708,0.588,3.0,1.2901
2010-07-24,217.605,72.23,0.7796666666666666,2.7270000000000003,0.5906666666666667,2.998666666666667,1.2862
2010-07-25,217.605,72.23,0.8073333333333333,2.746,0.5933333333333333,2.997333333333333,1.2886
2010-07-26,217.605,72.23,0.835,2.765,0.596,2.996,1.2996
2010-07-27,217.605,72.23,0.882,2.773,0.641,3.049,1.2989
2010-07-28,217.605,72.23,0.855,2.749,0.613,2.99,1.2991
2010-07-29,217.605,72.23,0.839,2.712,0.586,2.988,1.30759
2010-07-30,217.605,72.23,0.805,2.671,0.554,2.905,1.3049
2010-07-31,217.605,72.23,0.803,2.6816666666666666,0.558,2.9243333333333332,1.3038
2010-08-01,217.923,72.37,0.801,2.692333333333333,0.5619999999999999,2.9436666666666667,1.3057
2010-08-02,217.923,72.37,0.799,2.703,0.566,2.963,1.3173
2010-08-03,217.923,72.37,0.725,2.61,0.538,2.909,1.3223
2010-08-04,217.923,72.37,0.76,2.602,0.57,2.953,1.3156
2010-08-05,217.923,72.37,0.752,2.56,0.534,2.906,1.3178
2010-08-06,217.923,72.37,0.752,2.516,0.506,2.822,1.328
2010-08-07,217.923,72.37,0.7446666666666667,2.5203333333333333,0.5163333333333333,2.8243333333333336,1.3278
2010-08-08,217.923,72.37,0.7373333333333333,2.5246666666666666,0.5266666666666667,2.8266666666666667,1.3283
2010-08-09,217.923,72.37,0.73,2.529,0.537,2.829,1.323
2010-08-10,217.923,72.37,0.704,2.539,0.525,2.768,1.31849
2010-08-11,217.923,72.37,0.635,2.427,0.517,2.687,1.2839
2010-08-12,217.923,72.37,0.624,2.425,0.549,2.753,1.28293
2010-08-13,217.923,72.37,0.663,2.394,0.533,2.679,1.275
2010-08-14,217.923,72.37,0.6626666666666667,2.3716666666666666,0.5206666666666667,2.6436666666666664,1.276
2010-08-15,217.923,72.37,0.6623333333333333,2.3493333333333335,0.5083333333333333,2.6083333333333334,1.2768
2010-08-16,217.923,72.37,0.662,2.327,0.496,2.573,1.28139
2010-08-17,217.923,72.37,0.677,2.368,0.5,2.641,1.2878
2010-08-18,217.923,72.37,0.662,2.323,0.496,2.638,1.2853
2010-08-19,217.923,72.37,0.666,2.303,0.488,2.575,1.28062
2010-08-20,217.923,72.37,0.608,2.267,0.495,2.614,1.2707
2010-08-21,217.923,72.37,0.6093333333333333,2.273,0.491,2.61,1.2711
2010-08-22,217.923,72.37,0.6106666666666667,2.279,0.487,2.606,1.2707
2010-08-23,217.923,72.37,0.612,2.285,0.483,2.602,1.2631
2010-08-24,217.923,72.37,0.594,2.18,0.47,2.488,1.2633
2010-08-25,217.923,72.37,0.592,2.143,0.524,2.539,1.26632
2010-08-26,217.923,72.37,0.611,2.146,0.521,2.481,1.2705
2010-08-27,217.923,72.37,0.647,2.203,0.56,2.647,1.2731
2010-08-28,217.923,72.37,0.63,2.1783333333333332,0.5403333333333333,2.6079999999999997,1.2764
2010-08-29,217.923,72.37,0.613,2.1536666666666666,0.5206666666666667,2.569,1.2752
2010-08-30,217.923,72.37,0.596,2.129,0.501,2.53,1.2661
2010-08-31,217.923,72.37,0.601,2.115,0.477,2.47,1.2684
2010-09-01,218.275,72.6,0.625,2.223,0.505,2.58,1.28
2010-09-02,218.275,72.6,0.615,2.278,0.497,2.625,1.2823
2010-09-03,218.275,72.6,0.641,2.355,0.518,2.702,1.2893
2010-09-04,218.275,72.6,0.644,2.352,0.511,2.706,1.2881
2010-09-05,218.275,72.6,0.647,2.349,0.504,2.71,1.2891
2010-09-06,218.275,72.6,0.65,2.346,0.497,2.714,1.2867
2010-09-07,218.275,72.6,0.579,2.273,0.49,2.598,1.2677
2010-09-08,218.275,72.6,0.633,2.295,0.522,2.654,1.273
2010-09-09,218.275,72.6,0.709,2.339,0.563,2.762,1.2695
2010-09-10,218.275,72.6,0.741,2.409,0.571,2.795,1.2708
2010-09-11,218.275,72.6,0.744,2.4179999999999997,0.5589999999999999,2.7786666666666666,1.2727
2010-09-12,218.275,72.6,0.747,2.427,0.547,2.7623333333333333,1.2717
2010-09-13,218.275,72.6,0.75,2.436,0.535,2.746,1.28695
2010-09-14,218.275,72.6,0.719,2.376,0.499,2.683,1.29898
2010-09-15,218.275,72.6,0.753,2.406,0.484,2.723,1.30139
2010-09-16,218.275,72.6,0.813,2.486,0.48,2.764,1.3078
2010-09-17,218.275,72.6,0.78,2.422,0.468,2.739,1.3034
2010-09-18,218.275,72.6,0.7903333333333333,2.4403333333333332,0.4666666666666667,2.727333333333333,1.3044
2010-09-19,218.275,72.6,0.8006666666666667,2.458666666666667,0.4653333333333334,2.715666666666667,1.3041
2010-09-20,218.275,72.6,0.811,2.477,0.464,2.704,1.3063
2010-09-21,218.275,72.6,0.791,2.452,0.424,2.576,1.32554
2010-09-22,218.275,72.6,0.755,2.349,0.432,2.555,1.33921
2010-09-23,218.275,72.6,0.693,2.297,0.42,2.553,1.33165
2010-09-24,218.275,72.6,0.746,2.348,0.444,2.61,1.3489
2010-09-25,218.275,72.6,0.7386666666666667,2.3246666666666664,0.43866666666666665,2.583666666666667,1.34815
2010-09-26,218.275,72.6,0.7313333333333333,2.3013333333333335,0.43333333333333335,2.5573333333333332,1.3474
2010-09-27,218.275,72.6,0.724,2.278,0.428,2.531,1.34377
2010-09-28,218.275,72.6,0.734,2.25,0.434,2.467,1.357
2010-09-29,218.275,72.6,0.788,2.237,0.438,2.505,1.3624
2010-09-30,218.275,72.6,0.842,2.271,0.426,2.512,1.3621
2010-10-01,219.035,72.81,0.849,2.279,0.422,2.513,1.3776
2010-10-02,219.035,72.81,0.8436666666666667,2.27,0.41833333333333333,2.5016666666666665,1.379
2010-10-03,219.035,72.81,0.8383333333333333,2.2609999999999997,0.41466666666666663,2.4903333333333335,1.3777
2010-10-04,219.035,72.81,0.833,2.252,0.411,2.479,1.3672
2010-10-05,219.035,72.81,0.811,2.291,0.407,2.474,1.3835
2010-10-06,219.035,72.81,0.776,2.22,0.383,2.401,1.392
2010-10-07,219.035,72.81,0.808,2.27,0.355,2.385,1.3924
2010-10-08,219.035,72.81,0.795,2.255,0.347,2.396,1.3926
2010-10-09,219.035,72.81,0.796,2.260333333333333,0.353,2.3936666666666664,1.3921
2010-10-10,219.035,72.81,0.797,2.2656666666666667,0.359,2.3913333333333333,1.3974
2010-10-11,219.035,72.81,0.798,2.271,0.365,2.389,1.3881
2010-10-12,219.035,72.81,0.76,2.252,0.371,2.433,1.3915
2010-10-13,219.035,72.81,0.781,2.28,0.367,2.429,1.3965
2010-10-14,219.035,72.81,0.806,2.303,0.383,2.509,1.4071
2010-10-15,219.035,72.81,0.821,2.378,0.367,2.567,1.3971
2010-10-16,219.035,72.81,0.8456666666666667,2.380333333333333,0.367,2.549666666666667,1.3994
2010-10-17,219.035,72.81,0.8703333333333333,2.3826666666666667,0.367,2.5323333333333333,1.3962
2010-10-18,219.035,72.81,0.895,2.385,0.367,2.515,1.3935
2010-10-19,219.035,72.81,0.901,2.423,0.363,2.481,1.3732
2010-10-20,219.035,72.81,0.954,2.441,0.351,2.481,1.3964
2010-10-21,219.035,72.81,1.008,2.493,0.355,2.542,1.3914
2010-10-22,219.035,72.81,1.012,2.479,0.359,2.561,1.3925
2010-10-23,219.035,72.81,1.0023333333333333,2.47,0.36033333333333334,2.562333333333333,1.3956
2010-10-24,219.035,72.81,0.9926666666666667,2.461,0.36166666666666664,2.5636666666666668,1.3942
2010-10-25,219.035,72.81,0.983,2.452,0.363,2.565,1.3943
2010-10-26,219.035,72.81,1.037,2.507,0.395,2.645,1.38534
2010-10-27,219.035,72.81,1.021,2.568,0.418,2.722,1.3774
2010-10-28,219.035,72.81,1.054,2.562,0.367,2.659,1.3925
2010-10-29,219.035,72.81,0.986,2.522,0.34,2.603,1.3925
2010-10-30,219.035,72.81,0.9853333333333333,2.5069999999999997,0.3423333333333333,2.6103333333333336,1.3946
2010-10-31,219.035,72.81,0.9846666666666667,2.492,0.3446666666666667,2.6176666666666666,1.3972
2010-11-01,219.59,72.88,0.984,2.477,0.347,2.625,1.3909
2010-11-02,219.59,72.88,0.99,2.473,0.351,2.587,1.40357
2010-11-03,219.59,72.88,0.976,2.42,0.34,2.579,1.4127
2010-11-04,219.59,72.88,0.92,2.388,0.332,2.493,1.4226
2010-11-05,219.59,72.88,0.914,2.423,0.371,2.539,1.403
2010-11-06,219.59,72.88,0.918,2.4116666666666666,0.38166666666666665,2.5453333333333332,1.40307
2010-11-07,219.59,72.88,0.922,2.400333333333333,0.39233333333333337,2.5516666666666667,1.4073
2010-11-08,219.59,72.88,0.926,2.389,0.403,2.558,1.38704
2010-11-09,219.59,72.88,0.929,2.415,0.443,2.663,1.37693
2010-11-10,219.59,72.88,0.927,2.438,0.431,2.639,1.37759
2010-11-11,219.59,72.88,0.953,2.422,0.469,2.656,1.362
2010-11-12,219.59,72.88,1.034,2.516,0.507,2.789,1.3689
2010-11-13,219.59,72.88,1.0356666666666667,2.5326666666666666,0.518,2.8483333333333336,1.3687
2010-11-14,219.59,72.88,1.0373333333333332,2.5493333333333332,0.529,2.9076666666666666,1.3693
2010-11-15,219.59,72.88,1.039,2.566,0.54,2.967,1.3573
2010-11-16,219.59,72.88,1.052,2.626,0.504,2.845,1.3488
2010-11-17,219.59,72.88,1.051,2.602,0.488,2.882,1.3553
2010-11-18,219.59,72.88,1.11,2.708,0.5,2.901,1.3654
2010-11-19,219.59,72.88,1.117,2.705,0.513,2.873,1.3685
2010-11-20,219.59,72.88,1.0913333333333333,2.6903333333333332,0.498,2.8506666666666667,1.36867
2010-11-21,219.59,72.88,1.0656666666666668,2.675666666666667,0.48300000000000004,2.8283333333333336,1.3739
2010-11-22,219.59,72.88,1.04,2.661,0.468,2.806,1.35985
2010-11-23,219.59,72.88,0.922,2.552,0.457,2.782,1.33848
2010-11-24,219.59,72.88,0.976,2.663,0.539,2.912,1.33578
2010-11-25,219.59,72.88,0.954,2.703,0.5275000000000001,2.911,1.3338
2010-11-26,219.59,72.88,0.93,2.738,0.516,2.87,1.3248
2010-11-27,219.59,72.88,0.925,2.7456666666666667,0.5146666666666667,2.8553333333333333,1.3244
2010-11-28,219.59,72.88,0.92,2.7533333333333334,0.5133333333333333,2.840666666666667,1.32316
2010-11-29,219.59,72.88,0.915,2.761,0.512,2.826,1.3098
2010-11-30,219.59,72.88,0.858,2.675,0.461,2.797,1.2991
2010-12-01,220.472,73.32,0.864,2.772,0.539,2.966,1.3122
2010-12-02,220.472,73.32,0.878,2.817,0.543,2.996,1.32127
2010-12-03,220.472,73.32,0.859,2.861,0.476,3.007,1.3411
2010-12-04,220.472,73.32,0.844,2.860666666666667,0.4603333333333333,2.981,1.3364
2010-12-05,220.472,73.32,0.829,2.860333333333333,0.44466666666666665,2.955,1.3413
2010-12-06,220.472,73.32,0.814,2.86,0.429,2.929,1.3285
2010-12-07,220.472,73.32,0.869,2.947,0.532,3.135,1.3244
2010-12-08,220.472,73.32,1.0,3.025,0.627,3.272,1.3249
2010-12-09,220.472,73.32,1.02,2.959,0.628,3.213,1.3239
2010-12-10,220.472,73.32,1.086,2.953,0.644,3.323,1.3227
2010-12-11,220.472,73.32,1.076,2.96,0.6266666666666667,3.3076666666666665,1.3233
2010-12-12,220.472,73.32,1.066,2.967,0.6093333333333333,3.2923333333333336,1.3198
2010-12-13,220.472,73.32,1.056,2.974,0.592,3.277,1.3395
2010-12-14,220.472,73.32,1.086,3.036,0.649,3.473,1.3357
2010-12-15,220.472,73.32,1.06,3.029,0.677,3.538,1.3223
2010-12-16,220.472,73.32,1.082,3.082,0.649,3.434,1.3237
2010-12-17,220.472,73.32,1.056,3.023,0.609,3.332,1.3184
2010-12-18,220.472,73.32,1.0493333333333335,3.0046666666666666,0.6076666666666667,3.3346666666666667,1.3187
2010-12-19,220.472,73.32,1.0426666666666666,2.9863333333333335,0.6063333333333333,3.337333333333333,1.3162
2010-12-20,220.472,73.32,1.036,2.968,0.605,3.34,1.3117
2010-12-21,220.472,73.32,1.03,2.98,0.614,3.303,1.309
2010-12-22,220.472,73.32,0.956,2.96,0.634,3.348,1.3113
2010-12-23,220.472,73.32,0.958,2.982,0.655,3.397,1.3125
2010-12-24,220.472,73.32,0.95675,2.99425,0.653,3.414,1.3121
2010-12-25,220.472,73.32,0.9555,3.0065,0.651,3.3850000000000002,1.312
2010-12-26,220.472,73.32,0.9542499999999999,3.0187500000000003,0.649,3.356,1.3077
2010-12-27,220.472,73.32,0.953,3.031,0.647,3.327,1.31872
2010-12-28,220.472,73.32,0.875,2.991,0.751,3.482,1.30848
2010-12-29,220.472,73.32,0.893,3.012,0.641,3.355,1.32223
2010-12-30,220.472,73.32,0.854,2.949,0.645,3.367,1.3298
2010-12-31,220.472,73.32,0.83975,2.9379999999999997,0.605,3.288,1.3386
2011-01-01,221.187,72.8,0.8255,2.9269999999999996,0.6036666666666667,3.3033333333333332,1.3386
2011-01-02,221.187,72.8,0.81125,2.916,0.6023333333333333,3.3186666666666667,1.3355
2011-01-03,221.187,72.8,0.797,2.905,0.601,3.334,1.33569
2011-01-04,221.187,72.8,0.823,2.891,0.621,3.338,1.3317
2011-01-05,221.187,72.8,0.909,2.954,0.708,3.463,1.3156
2011-01-06,221.187,72.8,0.906,2.924,0.677,3.399,1.2976
2011-01-07,221.187,72.8,0.856,2.862,0.597,3.328,1.2909
2011-01-08,221.187,72.8,0.86,2.866,0.589,3.3143333333333334,1.2913
2011-01-09,221.187,72.8,0.864,2.87,0.581,3.3006666666666664,1.2893
2011-01-10,221.187,72.8,0.868,2.874,0.573,3.287,1.2963
2011-01-11,221.187,72.8,0.894,2.932,0.589,3.34,1.29803
2011-01-12,221.187,72.8,0.989,3.058,0.605,3.367,1.3126
2011-01-13,221.187,72.8,1.105,3.047,0.585,3.299,1.3352
2011-01-14,221.187,72.8,1.16,3.033,0.581,3.331,1.3372
2011-01-15,221.187,72.8,1.1526666666666665,3.0353333333333334,0.583,3.3256666666666668,1.3324
2011-01-16,221.187,72.8,1.1453333333333333,3.0376666666666665,0.585,3.320333333333333,1.338
2011-01-17,221.187,72.8,1.138,3.04,0.587,3.315,1.328
2011-01-18,221.187,72.8,1.2,3.118,0.589,3.37,1.3378
2011-01-19,221.187,72.8,1.161,3.114,0.568,3.337,1.345
2011-01-20,221.187,72.8,1.242,3.151,0.633,3.451,1.3467
2011-01-21,221.187,72.8,1.302,3.183,0.617,3.408,1.3613
2011-01-22,221.187,72.8,1.286,3.171,0.6183333333333333,3.4073333333333333,1.3577
2011-01-23,221.187,72.8,1.27,3.159,0.6196666666666667,3.4066666666666667,1.3615
2011-01-24,221.187,72.8,1.254,3.147,0.621,3.406,1.3641
2011-01-25,221.187,72.8,1.27,3.146,0.58,3.33,1.368
2011-01-26,221.187,72.8,1.319,3.186,0.629,3.421,1.3706
2011-01-27,221.187,72.8,1.371,3.207,0.586,3.389,1.37222
2011-01-28,221.187,72.8,1.382,3.17,0.546,3.329,1.3608
2011-01-29,221.187,72.8,1.378,3.1676666666666664,0.554,3.3440000000000003,1.3604
2011-01-30,221.187,72.8,1.374,3.1653333333333333,0.5619999999999999,3.359,1.3572
2011-01-31,221.187,72.8,1.37,3.163,0.57,3.374,1.3709
2011-02-01,221.898,73.11,1.406,3.231,0.605,3.435,1.3827
2011-02-02,221.898,73.11,1.478,3.248,0.664,3.479,1.3814
2011-02-03,221.898,73.11,1.352,3.209,0.712,3.547,1.3622
2011-02-04,221.898,73.11,1.444,3.259,0.752,3.638,1.3586
2011-02-05,221.898,73.11,1.4166666666666667,3.2583333333333333,0.7563333333333333,3.6386666666666665,1.358
2011-02-06,221.898,73.11,1.3893333333333333,3.2576666666666667,0.7606666666666667,3.6393333333333335,1.3573
2011-02-07,221.898,73.11,1.362,3.257,0.765,3.64,1.3591
2011-02-08,221.898,73.11,1.434,3.256,0.853,3.737,1.3625
2011-02-09,221.898,73.11,1.465,3.309,0.805,3.652,1.3718
2011-02-10,221.898,73.11,1.446,3.304,0.837,3.702,1.3602
2011-02-11,221.898,73.11,1.398,3.289,0.838,3.638,1.3546
2011-02-12,221.898,73.11,1.4023333333333332,3.29,0.841,3.6336666666666666,1.3546
2011-02-13,221.898,73.11,1.4066666666666667,3.291,0.844,3.6293333333333333,1.351
2011-02-14,221.898,73.11,1.411,3.292,0.847,3.625,1.3478
2011-02-15,221.898,73.11,1.412,3.293,0.823,3.604,1.34974
2011-02-16,221.898,73.11,1.398,3.239,0.835,3.623,1.3572
2011-02-17,221.898,73.11,1.314,3.178,0.766,3.576,1.3622
2011-02-18,221.898,73.11,1.402,3.253,0.755,3.582,1.3684
2011-02-19,221.898,73.11,1.3956666666666666,3.231,0.74075,3.58,1.367
2011-02-20,221.898,73.11,1.3893333333333333,3.209,0.7264999999999999,3.578,1.3712
2011-02-21,221.898,73.11,1.383,3.187,0.7122499999999999,3.576,1.3679
2011-02-22,221.898,73.11,1.431,3.159,0.698,3.459,1.3674
2011-02-23,221.898,73.11,1.454,3.15,0.751,3.483,1.376
2011-02-24,221.898,73.11,1.54,3.134,0.739,3.45,1.3817
2011-02-25,221.898,73.11,1.549,3.145,0.72,3.416,1.3752
2011-02-26,221.898,73.11,1.541,3.156,0.7093333333333333,3.418,1.3747
2011-02-27,221.898,73.11,1.533,3.167,0.6986666666666667,3.42,1.3733
2011-02-28,221.898,73.11,1.525,3.178,0.688,3.422,1.38197
2011-03-01,223.046,74.09,1.54,3.18,0.657,3.403,1.3769
2011-03-02,223.046,74.09,1.553,3.211,0.696,3.471,1.3865
2011-03-03,223.046,74.09,1.784,3.325,0.764,3.559,1.3957
2011-03-04,223.046,74.09,1.769,3.289,0.689,3.492,1.398
2011-03-05,223.046,74.09,1.764,3.2893333333333334,0.6943333333333332,3.5,1.3984
2011-03-06,223.046,74.09,1.759,3.2896666666666667,0.6996666666666667,3.508,1.3987
2011-03-07,223.046,74.09,1.754,3.29,0.705,3.516,1.39635
2011-03-08,223.046,74.09,1.744,3.314,0.725,3.551,1.3897
2011-03-09,223.046,74.09,1.747,3.298,0.697,3.469,1.3901
2011-03-10,223.046,74.09,1.694,3.245,0.633,3.362,1.3798
2011-03-11,223.046,74.09,1.653,3.204,0.645,3.402,1.3902
2011-03-12,223.046,74.09,1.648,3.211666666666667,0.6303333333333333,3.389666666666667,1.3861
2011-03-13,223.046,74.09,1.643,3.219333333333333,0.6156666666666667,3.3773333333333335,1.3938
2011-03-14,223.046,74.09,1.638,3.227,0.601,3.365,1.3992
2011-03-15,223.046,74.09,1.535,3.14,0.609,3.307,1.3986
2011-03-16,223.046,74.09,1.479,3.088,0.561,3.192,1.3883
2011-03-17,223.046,74.09,1.589,3.184,0.589,3.257,1.40306
2011-03-18,223.046,74.09,1.639,3.189,0.589,3.268,1.4181
2011-03-19,223.046,74.09,1.672,3.2063333333333333,0.605,3.289333333333333,1.41814
2011-03-20,223.046,74.09,1.705,3.223666666666667,0.621,3.3106666666666666,1.4169
2011-03-21,223.046,74.09,1.738,3.241,0.637,3.332,1.421
2011-03-22,223.046,74.09,1.717,3.265,0.653,3.328,1.4166
2011-03-23,223.046,74.09,1.697,3.236,0.654,3.354,1.4106
2011-03-24,223.046,74.09,1.687,3.251,0.694,3.407,1.41689
2011-03-25,223.046,74.09,1.733,3.271,0.736,3.442,1.4088
2011-03-26,223.046,74.09,1.7353333333333334,3.284,0.7426666666666667,3.441666666666667,1.4087
2011-03-27,223.046,74.09,1.7376666666666667,3.297,0.7493333333333333,3.441333333333333,1.4024
2011-03-28,223.046,74.09,1.74,3.31,0.756,3.441,1.40777
2011-03-29,223.046,74.09,1.778,3.339,0.825,3.491,1.4109
2011-03-30,223.046,74.09,1.763,3.339,0.797,3.444,1.412
2011-03-31,223.046,74.09,1.79,3.361,0.833,3.47,1.41578
2011-04-01,224.093,74.51,1.839,3.385,0.802,3.45,1.4234
2011-04-02,224.093,74.51,1.8316666666666666,3.3796666666666666,0.79,3.441666666666667,1.4238
2011-04-03,224.093,74.51,1.8243333333333334,3.3743333333333334,0.778,3.433333333333333,1.42217
2011-04-04,224.093,74.51,1.817,3.369,0.766,3.425,1.4217
2011-04-05,224.093,74.51,1.839,3.392,0.822,3.487,1.4219
2011-04-06,224.093,74.51,1.845,3.432,0.842,3.549,1.4334
2011-04-07,224.093,74.51,1.824,3.421,0.786,3.549,1.43
2011-04-08,224.093,74.51,1.916,3.486,0.814,3.583,1.4483
2011-04-09,224.093,74.51,1.9183333333333332,3.489666666666667,0.8193333333333332,3.5843333333333334,1.4434
2011-04-10,224.093,74.51,1.9206666666666667,3.493333333333333,0.8246666666666667,3.585666666666667,1.4461
2011-04-11,224.093,74.51,1.923,3.497,0.83,3.587,1.4435
2011-04-12,224.093,74.51,1.87,3.445,0.746,3.492,1.4477
2011-04-13,224.093,74.51,1.887,3.45,0.73,3.458,1.4442
2011-04-14,224.093,74.51,1.871,3.437,0.766,3.496,1.4484
2011-04-15,224.093,74.51,1.863,3.383,0.697,3.413,1.4428
2011-04-16,224.093,74.51,1.8206666666666667,3.336333333333333,0.6863333333333334,3.4019999999999997,1.4428
2011-04-17,224.093,74.51,1.7783333333333333,3.2896666666666667,0.6756666666666666,3.391,1.44095
2011-04-18,224.093,74.51,1.736,3.243,0.665,3.38,1.4225
2011-04-19,224.093,74.51,1.798,3.275,0.653,3.365,1.4335
2011-04-20,224.093,74.51,1.84,3.308,0.669,3.408,1.45146
2011-04-21,224.093,74.51,1.766,3.27,0.66,3.394,1.4552
2011-04-22,224.093,74.51,1.7606,3.266,0.655,3.394,1.4559
2011-04-23,224.093,74.51,1.7552,3.262,0.65,3.384666666666667,1.456
2011-04-24,224.093,74.51,1.7498,3.258,0.645,3.3753333333333333,1.45548
2011-04-25,224.093,74.51,1.7444000000000002,3.254,0.64,3.366,1.4576
2011-04-26,224.093,74.51,1.739,3.25,0.607,3.309,1.46845
2011-04-27,224.093,74.51,1.817,3.297,0.649,3.357,1.4775
2011-04-28,224.093,74.51,1.784,3.25,0.625,3.316,1.4841
2011-04-29,224.093,74.51,1.774,3.236,0.609,3.29,1.4807
2011-04-30,224.093,74.51,1.7883333333333333,3.2393333333333336,0.6076666666666667,3.287,1.4817
2011-05-01,224.806,74.52,1.8026666666666666,3.2426666666666666,0.6063333333333333,3.2840000000000003,1.47876
2011-05-02,224.806,74.52,1.817,3.246,0.605,3.281,1.4824
2011-05-03,224.806,74.52,1.869,3.271,0.605,3.251,1.48301
2011-05-04,224.806,74.52,1.915,3.296,0.589,3.221,1.48265
2011-05-05,224.806,74.52,1.759,3.211,0.577,3.152,1.454
2011-05-06,224.806,74.52,1.791,3.18,0.553,3.15,1.4314
2011-05-07,224.806,74.52,1.7616666666666667,3.1533333333333333,0.5516666666666667,3.1523333333333334,1.4492
2011-05-08,224.806,74.52,1.7323333333333333,3.126666666666667,0.5503333333333333,3.1546666666666665,1.4355
2011-05-09,224.806,74.52,1.703,3.1,0.549,3.157,1.4373
2011-05-10,224.806,74.52,1.722,3.127,0.589,3.213,1.4408
2011-05-11,224.806,74.52,1.722,3.144,0.549,3.156,1.4211
2011-05-12,224.806,74.52,1.779,3.113,0.557,3.226,1.4238
2011-05-13,224.806,74.52,1.789,3.084,0.537,3.169,1.4116
2011-05-14,224.806,74.52,1.7956666666666665,3.096,0.5326666666666667,3.1616666666666666,1.4117
2011-05-15,224.806,74.52,1.8023333333333333,3.108,0.5283333333333333,3.154333333333333,1.40758
2011-05-16,224.806,74.52,1.809,3.12,0.524,3.147,1.4154
2011-05-17,224.806,74.52,1.789,3.092,0.52,3.114,1.4266
2011-05-18,224.806,74.52,1.82,3.119,0.56,3.184,1.4254
2011-05-19,224.806,74.52,1.844,3.128,0.528,3.173,1.4316
2011-05-20,224.806,74.52,1.769,3.068,0.515,3.147,1.4159
2011-05-21,224.806,74.52,1.7473333333333332,3.0536666666666665,0.519,3.141,1.417
2011-05-22,224.806,74.52,1.7256666666666667,3.0393333333333334,0.523,3.135,1.4103
2011-05-23,224.806,74.52,1.704,3.025,0.527,3.129,1.40364
2011-05-24,224.806,74.52,1.709,3.066,0.507,3.116,1.4097
2011-05-25,224.806,74.52,1.651,3.04,0.535,3.132,1.4083
2011-05-26,224.806,74.52,1.623,3.002,0.488,3.059,1.41314
2011-05-27,224.806,74.52,1.563,2.979,0.48,3.072,1.4301
2011-05-28,224.806,74.52,1.5713333333333332,2.978666666666667,0.477,3.0686666666666667,1.4284
2011-05-29,224.806,74.52,1.5796666666666668,2.9783333333333335,0.474,3.0653333333333332,1.4296
2011-05-30,224.806,74.52,1.588,2.978,0.47100000000000003,3.062,1.4324
2011-05-31,224.806,74.52,1.613,3.021,0.468,3.059,1.4426
2011-06-01,224.806,74.51,1.612,3.001,0.437,2.944,1.43415
2011-06-02,224.806,74.51,1.635,2.983,0.461,3.031,1.4484
2011-06-03,224.806,74.51,1.683,3.059,0.429,2.991,1.4633
2011-06-04,224.806,74.51,1.6776666666666666,3.0486666666666666,0.42766666666666664,2.993,1.463
2011-06-05,224.806,74.51,1.6723333333333334,3.0383333333333336,0.42633333333333334,2.995,1.4652
2011-06-06,224.806,74.51,1.667,3.028,0.425,2.997,1.4578
2011-06-07,224.806,74.51,1.708,3.091,0.405,3.0,1.4682
2011-06-08,224.806,74.51,1.664,3.056,0.385,2.946,1.45961
2011-06-09,224.806,74.51,1.621,3.029,0.42,2.997,1.45137
2011-06-10,224.806,74.51,1.544,2.966,0.404,2.973,1.4345
2011-06-11,224.806,74.51,1.5456666666666667,2.9683333333333333,0.4013333333333334,2.9766666666666666,1.4363
2011-06-12,224.806,74.51,1.5473333333333332,2.970666666666667,0.39866666666666667,2.9803333333333333,1.433
2011-06-13,224.806,74.51,1.549,2.973,0.396,2.984,1.4415
2011-06-14,224.806,74.51,1.589,3.018,0.444,3.099,1.4449
2011-06-15,224.806,74.51,1.532,2.98,0.38,2.967,1.4182
2011-06-16,224.806,74.51,1.45,2.937,0.384,2.926,1.42
2011-06-17,224.806,74.51,1.511,2.955,0.379,2.944,1.431
2011-06-18,224.806,74.51,1.5126666666666666,2.955,0.37766666666666665,2.948,1.4324
2011-06-19,224.806,74.51,1.5143333333333333,2.955,0.37633333333333335,2.952,1.42882
2011-06-20,224.806,74.51,1.516,2.955,0.375,2.956,1.43244
2011-06-21,224.806,74.51,1.536,2.985,0.37,2.98,1.43798
2011-06-22,224.806,74.51,1.487,2.956,0.374,2.98,1.4312
2011-06-23,224.806,74.51,1.369,2.867,0.35,2.914,1.4266
2011-06-24,224.806,74.51,1.363,2.834,0.337,2.871,1.4177
2011-06-25,224.806,74.51,1.3716666666666666,2.852,0.35733333333333334,2.8913333333333333,1.4186
2011-06-26,224.806,74.51,1.3803333333333334,2.87,0.3776666666666667,2.9116666666666666,1.4169
2011-06-27,224.806,74.51,1.389,2.888,0.398,2.932,1.4312
2011-06-28,224.806,74.51,1.477,2.931,0.481,3.034,1.4354
2011-06-29,224.806,74.51,1.554,2.989,0.465,3.121,1.44827
2011-06-30,224.806,74.51,1.606,3.028,0.465,3.16,1.44939
2011-07-01,225.395,74.09,1.664,3.054,0.474,3.182,1.4524
2011-07-02,225.395,74.09,1.6636666666666666,3.043333333333333,0.46399999999999997,3.188,1.4505
2011-07-03,225.395,74.09,1.6633333333333333,3.0326666666666666,0.45399999999999996,3.194,1.4536
2011-07-04,225.395,74.09,1.663,3.022,0.444,3.2,1.45475
2011-07-05,225.395,74.09,1.643,3.011,0.434,3.119,1.4422
2011-07-06,225.395,74.09,1.573,2.93,0.426,3.11,1.4328
2011-07-07,225.395,74.09,1.574,2.966,0.47,3.138,1.43676
2011-07-08,225.395,74.09,1.456,2.835,0.395,3.03,1.4262
2011-07-09,225.395,74.09,1.389,2.7796666666666665,0.383,2.9946666666666664,1.4263
2011-07-10,225.395,74.09,1.3219999999999998,2.7243333333333335,0.371,2.9593333333333334,1.4201
2011-07-11,225.395,74.09,1.255,2.669,0.359,2.924,1.40389
2011-07-12,225.395,74.09,1.275,2.704,0.359,2.877,1.3967
2011-07-13,225.395,74.09,1.268,2.751,0.355,2.884,1.4235
2011-07-14,225.395,74.09,1.251,2.746,0.371,2.953,1.4154
2011-07-15,225.395,74.09,1.218,2.704,0.359,2.908,1.4155
2011-07-16,225.395,74.09,1.2126666666666666,2.687666666666667,0.36166666666666664,2.912,1.4154
2011-07-17,225.395,74.09,1.2073333333333334,2.671333333333333,0.36433333333333334,2.916,1.4123
2011-07-18,225.395,74.09,1.202,2.655,0.367,2.92,1.411
2011-07-19,225.395,74.09,1.25,2.68,0.371,2.878,1.41689
2011-07-20,225.395,74.09,1.305,2.766,0.375,2.931,1.42655
2011-07-21,225.395,74.09,1.429,2.881,0.399,3.014,1.4415
2011-07-22,225.395,74.09,1.375,2.817,0.391,2.964,1.4357
2011-07-23,225.395,74.09,1.359,2.799,0.3993333333333333,2.977333333333333,1.4363
2011-07-24,225.395,74.09,1.343,2.781,0.4076666666666667,2.990666666666667,1.4387
2011-07-25,225.395,74.09,1.327,2.763,0.416,3.004,1.437
2011-07-26,225.395,74.09,1.341,2.749,0.395,2.955,1.45042
2011-07-27,225.395,74.09,1.293,2.659,0.446,2.982,1.4369
2011-07-28,225.395,74.09,1.252,2.64,0.422,2.955,1.433
2011-07-29,225.395,74.09,1.166,2.544,0.359,2.792,1.4397
2011-07-30,225.395,74.09,1.1476666666666666,2.52,0.36433333333333334,2.779,1.4384
2011-07-31,225.395,74.09,1.1293333333333333,2.496,0.36966666666666664,2.766,1.4358
2011-08-01,226.106,74.22,1.111,2.472,0.375,2.753,1.4261
2011-08-02,226.106,74.22,1.055,2.411,0.32,2.613,1.41711
2011-08-03,226.106,74.22,1.063,2.414,0.332,2.615,1.43506
2011-08-04,226.106,74.22,0.869,2.313,0.261,2.407,1.4066
2011-08-05,226.106,74.22,0.811,2.36,0.292,2.563,1.428
2011-08-06,226.106,74.22,0.787,2.3306666666666667,0.2826666666666667,2.4806666666666666,1.4155
2011-08-07,226.106,74.22,0.763,2.301333333333333,0.2733333333333333,2.3983333333333334,1.4304
2011-08-08,226.106,74.22,0.739,2.272,0.264,2.316,1.41699
2011-08-09,226.106,74.22,0.772,2.363,0.208,2.275,1.43753
2011-08-10,226.106,74.22,0.56,2.198,0.18,2.095,1.4126
2011-08-11,226.106,74.22,0.672,2.29,0.184,2.333,1.4224
2011-08-12,226.106,74.22,0.702,2.334,0.195,2.26,1.4249
2011-08-13,226.106,74.22,0.7056666666666667,2.331,0.195,2.276,1.4312633333333333
2011-08-14,226.106,74.22,0.7093333333333333,2.3280000000000003,0.195,2.292,1.4376266666666668
2011-08-15,226.106,74.22,0.713,2.325,0.195,2.308,1.44399
2011-08-16,226.106,74.22,0.734,2.321,0.187,2.225,1.4396
2011-08-17,226.106,74.22,0.704,2.235,0.194,2.167,1.4427
2011-08-18,226.106,74.22,0.603,2.083,0.194,2.068,1.433
2011-08-19,226.106,74.22,0.643,2.099,0.193,2.067,1.4394
2011-08-20,226.106,74.22,0.641,2.1033333333333335,0.197,2.081,1.4406
2011-08-21,226.106,74.22,0.639,2.107666666666667,0.20099999999999998,2.095,1.4368
2011-08-22,226.106,74.22,0.637,2.112,0.205,2.109,1.43613
2011-08-23,226.106,74.22,0.656,2.117,0.221,2.158,1.4434
2011-08-24,226.106,74.22,0.723,2.179,0.231,2.294,1.4413
2011-08-25,226.106,74.22,0.641,2.188,0.211,2.234,1.4373
2011-08-26,226.106,74.22,0.655,2.152,0.196,2.19,1.4484
2011-08-27,226.106,74.22,0.6900000000000001,2.176,0.19966666666666666,2.2146666666666666,1.4461
2011-08-28,226.106,74.22,0.725,2.2,0.20333333333333334,2.239333333333333,1.4493
2011-08-29,226.106,74.22,0.76,2.224,0.207,2.264,1.4522
2011-08-30,226.106,74.22,0.653,2.149,0.196,2.176,1.44299
2011-08-31,226.106,74.22,0.73,2.221,0.203,2.234,1.4371
2011-09-01,226.597,74.77,0.655,2.157,0.184,2.132,1.426
2011-09-02,226.597,74.77,0.545,2.012,0.204,1.994,1.4191
2011-09-03,226.597,74.77,0.51,1.9643333333333333,0.20299999999999999,1.992,1.4191
2011-09-04,226.597,74.77,0.47500000000000003,1.9166666666666667,0.202,1.99,1.4156
2011-09-05,226.597,74.77,0.44,1.869,0.201,1.988,1.406
2011-09-06,226.597,74.77,0.44,1.849,0.2,1.982,1.4003
2011-09-07,226.597,74.77,0.489,1.898,0.204,2.041,1.40839
2011-09-08,226.597,74.77,0.448,1.879,0.192,1.977,1.39003
2011-09-09,226.597,74.77,0.39,1.777,0.173,1.915,1.3655
2011-09-10,226.597,74.77,0.4036666666666667,1.7636666666666667,0.185,1.926,1.3654
2011-09-11,226.597,74.77,0.41733333333333333,1.7503333333333333,0.19699999999999998,1.937,1.35964
2011-09-12,226.597,74.77,0.431,1.737,0.209,1.948,1.36581
2011-09-13,226.597,74.77,0.507,1.783,0.205,1.992,1.3683
2011-09-14,226.597,74.77,0.544,1.867,0.189,1.992,1.37439
2011-09-15,226.597,74.77,0.605,1.933,0.193,2.083,1.3868
2011-09-16,226.597,74.77,0.516,1.857,0.173,2.057,1.3799
2011-09-17,226.597,74.77,0.5006666666666667,1.837,0.16766666666666666,2.0233333333333334,1.3787
2011-09-18,226.597,74.77,0.48533333333333334,1.817,0.16233333333333333,1.9896666666666667,1.3702
2011-09-19,226.597,74.77,0.47,1.797,0.157,1.956,1.3608
2011-09-20,226.597,74.77,0.468,1.788,0.161,1.937,1.3691
2011-09-21,226.597,74.77,0.447,1.769,0.198,1.856,1.3581
2011-09-22,226.597,74.77,0.422,1.69,0.202,1.72,1.34763
2011-09-23,226.597,74.77,0.395,1.745,0.222,1.83,1.3499
2011-09-24,226.597,74.77,0.41433333333333333,1.7716666666666667,0.225,1.8546666666666667,1.3513
2011-09-25,226.597,74.77,0.4336666666666667,1.7983333333333333,0.228,1.8793333333333333,1.3545
2011-09-26,226.597,74.77,0.453,1.825,0.231,1.904,1.3516
2011-09-27,226.597,74.77,0.549,1.954,0.239,1.98,1.3581
2011-09-28,226.597,74.77,0.589,1.983,0.25,1.987,1.35344
2011-09-29,226.597,74.77,0.599,2.008,0.262,2.002,1.3585
2011-09-30,226.597,74.77,0.558,1.886,0.247,1.917,1.3385
2011-10-01,226.75,75.03,0.537,1.8619999999999999,0.243,1.861,1.339
2011-10-02,226.75,75.03,0.516,1.838,0.239,1.8050000000000002,1.3359
2011-10-03,226.75,75.03,0.495,1.814,0.235,1.749,1.3192
2011-10-04,226.75,75.03,0.453,1.719,0.255,1.817,1.3325
2011-10-05,226.75,75.03,0.494,1.84,0.259,1.891,1.3338
2011-10-06,226.75,75.03,0.627,1.942,0.268,1.992,1.3428
2011-10-07,226.75,75.03,0.616,2.005,0.296,2.075,1.3375
2011-10-08,226.75,75.03,0.6323333333333333,2.0323333333333333,0.298,2.0733333333333333,1.3386
2011-10-09,226.75,75.03,0.6486666666666667,2.0596666666666668,0.3,2.0716666666666668,1.3382
2011-10-10,226.75,75.03,0.665,2.087,0.302,2.07,1.3634
2011-10-11,226.75,75.03,0.65,2.085,0.304,2.159,1.3644
2011-10-12,226.75,75.03,0.707,2.191,0.289,2.212,1.3789
2011-10-13,226.75,75.03,0.637,2.111,0.281,2.182,1.37399
2011-10-14,226.75,75.03,0.675,2.198,0.269,2.251,1.388
2011-10-15,226.75,75.03,0.6453333333333333,2.1653333333333333,0.26933333333333337,2.219,1.3858
2011-10-16,226.75,75.03,0.6156666666666667,2.1326666666666667,0.26966666666666667,2.187,1.3876
2011-10-17,226.75,75.03,0.586,2.1,0.27,2.155,1.374
2011-10-18,226.75,75.03,0.569,2.01,0.27,2.175,1.37365
2011-10-19,226.75,75.03,0.622,2.068,0.27,2.157,1.37626
2011-10-20,226.75,75.03,0.611,2.009,0.266,2.187,1.3781
2011-10-21,226.75,75.03,0.664,2.116,0.271,2.216,1.3893
2011-10-22,226.75,75.03,0.662,2.1163333333333334,0.275,2.222,1.3872
2011-10-23,226.75,75.03,0.66,2.1166666666666667,0.27899999999999997,2.228,1.385
2011-10-24,226.75,75.03,0.658,2.117,0.283,2.234,1.3924
2011-10-25,226.75,75.03,0.574,2.062,0.251,2.114,1.3904
2011-10-26,226.75,75.03,0.526,2.037,0.289,2.207,1.3887
2011-10-27,226.75,75.03,0.658,2.21,0.313,2.385,1.4172
2011-10-28,226.75,75.03,0.62,2.196,0.293,2.324,1.4146
2011-10-29,226.75,75.03,0.5963333333333334,2.1430000000000002,0.2786666666666667,2.2546666666666666,1.4145
2011-10-30,226.75,75.03,0.5726666666666667,2.09,0.2643333333333333,2.1853333333333333,1.41422
2011-10-31,226.75,75.03,0.549,2.037,0.25,2.116,1.3856
2011-11-01,227.169,75.09,0.398,1.743,0.242,1.991,1.3657
2011-11-02,227.169,75.09,0.445,1.844,0.23,1.989,1.3696
2011-11-03,227.169,75.09,0.399,1.901,0.242,2.073,1.38281
2011-11-04,227.169,75.09,0.395,1.821,0.222,2.038,1.3791
2011-11-05,227.169,75.09,0.393,1.8153333333333332,0.226,2.032,1.3746
2011-11-06,227.169,75.09,0.391,1.8096666666666668,0.23,2.026,1.3778
2011-11-07,227.169,75.09,0.389,1.804,0.234,2.02,1.37587
2011-11-08,227.169,75.09,0.413,1.798,0.242,2.079,1.3827
2011-11-09,227.169,75.09,0.374,1.707,0.23,1.966,1.3525
2011-11-10,227.169,75.09,0.37,1.737,0.234,2.057,1.36113
2011-11-11,227.169,75.09,0.391,1.853,0.234,2.057,1.3747
2011-11-12,227.169,75.09,0.37966666666666665,1.8403333333333334,0.234,2.053,1.3778
2011-11-13,227.169,75.09,0.36833333333333335,1.8276666666666666,0.234,2.049,1.37896
2011-11-14,227.169,75.09,0.357,1.815,0.234,2.045,1.3619
2011-11-15,227.169,75.09,0.325,1.767,0.242,2.049,1.35137
2011-11-16,227.169,75.09,0.348,1.81,0.25,2.0,1.3437
2011-11-17,227.169,75.09,0.441,1.873,0.266,1.965,1.34574
2011-11-18,227.169,75.09,0.452,1.969,0.282,2.005,1.3523
2011-11-19,227.169,75.09,0.43533333333333335,1.941,0.27666666666666667,1.9916666666666667,1.3518
2011-11-20,227.169,75.09,0.4186666666666667,1.913,0.2713333333333333,1.9783333333333333,1.3527
2011-11-21,227.169,75.09,0.402,1.885,0.266,1.965,1.3483
2011-11-22,227.169,75.09,0.4,1.936,0.262,1.922,1.3518
2011-11-23,227.169,75.09,0.474,2.024,0.266,1.888,1.3344
2011-11-24,227.169,75.09,0.461,2.19,0.2715,1.894,1.3328
2011-11-25,227.169,75.09,0.468,2.262,0.277,1.965,1.3237
2011-11-26,227.169,75.09,0.4633333333333334,2.284666666666667,0.27066666666666667,1.9666666666666668,1.3241
2011-11-27,227.169,75.09,0.45866666666666667,2.3073333333333332,0.26433333333333336,1.9683333333333333,1.3305
2011-11-28,227.169,75.09,0.454,2.33,0.258,1.97,1.33142
2011-11-29,227.169,75.09,0.456,2.355,0.258,1.988,1.3323
2011-11-30,227.169,75.09,0.329,2.281,0.258,2.071,1.3444
2011-12-01,227.223,75.34,0.34,2.246,0.258,2.086,1.34648
2011-12-02,227.223,75.34,0.313,2.17,0.254,2.033,1.3391
2011-12-03,227.223,75.34,0.32133333333333336,2.184,0.25666666666666665,2.033,1.34042
2011-12-04,227.223,75.34,0.32966666666666666,2.198,0.25933333333333336,2.033,1.3416
2011-12-05,227.223,75.34,0.338,2.212,0.262,2.033,1.3384
2011-12-06,227.223,75.34,0.381,2.21,0.258,2.086,1.3409
2011-12-07,227.223,75.34,0.33,2.065,0.238,2.033,1.3406
2011-12-08,227.223,75.34,0.288,2.054,0.222,1.97,1.33442
2011-12-09,227.223,75.34,0.333,2.111,0.226,2.063,1.3384
2011-12-10,227.223,75.34,0.3136666666666667,2.0886666666666667,0.226,2.0476666666666667,1.3365
2011-12-11,227.223,75.34,0.29433333333333334,2.0663333333333336,0.226,2.0323333333333333,1.337
2011-12-12,227.223,75.34,0.275,2.044,0.226,2.017,1.3174
2011-12-13,227.223,75.34,0.29,2.073,0.234,1.963,1.3021
2011-12-14,227.223,75.34,0.299,1.957,0.242,1.904,1.2986
2011-12-15,227.223,75.34,0.271,1.941,0.242,1.911,1.3026
2011-12-16,227.223,75.34,0.234,1.876,0.226,1.851,1.3044
2011-12-17,227.223,75.34,0.23033333333333333,1.8803333333333332,0.23,1.8373333333333333,1.3044
2011-12-18,227.223,75.34,0.22666666666666668,1.8846666666666667,0.23399999999999999,1.8236666666666668,1.3031
2011-12-19,227.223,75.34,0.223,1.889,0.238,1.81,1.3004
2011-12-20,227.223,75.34,0.235,1.961,0.259,1.927,1.3084
2011-12-21,227.223,75.34,0.232,1.942,0.275,1.97,1.3038
2011-12-22,227.223,75.34,0.242,1.94,0.278,1.953,1.3055
2011-12-23,227.223,75.34,0.222,1.948,0.29,2.021,1.3045
2011-12-24,227.223,75.34,0.20875,1.9417499999999999,0.291,2.0226666666666664,1.3039
2011-12-25,227.223,75.34,0.1955,1.9355,0.292,2.0243333333333333,1.3041
2011-12-26,227.223,75.34,0.18225000000000002,1.9292500000000001,0.293,2.026,1.3052
2011-12-27,227.223,75.34,0.169,1.923,0.294,2.002,1.3068
2011-12-28,227.223,75.34,0.168,1.902,0.271,1.921,1.2928
2011-12-29,227.223,75.34,0.156,1.867,0.271,1.899,1.2948
2011-12-30,227.223,75.34,0.141,1.816,0.247,1.876,1.2957
2011-12-31,227.223,75.34,0.16366666666666665,1.8443333333333334,0.25,1.875,1.2957
2012-01-01,227.842,74.74,0.18633333333333332,1.8726666666666667,0.253,1.8739999999999999,1.2957
2012-01-02,227.842,74.74,0.209,1.901,0.256,1.873,1.2937
2012-01-03,227.842,74.74,0.214,1.913,0.259,1.956,1.30507
2012-01-04,227.842,74.74,0.188,1.903,0.263,1.984,1.2931
2012-01-05,227.842,74.74,0.172,1.856,0.263,1.996,1.279
2012-01-06,227.842,74.74,0.172,1.85,0.26,1.958,1.2715
2012-01-07,227.842,74.74,0.16333333333333333,1.8533333333333335,0.256,1.9573333333333334,1.2722
2012-01-08,227.842,74.74,0.15466666666666665,1.8566666666666667,0.252,1.9566666666666666,1.2677
2012-01-09,227.842,74.74,0.146,1.86,0.248,1.956,1.27714
2012-01-10,227.842,74.74,0.165,1.867,0.244,1.963,1.2764
2012-01-11,227.842,74.74,0.142,1.819,0.233,1.905,1.2718
2012-01-12,227.842,74.74,0.153,1.824,0.233,1.926,1.2819
2012-01-13,227.842,74.74,0.156,1.764,0.225,1.871,1.2678
2012-01-14,227.842,74.74,0.15533333333333332,1.767,0.224,1.8673333333333333,1.268
2012-01-15,227.842,74.74,0.15466666666666667,1.77,0.223,1.8636666666666668,1.26508
2012-01-16,227.842,74.74,0.154,1.773,0.222,1.86,1.26665
2012-01-17,227.842,74.74,0.186,1.791,0.221,1.858,1.27421
2012-01-18,227.842,74.74,0.195,1.779,0.23,1.898,1.2861
2012-01-19,227.842,74.74,0.207,1.829,0.238,1.982,1.2961
2012-01-20,227.842,74.74,0.218,1.936,0.242,2.025,1.2929
2012-01-21,227.842,74.74,0.218,1.9516666666666667,0.24233333333333332,2.036,1.2946
2012-01-22,227.842,74.74,0.218,1.9673333333333334,0.24266666666666667,2.0469999999999997,1.289
2012-01-23,227.842,74.74,0.218,1.983,0.243,2.058,1.3024
2012-01-24,227.842,74.74,0.229,1.992,0.239,2.063,1.3037
2012-01-25,227.842,74.74,0.204,1.969,0.227,2.002,1.3108
2012-01-26,227.842,74.74,0.191,1.88,0.215,1.94,1.30967
2012-01-27,227.842,74.74,0.193,1.859,0.215,1.891,1.3217
2012-01-28,227.842,74.74,0.19033333333333333,1.8386666666666667,0.215,1.8760000000000001,1.319
2012-01-29,227.842,74.74,0.18766666666666668,1.8183333333333334,0.215,1.861,1.3207
2012-01-30,227.842,74.74,0.185,1.798,0.215,1.846,1.3139
2012-01-31,227.842,74.74,0.18,1.809,0.219,1.795,1.3073
2012-02-01,228.329,75.11,0.181,1.836,0.226,1.83,1.3166
2012-02-02,228.329,75.11,0.217,1.849,0.226,1.823,1.3136
2012-02-03,228.329,75.11,0.218,1.941,0.238,1.924,1.3158
2012-02-04,228.329,75.11,0.20733333333333334,1.928,0.23666666666666666,1.9163333333333332,1.3153
2012-02-05,228.329,75.11,0.19666666666666666,1.915,0.23533333333333334,1.9086666666666667,1.3125
2012-02-06,228.329,75.11,0.186,1.902,0.234,1.901,1.3118
2012-02-07,228.329,75.11,0.217,1.939,0.25,1.977,1.3249
2012-02-08,228.329,75.11,0.239,1.982,0.258,1.982,1.32517
2012-02-09,228.329,75.11,0.259,2.015,0.266,2.036,1.32768
2012-02-10,228.329,75.11,0.252,1.947,0.278,1.984,1.3197
2012-02-11,228.329,75.11,0.25233333333333335,1.9393333333333334,0.28200000000000003,1.982,1.3195
2012-02-12,228.329,75.11,0.25266666666666665,1.9316666666666666,0.286,1.98,1.3231
2012-02-13,228.329,75.11,0.253,1.924,0.29,1.978,1.3153
2012-02-14,228.329,75.11,0.251,1.909,0.29,1.938,1.3134
2012-02-15,228.329,75.11,0.219,1.861,0.27,1.933,1.3059
2012-02-16,228.329,75.11,0.239,1.879,0.294,1.984,1.3127
2012-02-17,228.329,75.11,0.255,1.929,0.294,2.0,1.3141
2012-02-18,228.329,75.11,0.255,1.94,0.29625,2.0126666666666666,1.3141
2012-02-19,228.329,75.11,0.255,1.951,0.2985,2.025333333333333,1.3228
2012-02-20,228.329,75.11,0.272,1.962,0.30074999999999996,2.038,1.3201
2012-02-21,228.329,75.11,0.263,1.963,0.303,2.061,1.32419
2012-02-22,228.329,75.11,0.254,1.923,0.297,2.002,1.3251
2012-02-23,228.329,75.11,0.292,1.887,0.305,1.996,1.3371
2012-02-24,228.329,75.11,0.25,1.881,0.309,1.977,1.3445
2012-02-25,228.329,75.11,0.23833333333333334,1.8633333333333333,0.30233333333333334,1.9596666666666667,1.3447
2012-02-26,228.329,75.11,0.22666666666666666,1.8456666666666668,0.29566666666666663,1.9423333333333335,1.3469
2012-02-27,228.329,75.11,0.215,1.828,0.289,1.925,1.3407
2012-02-28,228.329,75.11,0.201,1.792,0.293,1.941,1.347
2012-02-29,228.329,75.11,0.22,1.834,0.297,1.974,1.33195
2012-03-01,228.807,76.08,0.215,1.865,0.293,2.03,1.33158
2012-03-02,228.807,76.08,0.18,1.805,0.278,1.979,1.3202
2012-03-03,228.807,76.08,0.18,1.8063333333333333,0.278,1.9883333333333335,1.3201
2012-03-04,228.807,76.08,0.18,1.8076666666666665,0.2875,1.9976666666666667,1.3193
2012-03-05,228.807,76.08,0.18,1.809,0.297,2.007,1.3221
2012-03-06,228.807,76.08,0.165,1.779,0.282,1.95,1.3121
2012-03-07,228.807,76.08,0.155,1.776,0.301,1.972,1.31441
2012-03-08,228.807,76.08,0.155,1.788,0.31,2.016,1.3273
2012-03-09,228.807,76.08,0.166,1.801,0.322,2.03,1.3122
2012-03-10,228.807,76.08,0.164,1.784,0.322,2.0323333333333333,1.3121
2012-03-11,228.807,76.08,0.162,1.767,0.324,2.0346666666666664,1.312
2012-03-12,228.807,76.08,0.16,1.75,0.326,2.037,1.317
2012-03-13,228.807,76.08,0.19,1.82,0.346,2.126,1.3075
2012-03-14,228.807,76.08,0.233,1.933,0.394,2.274,1.3016
2012-03-15,228.807,76.08,0.28,1.969,0.37,2.279,1.3074
2012-03-16,228.807,76.08,0.346,2.049,0.367,2.298,1.3174
2012-03-17,228.807,76.08,0.3436666666666667,2.046,0.367,2.3236666666666665,1.3174
2012-03-18,228.807,76.08,0.3413333333333333,2.043,0.375,2.3493333333333335,1.3179
2012-03-19,228.807,76.08,0.339,2.04,0.383,2.375,1.323
2012-03-20,228.807,76.08,0.338,2.05,0.4,2.363,1.3236
2012-03-21,228.807,76.08,0.296,1.985,0.367,2.296,1.3216
2012-03-22,228.807,76.08,0.266,1.916,0.368,2.282,1.3198
2012-03-23,228.807,76.08,0.241,1.873,0.356,2.233,1.3269
2012-03-24,228.807,76.08,0.235,1.8966666666666667,0.356,2.239666666666667,1.3267
2012-03-25,228.807,76.08,0.229,1.9203333333333332,0.352,2.2463333333333333,1.3274
2012-03-26,228.807,76.08,0.26,1.944,0.348,2.253,1.3356
2012-03-27,228.807,76.08,0.239,1.882,0.323,2.187,1.332
2012-03-28,228.807,76.08,0.217,1.834,0.344,2.201,1.3315
2012-03-29,228.807,76.08,0.214,1.803,0.34,2.159,1.3305
2012-03-30,228.807,76.08,0.229,1.805,0.336,2.214,1.334
2012-03-31,228.807,76.08,0.22566666666666668,1.8026666666666666,0.336,2.2026666666666666,1.334
2012-04-01,229.187,76.43,0.22233333333333333,1.8003333333333333,0.3305,2.1913333333333336,1.3374
2012-04-02,229.187,76.43,0.219,1.798,0.325,2.18,1.3324
2012-04-03,229.187,76.43,0.213,1.812,0.368,2.293,1.3218
2012-04-04,229.187,76.43,0.203,1.798,0.345,2.223,1.314
2012-04-05,229.187,76.43,0.146,1.74,0.341,2.18,1.3062
2012-04-06,229.187,76.43,0.151,1.724,0.322,2.047,1.3095
2012-04-07,229.187,76.43,0.151,1.708,0.322,2.047,1.3094
2012-04-08,229.187,76.43,0.151,1.692,0.32,2.047,1.3083
2012-04-09,229.187,76.43,0.151,1.676,0.318,2.047,1.311
2012-04-10,229.187,76.43,0.109,1.66,0.29,1.986,1.3076
2012-04-11,229.187,76.43,0.158,1.712,0.298,2.037,1.3116
2012-04-12,229.187,76.43,0.146,1.784,0.29,2.056,1.3185
2012-04-13,229.187,76.43,0.128,1.729,0.27,1.989,1.3075
2012-04-14,229.187,76.43,0.13133333333333333,1.725,0.27,1.9866666666666668,1.3081
2012-04-15,229.187,76.43,0.13466666666666668,1.721,0.272,1.9843333333333333,1.3064
2012-04-16,229.187,76.43,0.138,1.717,0.274,1.982,1.3135
2012-04-17,229.187,76.43,0.158,1.754,0.274,1.996,1.3132
2012-04-18,229.187,76.43,0.142,1.724,0.27,1.975,1.3113
2012-04-19,229.187,76.43,0.136,1.701,0.27,1.968,1.3142
2012-04-20,229.187,76.43,0.148,1.723,0.27,1.959,1.3217
2012-04-21,229.187,76.43,0.13433333333333333,1.695,0.27,1.9526666666666668,1.3215
2012-04-22,229.187,76.43,0.12066666666666666,1.667,0.266,1.9463333333333332,1.32033
2012-04-23,229.187,76.43,0.107,1.639,0.262,1.94,1.3153
2012-04-24,229.187,76.43,0.127,1.698,0.27,1.974,1.32
2012-04-25,229.187,76.43,0.128,1.742,0.27,1.988,1.3218
2012-04-26,229.187,76.43,0.091,1.686,0.262,1.947,1.318
2012-04-27,229.187,76.43,0.1,1.696,0.262,1.937,1.325
2012-04-28,229.187,76.43,0.097,1.6853333333333333,0.262,1.931,1.3225
2012-04-29,229.187,76.43,0.094,1.6746666666666665,0.262,1.925,1.3253
2012-04-30,229.187,76.43,0.091,1.664,0.262,1.919,1.3238
2012-05-01,228.713,76.33,0.11,1.634,0.27,1.945,1.3235
2012-05-02,228.713,76.33,0.078,1.604,0.266,1.928,1.31527
2012-05-03,228.713,76.33,0.088,1.611,0.262,1.933,1.3149
2012-05-04,228.713,76.33,0.09,1.587,0.258,1.879,1.3083
2012-05-05,228.713,76.33,0.093,1.5833333333333333,0.258,1.877,1.3081
2012-05-06,228.713,76.33,0.093,1.5796666666666668,0.258,1.875,1.2978
2012-05-07,228.713,76.33,0.098,1.576,0.258,1.873,1.3057
2012-05-08,228.713,76.33,0.094,1.554,0.258,1.842,1.299
2012-05-09,228.713,76.33,0.07,1.503,0.262,1.826,1.2935
2012-05-10,228.713,76.33,0.088,1.547,0.262,1.874,1.2935
2012-05-11,228.713,76.33,0.086,1.526,0.262,1.841,1.2915
2012-05-12,228.713,76.33,0.079,1.4973333333333334,0.262,1.817,1.2914
2012-05-13,228.713,76.33,0.072,1.4686666666666666,0.264,1.793,1.28942
2012-05-14,228.713,76.33,0.065,1.44,0.266,1.769,1.2829
2012-05-15,228.713,76.33,0.07,1.467,0.278,1.77,1.2735
2012-05-16,228.713,76.33,0.075,1.503,0.286,1.759,1.2721
2012-05-17,228.713,76.33,0.053,1.431,0.298,1.69,1.2691
2012-05-18,228.713,76.33,0.056,1.425,0.298,1.723,1.2779
2012-05-19,228.713,76.33,0.055,1.432,0.298,1.7296666666666667,1.278
2012-05-20,228.713,76.33,0.054,1.439,0.294,1.7363333333333335,1.276
2012-05-21,228.713,76.33,0.053,1.446,0.29,1.743,1.281
2012-05-22,228.713,76.33,0.067,1.478,0.294,1.777,1.2673
2012-05-23,228.713,76.33,0.03,1.384,0.293,1.733,1.2595
2012-05-24,228.713,76.33,0.065,1.395,0.301,1.783,1.2539
2012-05-25,228.713,76.33,0.055,1.376,0.293,1.746,1.2515
2012-05-26,228.713,76.33,0.04766666666666667,1.3706666666666667,0.293,1.7456666666666667,1.2517
2012-05-27,228.713,76.33,0.04033333333333333,1.3653333333333333,0.293,1.7453333333333334,1.2576
2012-05-28,228.713,76.33,0.033,1.36,0.293,1.745,1.25391
2012-05-29,228.713,76.33,0.045,1.368,0.289,1.748,1.2477
2012-05-30,228.713,76.33,0.023,1.286,0.27,1.619,1.2362
2012-05-31,228.713,76.33,0.009,1.219,0.266,1.563,1.2362
2012-06-01,228.524,76.27,0.012,1.178,0.25,1.459,1.243
2012-06-02,228.524,76.27,0.014666666666666666,1.193,0.25,1.4806666666666668,1.2421
2012-06-03,228.524,76.27,0.017333333333333333,1.208,0.252,1.5023333333333333,1.2415
2012-06-04,228.524,76.27,0.02,1.223,0.254,1.524,1.2501
2012-06-05,228.524,76.27,0.022,1.22,0.254,1.573,1.2441
2012-06-06,228.524,76.27,0.051,1.292,0.266,1.661,1.2575
2012-06-07,228.524,76.27,0.083,1.382,0.27,1.644,1.2569
2012-06-08,228.524,76.27,0.051,1.316,0.27,1.632,1.2519
2012-06-09,228.524,76.27,0.054,1.319,0.27,1.6166666666666667,1.2513
2012-06-10,228.524,76.27,0.056999999999999995,1.322,0.27,1.6013333333333333,1.26395
2012-06-11,228.524,76.27,0.06,1.325,0.27,1.586,1.2467
2012-06-12,228.524,76.27,0.106,1.403,0.294,1.664,1.2512
2012-06-13,228.524,76.27,0.126,1.489,0.294,1.599,1.2569
2012-06-14,228.524,76.27,0.102,1.481,0.298,1.642,1.2629
2012-06-15,228.524,76.27,0.079,1.434,0.274,1.586,1.2641
2012-06-16,228.524,76.27,0.065,1.4276666666666666,0.274,1.582,1.2658
2012-06-17,228.524,76.27,0.051000000000000004,1.4213333333333333,0.28,1.578,1.2728
2012-06-18,228.524,76.27,0.037,1.415,0.286,1.574,1.258
2012-06-19,228.524,76.27,0.065,1.51,0.29,1.62,1.2688
2012-06-20,228.524,76.27,0.153,1.629,0.315,1.65,1.2691
2012-06-21,228.524,76.27,0.115,1.542,0.303,1.62,1.2545
2012-06-22,228.524,76.27,0.138,1.577,0.303,1.676,1.2572
2012-06-23,228.524,76.27,0.142,1.541,0.303,1.652,1.2574
2012-06-24,228.524,76.27,0.11599999999999999,1.5050000000000001,0.301,1.6280000000000001,1.2537
2012-06-25,228.524,76.27,0.09,1.469,0.299,1.604,1.2503
2012-06-26,228.524,76.27,0.109,1.516,0.311,1.628,1.2492
2012-06-27,228.524,76.27,0.116,1.56,0.309,1.621,1.24727
2012-06-28,228.524,76.27,0.109,1.503,0.309,1.584,1.2442
2012-06-29,228.524,76.27,0.143,1.605,0.305,1.643,1.2663
2012-06-30,228.524,76.27,0.1445,1.5736666666666665,0.305,1.6243333333333334,1.266
2012-07-01,228.59,75.87,0.146,1.5423333333333333,0.301,1.6056666666666666,1.2658
2012-07-02,228.59,75.87,0.103,1.511,0.297,1.587,1.25838
2012-07-03,228.59,75.87,0.089,1.517,0.305,1.628,1.26036
2012-07-04,228.59,75.87,0.077,1.47,0.305,1.6135,1.2516
2012-07-05,228.59,75.87,0.02,1.407,0.289,1.599,1.2383
2012-07-06,228.59,75.87,-0.002,1.337,0.274,1.549,1.2285
2012-07-07,228.59,75.87,-0.009,1.3313333333333333,0.274,1.537,1.2286
2012-07-08,228.59,75.87,-0.009,1.3256666666666668,0.27,1.525,1.2269
2012-07-09,228.59,75.87,0.009,1.32,0.266,1.513,1.23135
2012-07-10,228.59,75.87,0.005,1.328,0.27,1.502,1.2248
2012-07-11,228.59,75.87,-0.008,1.282,0.266,1.515,1.2245
2012-07-12,228.59,75.87,-0.036,1.245,0.258,1.478,1.2206
2012-07-13,228.59,75.87,-0.045,1.263,0.242,1.491,1.2249
2012-07-14,228.59,75.87,-0.04933333333333333,1.2486666666666666,0.242,1.4843333333333335,1.2247
2012-07-15,228.59,75.87,-0.05366666666666667,1.2343333333333333,0.236,1.4776666666666667,1.2259
2012-07-16,228.59,75.87,-0.058,1.22,0.23,1.471,1.22675
2012-07-17,228.59,75.87,-0.042,1.234,0.242,1.508,1.2285
2012-07-18,228.59,75.87,-0.061,1.208,0.226,1.494,1.2277
2012-07-19,228.59,75.87,-0.049,1.221,0.218,1.511,1.2276
2012-07-20,228.59,75.87,-0.065,1.162,0.206,1.458,1.2155
2012-07-21,228.59,75.87,-0.062,1.166,0.206,1.4513333333333334,1.2155
2012-07-22,228.59,75.87,-0.059000000000000004,1.17,0.21,1.4446666666666665,1.2117
2012-07-23,228.59,75.87,-0.056,1.174,0.214,1.438,1.2117
2012-07-24,228.59,75.87,-0.06,1.247,0.218,1.391,1.2061
2012-07-25,228.59,75.87,-0.059,1.261,0.219,1.397,1.2145
2012-07-26,228.59,75.87,-0.051,1.329,0.231,1.438,1.2281
2012-07-27,228.59,75.87,-0.025,1.392,0.243,1.545,1.2321
2012-07-28,228.59,75.87,-0.04166666666666667,1.3926666666666665,0.243,1.53,1.2317
2012-07-29,228.59,75.87,-0.058333333333333334,1.3933333333333333,0.235,1.515,1.2308
2012-07-30,228.59,75.87,-0.075,1.394,0.227,1.5,1.2256
2012-07-31,228.59,75.87,-0.076,1.292,0.215,1.47,1.22972
2012-08-01,229.918,76.16,-0.06,1.395,0.235,1.524,1.2234
2012-08-02,229.918,76.16,-0.086,1.284,0.227,1.478,1.2178
2012-08-03,229.918,76.16,-0.026,1.412,0.24,1.568,1.2385
2012-08-04,229.918,76.16,-0.024,1.405,0.24,1.567,1.2387
2012-08-05,229.918,76.16,-0.022,1.398,0.24,1.566,1.23928
2012-08-06,229.918,76.16,-0.054,1.391,0.24,1.565,1.2393
2012-08-07,229.918,76.16,-0.031,1.48,0.268,1.628,1.2393
2012-08-08,229.918,76.16,-0.054,1.409,0.276,1.651,1.23686
2012-08-09,229.918,76.16,-0.045,1.453,0.276,1.695,1.2299
2012-08-10,229.918,76.16,-0.075,1.375,0.265,1.659,1.2288
2012-08-11,229.918,76.16,-0.06433333333333333,1.386,0.265,1.6613333333333333,1.229
2012-08-12,229.918,76.16,-0.05366666666666667,1.397,0.267,1.6636666666666666,1.2288
2012-08-13,229.918,76.16,-0.043,1.408,0.269,1.666,1.23346
2012-08-14,229.918,76.16,-0.039,1.468,0.277,1.733,1.2318
2012-08-15,229.918,76.16,-0.022,1.547,0.289,1.817,1.2283
2012-08-16,229.918,76.16,-0.029,1.528,0.294,1.835,1.2355
2012-08-17,229.918,76.16,-0.037,1.494,0.29,1.814,1.2332
2012-08-18,229.918,76.16,-0.033,1.4943333333333333,0.29,1.8126666666666666,1.2331
2012-08-19,229.918,76.16,-0.028999999999999998,1.4946666666666668,0.288,1.8113333333333335,1.23385
2012-08-20,229.918,76.16,-0.025,1.495,0.286,1.81,1.235
2012-08-21,229.918,76.16,-0.006,1.555,0.291,1.802,1.2473
2012-08-22,229.918,76.16,0.006,1.464,0.262,1.695,1.2528
2012-08-23,229.918,76.16,-0.011,1.366,0.263,1.675,1.25605
2012-08-24,229.918,76.16,-0.017,1.333,0.271,1.687,1.2519
2012-08-25,229.918,76.16,-0.010333333333333333,1.341,0.271,1.6753333333333333,1.251
2012-08-26,229.918,76.16,-0.003666666666666667,1.349,0.2695,1.6636666666666666,1.2517
2012-08-27,229.918,76.16,0.003,1.357,0.268,1.652,1.2502
2012-08-28,229.918,76.16,-0.005,1.343,0.268,1.637,1.2563
2012-08-29,229.918,76.16,-0.004,1.375,0.273,1.652,1.2532
2012-08-30,229.918,76.16,-0.038,1.323,0.258,1.628,1.25064
2012-08-31,229.918,76.16,-0.023,1.347,0.226,1.548,1.258
2012-09-01,231.015,76.72,-0.024666666666666667,1.349,0.226,1.5545,1.2583
2012-09-02,231.015,76.72,-0.026333333333333334,1.351,0.22866666666666668,1.561,1.258
2012-09-03,231.015,76.72,-0.028,1.353,0.23133333333333334,1.5675000000000001,1.2588
2012-09-04,231.015,76.72,-0.032,1.374,0.234,1.574,1.2564
2012-09-05,231.015,76.72,-0.026,1.412,0.238,1.596,1.25967
2012-09-06,231.015,76.72,0.039,1.554,0.262,1.676,1.263
2012-09-07,231.015,76.72,0.044,1.527,0.254,1.668,1.2816
2012-09-08,231.015,76.72,0.043666666666666666,1.534,0.254,1.6633333333333333,1.2815
2012-09-09,231.015,76.72,0.04333333333333333,1.541,0.252,1.6586666666666665,1.2797
2012-09-10,231.015,76.72,0.043,1.548,0.25,1.654,1.27604
2012-09-11,231.015,76.72,0.048,1.542,0.25,1.7,1.2854
2012-09-12,231.015,76.72,0.084,1.643,0.246,1.758,1.2897
2012-09-13,231.015,76.72,0.06,1.56,0.238,1.721,1.29875
2012-09-14,231.015,76.72,0.105,1.71,0.254,1.869,1.3135
2012-09-15,231.015,76.72,0.106,1.7026666666666666,0.254,1.8603333333333334,1.3126
2012-09-16,231.015,76.72,0.0955,1.6953333333333334,0.254,1.8516666666666666,1.3114
2012-09-17,231.015,76.72,0.085,1.688,0.254,1.843,1.31133
2012-09-18,231.015,76.72,0.076,1.63,0.258,1.812,1.3042
2012-09-19,231.015,76.72,0.056,1.599,0.262,1.774,1.30461
2012-09-20,231.015,76.72,0.039,1.572,0.262,1.765,1.2971
2012-09-21,231.015,76.72,0.044,1.603,0.262,1.754,1.298
2012-09-22,231.015,76.72,0.033,1.5903333333333334,0.262,1.741,1.2979
2012-09-23,231.015,76.72,0.033,1.5776666666666666,0.264,1.728,1.2969
2012-09-24,231.015,76.72,0.052,1.565,0.266,1.715,1.29315
2012-09-25,231.015,76.72,0.064,1.564,0.266,1.671,1.2898
2012-09-26,231.015,76.72,0.046,1.463,0.262,1.609,1.287
2012-09-27,231.015,76.72,0.039,1.454,0.254,1.656,1.2912
2012-09-28,231.015,76.72,0.027,1.423,0.234,1.633,1.2857
2012-09-29,231.015,76.72,0.037,1.4416666666666667,0.234,1.6280000000000001,1.2854
2012-09-30,231.015,76.72,0.047,1.4603333333333335,0.236,1.623,1.28401
2012-10-01,231.638,76.9,0.057,1.479,0.238,1.618,1.28858
2012-10-02,231.638,76.9,0.047,1.461,0.238,1.62,1.2916
2012-10-03,231.638,76.9,0.033,1.446,0.234,1.616,1.2918
2012-10-04,231.638,76.9,0.049,1.46,0.246,1.673,1.3019
2012-10-05,231.638,76.9,0.062,1.524,0.262,1.732,1.3033
2012-10-06,231.638,76.9,0.057666666666666665,1.5086666666666666,0.262,1.72725,1.3031
2012-10-07,231.638,76.9,0.05333333333333334,1.4933333333333334,0.262,1.7225000000000001,1.3018
2012-10-08,231.638,76.9,0.049,1.478,0.262,1.71775,1.2966
2012-10-09,231.638,76.9,0.056,1.496,0.262,1.713,1.28734
2012-10-10,231.638,76.9,0.056,1.51,0.266,1.68,1.2847
2012-10-11,231.638,76.9,0.056,1.516,0.266,1.668,1.2926
2012-10-12,231.638,76.9,0.046,1.46,0.262,1.656,1.2949
2012-10-13,231.638,76.9,0.04666666666666667,1.4603333333333333,0.262,1.66,1.2953
2012-10-14,231.638,76.9,0.04733333333333333,1.4606666666666668,0.262,1.664,1.2945
2012-10-15,231.638,76.9,0.048,1.461,0.262,1.668,1.2949
2012-10-16,231.638,76.9,0.082,1.543,0.27,1.722,1.30932
2012-10-17,231.638,76.9,0.101,1.628,0.298,1.822,1.3111
2012-10-18,231.638,76.9,0.105,1.609,0.302,1.831,1.3075
2012-10-19,231.638,76.9,0.11,1.604,0.299,1.766,1.3023
2012-10-20,231.638,76.9,0.11766666666666667,1.611,0.299,1.7823333333333333,1.302
2012-10-21,231.638,76.9,0.12533333333333335,1.618,0.305,1.7986666666666666,1.3023
2012-10-22,231.638,76.9,0.133,1.625,0.311,1.815,1.30595
2012-10-23,231.638,76.9,0.108,1.569,0.29,1.761,1.2982
2012-10-24,231.638,76.9,0.087,1.57,0.293,1.794,1.2964
2012-10-25,231.638,76.9,0.082,1.579,0.313,1.812,1.2938
2012-10-26,231.638,76.9,0.054,1.544,0.301,1.749,1.2937
2012-10-27,231.638,76.9,0.04566666666666667,1.5143333333333333,0.301,1.7396666666666667,1.2937
2012-10-28,231.638,76.9,0.03733333333333333,1.4846666666666668,0.297,1.7303333333333335,1.292
2012-10-29,231.638,76.9,0.029,1.455,0.293,1.721,1.2905
2012-10-30,231.638,76.9,0.04,1.476,0.293,1.7075,1.2962
2012-10-31,231.638,76.9,0.038,1.459,0.285,1.694,1.2963
2012-11-01,231.249,76.74,0.023,1.462,0.285,1.73,1.2945
2012-11-02,231.249,76.74,0.004,1.452,0.285,1.717,1.2836
2012-11-03,231.249,76.74,0.01,1.4433333333333334,0.285,1.7043333333333335,1.2838
2012-11-04,231.249,76.74,0.0009999999999999992,1.4346666666666665,0.2815,1.6916666666666667,1.2826
2012-11-05,231.249,76.74,-0.008,1.426,0.278,1.679,1.28
2012-11-06,231.249,76.74,-0.01,1.433,0.305,1.751,1.2806
2012-11-07,231.249,76.74,-0.04,1.378,0.274,1.644,1.2758
2012-11-08,231.249,76.74,-0.023,1.365,0.262,1.618,1.2744
2012-11-09,231.249,76.74,-0.034,1.344,0.262,1.613,1.271
2012-11-10,231.249,76.74,-0.034666666666666665,1.3446666666666667,0.262,1.6085,1.2706
2012-11-11,231.249,76.74,-0.035333333333333335,1.3453333333333335,0.25933333333333336,1.604,1.2718
2012-11-12,231.249,76.74,-0.036,1.346,0.25666666666666665,1.5995,1.2707
2012-11-13,231.249,76.74,-0.031,1.347,0.254,1.595,1.2708
2012-11-14,231.249,76.74,-0.03,1.341,0.25,1.589,1.273
2012-11-15,231.249,76.74,-0.042,1.341,0.246,1.595,1.2781
2012-11-16,231.249,76.74,-0.034,1.318,0.242,1.584,1.2741
2012-11-17,231.249,76.74,-0.029333333333333336,1.33,0.242,1.5936666666666668,1.2743
2012-11-18,231.249,76.74,-0.02466666666666667,1.342,0.244,1.6033333333333333,1.27592
2012-11-19,231.249,76.74,-0.02,1.354,0.246,1.613,1.27736
2012-11-20,231.249,76.74,0.006,1.416,0.258,1.668,1.2816
2012-11-21,231.249,76.74,0.012,1.436,0.274,1.68,1.2857
2012-11-22,231.249,76.74,0.004,1.435,0.274,1.6865,1.287
2012-11-23,231.249,76.74,-0.001,1.438,0.274,1.693,1.2977
2012-11-24,231.249,76.74,-0.0003333333333333334,1.4293333333333333,0.274,1.684,1.2973
2012-11-25,231.249,76.74,0.00033333333333333327,1.4206666666666665,0.272,1.675,1.2964
2012-11-26,231.249,76.74,0.001,1.412,0.27,1.666,1.29862
2012-11-27,231.249,76.74,0.016,1.436,0.266,1.639,1.2936
2012-11-28,231.249,76.74,-0.007,1.374,0.266,1.633,1.295
2012-11-29,231.249,76.74,0.016,1.376,0.258,1.62,1.2974
2012-11-30,231.249,76.74,0.01,1.383,0.25,1.616,1.2985
2012-12-01,231.221,77.02,0.014666666666666668,1.3916666666666666,0.25,1.618,1.2984
2012-12-02,231.221,77.02,0.019333333333333334,1.4003333333333334,0.252,1.62,1.29941
2012-12-03,231.221,77.02,0.024,1.409,0.254,1.622,1.30641
2012-12-04,231.221,77.02,0.018,1.392,0.246,1.605,1.30959
2012-12-05,231.221,77.02,-0.004,1.338,0.242,1.591,1.3068
2012-12-06,231.221,77.02,-0.043,1.296,0.242,1.586,1.29617
2012-12-07,231.221,77.02,-0.075,1.296,0.242,1.623,1.2926
2012-12-08,231.221,77.02,-0.07433333333333333,1.2986666666666666,0.242,1.6213333333333333,1.2927
2012-12-09,231.221,77.02,-0.07366666666666666,1.3013333333333335,0.24,1.6196666666666668,1.2898
2012-12-10,231.221,77.02,-0.073,1.304,0.238,1.618,1.2937
2012-12-11,231.221,77.02,-0.064,1.321,0.242,1.656,1.3011
2012-12-12,231.221,77.02,-0.05,1.338,0.246,1.702,1.3065
2012-12-13,231.221,77.02,-0.059,1.351,0.25,1.732,1.30766
2012-12-14,231.221,77.02,-0.039,1.355,0.238,1.704,1.3161
2012-12-15,231.221,77.02,-0.028333333333333335,1.36,0.238,1.7269999999999999,1.3153
2012-12-16,231.221,77.02,-0.017666666666666667,1.365,0.246,1.75,1.31676
2012-12-17,231.221,77.02,-0.007,1.37,0.254,1.773,1.3164
2012-12-18,231.221,77.02,0.006,1.418,0.282,1.821,1.3228
2012-12-19,231.221,77.02,-0.004,1.424,0.278,1.807,1.3212
2012-12-20,231.221,77.02,0.007,1.42,0.274,1.8,1.3234
2012-12-21,231.221,77.02,-0.008,1.38,0.27,1.77,1.3188
2012-12-22,231.221,77.02,-0.007,1.3711666666666666,0.27,1.772,1.3188
2012-12-23,231.221,77.02,-0.007,1.3623333333333332,0.27,1.774,1.3183
2012-12-24,231.221,77.02,-0.007,1.3535,0.27,1.776,1.318
2012-12-25,231.221,77.02,-0.004333333333333333,1.3446666666666667,0.27,1.7625000000000002,1.3179
2012-12-26,231.221,77.02,-0.001666666666666667,1.3358333333333332,0.27,1.749,1.32261
2012-12-27,231.221,77.02,0.001,1.327,0.262,1.734,1.3245
2012-12-28,231.221,77.02,-0.028,1.306,0.25,1.701,1.3215
2012-12-29,231.221,77.02,-0.028,1.3332,0.25,1.7193333333333334,1.3215
2012-12-30,231.221,77.02,-0.028,1.3604,0.2505,1.7376666666666667,1.3226
2012-12-31,231.221,77.02,-0.028,1.3876,0.251,1.756,1.3197
2013-01-01,231.679,76.22,-0.028,1.4148,0.251,1.7955,1.3197
2013-01-02,231.679,76.22,0.036,1.442,0.259,1.835,1.3179
2013-01-03,231.679,76.22,0.051,1.474,0.271,1.911,1.30255
2013-01-04,231.679,76.22,0.08,1.545,0.268,1.903,1.3067
2013-01-05,231.679,76.22,0.07833333333333334,1.5356666666666665,0.268,1.9023333333333334,1.3067
2013-01-06,231.679,76.22,0.07666666666666666,1.5263333333333333,0.268,1.9016666666666666,1.30701
2013-01-07,231.679,76.22,0.075,1.517,0.268,1.901,1.3125
2013-01-08,231.679,76.22,0.066,1.489,0.256,1.864,1.3081
2013-01-09,231.679,76.22,0.063,1.481,0.244,1.86,1.30534
2013-01-10,231.679,76.22,0.101,1.554,0.252,1.899,1.32736
2013-01-11,231.679,76.22,0.131,1.584,0.249,1.866,1.3342
2013-01-12,231.679,76.22,0.134,1.5716666666666668,0.249,1.86,1.334
2013-01-13,231.679,76.22,0.137,1.5593333333333332,0.249,1.854,1.33583
2013-01-14,231.679,76.22,0.133,1.547,0.249,1.848,1.3374
2013-01-15,231.679,76.22,0.137,1.502,0.249,1.836,1.3306
2013-01-16,231.679,76.22,0.127,1.5,0.249,1.819,1.329
2013-01-17,231.679,76.22,0.196,1.541,0.266,1.884,1.3374
2013-01-18,231.679,76.22,0.186,1.558,0.254,1.84,1.3312
2013-01-19,231.679,76.22,0.191,1.5703333333333334,0.254,1.84075,1.3314
2013-01-20,231.679,76.22,0.196,1.5826666666666667,0.25133333333333335,1.8415,1.3315
2013-01-21,231.679,76.22,0.201,1.595,0.24866666666666667,1.84225,1.33123
2013-01-22,231.679,76.22,0.178,1.576,0.246,1.843,1.3317
2013-01-23,231.679,76.22,0.166,1.545,0.238,1.828,1.3307
2013-01-24,231.679,76.22,0.179,1.574,0.243,1.852,1.33709
2013-01-25,231.679,76.22,0.262,1.638,0.276,1.949,1.3459
2013-01-26,231.679,76.22,0.2753333333333333,1.6573333333333333,0.276,1.9543333333333335,1.346
2013-01-27,231.679,76.22,0.2886666666666667,1.6766666666666665,0.278,1.9596666666666667,1.3464
2013-01-28,231.679,76.22,0.302,1.696,0.28,1.965,1.34461
2013-01-29,231.679,76.22,0.274,1.692,0.281,1.999,1.34886
2013-01-30,231.679,76.22,0.298,1.717,0.27,1.992,1.3569
2013-01-31,231.679,76.22,0.266,1.677,0.266,1.985,1.3612
2013-02-01,232.937,76.5,0.244,1.665,0.266,2.025,1.3642
2013-02-02,232.937,76.5,0.23133333333333334,1.6500000000000001,0.266,2.0023333333333335,1.3642
2013-02-03,232.937,76.5,0.21866666666666665,1.635,0.26,1.9796666666666667,1.3648
2013-02-04,232.937,76.5,0.206,1.62,0.254,1.957,1.35097
2013-02-05,232.937,76.5,0.236,1.661,0.262,2.005,1.3579
2013-02-06,232.937,76.5,0.216,1.634,0.25,1.964,1.352
2013-02-07,232.937,76.5,0.175,1.605,0.25,1.959,1.33913
2013-02-08,232.937,76.5,0.186,1.61,0.25,1.95,1.3362
2013-02-09,232.937,76.5,0.183,1.6103333333333334,0.25,1.9546666666666666,1.3362
2013-02-10,232.937,76.5,0.184,1.6106666666666667,0.254,1.9593333333333334,1.3367
2013-02-11,232.937,76.5,0.185,1.611,0.258,1.964,1.34058
2013-02-12,232.937,76.5,0.2,1.641,0.27,1.979,1.3452
2013-02-13,232.937,76.5,0.204,1.678,0.278,2.028,1.34437
2013-02-14,232.937,76.5,0.156,1.636,0.266,1.998,1.3351
2013-02-15,232.937,76.5,0.189,1.659,0.27,2.005,1.3366
2013-02-16,232.937,76.5,0.189,1.6496666666666666,0.27,2.01075,1.3363
2013-02-17,232.937,76.5,0.189,1.6403333333333334,0.27133333333333337,2.0164999999999997,1.3341
2013-02-18,232.937,76.5,0.184,1.631,0.27266666666666667,2.02225,1.3354
2013-02-19,232.937,76.5,0.184,1.62,0.274,2.028,1.3391
2013-02-20,232.937,76.5,0.204,1.662,0.262,2.01,1.3275
2013-02-21,232.937,76.5,0.174,1.58,0.254,1.974,1.31896
2013-02-22,232.937,76.5,0.125,1.568,0.25,1.962,1.3191
2013-02-23,232.937,76.5,0.12733333333333333,1.571,0.25,1.9296666666666666,1.3192
2013-02-24,232.937,76.5,0.12966666666666668,1.574,0.246,1.8973333333333333,1.31967
2013-02-25,232.937,76.5,0.132,1.577,0.242,1.865,1.3059
2013-02-26,232.937,76.5,0.077,1.457,0.246,1.886,1.30643
2013-02-27,232.937,76.5,0.07,1.45,0.246,1.9,1.3151
2013-02-28,232.937,76.5,0.049,1.458,0.238,1.881,1.30578
2013-03-01,232.282,77.4,0.037,1.413,0.238,1.845,1.3017
2013-03-02,232.282,77.4,0.035666666666666666,1.415,0.238,1.8563333333333334,1.3018
2013-03-03,232.282,77.4,0.034333333333333334,1.417,0.238,1.8676666666666666,1.3016
2013-03-04,232.282,77.4,0.033,1.419,0.238,1.879,1.3036
2013-03-05,232.282,77.4,0.057,1.45,0.242,1.898,1.3047
2013-03-06,232.282,77.4,0.036,1.454,0.25,1.939,1.2977
2013-03-07,232.282,77.4,0.084,1.494,0.254,1.995,1.3111
2013-03-08,232.282,77.4,0.086,1.526,0.254,2.049,1.3004
2013-03-09,232.282,77.4,0.09,1.5206666666666666,0.254,2.053,1.3007
2013-03-10,232.282,77.4,0.08149999999999999,1.5153333333333334,0.256,2.057,1.2988
2013-03-11,232.282,77.4,0.073,1.51,0.258,2.061,1.3028
2013-03-12,232.282,77.4,0.074,1.481,0.258,2.019,1.3028
2013-03-13,232.282,77.4,0.06,1.476,0.262,2.023,1.29583
2013-03-14,232.282,77.4,0.061,1.475,0.266,2.037,1.3013
2013-03-15,232.282,77.4,0.05,1.452,0.254,1.991,1.3074
2013-03-16,232.282,77.4,0.047,1.436,0.254,1.979,1.3077
2013-03-17,232.282,77.4,0.044,1.42,0.25,1.967,1.29036
2013-03-18,232.282,77.4,0.019,1.404,0.246,1.955,1.29438
2013-03-19,232.282,77.4,-0.001,1.35,0.242,1.904,1.2862
2013-03-20,232.282,77.4,0.02,1.387,0.25,1.958,1.2937
2013-03-21,232.282,77.4,0.022,1.364,0.25,1.915,1.2904
2013-03-22,232.282,77.4,0.031,1.378,0.254,1.927,1.2989
2013-03-23,232.282,77.4,0.024999999999999998,1.3666666666666667,0.254,1.9246666666666667,1.2989
2013-03-24,232.282,77.4,0.018999999999999996,1.3553333333333333,0.25,1.9223333333333332,1.3027
2013-03-25,232.282,77.4,0.013,1.344,0.246,1.92,1.2856
2013-03-26,232.282,77.4,0.004,1.341,0.25,1.911,1.2859
2013-03-27,232.282,77.4,-0.017,1.278,0.246,1.845,1.27773
2013-03-28,232.282,77.4,-0.023,1.282,0.25,1.852,1.28185
2013-03-29,232.282,77.4,-0.018,1.2866,0.25,1.84775,1.282
2013-03-30,232.282,77.4,-0.013999999999999999,1.2912,0.24733333333333332,1.8435000000000001,1.282
2013-03-31,232.282,77.4,-0.009999999999999998,1.2958,0.24466666666666667,1.83925,1.2806
2013-04-01,231.797,77.33,-0.005999999999999998,1.3004,0.242,1.835,1.2845
2013-04-02,231.797,77.33,-0.002,1.305,0.242,1.862,1.2824
2013-04-03,231.797,77.33,0.0,1.29,0.23,1.816,1.2842
2013-04-04,231.797,77.33,-0.004,1.25,0.23,1.766,1.2927
2013-04-05,231.797,77.33,0.012,1.21,0.23,1.714,1.2921
2013-04-06,231.797,77.33,0.016,1.219,0.23,1.7243333333333333,1.2921
2013-04-07,231.797,77.33,0.02,1.228,0.23,1.7346666666666668,1.3003
2013-04-08,231.797,77.33,0.024,1.237,0.23,1.745,1.3013
2013-04-09,231.797,77.33,0.034,1.262,0.234,1.752,1.3081
2013-04-10,231.797,77.33,0.044,1.304,0.234,1.805,1.30658
2013-04-11,231.797,77.33,0.035,1.308,0.234,1.791,1.3109
2013-04-12,231.797,77.33,0.019,1.259,0.23,1.721,1.311
2013-04-13,231.797,77.33,0.01633333333333333,1.2553333333333332,0.23,1.71,1.311
2013-04-14,231.797,77.33,0.013666666666666667,1.2516666666666667,0.226,1.699,1.31046
2013-04-15,231.797,77.33,0.011,1.248,0.222,1.688,1.3052
2013-04-16,231.797,77.33,0.024,1.274,0.23,1.722,1.3174
2013-04-17,231.797,77.33,0.004,1.23,0.23,1.698,1.3029
2013-04-18,231.797,77.33,0.02,1.234,0.23,1.686,1.3055
2013-04-19,231.797,77.33,0.023,1.252,0.234,1.705,1.305
2013-04-20,231.797,77.33,0.023333333333333334,1.2443333333333333,0.234,1.7016666666666667,1.3052
2013-04-21,231.797,77.33,0.023666666666666666,1.2366666666666668,0.23,1.6983333333333335,1.30641
2013-04-22,231.797,77.33,0.024,1.229,0.226,1.695,1.3062
2013-04-23,231.797,77.33,0.021,1.252,0.23,1.706,1.3
2013-04-24,231.797,77.33,0.013,1.239,0.231,1.703,1.3013
2013-04-25,231.797,77.33,0.015,1.242,0.231,1.71,1.3008
2013-04-26,231.797,77.33,0.005,1.209,0.215,1.665,1.3029
2013-04-27,231.797,77.33,0.005,1.2056666666666667,0.215,1.6656666666666666,1.3029
2013-04-28,231.797,77.33,0.005,1.2023333333333335,0.213,1.6663333333333334,1.30441
2013-04-29,231.797,77.33,0.005,1.199,0.211,1.667,1.3097
2013-04-30,231.797,77.33,0.007,1.211,0.211,1.673,1.3166
2013-05-01,231.893,77.41,0.02,1.1895,0.203,1.632,1.31766
2013-05-02,231.893,77.41,0.013,1.168,0.2,1.624,1.30633
2013-05-03,231.893,77.41,-0.001,1.245,0.22,1.74,1.3116
2013-05-04,231.893,77.41,-0.0003333333333333334,1.2443333333333335,0.22,1.748,1.3116
2013-05-05,231.893,77.41,0.00033333333333333327,1.2436666666666667,0.218,1.756,1.31132
2013-05-06,231.893,77.41,0.001,1.243,0.216,1.764,1.30731
2013-05-07,231.893,77.41,0.029,1.297,0.224,1.78,1.30735
2013-05-08,231.893,77.41,0.012,1.27,0.224,1.767,1.3159
2013-05-09,231.893,77.41,0.011,1.269,0.224,1.813,1.30365
2013-05-10,231.893,77.41,0.057,1.386,0.241,1.9,1.299
2013-05-11,231.893,77.41,0.047,1.3763333333333332,0.241,1.9,1.2992
2013-05-12,231.893,77.41,0.037000000000000005,1.3666666666666667,0.241,1.9085,1.2967
2013-05-13,231.893,77.41,0.027,1.357,0.241,1.917,1.2978
2013-05-14,231.893,77.41,0.027,1.374,0.249,1.982,1.2932
2013-05-15,231.893,77.41,0.016,1.379,0.241,1.94,1.2875
2013-05-16,231.893,77.41,-0.015,1.33,0.233,1.879,1.28867
2013-05-17,231.893,77.41,-0.026,1.316,0.246,1.954,1.28347
2013-05-18,231.893,77.41,-0.018,1.335,0.246,1.954,1.2838
2013-05-19,231.893,77.41,-0.009999999999999998,1.354,0.244,1.9595,1.2838
2013-05-20,231.893,77.41,-0.002,1.373,0.242,1.965,1.2895
2013-05-21,231.893,77.41,0.009,1.405,0.238,1.93,1.2918
2013-05-22,231.893,77.41,-0.005,1.373,0.25,2.037,1.28472
2013-05-23,231.893,77.41,0.009,1.405,0.251,2.016,1.2931
2013-05-24,231.893,77.41,0.014,1.431,0.251,2.011,1.2931
2013-05-25,231.893,77.41,0.022,1.434,0.251,2.011,1.2931
2013-05-26,231.893,77.41,0.0245,1.446,0.26466666666666666,2.063,1.294
2013-05-27,231.893,77.41,0.027,1.458,0.2783333333333333,2.1149999999999998,1.29304
2013-05-28,231.893,77.41,0.048,1.509,0.292,2.167,1.28541
2013-05-29,231.893,77.41,0.089,1.541,0.297,2.119,1.294
2013-05-30,231.893,77.41,0.084,1.517,0.297,2.119,1.3047
2013-05-31,231.893,77.41,0.077,1.511,0.297,2.132,1.2998
2013-06-01,232.445,77.5,0.08533333333333333,1.5143333333333333,0.297,2.132,1.2995
2013-06-02,232.445,77.5,0.09366666666666666,1.5176666666666665,0.295,2.13,1.299
2013-06-03,232.445,77.5,0.102,1.521,0.293,2.128,1.307
2013-06-04,232.445,77.5,0.112,1.551,0.301,2.15,1.3079
2013-06-05,232.445,77.5,0.105,1.515,0.289,2.091,1.3091
2013-06-06,232.445,77.5,0.146,1.536,0.29,2.079,1.32436
2013-06-07,232.445,77.5,0.178,1.546,0.306,2.179,1.3222
2013-06-08,232.445,77.5,0.184,1.545,0.306,2.179,1.3222
2013-06-09,232.445,77.5,0.1885,1.5665,0.31,2.1959999999999997,1.3206
2013-06-10,232.445,77.5,0.193,1.588,0.314,2.213,1.3256
2013-06-11,232.445,77.5,0.215,1.606,0.326,2.19,1.33124
2013-06-12,232.445,77.5,0.185,1.594,0.326,2.228,1.3338
2013-06-13,232.445,77.5,0.159,1.566,0.286,2.149,1.33661
2013-06-14,232.445,77.5,0.131,1.513,0.274,2.13,1.3341
2013-06-15,232.445,77.5,0.1345,1.5139999999999998,0.274,2.129,1.3346
2013-06-16,232.445,77.5,0.138,1.515,0.272,2.1535,1.3347
2013-06-17,232.445,77.5,0.144,1.523,0.27,2.178,1.336
2013-06-18,232.445,77.5,0.177,1.571,0.266,2.185,1.33875
2013-06-19,232.445,77.5,0.166,1.562,0.31,2.354,1.3288
2013-06-20,232.445,77.5,0.249,1.664,0.331,2.421,1.32273
2013-06-21,232.445,77.5,0.279,1.74,0.372,2.542,1.3122
2013-06-22,232.445,77.5,0.272,1.7355,0.372,2.542,1.3122
2013-06-23,232.445,77.5,0.265,1.731,0.384,2.543,1.3105
2013-06-24,232.445,77.5,0.277,1.823,0.396,2.544,1.31301
2013-06-25,232.445,77.5,0.245,1.801,0.409,2.612,1.3078
2013-06-26,232.445,77.5,0.203,1.766,0.383,2.541,1.3015
2013-06-27,232.445,77.5,0.191,1.728,0.359,2.474,1.3034
2013-06-28,232.445,77.5,0.193,1.73,0.359,2.487,1.3007
2013-06-29,232.445,77.5,0.19566666666666668,1.727,0.359,2.487,1.3009
2013-06-30,232.445,77.5,0.19833333333333333,1.724,0.357,2.482,1.301
2013-07-01,232.9,77.08,0.201,1.721,0.355,2.477,1.30636
2013-07-02,232.9,77.08,0.187,1.71,0.351,2.471,1.2976
2013-07-03,232.9,77.08,0.177,1.671,0.363,2.503,1.30094
2013-07-04,232.9,77.08,0.121,1.65,0.363,2.503,1.29088
2013-07-05,232.9,77.08,0.118,1.723,0.399,2.736,1.2832
2013-07-06,232.9,77.08,0.111,1.7166666666666668,0.399,2.736,1.2832
2013-07-07,232.9,77.08,0.104,1.7103333333333333,0.381,2.6870000000000003,1.2828
2013-07-08,232.9,77.08,0.097,1.704,0.363,2.638,1.287
2013-07-09,232.9,77.08,0.083,1.651,0.371,2.64,1.2778
2013-07-10,232.9,77.08,0.111,1.653,0.371,2.674,1.3148
2013-07-11,232.9,77.08,0.121,1.624,0.331,2.572,1.30945
2013-07-12,232.9,77.08,0.097,1.554,0.347,2.592,1.30668
2013-07-13,232.9,77.08,0.10566666666666667,1.5613333333333335,0.347,2.592,1.3066
2013-07-14,232.9,77.08,0.11433333333333333,1.5686666666666667,0.33899999999999997,2.5675,1.30593
2013-07-15,232.9,77.08,0.123,1.576,0.331,2.543,1.30607
2013-07-16,232.9,77.08,0.095,1.548,0.327,2.532,1.31515
2013-07-17,232.9,77.08,0.087,1.541,0.303,2.491,1.3115
2013-07-18,232.9,77.08,0.084,1.517,0.311,2.534,1.31089
2013-07-19,232.9,77.08,0.09,1.525,0.302,2.482,1.31381
2013-07-20,232.9,77.08,0.09533333333333333,1.523,0.302,2.482,1.3144
2013-07-21,232.9,77.08,0.10066666666666667,1.521,0.304,2.483,1.31444
2013-07-22,232.9,77.08,0.106,1.519,0.306,2.484,1.31831
2013-07-23,232.9,77.08,0.14,1.553,0.314,2.507,1.3222
2013-07-24,232.9,77.08,0.166,1.647,0.352,2.584,1.3194
2013-07-25,232.9,77.08,0.158,1.681,0.325,2.577,1.3282
2013-07-26,232.9,77.08,0.159,1.666,0.317,2.564,1.3278
2013-07-27,232.9,77.08,0.159,1.6656666666666666,0.317,2.564,1.3278
2013-07-28,232.9,77.08,0.159,1.6653333333333333,0.317,2.5815,1.3285
2013-07-29,232.9,77.08,0.159,1.665,0.317,2.599,1.3259
2013-07-30,232.9,77.08,0.154,1.666,0.313,2.606,1.32602
2013-07-31,232.9,77.08,0.151,1.676,0.313,2.588,1.32929
2013-08-01,233.456,77.18,0.15,1.672,0.329,2.708,1.3211
2013-08-02,233.456,77.18,0.159,1.658,0.301,2.598,1.32778
2013-08-03,233.456,77.18,0.166,1.669,0.301,2.598,1.3281
2013-08-04,233.456,77.18,0.173,1.68,0.303,2.6189999999999998,1.3279
2013-08-05,233.456,77.18,0.18,1.691,0.305,2.64,1.3257
2013-08-06,233.456,77.18,0.177,1.704,0.309,2.642,1.33075
2013-08-07,233.456,77.18,0.172,1.694,0.305,2.599,1.3338
2013-08-08,233.456,77.18,0.163,1.68,0.306,2.587,1.33798
2013-08-09,233.456,77.18,0.168,1.682,0.306,2.58,1.3342
2013-08-10,233.456,77.18,0.164,1.674,0.306,2.58,1.3341
2013-08-11,233.456,77.18,0.164,1.674,0.308,2.601,1.33336
2013-08-12,233.456,77.18,0.166,1.701,0.31,2.622,1.32937
2013-08-13,233.456,77.18,0.226,1.813,0.334,2.721,1.32609
2013-08-14,233.456,77.18,0.213,1.81,0.33,2.712,1.32562
2013-08-15,233.456,77.18,0.235,1.885,0.346,2.764,1.33465
2013-08-16,233.456,77.18,0.224,1.877,0.343,2.825,1.3326
2013-08-17,233.456,77.18,0.22733333333333333,1.8833333333333333,0.34700000000000003,2.8440000000000003,1.3329
2013-08-18,233.456,77.18,0.2306666666666667,1.8896666666666666,0.351,2.863,1.33238
2013-08-19,233.456,77.18,0.234,1.896,0.355,2.882,1.33344
2013-08-20,233.456,77.18,0.211,1.839,0.343,2.818,1.3418
2013-08-21,233.456,77.18,0.222,1.874,0.367,2.892,1.3344
2013-08-22,233.456,77.18,0.234,1.922,0.392,2.892,1.3361
2013-08-23,233.456,77.18,0.291,1.932,0.38,2.818,1.3381
2013-08-24,233.456,77.18,0.2843333333333333,1.9196666666666666,0.376,2.8076666666666665,1.3381
2013-08-25,233.456,77.18,0.2776666666666667,1.9073333333333333,0.372,2.7973333333333334,1.3379
2013-08-26,233.456,77.18,0.271,1.895,0.368,2.787,1.3371
2013-08-27,233.456,77.18,0.24,1.849,0.356,2.709,1.33901
2013-08-28,233.456,77.18,0.255,1.878,0.399,2.765,1.33413
2013-08-29,233.456,77.18,0.239,1.858,0.399,2.762,1.3237
2013-08-30,233.456,77.18,0.248,1.855,0.403,2.789,1.3222
2013-08-31,233.456,77.18,0.244,1.8559999999999999,0.4106666666666667,2.8043333333333336,1.3222
2013-09-01,233.544,77.55,0.24,1.857,0.41833333333333333,2.8196666666666665,1.3201
2013-09-02,233.544,77.55,0.267,1.904,0.426,2.835,1.319
2013-09-03,233.544,77.55,0.291,1.947,0.418,2.863,1.3167
2013-09-04,233.544,77.55,0.277,1.935,0.47,2.897,1.32036
2013-09-05,233.544,77.55,0.333,2.041,0.518,2.996,1.31182
2013-09-06,233.544,77.55,0.266,1.947,0.459,2.934,1.3179
2013-09-07,233.544,77.55,0.274,1.949,0.458,2.934,1.3179
2013-09-08,233.544,77.55,0.274,1.949,0.4525,2.9240000000000004,1.31668
2013-09-09,233.544,77.55,0.261,1.954,0.447,2.914,1.32523
2013-09-10,233.544,77.55,0.271,2.027,0.471,2.966,1.32644
2013-09-11,233.544,77.55,0.263,2.003,0.447,2.912,1.3309
2013-09-12,233.544,77.55,0.226,1.949,0.443,2.905,1.3296
2013-09-13,233.544,77.55,0.229,1.975,0.435,2.89,1.32928
2013-09-14,233.544,77.55,0.229,1.9745,0.4216666666666667,2.880666666666667,1.3298
2013-09-15,233.544,77.55,0.229,1.974,0.4083333333333333,2.8713333333333333,1.3376
2013-09-16,233.544,77.55,0.208,1.93,0.395,2.862,1.33353
2013-09-17,233.544,77.55,0.225,1.973,0.375,2.849,1.33565
2013-09-18,233.544,77.55,0.242,2.004,0.327,2.692,1.3508
2013-09-19,233.544,77.55,0.194,1.926,0.339,2.752,1.3528
2013-09-20,233.544,77.55,0.214,1.953,0.335,2.736,1.35257
2013-09-21,233.544,77.55,0.211,1.9500000000000002,0.33466666666666667,2.7243333333333335,1.3523
2013-09-22,233.544,77.55,0.208,1.947,0.33433333333333337,2.712666666666667,1.35276
2013-09-23,233.544,77.55,0.191,1.918,0.334,2.701,1.34931
2013-09-24,233.544,77.55,0.182,1.852,0.33,2.655,1.3472
2013-09-25,233.544,77.55,0.193,1.822,0.34,2.626,1.35197
2013-09-26,233.544,77.55,0.193,1.828,0.34,2.648,1.34864
2013-09-27,233.544,77.55,0.174,1.78,0.336,2.628,1.35208
2013-09-28,233.544,77.55,0.174,1.78,0.331,2.623666666666667,1.3524
2013-09-29,233.544,77.55,0.174,1.78,0.326,2.6193333333333335,1.34915
2013-09-30,233.544,77.55,0.172,1.78,0.321,2.615,1.3523
2013-10-01,233.669,77.46,0.172,1.806,0.333,2.65,1.3523
2013-10-02,233.669,77.46,0.166,1.807,0.321,2.619,1.358
2013-10-03,233.669,77.46,0.165,1.809,0.313,2.605,1.3627
2013-10-04,233.669,77.46,0.175,1.833,0.333,2.645,1.35546
2013-10-05,233.669,77.46,0.1785,1.8325,0.337,2.64,1.3557
2013-10-06,233.669,77.46,0.182,1.832,0.34099999999999997,2.635,1.35699
2013-10-07,233.669,77.46,0.16,1.802,0.345,2.63,1.35776
2013-10-08,233.669,77.46,0.178,1.811,0.385,2.638,1.3581
2013-10-09,233.669,77.46,0.177,1.813,0.361,2.661,1.352
2013-10-10,233.669,77.46,0.187,1.868,0.346,2.683,1.35274
2013-10-11,233.669,77.46,0.187,1.862,0.35,2.691,1.35405
2013-10-12,233.669,77.46,0.18466666666666667,1.861,0.354,2.707333333333333,1.3541
2013-10-13,233.669,77.46,0.18233333333333332,1.86,0.358,2.723666666666667,1.3556
2013-10-14,233.669,77.46,0.18,1.859,0.362,2.74,1.35553
2013-10-15,233.669,77.46,0.204,1.911,0.354,2.728,1.3526
2013-10-16,233.669,77.46,0.218,1.931,0.334,2.667,1.3523
2013-10-17,233.669,77.46,0.184,1.868,0.314,2.592,1.3668
2013-10-18,233.669,77.46,0.181,1.836,0.319,2.583,1.36842
2013-10-19,233.669,77.46,0.181,1.836,0.31766666666666665,2.589,1.3682
2013-10-20,233.669,77.46,0.181,1.836,0.31633333333333336,2.595,1.36835
2013-10-21,233.669,77.46,0.188,1.847,0.315,2.601,1.3679
2013-10-22,233.669,77.46,0.157,1.796,0.294,2.511,1.3779
2013-10-23,233.669,77.46,0.168,1.766,0.311,2.498,1.3775
2013-10-24,233.669,77.46,0.179,1.768,0.307,2.52,1.3796
2013-10-25,233.669,77.46,0.189,1.754,0.303,2.511,1.38025
2013-10-26,233.669,77.46,0.193,1.7534999999999998,0.30433333333333334,2.515,1.3804
2013-10-27,233.669,77.46,0.197,1.753,0.30566666666666664,2.519,1.3805
2013-10-28,233.669,77.46,0.193,1.752,0.307,2.523,1.37872
2013-10-29,233.669,77.46,0.187,1.742,0.317,2.503,1.3743
2013-10-30,233.669,77.46,0.158,1.69,0.313,2.538,1.37227
2013-10-31,233.669,77.46,0.125,1.679,0.309,2.552,1.35838
2013-11-01,234.1,77.39,0.117,1.693,0.313,2.62,1.3487
2013-11-02,234.1,77.39,0.117,1.6925,0.31033333333333335,2.6143333333333336,1.3487
2013-11-03,234.1,77.39,0.117,1.692,0.30766666666666664,2.6086666666666667,1.3492
2013-11-04,234.1,77.39,0.117,1.685,0.305,2.603,1.35163
2013-11-05,234.1,77.39,0.148,1.745,0.301,2.67,1.34726
2013-11-06,234.1,77.39,0.145,1.747,0.293,2.644,1.35165
2013-11-07,234.1,77.39,0.086,1.689,0.286,2.602,1.3409
2013-11-08,234.1,77.39,0.111,1.763,0.314,2.751,1.33662
2013-11-09,234.1,77.39,0.10733333333333334,1.7596666666666665,0.314,2.7566666666666664,1.3368
2013-11-10,234.1,77.39,0.10366666666666667,1.7563333333333333,0.314,2.7623333333333333,1.33464
2013-11-11,234.1,77.39,0.1,1.753,0.314,2.768,1.34075
2013-11-12,234.1,77.39,0.1,1.788,0.33,2.774,1.34377
2013-11-13,234.1,77.39,0.086,1.737,0.306,2.716,1.3485
2013-11-14,234.1,77.39,0.093,1.702,0.294,2.693,1.3447
2013-11-15,234.1,77.39,0.128,1.709,0.294,2.703,1.34953
2013-11-16,234.1,77.39,0.1225,1.709,0.29,2.6906666666666665,1.3495
2013-11-17,234.1,77.39,0.117,1.709,0.286,2.6783333333333332,1.34815
2013-11-18,234.1,77.39,0.107,1.684,0.282,2.666,1.3502
2013-11-19,234.1,77.39,0.127,1.72,0.294,2.712,1.3561
2013-11-20,234.1,77.39,0.103,1.722,0.278,2.804,1.3432
2013-11-21,234.1,77.39,0.098,1.741,0.274,2.788,1.34714
2013-11-22,234.1,77.39,0.138,1.749,0.282,2.744,1.35556
2013-11-23,234.1,77.39,0.138,1.7416666666666667,0.282,2.7393333333333336,1.3556
2013-11-24,234.1,77.39,0.138,1.7343333333333335,0.282,2.7346666666666666,1.3551
2013-11-25,234.1,77.39,0.138,1.727,0.282,2.73,1.3523
2013-11-26,234.1,77.39,0.127,1.691,0.293,2.71,1.3567
2013-11-27,234.1,77.39,0.131,1.705,0.289,2.739,1.3573
2013-11-28,234.1,77.39,0.127,1.7,0.289,2.748,1.3601
2013-11-29,234.1,77.39,0.119,1.69,0.285,2.746,1.35913
2013-11-30,234.1,77.39,0.12233333333333334,1.7063333333333333,0.28633333333333333,2.763,1.3592
2013-12-01,234.719,77.67,0.12566666666666668,1.7226666666666668,0.2876666666666666,2.7800000000000002,1.35821
2013-12-02,234.719,77.67,0.129,1.739,0.289,2.797,1.3541
2013-12-03,234.719,77.67,0.127,1.725,0.289,2.784,1.359
2013-12-04,234.719,77.67,0.183,1.819,0.293,2.837,1.35854
2013-12-05,234.719,77.67,0.205,1.861,0.305,2.873,1.36682
2013-12-06,234.719,77.67,0.211,1.837,0.306,2.857,1.37042
2013-12-07,234.719,77.67,0.216,1.8386666666666667,0.30466666666666664,2.851666666666667,1.3703
2013-12-08,234.719,77.67,0.221,1.8403333333333334,0.30333333333333334,2.8463333333333334,1.3705
2013-12-09,234.719,77.67,0.226,1.842,0.302,2.841,1.3738
2013-12-10,234.719,77.67,0.221,1.836,0.302,2.803,1.376
2013-12-11,234.719,77.67,0.237,1.825,0.31,2.855,1.37849
2013-12-12,234.719,77.67,0.253,1.842,0.326,2.879,1.3749
2013-12-13,234.719,77.67,0.248,1.828,0.33,2.866,1.37405
2013-12-14,234.719,77.67,0.25,1.83,0.33133333333333337,2.8703333333333334,1.3741
2013-12-15,234.719,77.67,0.252,1.832,0.33266666666666667,2.8746666666666667,1.37394
2013-12-16,234.719,77.67,0.254,1.834,0.334,2.879,1.376
2013-12-17,234.719,77.67,0.234,1.828,0.322,2.837,1.37691
2013-12-18,234.719,77.67,0.24,1.841,0.336,2.896,1.3678
2013-12-19,234.719,77.67,0.214,1.876,0.368,2.929,1.3654
2013-12-20,234.719,77.67,0.226,1.866,0.38,2.89,1.3671
2013-12-21,234.719,77.67,0.22633333333333333,1.8713333333333333,0.38233333333333336,2.9036666666666666,1.3671
2013-12-22,234.719,77.67,0.22666666666666668,1.8766666666666667,0.38466666666666666,2.9173333333333336,1.3676
2013-12-23,234.719,77.67,0.227,1.882,0.387,2.931,1.3698
2013-12-24,234.719,77.67,0.227,1.882,0.399,2.981,1.36798
2013-12-25,234.719,77.67,0.227,1.882,0.407,3.0,1.36651
2013-12-26,234.719,77.67,0.23249999999999998,1.9165,0.411,2.992,1.36935
2013-12-27,234.719,77.67,0.238,1.951,0.391,3.002,1.3741
2013-12-28,234.719,77.67,0.22766666666666666,1.9476666666666667,0.38833333333333336,2.992,1.3741
2013-12-29,234.719,77.67,0.21733333333333332,1.9443333333333335,0.38566666666666666,2.9819999999999998,1.37484
2013-12-30,234.719,77.67,0.207,1.941,0.383,2.972,1.3805
2013-12-31,234.719,77.67,0.207,1.941,0.384,3.026,1.37409
2014-01-01,235.288,76.8,0.213,1.9435,0.384,3.026,1.3763
2014-01-02,235.288,76.8,0.219,1.946,0.384,2.991,1.36629
2014-01-03,235.288,76.8,0.214,1.944,0.404,2.998,1.35867
2014-01-04,235.288,76.8,0.21233333333333332,1.932,0.40166666666666667,2.984666666666667,1.3587
2014-01-05,235.288,76.8,0.21066666666666667,1.92,0.3993333333333334,2.9713333333333334,1.3594
2014-01-06,235.288,76.8,0.209,1.908,0.397,2.958,1.3629
2014-01-07,235.288,76.8,0.22,1.889,0.393,2.941,1.3615
2014-01-08,235.288,76.8,0.234,1.905,0.429,2.991,1.3572
2014-01-09,235.288,76.8,0.21,1.91,0.433,2.969,1.3606
2014-01-10,235.288,76.8,0.19,1.846,0.374,2.86,1.36664
2014-01-11,235.288,76.8,0.189,1.8363333333333334,0.37,2.849666666666667,1.367
2014-01-12,235.288,76.8,0.188,1.8266666666666667,0.366,2.8393333333333333,1.3669
2014-01-13,235.288,76.8,0.187,1.817,0.362,2.829,1.3666
2014-01-14,235.288,76.8,0.206,1.816,0.382,2.873,1.3667
2014-01-15,235.288,76.8,0.218,1.827,0.395,2.893,1.3596
2014-01-16,235.288,76.8,0.175,1.777,0.387,2.841,1.3617
2014-01-17,235.288,76.8,0.17,1.755,0.375,2.821,1.35376
2014-01-18,235.288,76.8,0.17,1.75,0.375,2.823666666666667,1.354
2014-01-19,235.288,76.8,0.17,1.7449999999999999,0.375,2.8263333333333334,1.3526
2014-01-20,235.288,76.8,0.17,1.74,0.375,2.829,1.35449
2014-01-21,235.288,76.8,0.16,1.743,0.38,2.832,1.356
2014-01-22,235.288,76.8,0.171,1.755,0.404,2.867,1.3542
2014-01-23,235.288,76.8,0.156,1.714,0.364,2.779,1.3686
2014-01-24,235.288,76.8,0.123,1.655,0.34,2.719,1.36755
2014-01-25,235.288,76.8,0.12766666666666668,1.6603333333333334,0.3413333333333333,2.7293333333333334,1.3675
2014-01-26,235.288,76.8,0.13233333333333333,1.6656666666666666,0.3426666666666667,2.7396666666666665,1.36901
2014-01-27,235.288,76.8,0.137,1.671,0.344,2.75,1.3674
2014-01-28,235.288,76.8,0.128,1.677,0.344,2.752,1.36544
2014-01-29,235.288,76.8,0.114,1.644,0.355,2.679,1.3657
2014-01-30,235.288,76.8,0.097,1.619,0.347,2.697,1.3557
2014-01-31,235.288,76.8,0.073,1.659,0.332,2.644,1.34858
2014-02-01,235.547,77.04,0.07566666666666666,1.6556666666666666,0.32133333333333336,2.6216666666666666,1.3487
2014-02-02,235.547,77.04,0.07833333333333334,1.6523333333333334,0.31066666666666665,2.5993333333333335,1.3488
2014-02-03,235.547,77.04,0.081,1.649,0.3,2.577,1.35243
2014-02-04,235.547,77.04,0.082,1.651,0.316,2.631,1.3514
2014-02-05,235.547,77.04,0.086,1.641,0.316,2.669,1.35328
2014-02-06,235.547,77.04,0.12,1.695,0.324,2.702,1.35893
2014-02-07,235.547,77.04,0.102,1.661,0.307,2.684,1.36341
2014-02-08,235.547,77.04,0.10733333333333332,1.668,0.30833333333333335,2.6790000000000003,1.3634
2014-02-09,235.547,77.04,0.11266666666666666,1.675,0.30966666666666665,2.674,1.36193
2014-02-10,235.547,77.04,0.118,1.682,0.311,2.669,1.36452
2014-02-11,235.547,77.04,0.104,1.687,0.335,2.726,1.3637
2014-02-12,235.547,77.04,0.11,1.724,0.343,2.763,1.3589
2014-02-13,235.547,77.04,0.102,1.671,0.315,2.734,1.3677
2014-02-14,235.547,77.04,0.116,1.687,0.315,2.745,1.36913
2014-02-15,235.547,77.04,0.11666666666666667,1.6866666666666668,0.31633333333333336,2.746,1.3691
2014-02-16,235.547,77.04,0.11733333333333333,1.6863333333333332,0.31766666666666665,2.7470000000000003,1.3698
2014-02-17,235.547,77.04,0.118,1.686,0.319,2.748,1.3703
2014-02-18,235.547,77.04,0.115,1.673,0.302,2.709,1.37597
2014-02-19,235.547,77.04,0.11,1.664,0.319,2.739,1.37278
2014-02-20,235.547,77.04,0.138,1.695,0.323,2.752,1.37172
2014-02-21,235.547,77.04,0.123,1.667,0.318,2.732,1.37362
2014-02-22,235.547,77.04,0.124,1.671,0.31933333333333336,2.7350000000000003,1.3739
2014-02-23,235.547,77.04,0.125,1.675,0.32066666666666666,2.738,1.3737
2014-02-24,235.547,77.04,0.126,1.679,0.322,2.741,1.37334
2014-02-25,235.547,77.04,0.126,1.651,0.318,2.703,1.3745
2014-02-26,235.547,77.04,0.102,1.616,0.328,2.666,1.36824
2014-02-27,235.547,77.04,0.093,1.568,0.325,2.639,1.3707
2014-02-28,235.547,77.04,0.13,1.627,0.325,2.649,1.38
2014-03-01,236.028,77.76,0.12533333333333335,1.605,0.31833333333333336,2.6336666666666666,1.38
2014-03-02,236.028,77.76,0.12066666666666667,1.583,0.31166666666666665,2.6183333333333336,1.3774
2014-03-03,236.028,77.76,0.116,1.561,0.305,2.603,1.37359
2014-03-04,236.028,77.76,0.123,1.6,0.333,2.701,1.37375
2014-03-05,236.028,77.76,0.132,1.602,0.337,2.708,1.37307
2014-03-06,236.028,77.76,0.177,1.651,0.345,2.739,1.38628
2014-03-07,236.028,77.76,0.181,1.653,0.373,2.79,1.3879
2014-03-08,236.028,77.76,0.181,1.654,0.37166666666666665,2.7863333333333333,1.3879
2014-03-09,236.028,77.76,0.181,1.655,0.37033333333333335,2.7826666666666666,1.3877
2014-03-10,236.028,77.76,0.18,1.628,0.369,2.779,1.3877
2014-03-11,236.028,77.76,0.174,1.639,0.374,2.77,1.3855
2014-03-12,236.028,77.76,0.164,1.597,0.37,2.732,1.3902
2014-03-13,236.028,77.76,0.143,1.548,0.342,2.645,1.38641
2014-03-14,236.028,77.76,0.158,1.547,0.346,2.656,1.3914
2014-03-15,236.028,77.76,0.158,1.5536666666666665,0.3516666666666666,2.6686666666666667,1.3914
2014-03-16,236.028,77.76,0.158,1.5603333333333333,0.35733333333333334,2.6813333333333333,1.39103
2014-03-17,236.028,77.76,0.158,1.567,0.363,2.694,1.39263
2014-03-18,236.028,77.76,0.174,1.571,0.351,2.674,1.393
2014-03-19,236.028,77.76,0.175,1.599,0.423,2.773,1.38219
2014-03-20,236.028,77.76,0.212,1.651,0.424,2.773,1.3779
2014-03-21,236.028,77.76,0.21,1.633,0.429,2.746,1.37918
2014-03-22,236.028,77.76,0.204,1.616,0.43166666666666664,2.740666666666667,1.3797
2014-03-23,236.028,77.76,0.198,1.599,0.43433333333333335,2.735333333333333,1.37945
2014-03-24,236.028,77.76,0.192,1.582,0.437,2.73,1.3837
2014-03-25,236.028,77.76,0.177,1.574,0.429,2.75,1.38163
2014-03-26,236.028,77.76,0.164,1.57,0.446,2.694,1.37815
2014-03-27,236.028,77.76,0.142,1.535,0.45,2.683,1.3739
2014-03-28,236.028,77.76,0.154,1.551,0.454,2.723,1.37513
2014-03-29,236.028,77.76,0.15766666666666668,1.5573333333333332,0.44333333333333336,2.7216666666666667,1.3752
2014-03-30,236.028,77.76,0.16133333333333333,1.5636666666666668,0.43266666666666664,2.720333333333333,1.37477
2014-03-31,236.028,77.76,0.165,1.57,0.422,2.719,1.3772
2014-04-01,236.468,77.88,0.185,1.581,0.434,2.755,1.37923
2014-04-02,236.468,77.88,0.193,1.616,0.458,2.806,1.37642
2014-04-03,236.468,77.88,0.181,1.604,0.458,2.801,1.37162
2014-04-04,236.468,77.88,0.167,1.557,0.415,2.726,1.36992
2014-04-05,236.468,77.88,0.16933333333333334,1.5526666666666666,0.4096666666666667,2.7176666666666667,1.3705
2014-04-06,236.468,77.88,0.17166666666666666,1.5483333333333333,0.4043333333333333,2.7093333333333334,1.3696
2014-04-07,236.468,77.88,0.174,1.544,0.399,2.701,1.37429
2014-04-08,236.468,77.88,0.174,1.561,0.399,2.683,1.37928
2014-04-09,236.468,77.88,0.185,1.579,0.363,2.693,1.38528
2014-04-10,236.468,77.88,0.16,1.525,0.355,2.647,1.3885
2014-04-11,236.468,77.88,0.16,1.506,0.359,2.628,1.38832
2014-04-12,236.468,77.88,0.15933333333333333,1.5133333333333334,0.363,2.6353333333333335,1.3884
2014-04-13,236.468,77.88,0.15866666666666668,1.5206666666666666,0.367,2.6426666666666665,1.38457
2014-04-14,236.468,77.88,0.158,1.528,0.371,2.65,1.3816
2014-04-15,236.468,77.88,0.127,1.475,0.371,2.63,1.38152
2014-04-16,236.468,77.88,0.14,1.486,0.371,2.635,1.38162
2014-04-17,236.468,77.88,0.17,1.515,0.399,2.721,1.38113
2014-04-18,236.468,77.88,0.1714,1.5206,0.398,2.7195,1.3814
2014-04-19,236.468,77.88,0.1728,1.5262,0.397,2.718,1.3814
2014-04-20,236.468,77.88,0.1742,1.5317999999999998,0.396,2.7165,1.3814
2014-04-21,236.468,77.88,0.1756,1.5373999999999999,0.395,2.715,1.37929
2014-04-22,236.468,77.88,0.177,1.543,0.403,2.711,1.38062
2014-04-23,236.468,77.88,0.175,1.519,0.446,2.693,1.38177
2014-04-24,236.468,77.88,0.187,1.533,0.442,2.682,1.38307
2014-04-25,236.468,77.88,0.175,1.483,0.434,2.666,1.38317
2014-04-26,236.468,77.88,0.177,1.4886666666666668,0.43533333333333335,2.68,1.3833
2014-04-27,236.468,77.88,0.179,1.4943333333333333,0.43666666666666665,2.694,1.3839
2014-04-28,236.468,77.88,0.181,1.5,0.438,2.708,1.38515
2014-04-29,236.468,77.88,0.153,1.506,0.438,2.697,1.38078
2014-04-30,236.468,77.88,0.144,1.47,0.414,2.646,1.3868
2014-05-01,236.918,77.79,0.1385,1.4609999999999999,0.41,2.613,1.38693
2014-05-02,236.918,77.79,0.133,1.452,0.422,2.586,1.38732
2014-05-03,236.918,77.79,0.135,1.4546666666666666,0.422,2.5926666666666667,1.387
2014-05-04,236.918,77.79,0.137,1.4573333333333334,0.422,2.599333333333333,1.3874
2014-05-05,236.918,77.79,0.139,1.46,0.422,2.606,1.3874
2014-05-06,236.918,77.79,0.152,1.464,0.427,2.593,1.39252
2014-05-07,236.918,77.79,0.152,1.472,0.403,2.59,1.3909
2014-05-08,236.918,77.79,0.121,1.446,0.387,2.611,1.384
2014-05-09,236.918,77.79,0.137,1.459,0.387,2.623,1.37594
2014-05-10,236.918,77.79,0.13566666666666669,1.4613333333333334,0.391,2.635666666666667,1.3759
2014-05-11,236.918,77.79,0.13433333333333333,1.4636666666666667,0.395,2.6483333333333334,1.3758
2014-05-12,236.918,77.79,0.133,1.466,0.399,2.661,1.3757
2014-05-13,236.918,77.79,0.111,1.422,0.383,2.611,1.37042
2014-05-14,236.918,77.79,0.1,1.377,0.371,2.548,1.3716
2014-05-15,236.918,77.79,0.084,1.306,0.355,2.496,1.3714
2014-05-16,236.918,77.79,0.099,1.336,0.363,2.523,1.36922
2014-05-17,236.918,77.79,0.09633333333333334,1.337,0.35766666666666663,2.5303333333333335,1.3694
2014-05-18,236.918,77.79,0.09366666666666666,1.339,0.35233333333333333,2.5376666666666665,1.3697
2014-05-19,236.918,77.79,0.091,1.341,0.347,2.545,1.37066
2014-05-20,236.918,77.79,0.085,1.355,0.339,2.514,1.3699
2014-05-21,236.918,77.79,0.085,1.374,0.343,2.534,1.3685
2014-05-22,236.918,77.79,0.07,1.36,0.347,2.554,1.3655
2014-05-23,236.918,77.79,0.066,1.412,0.346,2.536,1.3633
2014-05-24,236.918,77.79,0.066,1.412,0.3473333333333333,2.5376666666666665,1.3626
2014-05-25,236.918,77.79,0.066,1.412,0.3486666666666666,2.5393333333333334,1.3625
2014-05-26,236.918,77.79,0.056,1.415,0.35,2.541,1.36435
2014-05-27,236.918,77.79,0.053,1.384,0.35,2.518,1.36359
2014-05-28,236.918,77.79,0.056,1.337,0.371,2.445,1.3594
2014-05-29,236.918,77.79,0.065,1.352,0.379,2.47,1.3599
2014-05-30,236.918,77.79,0.066,1.357,0.375,2.475,1.36292
2014-05-31,236.918,77.79,0.06466666666666666,1.3603333333333334,0.38033333333333336,2.4923333333333333,1.363
2014-06-01,237.231,77.88,0.06333333333333334,1.3636666666666666,0.38566666666666666,2.509666666666667,1.36266
2014-06-02,237.231,77.88,0.062,1.367,0.391,2.527,1.35982
2014-06-03,237.231,77.88,0.064,1.411,0.403,2.599,1.3627
2014-06-04,237.231,77.88,0.058,1.437,0.399,2.606,1.3599
2014-06-05,237.231,77.88,0.052,1.417,0.383,2.584,1.366
2014-06-06,237.231,77.88,0.056,1.357,0.407,2.597,1.36402
2014-06-07,237.231,77.88,0.058,1.3646666666666667,0.4136666666666666,2.6006666666666667,1.3641
2014-06-08,237.231,77.88,0.06,1.3723333333333332,0.42033333333333334,2.6043333333333334,1.3641
2014-06-09,237.231,77.88,0.062,1.38,0.427,2.608,1.3592
2014-06-10,237.231,77.88,0.069,1.411,0.443,2.64,1.3544
2014-06-11,237.231,77.88,0.046,1.396,0.435,2.64,1.35323
2014-06-12,237.231,77.88,0.04,1.388,0.439,2.597,1.3549
2014-06-13,237.231,77.88,0.03,1.371,0.455,2.608,1.3539
2014-06-14,237.231,77.88,0.030333333333333334,1.3653333333333333,0.45933333333333337,2.6043333333333334,1.3539
2014-06-15,237.231,77.88,0.030666666666666665,1.3596666666666668,0.46366666666666667,2.6006666666666667,1.35316
2014-06-16,237.231,77.88,0.031,1.354,0.468,2.597,1.3572
2014-06-17,237.231,77.88,0.05,1.404,0.484,2.653,1.35462
2014-06-18,237.231,77.88,0.04,1.378,0.452,2.59,1.3587
2014-06-19,237.231,77.88,0.038,1.33,0.452,2.621,1.3607
2014-06-20,237.231,77.88,0.039,1.349,0.456,2.608,1.35977
2014-06-21,237.231,77.88,0.04033333333333333,1.341,0.46,2.614,1.36
2014-06-22,237.231,77.88,0.041666666666666664,1.333,0.464,2.62,1.35941
2014-06-23,237.231,77.88,0.043,1.325,0.468,2.626,1.36021
2014-06-24,237.231,77.88,0.037,1.321,0.46,2.577,1.3604
2014-06-25,237.231,77.88,0.034,1.266,0.484,2.561,1.3632
2014-06-26,237.231,77.88,0.031,1.242,0.469,2.532,1.36118
2014-06-27,237.231,77.88,0.038,1.263,0.465,2.536,1.36473
2014-06-28,237.231,77.88,0.035666666666666666,1.259,0.4623333333333334,2.534666666666667,1.3645
2014-06-29,237.231,77.88,0.03333333333333333,1.255,0.45966666666666667,2.533333333333333,1.36448
2014-06-30,237.231,77.88,0.031,1.251,0.457,2.532,1.36905
2014-07-01,237.498,77.37,0.025,1.248,0.469,2.567,1.3679
2014-07-02,237.498,77.37,0.029,1.284,0.488,2.628,1.3657
2014-07-03,237.498,77.37,0.025,1.296,0.512,2.641,1.3609
2014-07-04,237.498,77.37,0.02,1.266,0.513,2.6342499999999998,1.35933
2014-07-05,237.498,77.37,0.020666666666666667,1.2633333333333334,0.514,2.6275,1.3596
2014-07-06,237.498,77.37,0.021333333333333333,1.2606666666666666,0.515,2.62075,1.3588
2014-07-07,237.498,77.37,0.022,1.258,0.516,2.614,1.36064
2014-07-08,237.498,77.37,0.019,1.224,0.508,2.559,1.3611
2014-07-09,237.498,77.37,0.025,1.231,0.48,2.556,1.364
2014-07-10,237.498,77.37,0.022,1.201,0.456,2.538,1.3606
2014-07-11,237.498,77.37,0.02,1.204,0.452,2.516,1.36048
2014-07-12,237.498,77.37,0.021,1.205,0.452,2.516,1.3608
2014-07-13,237.498,77.37,0.0225,1.2080000000000002,0.458,2.5315000000000003,1.36033
2014-07-14,237.498,77.37,0.024,1.211,0.464,2.547,1.3619
2014-07-15,237.498,77.37,0.024,1.21,0.48,2.552,1.3567
2014-07-16,237.498,77.37,0.023,1.196,0.488,2.53,1.3525
2014-07-17,237.498,77.37,0.025,1.158,0.448,2.442,1.3521
2014-07-18,237.498,77.37,0.031,1.16,0.484,2.482,1.35239
2014-07-19,237.498,77.37,0.031,1.1625,0.48666666666666664,2.477666666666667,1.3523
2014-07-20,237.498,77.37,0.031,1.165,0.48933333333333334,2.473333333333333,1.353
2014-07-21,237.498,77.37,0.027,1.148,0.492,2.469,1.35224
2014-07-22,237.498,77.37,0.037,1.175,0.476,2.466,1.3466
2014-07-23,237.498,77.37,0.036,1.148,0.471,2.469,1.3458
2014-07-24,237.498,77.37,0.037,1.179,0.492,2.502,1.3463
2014-07-25,237.498,77.37,0.03,1.146,0.492,2.467,1.34285
2014-07-26,237.498,77.37,0.03,1.1469999999999998,0.496,2.473666666666667,1.343
2014-07-27,237.498,77.37,0.03,1.148,0.5,2.4803333333333333,1.3431
2014-07-28,237.498,77.37,0.04,1.151,0.504,2.487,1.3437
2014-07-29,237.498,77.37,0.034,1.12,0.543,2.462,1.34103
2014-07-30,237.498,77.37,0.034,1.167,0.559,2.56,1.3395
2014-07-31,237.498,77.37,0.038,1.17,0.531,2.562,1.3387
2014-08-01,237.46,77.46,0.031,1.14,0.476,2.494,1.34287
2014-08-02,237.46,77.46,0.03,1.128,0.476,2.494,1.343
2014-08-03,237.46,77.46,0.027999999999999997,1.132,0.472,2.4895,1.3423
2014-08-04,237.46,77.46,0.026,1.136,0.468,2.485,1.34201
2014-08-05,237.46,77.46,0.029,1.176,0.468,2.489,1.337
2014-08-06,237.46,77.46,0.011,1.104,0.46,2.469,1.3381
2014-08-07,237.46,77.46,0.013,1.07,0.432,2.409,1.3359
2014-08-08,237.46,77.46,0.017,1.053,0.448,2.422,1.34089
2014-08-09,237.46,77.46,0.017,1.0525,0.44666666666666666,2.4243333333333332,1.3409
2014-08-10,237.46,77.46,0.017,1.052,0.44533333333333336,2.4266666666666667,1.34052
2014-08-11,237.46,77.46,0.002,1.065,0.444,2.429,1.3385
2014-08-12,237.46,77.46,-0.004,1.062,0.436,2.449,1.3367
2014-08-13,237.46,77.46,0.004,1.029,0.416,2.42,1.3365
2014-08-14,237.46,77.46,-0.004,1.016,0.416,2.403,1.3361
2014-08-15,237.46,77.46,-0.01,0.968,0.411,2.341,1.3398
2014-08-16,237.46,77.46,-0.007333333333333334,0.983,0.4136666666666666,2.3586666666666667,1.33935
2014-08-17,237.46,77.46,-0.004666666666666667,0.9979999999999999,0.41633333333333333,2.3763333333333336,1.33878
2014-08-18,237.46,77.46,-0.002,1.013,0.419,2.394,1.336
2014-08-19,237.46,77.46,-0.007,1.004,0.431,2.403,1.3321
2014-08-20,237.46,77.46,-0.005,0.986,0.476,2.428,1.3258
2014-08-21,237.46,77.46,-0.002,0.996,0.472,2.409,1.328
2014-08-22,237.46,77.46,0.01,0.987,0.492,2.403,1.3245
2014-08-23,237.46,77.46,-0.002666666666666666,0.976,0.496,2.3966666666666665,1.3245
2014-08-24,237.46,77.46,-0.015333333333333332,0.965,0.5,2.3903333333333334,1.31894
2014-08-25,237.46,77.46,-0.028,0.954,0.504,2.384,1.3186
2014-08-26,237.46,77.46,-0.009,0.944,0.496,2.398,1.3166
2014-08-27,237.46,77.46,-0.018,0.908,0.516,2.361,1.3193
2014-08-28,237.46,77.46,-0.006,0.883,0.504,2.338,1.3181
2014-08-29,237.46,77.46,-0.029,0.888,0.492,2.345,1.31312
2014-08-30,237.46,77.46,-0.029,0.8865000000000001,0.492,2.349666666666667,1.3136
2014-08-31,237.46,77.46,-0.029,0.885,0.492,2.3543333333333334,1.31331
2014-09-01,237.477,77.8,-0.034,0.884,0.492,2.359,1.31293
2014-09-02,237.477,77.8,-0.028,0.93,0.528,2.423,1.3132
2014-09-03,237.477,77.8,-0.015,0.957,0.52,2.398,1.31512
2014-09-04,237.477,77.8,-0.061,0.965,0.536,2.453,1.2934
2014-09-05,237.477,77.8,-0.063,0.934,0.508,2.459,1.29498
2014-09-06,237.477,77.8,-0.06366666666666666,0.9373333333333334,0.516,2.463,1.2949
2014-09-07,237.477,77.8,-0.06433333333333334,0.9406666666666667,0.524,2.467,1.29508
2014-09-08,237.477,77.8,-0.065,0.944,0.532,2.471,1.2896
2014-09-09,237.477,77.8,-0.072,1.002,0.56,2.502,1.2937
2014-09-10,237.477,77.8,-0.064,1.0,0.572,2.543,1.2923
2014-09-11,237.477,77.8,-0.07,1.004,0.564,2.55,1.2922
2014-09-12,237.477,77.8,-0.055,1.086,0.564,2.609,1.29615
2014-09-13,237.477,77.8,-0.052,1.089,0.564,2.609,1.2947
2014-09-14,237.477,77.8,-0.059,1.079,0.554,2.6,1.2962
2014-09-15,237.477,77.8,-0.066,1.069,0.544,2.591,1.2936
2014-09-16,237.477,77.8,-0.053,1.065,0.54,2.594,1.295
2014-09-17,237.477,77.8,-0.063,1.055,0.569,2.622,1.28382
2014-09-18,237.477,77.8,-0.049,1.085,0.565,2.618,1.2915
2014-09-19,237.477,77.8,-0.064,1.044,0.569,2.578,1.2829
2014-09-20,237.477,77.8,-0.06266666666666666,1.0356666666666667,0.5636666666666666,2.574,1.2829
2014-09-21,237.477,77.8,-0.06133333333333333,1.0273333333333332,0.5583333333333333,2.57,1.2835
2014-09-22,237.477,77.8,-0.06,1.019,0.553,2.566,1.2849
2014-09-23,237.477,77.8,-0.047,1.012,0.541,2.527,1.2846
2014-09-24,237.477,77.8,-0.053,1.01,0.591,2.566,1.27775
2014-09-25,237.477,77.8,-0.062,0.979,0.555,2.504,1.2756
2014-09-26,237.477,77.8,-0.065,0.968,0.579,2.528,1.26811
2014-09-27,237.477,77.8,-0.062,0.972,0.579,2.528,1.2683
2014-09-28,237.477,77.8,-0.061,0.9684999999999999,0.577,2.5035,1.26707
2014-09-29,237.477,77.8,-0.06,0.965,0.575,2.479,1.26888
2014-09-30,237.477,77.8,-0.075,0.946,0.575,2.495,1.26286
2014-10-01,237.43,77.75,-0.079,0.906,0.52,2.389,1.2618
2014-10-02,237.43,77.75,-0.068,0.914,0.535,2.436,1.2669
2014-10-03,237.43,77.75,-0.061,0.932,0.564,2.436,1.2514
2014-10-04,237.43,77.75,-0.061,0.9243333333333333,0.5546666666666666,2.4306666666666668,1.2514
2014-10-05,237.43,77.75,-0.0645,0.9166666666666667,0.5453333333333333,2.425333333333333,1.2509
2014-10-06,237.43,77.75,-0.068,0.909,0.536,2.42,1.2656
2014-10-07,237.43,77.75,-0.06,0.907,0.508,2.341,1.2666
2014-10-08,237.43,77.75,-0.064,0.904,0.452,2.318,1.273
2014-10-09,237.43,77.75,-0.064,0.902,0.448,2.327,1.2684
2014-10-10,237.43,77.75,-0.05,0.893,0.428,2.286,1.2627
2014-10-11,237.43,77.75,-0.048,0.8933333333333333,0.4186666666666667,2.27,1.2627
2014-10-12,237.43,77.75,-0.046,0.8936666666666667,0.4093333333333333,2.254,1.26453
2014-10-13,237.43,77.75,-0.044,0.894,0.4,2.238,1.2736
2014-10-14,237.43,77.75,-0.052,0.84,0.376,2.197,1.2642
2014-10-15,237.43,77.75,-0.056,0.767,0.308,2.129,1.2819
2014-10-16,237.43,77.75,-0.05,0.825,0.339,2.151,1.2804
2014-10-17,237.43,77.75,-0.039,0.865,0.375,2.199,1.27566
2014-10-18,237.43,77.75,-0.047,0.8613333333333333,0.368,2.197,1.2758
2014-10-19,237.43,77.75,-0.054,0.8576666666666667,0.361,2.195,1.27437
2014-10-20,237.43,77.75,-0.061,0.854,0.354,2.193,1.2795
2014-10-21,237.43,77.75,-0.046,0.875,0.366,2.227,1.271
2014-10-22,237.43,77.75,-0.042,0.868,0.362,2.22,1.2646
2014-10-23,237.43,77.75,-0.044,0.894,0.395,2.277,1.2651
2014-10-24,237.43,77.75,-0.037,0.888,0.386,2.266,1.26684
2014-10-25,237.43,77.75,-0.033,0.8813333333333333,0.38466666666666666,2.2636666666666665,1.2669
2014-10-26,237.43,77.75,-0.036500000000000005,0.8746666666666667,0.38333333333333336,2.2613333333333334,1.26757
2014-10-27,237.43,77.75,-0.04,0.868,0.382,2.259,1.2699
2014-10-28,237.43,77.75,-0.041,0.876,0.398,2.3,1.2737
2014-10-29,237.43,77.75,-0.036,0.896,0.489,2.321,1.2631
2014-10-30,237.43,77.75,-0.044,0.846,0.477,2.308,1.2608
2014-10-31,237.43,77.75,-0.056,0.841,0.497,2.335,1.25213
2014-11-01,236.983,77.61,-0.055,0.8473333333333333,0.5036666666666667,2.3386666666666667,1.2523
2014-11-02,236.983,77.61,-0.056,0.8536666666666667,0.5103333333333333,2.3423333333333334,1.25016
2014-11-03,236.983,77.61,-0.049,0.86,0.517,2.346,1.2496
2014-11-04,236.983,77.61,-0.051,0.811,0.517,2.335,1.25511
2014-11-05,236.983,77.61,-0.056,0.826,0.526,2.346,1.24751
2014-11-06,236.983,77.61,-0.054,0.83,0.55,2.382,1.238
2014-11-07,236.983,77.61,-0.057,0.825,0.502,2.301,1.2454
2014-11-08,236.983,77.61,-0.061,0.8256666666666667,0.5143333333333333,2.320666666666667,1.24529
2014-11-09,236.983,77.61,-0.0545,0.8263333333333333,0.5266666666666667,2.340333333333333,1.24594
2014-11-10,236.983,77.61,-0.048,0.827,0.539,2.36,1.2429
2014-11-11,236.983,77.61,-0.045,0.831,0.551,2.371,1.2474
2014-11-12,236.983,77.61,-0.047,0.811,0.543,2.373,1.2427
2014-11-13,236.983,77.61,-0.039,0.801,0.519,2.345,1.2472
2014-11-14,236.983,77.61,-0.044,0.791,0.516,2.319,1.25246
2014-11-15,236.983,77.61,-0.044,0.788,0.5146666666666667,2.326,1.2524
2014-11-16,236.983,77.61,-0.044,0.785,0.5133333333333333,2.3329999999999997,1.25194
2014-11-17,236.983,77.61,-0.039,0.798,0.512,2.34,1.2447
2014-11-18,236.983,77.61,-0.025,0.802,0.504,2.317,1.2532
2014-11-19,236.983,77.61,-0.014,0.846,0.525,2.358,1.25391
2014-11-20,236.983,77.61,-0.019,0.801,0.509,2.338,1.25425
2014-11-21,236.983,77.61,-0.036,0.771,0.505,2.312,1.239
2014-11-22,236.983,77.61,-0.03666666666666667,0.775,0.5023333333333333,2.3096666666666668,1.239
2014-11-23,236.983,77.61,-0.03733333333333333,0.779,0.49966666666666665,2.3073333333333332,1.2374
2014-11-24,236.983,77.61,-0.038,0.783,0.497,2.305,1.24363
2014-11-25,236.983,77.61,-0.034,0.751,0.524,2.259,1.2476
2014-11-26,236.983,77.61,-0.041,0.736,0.52,2.245,1.25041
2014-11-27,236.983,77.61,-0.039,0.704,0.504,2.215,1.24596
2014-11-28,236.983,77.61,-0.032,0.702,0.476,2.173,1.24489
2014-11-29,236.983,77.61,-0.0305,0.7024999999999999,0.48533333333333334,2.194,1.245
2014-11-30,236.983,77.61,-0.029,0.703,0.49466666666666664,2.2150000000000003,1.2435
2014-12-01,236.252,77.54,-0.021,0.727,0.504,2.236,1.2468
2014-12-02,236.252,77.54,-0.031,0.747,0.539,2.294,1.2388
2014-12-03,236.252,77.54,-0.034,0.748,0.559,2.282,1.2315
2014-12-04,236.252,77.54,-0.015,0.771,0.543,2.236,1.23835
2014-12-05,236.252,77.54,-0.011,0.783,0.643,2.307,1.2285
2014-12-06,236.252,77.54,-0.014,0.761,0.639,2.291,1.2285
2014-12-07,236.252,77.54,-0.017,0.739,0.635,2.275,1.2294
2014-12-08,236.252,77.54,-0.02,0.717,0.631,2.259,1.2314
2014-12-09,236.252,77.54,-0.032,0.692,0.616,2.213,1.2394
2014-12-10,236.252,77.54,-0.027,0.683,0.572,2.173,1.2449
2014-12-11,236.252,77.54,-0.034,0.681,0.608,2.169,1.23906
2014-12-12,236.252,77.54,-0.043,0.626,0.544,2.083,1.24581
2014-12-13,236.252,77.54,-0.041999999999999996,0.6255,0.556,2.093666666666667,1.2462
2014-12-14,236.252,77.54,-0.041,0.625,0.568,2.1043333333333334,1.2461
2014-12-15,236.252,77.54,-0.054,0.629,0.58,2.115,1.24423
2014-12-16,236.252,77.54,-0.061,0.604,0.556,2.061,1.25082
2014-12-17,236.252,77.54,-0.06,0.591,0.617,2.136,1.23372
2014-12-18,236.252,77.54,-0.078,0.614,0.633,2.208,1.22869
2014-12-19,236.252,77.54,-0.083,0.594,0.642,2.16,1.22277
2014-12-20,236.252,77.54,-0.08566666666666667,0.5973333333333333,0.649,2.158666666666667,1.2227
2014-12-21,236.252,77.54,-0.08833333333333333,0.6006666666666667,0.656,2.1573333333333333,1.22244
2014-12-22,236.252,77.54,-0.091,0.604,0.663,2.156,1.222
2014-12-23,236.252,77.54,-0.097,0.595,0.743,2.269,1.2173
2014-12-24,236.252,77.54,-0.094,0.59,0.743,2.264,1.21947
2014-12-25,236.252,77.54,-0.094,0.59,0.739,2.255,1.2206
2014-12-26,236.252,77.54,-0.094,0.59,0.743,2.252,1.2194
2014-12-27,236.252,77.54,-0.094,0.59,0.7326666666666667,2.2359999999999998,1.2181
2014-12-28,236.252,77.54,-0.094,0.59,0.7223333333333333,2.22,1.21676
2014-12-29,236.252,77.54,-0.097,0.552,0.712,2.204,1.21501
2014-12-30,236.252,77.54,-0.105,0.54,0.688,2.192,1.2158
2014-12-31,236.252,77.54,-0.105,0.541,0.672,2.17,1.20966
2015-01-01,234.747,76.34,-0.106,0.5195000000000001,0.672,2.17,1.20886
2015-01-02,234.747,76.34,-0.107,0.498,0.669,2.114,1.20009
2015-01-03,234.747,76.34,-0.10533333333333333,0.503,0.6676666666666667,2.087333333333333,1.1998
2015-01-04,234.747,76.34,-0.10366666666666666,0.508,0.6663333333333333,2.0606666666666666,1.1944
2015-01-05,234.747,76.34,-0.102,0.513,0.665,2.034,1.1936
2015-01-06,234.747,76.34,-0.105,0.453,0.629,1.938,1.1873
2015-01-07,234.747,76.34,-0.098,0.472,0.617,1.969,1.18332
2015-01-08,234.747,76.34,-0.106,0.512,0.609,2.018,1.17922
2015-01-09,234.747,76.34,-0.124,0.482,0.565,1.95,1.1841
2015-01-10,234.747,76.34,-0.122,0.48133333333333334,0.5596666666666666,1.9363333333333332,1.1838
2015-01-11,234.747,76.34,-0.12,0.48066666666666663,0.5543333333333333,1.9226666666666667,1.18696
2015-01-12,234.747,76.34,-0.118,0.48,0.549,1.909,1.183
2015-01-13,234.747,76.34,-0.121,0.477,0.541,1.905,1.17762
2015-01-14,234.747,76.34,-0.119,0.432,0.501,1.855,1.1783
2015-01-15,234.747,76.34,-0.148,0.415,0.42,1.728,1.1636
2015-01-16,234.747,76.34,-0.16,0.458,0.488,1.831,1.15594
2015-01-17,234.747,76.34,-0.16233333333333333,0.45233333333333337,0.4796666666666667,1.8206666666666667,1.1571
2015-01-18,234.747,76.34,-0.16466666666666668,0.44666666666666666,0.4713333333333333,1.8103333333333333,1.15632
2015-01-19,234.747,76.34,-0.167,0.441,0.463,1.8,1.15939
2015-01-20,234.747,76.34,-0.159,0.451,0.499,1.791,1.1545
2015-01-21,234.747,76.34,-0.153,0.519,0.511,1.875,1.16109
2015-01-22,234.747,76.34,-0.171,0.454,0.523,1.872,1.13425
2015-01-23,234.747,76.34,-0.168,0.366,0.49,1.789,1.12032
2015-01-24,234.747,76.34,-0.159,0.375,0.49833333333333335,1.802,1.12
2015-01-25,234.747,76.34,-0.157,0.384,0.5066666666666667,1.815,1.11304
2015-01-26,234.747,76.34,-0.155,0.393,0.515,1.828,1.12483
2015-01-27,234.747,76.34,-0.156,0.385,0.515,1.828,1.1366
2015-01-28,234.747,76.34,-0.17,0.355,0.465,1.719,1.1284
2015-01-29,234.747,76.34,-0.175,0.357,0.52,1.756,1.1334
2015-01-30,234.747,76.34,-0.184,0.313,0.453,1.639,1.1286
2015-01-31,234.747,76.34,-0.1805,0.3085,0.458,1.6506666666666667,1.1286
2015-02-01,235.342,76.81,-0.177,0.304,0.463,1.6623333333333332,1.1307
2015-02-02,235.342,76.81,-0.183,0.31,0.468,1.674,1.13391
2015-02-03,235.342,76.81,-0.197,0.347,0.516,1.798,1.14577
2015-02-04,235.342,76.81,-0.192,0.365,0.484,1.747,1.1316
2015-02-05,235.342,76.81,-0.196,0.378,0.524,1.817,1.14711
2015-02-06,235.342,76.81,-0.204,0.374,0.647,1.958,1.1313
2015-02-07,235.342,76.81,-0.20333333333333334,0.373,0.6486666666666667,1.9646666666666666,1.1309
2015-02-08,235.342,76.81,-0.20266666666666666,0.373,0.6503333333333333,1.9713333333333334,1.1313
2015-02-09,235.342,76.81,-0.202,0.354,0.652,1.978,1.13242
2015-02-10,235.342,76.81,-0.218,0.37,0.656,2.004,1.1319
2015-02-11,235.342,76.81,-0.221,0.358,0.672,2.021,1.13101
2015-02-12,235.342,76.81,-0.223,0.325,0.632,1.988,1.14024
2015-02-13,235.342,76.81,-0.216,0.349,0.645,2.047,1.1385
2015-02-14,235.342,76.81,-0.21666666666666667,0.355,0.6396666666666667,2.037666666666667,1.1378
2015-02-15,235.342,76.81,-0.21733333333333332,0.3525,0.6343333333333333,2.0283333333333333,1.1397
2015-02-16,235.342,76.81,-0.218,0.35,0.629,2.019,1.13318
2015-02-17,235.342,76.81,-0.21,0.37,0.666,2.145,1.14037
2015-02-18,235.342,76.81,-0.223,0.383,0.605,2.085,1.1399
2015-02-19,235.342,76.81,-0.217,0.381,0.621,2.122,1.1365
2015-02-20,235.342,76.81,-0.218,0.372,0.642,2.115,1.138
2015-02-21,235.342,76.81,-0.219,0.37,0.63,2.097,1.138
2015-02-22,235.342,76.81,-0.22,0.368,0.618,2.079,1.1379
2015-02-23,235.342,76.81,-0.221,0.366,0.606,2.061,1.1332
2015-02-24,235.342,76.81,-0.221,0.374,0.553,1.972,1.1338
2015-02-25,235.342,76.81,-0.227,0.332,0.607,1.972,1.13628
2015-02-26,235.342,76.81,-0.227,0.302,0.654,2.031,1.1203
2015-02-27,235.342,76.81,-0.22,0.324,0.622,1.996,1.11929
2015-02-28,235.342,76.81,-0.216,0.323,0.6353333333333333,2.027,1.119
2015-03-01,235.976,77.71,-0.212,0.33899999999999997,0.6486666666666667,2.058,1.11595
2015-03-02,235.976,77.71,-0.208,0.355,0.662,2.089,1.11766
2015-03-03,235.976,77.71,-0.201,0.365,0.682,2.122,1.11815
2015-03-04,235.976,77.71,-0.198,0.381,0.659,2.119,1.1079
2015-03-05,235.976,77.71,-0.19,0.358,0.643,2.117,1.10298
2015-03-06,235.976,77.71,-0.204,0.4,0.727,2.247,1.0848
2015-03-07,235.976,77.71,-0.20766666666666667,0.394,0.7166666666666667,2.228666666666667,1.0844
2015-03-08,235.976,77.71,-0.21133333333333332,0.351,0.7063333333333333,2.2103333333333333,1.08415
2015-03-09,235.976,77.71,-0.215,0.308,0.696,2.192,1.0832
2015-03-10,235.976,77.71,-0.235,0.238,0.68,2.121,1.0707
2015-03-11,235.976,77.71,-0.229,0.204,0.684,2.109,1.05471
2015-03-12,235.976,77.71,-0.226,0.248,0.664,2.11,1.06241
2015-03-13,235.976,77.71,-0.221,0.259,0.661,2.118,1.04933
2015-03-14,235.976,77.71,-0.217,0.259,0.6583333333333333,2.103333333333333,1.0495
2015-03-15,235.976,77.71,-0.213,0.259,0.6556666666666667,2.0886666666666667,1.048
2015-03-16,235.976,77.71,-0.209,0.278,0.653,2.074,1.0571
2015-03-17,235.976,77.71,-0.201,0.281,0.674,2.052,1.05968
2015-03-18,235.976,77.71,-0.226,0.195,0.556,1.918,1.08483
2015-03-19,235.976,77.71,-0.236,0.188,0.613,1.97,1.06681
2015-03-20,235.976,77.71,-0.229,0.185,0.585,1.932,1.0805
2015-03-21,235.976,77.71,-0.22566666666666668,0.19633333333333333,0.5823333333333333,1.9243333333333332,1.0814
2015-03-22,235.976,77.71,-0.22233333333333333,0.20766666666666667,0.5796666666666667,1.9166666666666667,1.0822
2015-03-23,235.976,77.71,-0.219,0.219,0.577,1.909,1.09464
2015-03-24,235.976,77.71,-0.222,0.234,0.561,1.873,1.09015
2015-03-25,235.976,77.71,-0.231,0.22,0.606,1.927,1.0961
2015-03-26,235.976,77.71,-0.242,0.219,0.618,1.996,1.08851
2015-03-27,235.976,77.71,-0.236,0.209,0.598,1.96,1.0896
2015-03-28,235.976,77.71,-0.236,0.209,0.593,1.9576666666666667,1.0893
2015-03-29,235.976,77.71,-0.236,0.2115,0.588,1.9553333333333334,1.0882
2015-03-30,235.976,77.71,-0.236,0.214,0.583,1.953,1.08292
2015-03-31,235.976,77.71,-0.247,0.185,0.559,1.927,1.07373
2015-04-01,236.222,78.04,-0.255,0.172,0.539,1.859,1.07684
2015-04-02,236.222,78.04,-0.255,0.183,0.544,1.913,1.08682
2015-04-03,236.222,78.04,-0.249,0.195,0.484,1.842,1.0967
2015-04-04,236.222,78.04,-0.25275000000000003,0.193,0.48933333333333334,1.861,1.0963
2015-04-05,236.222,78.04,-0.2565,0.191,0.49466666666666664,1.8800000000000001,1.0999
2015-04-06,236.222,78.04,-0.26025,0.189,0.5,1.899,1.0933
2015-04-07,236.222,78.04,-0.264,0.187,0.52,1.887,1.0821
2015-04-08,236.222,78.04,-0.274,0.167,0.536,1.906,1.07829
2015-04-09,236.222,78.04,-0.273,0.158,0.552,1.963,1.06667
2015-04-10,236.222,78.04,-0.275,0.156,0.56,1.949,1.0601
2015-04-11,236.222,78.04,-0.275,0.158,0.552,1.9426666666666668,1.0608
2015-04-12,236.222,78.04,-0.275,0.16,0.544,1.9363333333333332,1.06075
2015-04-13,236.222,78.04,-0.275,0.157,0.536,1.93,1.0571
2015-04-14,236.222,78.04,-0.276,0.14,0.516,1.9,1.0646
2015-04-15,236.222,78.04,-0.272,0.109,0.5,1.89,1.06759
2015-04-16,236.222,78.04,-0.278,0.085,0.488,1.895,1.0758
2015-04-17,236.222,78.04,-0.268,0.079,0.512,1.865,1.08052
2015-04-18,236.222,78.04,-0.265,0.07833333333333334,0.516,1.8719999999999999,1.0804
2015-04-19,236.222,78.04,-0.262,0.07766666666666666,0.52,1.879,1.08082
2015-04-20,236.222,78.04,-0.259,0.077,0.524,1.886,1.07472
2015-04-21,236.222,78.04,-0.263,0.103,0.52,1.911,1.07413
2015-04-22,236.222,78.04,-0.255,0.16,0.553,1.982,1.0724
2015-04-23,236.222,78.04,-0.256,0.162,0.532,1.954,1.08156
2015-04-24,236.222,78.04,-0.26,0.158,0.508,1.914,1.0871
2015-04-25,236.222,78.04,-0.26266666666666666,0.151,0.5133333333333333,1.918,1.08725
2015-04-26,236.222,78.04,-0.26533333333333337,0.1575,0.5186666666666667,1.922,1.08663
2015-04-27,236.222,78.04,-0.268,0.164,0.524,1.926,1.08765
2015-04-28,236.222,78.04,-0.262,0.163,0.563,2.003,1.0966
2015-04-29,236.222,78.04,-0.236,0.284,0.563,2.046,1.1111
2015-04-30,236.222,78.04,-0.224,0.364,0.575,2.035,1.1212
2015-05-01,237.001,78.26,-0.222,0.386,0.599,2.112,1.12
2015-05-02,237.001,78.26,-0.22,0.40800000000000003,0.6003333333333333,2.1233333333333335,1.1195
2015-05-03,237.001,78.26,-0.218,0.43,0.6016666666666667,2.1346666666666665,1.1185
2015-05-04,237.001,78.26,-0.216,0.452,0.603,2.146,1.1147
2015-05-05,237.001,78.26,-0.223,0.518,0.627,2.182,1.11838
2015-05-06,237.001,78.26,-0.223,0.587,0.639,2.252,1.134
2015-05-07,237.001,78.26,-0.218,0.596,0.635,2.178,1.1244
2015-05-08,237.001,78.26,-0.207,0.545,0.572,2.142,1.12085
2015-05-09,237.001,78.26,-0.20666666666666667,0.5630000000000001,0.588,2.1903333333333332,1.1192
2015-05-10,237.001,78.26,-0.2063333333333333,0.581,0.604,2.2386666666666666,1.11924
2015-05-11,237.001,78.26,-0.206,0.599,0.62,2.287,1.1144
2015-05-12,237.001,78.26,-0.195,0.681,0.596,2.247,1.1219
2015-05-13,237.001,78.26,-0.185,0.721,0.58,2.295,1.1347
2015-05-14,237.001,78.26,-0.187,0.7,0.544,2.235,1.14009
2015-05-15,237.001,78.26,-0.194,0.639,0.54,2.148,1.14454
2015-05-16,237.001,78.26,-0.19366666666666668,0.642,0.5523333333333333,2.1766666666666667,1.1447
2015-05-17,237.001,78.26,-0.19333333333333333,0.645,0.5646666666666667,2.2053333333333334,1.14429
2015-05-18,237.001,78.26,-0.193,0.648,0.577,2.234,1.13239
2015-05-19,237.001,78.26,-0.202,0.612,0.617,2.29,1.1142
2015-05-20,237.001,78.26,-0.212,0.627,0.593,2.257,1.1098
2015-05-21,237.001,78.26,-0.217,0.635,0.577,2.195,1.111
2015-05-22,237.001,78.26,-0.211,0.603,0.618,2.215,1.10081
2015-05-23,237.001,78.26,-0.213,0.5902499999999999,0.6193333333333333,2.211333333333333,1.1012
2015-05-24,237.001,78.26,-0.215,0.5775,0.6206666666666667,2.207666666666667,1.09906
2015-05-25,237.001,78.26,-0.217,0.5647500000000001,0.622,2.204,1.09692
2015-05-26,237.001,78.26,-0.219,0.552,0.614,2.142,1.0884
2015-05-27,237.001,78.26,-0.224,0.546,0.648,2.13,1.08976
2015-05-28,237.001,78.26,-0.224,0.535,0.629,2.135,1.0959
2015-05-29,237.001,78.26,-0.22,0.486,0.609,2.123,1.09882
2015-05-30,237.001,78.26,-0.22,0.489,0.609,2.123,1.0992
2015-05-31,237.001,78.26,-0.2185,0.489,0.629,2.153,1.09555
2015-06-01,237.657,78.27,-0.217,0.532,0.649,2.183,1.0919
2015-06-02,237.657,78.27,-0.19,0.699,0.657,2.266,1.1146
2015-06-03,237.657,78.27,-0.178,0.876,0.672,2.361,1.12558
2015-06-04,237.657,78.27,-0.187,0.832,0.665,2.309,1.1208
2015-06-05,237.657,78.27,-0.178,0.849,0.717,2.409,1.1111
2015-06-06,237.657,78.27,-0.173,0.851,0.7063333333333334,2.4,1.1114
2015-06-07,237.657,78.27,-0.173,0.851,0.6956666666666667,2.391,1.11971
2015-06-08,237.657,78.27,-0.166,0.89,0.685,2.382,1.12802
2015-06-09,237.657,78.27,-0.148,0.954,0.721,2.442,1.12942
2015-06-10,237.657,78.27,-0.159,0.99,0.729,2.486,1.131
2015-06-11,237.657,78.27,-0.163,0.899,0.717,2.381,1.12413
2015-06-12,237.657,78.27,-0.172,0.852,0.726,2.39,1.1261
2015-06-13,237.657,78.27,-0.1743333333333333,0.843,0.7193333333333333,2.38,1.1261
2015-06-14,237.657,78.27,-0.17666666666666667,0.834,0.7126666666666667,2.37,1.1267550000000002
2015-06-15,237.657,78.27,-0.179,0.825,0.706,2.36,1.12741
2015-06-16,237.657,78.27,-0.193,0.804,0.694,2.309,1.1238
2015-06-17,237.657,78.27,-0.188,0.814,0.657,2.32,1.1367
2015-06-18,237.657,78.27,-0.193,0.805,0.637,2.334,1.13698
2015-06-19,237.657,78.27,-0.197,0.762,0.621,2.261,1.1354
2015-06-20,237.657,78.27,-0.19166666666666668,0.8026666666666666,0.6346666666666667,2.2986666666666666,1.1349
2015-06-21,237.657,78.27,-0.18633333333333332,0.8433333333333334,0.6483333333333333,2.3363333333333336,1.1347450000000001
2015-06-22,237.657,78.27,-0.181,0.884,0.662,2.374,1.13459
2015-06-23,237.657,78.27,-0.186,0.866,0.682,2.414,1.1172
2015-06-24,237.657,78.27,-0.191,0.844,0.684,2.373,1.1203
2015-06-25,237.657,78.27,-0.198,0.863,0.688,2.412,1.1201
2015-06-26,237.657,78.27,-0.188,0.922,0.716,2.474,1.1166
2015-06-27,237.657,78.27,-0.19466666666666665,0.925,0.6896666666666667,2.4253333333333336,1.1165
2015-06-28,237.657,78.27,-0.20133333333333334,0.8635,0.6633333333333333,2.3766666666666665,1.11905
2015-06-29,237.657,78.27,-0.208,0.802,0.637,2.328,1.1216
2015-06-30,237.657,78.27,-0.222,0.77,0.645,2.349,1.1133
2015-07-01,238.034,77.79,-0.235,0.824,0.692,2.427,1.10375
2015-07-02,238.034,77.79,-0.242,0.847,0.633,2.386,1.1085
2015-07-03,238.034,77.79,-0.251,0.794,0.623,2.362,1.11142
2015-07-04,238.034,77.79,-0.25066666666666665,0.7863333333333333,0.613,2.338,1.1114
2015-07-05,238.034,77.79,-0.25033333333333335,0.7786666666666667,0.603,2.314,1.10806
2015-07-06,238.034,77.79,-0.25,0.771,0.593,2.29,1.10472
2015-07-07,238.034,77.79,-0.261,0.637,0.589,2.255,1.1008
2015-07-08,238.034,77.79,-0.257,0.684,0.549,2.197,1.1068
2015-07-09,238.034,77.79,-0.251,0.73,0.585,2.317,1.10595
2015-07-10,238.034,77.79,-0.207,0.896,0.645,2.401,1.11472
2015-07-11,238.034,77.79,-0.21233333333333332,0.88,0.6556666666666667,2.416,1.11555
2015-07-12,238.034,77.79,-0.21766666666666667,0.864,0.6663333333333333,2.431,1.107195
2015-07-13,238.034,77.79,-0.223,0.848,0.677,2.446,1.09884
2015-07-14,238.034,77.79,-0.221,0.843,0.641,2.397,1.1006
2015-07-15,238.034,77.79,-0.225,0.773,0.633,2.356,1.0941
2015-07-16,238.034,77.79,-0.217,0.792,0.661,2.356,1.08828
2015-07-17,238.034,77.79,-0.215,0.79,0.669,2.347,1.0828
2015-07-18,238.034,77.79,-0.222,0.797,0.669,2.347,1.0827
2015-07-19,238.034,77.79,-0.2185,0.7815000000000001,0.6895,2.3635,1.083
2015-07-20,238.034,77.79,-0.215,0.766,0.71,2.38,1.0833
2015-07-21,238.034,77.79,-0.215,0.779,0.682,2.331,1.0935
2015-07-22,238.034,77.79,-0.221,0.747,0.71,2.327,1.0923
2015-07-23,238.034,77.79,-0.222,0.746,0.698,2.269,1.0985
2015-07-24,238.034,77.79,-0.219,0.7,0.682,2.262,1.0975
2015-07-25,238.034,77.79,-0.22066666666666668,0.6983333333333333,0.6726666666666667,2.2466666666666666,1.098
2015-07-26,238.034,77.79,-0.22233333333333333,0.6966666666666667,0.6633333333333333,2.2313333333333336,1.10345
2015-07-27,238.034,77.79,-0.224,0.695,0.654,2.216,1.1089
2015-07-28,238.034,77.79,-0.231,0.692,0.67,2.25,1.10633
2015-07-29,238.034,77.79,-0.236,0.713,0.708,2.289,1.09832
2015-07-30,238.034,77.79,-0.235,0.655,0.728,2.257,1.094
2015-07-31,238.034,77.79,-0.227,0.648,0.668,2.187,1.09814
2015-08-01,238.033,77.79,-0.22966666666666666,0.6433333333333333,0.667,2.1746666666666665,1.0983
2015-08-02,238.033,77.79,-0.23233333333333334,0.6386666666666667,0.666,2.162333333333333,1.0968
2015-08-03,238.033,77.79,-0.235,0.634,0.665,2.15,1.0953
2015-08-04,238.033,77.79,-0.247,0.636,0.736,2.223,1.0885
2015-08-05,238.033,77.79,-0.239,0.752,0.732,2.27,1.09031
2015-08-06,238.033,77.79,-0.242,0.707,0.709,2.227,1.09236
2015-08-07,238.033,77.79,-0.261,0.658,0.721,2.166,1.0963
2015-08-08,238.033,77.79,-0.26366666666666666,0.6713333333333333,0.7236666666666667,2.188,1.0965
2015-08-09,238.033,77.79,-0.26633333333333337,0.6846666666666666,0.7263333333333333,2.21,1.099015
2015-08-10,238.033,77.79,-0.269,0.698,0.729,2.232,1.10153
2015-08-11,238.033,77.79,-0.275,0.629,0.677,2.143,1.1039
2015-08-12,238.033,77.79,-0.279,0.605,0.669,2.148,1.1156
2015-08-13,238.033,77.79,-0.267,0.633,0.709,2.189,1.1158
2015-08-14,238.033,77.79,-0.267,0.657,0.726,2.201,1.1105
2015-08-15,238.033,77.79,-0.26366666666666666,0.6483333333333333,0.7206666666666667,2.1906666666666665,1.1104
2015-08-16,238.033,77.79,-0.26033333333333336,0.6396666666666667,0.7153333333333333,2.1803333333333335,1.109
2015-08-17,238.033,77.79,-0.257,0.631,0.71,2.17,1.1076
2015-08-18,238.033,77.79,-0.252,0.64,0.722,2.192,1.1029
2015-08-19,238.033,77.79,-0.254,0.633,0.661,2.129,1.1119
2015-08-20,238.033,77.79,-0.261,0.585,0.657,2.073,1.1235
2015-08-21,238.033,77.79,-0.25,0.572,0.621,2.045,1.1391
2015-08-22,238.033,77.79,-0.25233333333333335,0.5733333333333333,0.6073333333333333,2.034,1.1383
2015-08-23,238.033,77.79,-0.25466666666666665,0.5746666666666667,0.5936666666666667,2.023,1.14813
2015-08-24,238.033,77.79,-0.257,0.576,0.58,2.012,1.15796
2015-08-25,238.033,77.79,-0.224,0.753,0.609,2.078,1.15501
2015-08-26,238.033,77.79,-0.219,0.708,0.68,2.18,1.1336
2015-08-27,238.033,77.79,-0.216,0.742,0.7,2.191,1.1247
2015-08-28,238.033,77.79,-0.205,0.726,0.724,2.184,1.1181
2015-08-29,238.033,77.79,-0.20133333333333334,0.749,0.7293333333333333,2.194,1.1181
2015-08-30,238.033,77.79,-0.19766666666666666,0.772,0.7346666666666667,2.204,1.1203
2015-08-31,238.033,77.79,-0.194,0.795,0.74,2.214,1.1225
2015-09-01,237.498,77.96,-0.206,0.805,0.712,2.159,1.1293
2015-09-02,237.498,77.96,-0.201,0.795,0.712,2.188,1.1213
2015-09-03,237.498,77.96,-0.232,0.731,0.696,2.163,1.1125
2015-09-04,237.498,77.96,-0.235,0.664,0.709,2.131,1.11323
2015-09-05,237.498,77.96,-0.23066666666666666,0.6676666666666667,0.7116666666666667,2.1376666666666666,1.115
2015-09-06,237.498,77.96,-0.22633333333333333,0.6713333333333333,0.7143333333333333,2.144333333333333,1.11555
2015-09-07,237.498,77.96,-0.222,0.675,0.717,2.151,1.1161
2015-09-08,237.498,77.96,-0.219,0.681,0.737,2.186,1.1205
2015-09-09,237.498,77.96,-0.222,0.703,0.741,2.195,1.1218
2015-09-10,237.498,77.96,-0.218,0.693,0.737,2.227,1.12828
2015-09-11,237.498,77.96,-0.221,0.658,0.709,2.187,1.13349
2015-09-12,237.498,77.96,-0.22333333333333333,0.6586666666666667,0.716,2.1856666666666666,1.13383
2015-09-13,237.498,77.96,-0.22566666666666668,0.6593333333333333,0.723,2.184333333333333,1.1322649999999999
2015-09-14,237.498,77.96,-0.228,0.66,0.73,2.183,1.1307
2015-09-15,237.498,77.96,-0.225,0.739,0.81,2.292,1.127
2015-09-16,237.498,77.96,-0.207,0.779,0.811,2.296,1.1292
2015-09-17,237.498,77.96,-0.197,0.784,0.686,2.192,1.1399
2015-09-18,237.498,77.96,-0.232,0.665,0.678,2.134,1.131
2015-09-19,237.498,77.96,-0.232,0.67,0.6886666666666666,2.1556666666666664,1.1302
2015-09-20,237.498,77.96,-0.232,0.675,0.6993333333333334,2.1773333333333333,1.1245
2015-09-21,237.498,77.96,-0.232,0.68,0.71,2.199,1.1188
2015-09-22,237.498,77.96,-0.256,0.6,0.678,2.132,1.1119
2015-09-23,237.498,77.96,-0.252,0.598,0.703,2.151,1.1187
2015-09-24,237.498,77.96,-0.248,0.592,0.688,2.128,1.11779
2015-09-25,237.498,77.96,-0.236,0.651,0.7,2.166,1.11929
2015-09-26,237.498,77.96,-0.24,0.6465000000000001,0.6906666666666667,2.143333333333333,1.1193
2015-09-27,237.498,77.96,-0.244,0.642,0.6813333333333333,2.1206666666666667,1.1210499999999999
2015-09-28,237.498,77.96,-0.253,0.599,0.672,2.098,1.1228
2015-09-29,237.498,77.96,-0.251,0.587,0.653,2.06,1.1252
2015-09-30,237.498,77.96,-0.247,0.59,0.629,2.035,1.11684
2015-10-01,237.733,78.05,-0.265,0.542,0.649,2.042,1.11917
2015-10-02,237.733,78.05,-0.269,0.516,0.581,1.991,1.12091
2015-10-03,237.733,78.05,-0.264,0.517,0.581,1.991,1.1209
2015-10-04,237.733,78.05,-0.2615,0.5415,0.595,2.0244999999999997,1.12015
2015-10-05,237.733,78.05,-0.259,0.566,0.609,2.058,1.1194
2015-10-06,237.733,78.05,-0.247,0.601,0.609,2.035,1.1265
2015-10-07,237.733,78.05,-0.24,0.592,0.629,2.065,1.12376
2015-10-08,237.733,78.05,-0.249,0.589,0.637,2.102,1.1283
2015-10-09,237.733,78.05,-0.248,0.621,0.641,2.09,1.1357
2015-10-10,237.733,78.05,-0.245,0.6165,0.6396666666666667,2.083333333333333,1.1354
2015-10-11,237.733,78.05,-0.242,0.612,0.6383333333333333,2.0766666666666667,1.1353499999999999
2015-10-12,237.733,78.05,-0.255,0.58,0.637,2.07,1.1353
2015-10-13,237.733,78.05,-0.247,0.591,0.617,2.042,1.13828
2015-10-14,237.733,78.05,-0.254,0.546,0.553,1.975,1.1473
2015-10-15,237.733,78.05,-0.254,0.556,0.601,2.019,1.1366
2015-10-16,237.733,78.05,-0.261,0.549,0.613,2.035,1.1347
2015-10-17,237.733,78.05,-0.263,0.549,0.6076666666666667,2.031,1.13515
2015-10-18,237.733,78.05,-0.264,0.55,0.6023333333333333,2.027,1.13386
2015-10-19,237.733,78.05,-0.264,0.569,0.597,2.023,1.13257
2015-10-20,237.733,78.05,-0.234,0.63,0.633,2.069,1.1351
2015-10-21,237.733,78.05,-0.25,0.572,0.625,2.028,1.1346
2015-10-22,237.733,78.05,-0.313,0.503,0.605,2.028,1.10805
2015-10-23,237.733,78.05,-0.313,0.508,0.645,2.087,1.1016
2015-10-24,237.733,78.05,-0.312,0.5115000000000001,0.6423333333333333,2.0773333333333333,1.1014
2015-10-25,237.733,78.05,-0.311,0.515,0.6396666666666667,2.0676666666666668,1.1037
2015-10-26,237.733,78.05,-0.32,0.5,0.637,2.058,1.106
2015-10-27,237.733,78.05,-0.337,0.445,0.621,2.037,1.10329
2015-10-28,237.733,78.05,-0.345,0.445,0.707,2.101,1.09253
2015-10-29,237.733,78.05,-0.318,0.538,0.728,2.172,1.0992
2015-10-30,237.733,78.05,-0.312,0.523,0.728,2.146,1.1006
2015-10-31,237.733,78.05,-0.322,0.52,0.7376666666666667,2.156,1.1006
2015-11-01,238.017,77.72,-0.313,0.52,0.7473333333333333,2.166,1.101
2015-11-02,238.017,77.72,-0.305,0.563,0.757,2.176,1.1014
2015-11-03,238.017,77.72,-0.315,0.575,0.77,2.218,1.09615
2015-11-04,238.017,77.72,-0.316,0.604,0.816,2.227,1.0865
2015-11-05,238.017,77.72,-0.308,0.6123,0.83,2.236,1.0883
2015-11-06,238.017,77.72,-0.283,0.6971,0.89,2.325,1.07363
2015-11-07,238.017,77.72,-0.283,0.6938500000000001,0.89,2.333,1.07405
2015-11-08,238.017,77.72,-0.284,0.6906,0.89,2.341,1.07491
2015-11-09,238.017,77.72,-0.313,0.6702,0.89,2.349,1.07577
2015-11-10,238.017,77.72,-0.343,0.6219,0.874,2.336,1.07363
2015-11-11,238.017,77.72,-0.356,0.6116,0.878,2.331,1.07612
2015-11-12,238.017,77.72,-0.348,0.6071,0.875,2.315,1.0811
2015-11-13,238.017,77.72,-0.359,0.5621,0.851,2.275,1.0768
2015-11-14,238.017,77.72,-0.366,0.5563,0.8523333333333333,2.2736666666666667,1.0765
2015-11-15,238.017,77.72,-0.367,0.5562,0.8536666666666667,2.272333333333333,1.0726
2015-11-16,238.017,77.72,-0.364,0.5305,0.855,2.271,1.0687
2015-11-17,238.017,77.72,-0.368,0.531,0.859,2.268,1.0642
2015-11-18,238.017,77.72,-0.363,0.5077,0.88,2.273,1.0668
2015-11-19,238.017,77.72,-0.367,0.48,0.892,2.247,1.07242
2015-11-20,238.017,77.72,-0.386,0.4794,0.921,2.264,1.06451
2015-11-21,238.017,77.72,-0.386,0.4821,0.9226666666666667,2.2569999999999997,1.0647
2015-11-22,238.017,77.72,-0.386,0.4848,0.9243333333333333,2.25,1.06376
2015-11-23,238.017,77.72,-0.389,0.5343,0.926,2.243,1.06389
2015-11-24,238.017,77.72,-0.38,0.513,0.93,2.239,1.0642
2015-11-25,238.017,77.72,-0.409,0.4765,0.934,2.234,1.0622
2015-11-26,238.017,77.72,-0.416,0.4734,0.934,2.224,1.0603
2015-11-27,238.017,77.72,-0.414,0.4553,0.926,2.222,1.05903
2015-11-28,238.017,77.72,-0.414,0.4620333333333333,0.9286666666666668,2.2173333333333334,1.0591
2015-11-29,238.017,77.72,-0.414,0.46876666666666666,0.9313333333333333,2.212666666666667,1.0580349999999998
2015-11-30,238.017,77.72,-0.414,0.4755,0.934,2.208,1.05697
2015-12-01,237.761,77.73,-0.434,0.4693,0.911,2.145,1.06254
2015-12-02,237.761,77.73,-0.443,0.4681,0.939,2.178,1.06103
2015-12-03,237.761,77.73,-0.307,0.6694,0.959,2.321,1.0916
2015-12-04,237.761,77.73,-0.296,0.6897,0.947,2.273,1.0883
2015-12-05,237.761,77.73,-0.30133333333333334,0.69255,0.943,2.260666666666667,1.08815
2015-12-06,237.761,77.73,-0.30666666666666664,0.6954,0.9390000000000001,2.2483333333333335,1.085725
2015-12-07,237.761,77.73,-0.312,0.5849,0.935,2.236,1.0833
2015-12-08,237.761,77.73,-0.314,0.5704,0.935,2.222,1.08919
2015-12-09,237.761,77.73,-0.316,0.6071,0.923,2.211,1.1015
2015-12-10,237.761,77.73,-0.331,0.5699,0.947,2.234,1.09462
2015-12-11,237.761,77.73,-0.343,0.5432,0.879,2.132,1.09922
2015-12-12,237.761,77.73,-0.343,0.5503,0.902,2.1630000000000003,1.0992
2015-12-13,237.761,77.73,-0.343,0.5574,0.9249999999999999,2.194,1.0991
2015-12-14,237.761,77.73,-0.343,0.5645,0.948,2.225,1.099
2015-12-15,237.761,77.73,-0.336,0.653,0.968,2.268,1.0935
2015-12-16,237.761,77.73,-0.317,0.6801,1.009,2.298,1.08729
2015-12-17,237.761,77.73,-0.343,0.6006,0.988,2.225,1.08425
2015-12-18,237.761,77.73,-0.35,0.551,0.952,2.204,1.08671
2015-12-19,237.761,77.73,-0.353,0.5508500000000001,0.952,2.201,1.08663
2015-12-20,237.761,77.73,-0.356,0.5507,0.952,2.198,1.088825
2015-12-21,237.761,77.73,-0.359,0.5543,0.952,2.195,1.09102
2015-12-22,237.761,77.73,-0.342,0.5974,0.977,2.237,1.0947
2015-12-23,237.761,77.73,-0.334,0.6284,0.989,2.259,1.0907
2015-12-24,237.761,77.73,-0.334,0.6253,1.006,2.245,1.0963
2015-12-25,237.761,77.73,-0.33425000000000005,0.6252666666666666,1.00725,2.24175,1.0975
2015-12-26,237.761,77.73,-0.3345,0.6252333333333333,1.0085,2.2385,1.0972
2015-12-27,237.761,77.73,-0.33475,0.6252,1.00975,2.23525,1.0973
2015-12-28,237.761,77.73,-0.335,0.5557,1.011,2.232,1.0974
2015-12-29,237.761,77.73,-0.332,0.5738,1.095,2.308,1.09249
2015-12-30,237.761,77.73,-0.34,0.6346,1.075,2.294,1.0933
2015-12-31,237.761,77.73,-0.342,0.6345,1.052,2.269,1.08578
2016-01-01,237.652,76.58,-0.34400000000000003,0.6288,1.048,2.2625,1.086
2016-01-02,237.652,76.58,-0.346,0.6285000000000001,1.044,2.2560000000000002,1.08127
2016-01-03,237.652,76.58,-0.348,0.6282,1.04,2.2495,1.0851
2016-01-04,237.652,76.58,-0.35,0.5635,1.036,2.243,1.0823
2016-01-05,237.652,76.58,-0.371,0.5484,1.02,2.239,1.07501
2016-01-06,237.652,76.58,-0.378,0.513,0.98,2.17,1.0775
2016-01-07,237.652,76.58,-0.374,0.5448,0.952,2.149,1.09243
2016-01-08,237.652,76.58,-0.389,0.5092,0.936,2.116,1.09242
2016-01-09,237.652,76.58,-0.3895,0.5078499999999999,0.936,2.135666666666667,1.0918
2016-01-10,237.652,76.58,-0.39,0.5065,0.936,2.155333333333333,1.09375
2016-01-11,237.652,76.58,-0.384,0.5435,0.936,2.175,1.08561
2016-01-12,237.652,76.58,-0.377,0.5302,0.928,2.105,1.0842
2016-01-13,237.652,76.58,-0.379,0.509,0.915,2.091,1.0884
2016-01-14,237.652,76.58,-0.383,0.5073,0.899,2.091,1.0855
2016-01-15,237.652,76.58,-0.392,0.4726,0.85,2.037,1.09107
2016-01-16,237.652,76.58,-0.39266666666666666,0.47255,0.85,2.0396666666666667,1.09105
2016-01-17,237.652,76.58,-0.39333333333333337,0.4725,0.85,2.042333333333333,1.0916
2016-01-18,237.652,76.58,-0.394,0.4703,0.85,2.045,1.08924
2016-01-19,237.652,76.58,-0.393,0.4834,0.87,2.056,1.091
2016-01-20,237.652,76.58,-0.406,0.487,0.829,1.988,1.0875
2016-01-21,237.652,76.58,-0.438,0.455,0.837,2.028,1.08579
2016-01-22,237.652,76.58,-0.443,0.485,0.873,2.057,1.07969
2016-01-23,237.652,76.58,-0.44466666666666665,0.48233333333333334,0.869,2.04,1.0798
2016-01-24,237.652,76.58,-0.44633333333333336,0.47966666666666663,0.865,2.0229999999999997,1.07968
2016-01-25,237.652,76.58,-0.448,0.477,0.861,2.006,1.08513
2016-01-26,237.652,76.58,-0.458,0.443,0.844,2.003,1.08612
2016-01-27,237.652,76.58,-0.445,0.445,0.837,2.003,1.0904
2016-01-28,237.652,76.58,-0.452,0.406,0.825,1.982,1.0934
2016-01-29,237.652,76.58,-0.484,0.334,0.778,1.923,1.08299
2016-01-30,237.652,76.58,-0.478,0.3426666666666667,0.7856666666666667,1.932,1.08272
2016-01-31,237.652,76.58,-0.47200000000000003,0.35133333333333333,0.7933333333333333,1.941,1.08245
2016-02-01,237.336,76.71,-0.466,0.36,0.801,1.95,1.08955
2016-02-02,237.336,76.71,-0.474,0.314,0.742,1.852,1.09194
2016-02-03,237.336,76.71,-0.492,0.275,0.726,1.883,1.10919
2016-02-04,237.336,76.71,-0.478,0.308,0.706,1.846,1.1197
2016-02-05,237.336,76.71,-0.484,0.301,0.73,1.843,1.11573
2016-02-06,237.336,76.71,-0.49133333333333334,0.27566666666666667,0.7113333333333334,1.8113333333333332,1.1149650000000002
2016-02-07,237.336,76.71,-0.49866666666666665,0.25033333333333335,0.6926666666666667,1.7796666666666667,1.1142
2016-02-08,237.336,76.71,-0.506,0.225,0.674,1.748,1.1189
2016-02-09,237.336,76.71,-0.517,0.239,0.694,1.731,1.12878
2016-02-10,237.336,76.71,-0.5,0.25,0.694,1.673,1.12792
2016-02-11,237.336,76.71,-0.535,0.177,0.658,1.664,1.1315
2016-02-12,237.336,76.71,-0.498,0.265,0.714,1.746,1.12535
2016-02-13,237.336,76.71,-0.5025,0.2645,0.718,1.7546666666666666,1.1238100000000002
2016-02-14,237.336,76.71,-0.507,0.264,0.722,1.7633333333333334,1.12227
2016-02-15,237.336,76.71,-0.513,0.24,0.726,1.772,1.11748
2016-02-16,237.336,76.71,-0.509,0.262,0.722,1.779,1.1142
2016-02-17,237.336,76.71,-0.506,0.275,0.746,1.816,1.11201
2016-02-18,237.336,76.71,-0.517,0.214,0.697,1.741,1.11086
2016-02-19,237.336,76.71,-0.529,0.205,0.746,1.743,1.11292
2016-02-20,237.336,76.71,-0.529,0.19633333333333333,0.7486666666666667,1.747,1.1124999999999998
2016-02-21,237.336,76.71,-0.529,0.18766666666666665,0.7513333333333333,1.751,1.11208
2016-02-22,237.336,76.71,-0.529,0.179,0.754,1.755,1.10261
2016-02-23,237.336,76.71,-0.525,0.185,0.734,1.716,1.1023
2016-02-24,237.336,76.71,-0.52,0.149,0.762,1.752,1.10133
2016-02-25,237.336,76.71,-0.534,0.137,0.73,1.714,1.10228
2016-02-26,237.336,76.71,-0.542,0.146,0.797,1.764,1.09292
2016-02-27,237.336,76.71,-0.547,0.146,0.793,1.7553333333333334,1.092575
2016-02-28,237.336,76.71,-0.5585,0.127,0.789,1.7466666666666666,1.09223
2016-02-29,237.336,76.71,-0.57,0.108,0.785,1.738,1.0885
2016-03-01,238.08,77.67,-0.56,0.15,0.849,1.827,1.0872
2016-03-02,238.08,77.67,-0.549,0.213,0.845,1.835,1.0867
2016-03-03,238.08,77.67,-0.573,0.171,0.845,1.835,1.0946
2016-03-04,238.08,77.67,-0.545,0.239,0.866,1.876,1.10056
2016-03-05,238.08,77.67,-0.5456666666666667,0.23199999999999998,0.8806666666666667,1.8853333333333333,1.0999599999999998
2016-03-06,238.08,77.67,-0.5463333333333333,0.225,0.8953333333333333,1.8946666666666665,1.09936
2016-03-07,238.08,77.67,-0.547,0.218,0.91,1.904,1.10131
2016-03-08,238.08,77.67,-0.563,0.179,0.87,1.831,1.1001
2016-03-09,238.08,77.67,-0.528,0.238,0.894,1.88,1.09863
2016-03-10,238.08,77.67,-0.449,0.297,0.93,1.936,1.1175
2016-03-11,238.08,77.67,-0.444,0.28,0.96,1.98,1.1146
2016-03-12,238.08,77.67,-0.44866666666666666,0.28,0.96,1.9736666666666667,1.11555
2016-03-13,238.08,77.67,-0.45333333333333337,0.28,0.96,1.9673333333333334,1.1165
2016-03-14,238.08,77.67,-0.458,0.28,0.96,1.961,1.1101
2016-03-15,238.08,77.67,-0.438,0.316,0.968,1.968,1.1107
2016-03-16,238.08,77.67,-0.45,0.31,0.863,1.913,1.1217
2016-03-17,238.08,77.67,-0.461,0.233,0.867,1.898,1.1315
2016-03-18,238.08,77.67,-0.458,0.218,0.839,1.877,1.12692
2016-03-19,238.08,77.67,-0.4633333333333333,0.22233333333333333,0.8513333333333333,1.8903333333333334,1.127255
2016-03-20,238.08,77.67,-0.4686666666666667,0.22666666666666668,0.8636666666666667,1.9036666666666666,1.12759
2016-03-21,238.08,77.67,-0.474,0.231,0.876,1.917,1.12347
2016-03-22,238.08,77.67,-0.465,0.21,0.893,1.944,1.122
2016-03-23,238.08,77.67,-0.473,0.198,0.856,1.879,1.11777
2016-03-24,238.08,77.67,-0.471,0.179,0.873,1.9,1.1165
2016-03-25,238.08,77.67,-0.468,0.1714,0.872,1.89575,1.11596
2016-03-26,238.08,77.67,-0.47375,0.1638,0.871,1.8915,1.11573
2016-03-27,238.08,77.67,-0.47950000000000004,0.1562,0.87,1.8872499999999999,1.1155
2016-03-28,238.08,77.67,-0.48525,0.14859999999999998,0.869,1.883,1.12011
2016-03-29,238.08,77.67,-0.491,0.141,0.788,1.804,1.1288
2016-03-30,238.08,77.67,-0.487,0.164,0.761,1.828,1.13333
2016-03-31,238.08,77.67,-0.485,0.156,0.725,1.77,1.1379
2016-04-01,238.992,77.84,-0.478,0.145,0.748,1.774,1.13918
2016-04-02,238.992,77.84,-0.478,0.13933333333333334,0.744,1.77,1.139245
2016-04-03,238.992,77.84,-0.476,0.13366666666666666,0.74,1.766,1.13931
2016-04-04,238.992,77.84,-0.474,0.128,0.736,1.762,1.1385
2016-04-05,238.992,77.84,-0.48,0.105,0.72,1.72,1.13814
2016-04-06,238.992,77.84,-0.484,0.116,0.74,1.758,1.14015
2016-04-07,238.992,77.84,-0.5,0.087,0.696,1.687,1.137
2016-04-08,238.992,77.84,-0.512,0.097,0.699,1.717,1.13948
2016-04-09,238.992,77.84,-0.513,0.10366666666666667,0.699,1.7186666666666668,1.1399400000000002
2016-04-10,238.992,77.84,-0.514,0.11033333333333334,0.699,1.7203333333333333,1.1404
2016-04-11,238.992,77.84,-0.515,0.117,0.699,1.722,1.14111
2016-04-12,238.992,77.84,-0.509,0.16,0.738,1.776,1.13835
2016-04-13,238.992,77.84,-0.514,0.137,0.75,1.766,1.1276
2016-04-14,238.992,77.84,-0.494,0.163,0.77,1.792,1.1268
2016-04-15,238.992,77.84,-0.509,0.133,0.738,1.753,1.12835
2016-04-16,238.992,77.84,-0.504,0.14533333333333334,0.7406666666666667,1.759,1.128975
2016-04-17,238.992,77.84,-0.499,0.15766666666666668,0.7433333333333333,1.765,1.1296
2016-04-18,238.992,77.84,-0.494,0.17,0.746,1.771,1.13069
2016-04-19,238.992,77.84,-0.496,0.178,0.761,1.787,1.13573
2016-04-20,238.992,77.84,-0.493,0.15,0.798,1.845,1.13017
2016-04-21,238.992,77.84,-0.479,0.233,0.806,1.865,1.12896
2016-04-22,238.992,77.84,-0.492,0.232,0.822,1.891,1.12241
2016-04-23,238.992,77.84,-0.49133333333333334,0.24400000000000002,0.826,1.8986666666666667,1.1221
2016-04-24,238.992,77.84,-0.49066666666666664,0.256,0.83,1.9063333333333332,1.12316
2016-04-25,238.992,77.84,-0.49,0.268,0.834,1.914,1.1266
2016-04-26,238.992,77.84,-0.485,0.302,0.865,1.931,1.12955
2016-04-27,238.992,77.84,-0.488,0.29,0.821,1.852,1.13268
2016-04-28,238.992,77.84,-0.493,0.249,0.789,1.824,1.1355
2016-04-29,238.992,77.84,-0.476,0.282,0.782,1.835,1.1447
2016-04-30,238.992,77.84,-0.47333333333333333,0.2796666666666667,0.786,1.8473333333333333,1.14542
2016-05-01,239.557,78.16,-0.4706666666666667,0.2773333333333333,0.79,1.8596666666666668,1.14614
2016-05-02,239.557,78.16,-0.468,0.275,0.794,1.872,1.15229
2016-05-03,239.557,78.16,-0.495,0.197,0.754,1.796,1.15007
2016-05-04,239.557,78.16,-0.49,0.204,0.742,1.777,1.1489
2016-05-05,239.557,78.16,-0.507,0.163,0.718,1.742,1.1402
2016-05-06,239.557,78.16,-0.513,0.146,0.734,1.779,1.14031
2016-05-07,239.557,78.16,-0.5123333333333333,0.141,0.726,1.7696666666666665,1.139605
2016-05-08,239.557,78.16,-0.5116666666666667,0.136,0.718,1.7603333333333333,1.1389
2016-05-09,239.557,78.16,-0.511,0.131,0.71,1.751,1.13851
2016-05-10,239.557,78.16,-0.505,0.121,0.722,1.754,1.13731
2016-05-11,239.557,78.16,-0.506,0.126,0.734,1.735,1.1424
2016-05-12,239.557,78.16,-0.504,0.154,0.758,1.748,1.1373
2016-05-13,239.557,78.16,-0.502,0.129,0.75,1.702,1.13061
2016-05-14,239.557,78.16,-0.503,0.133,0.762,1.7203333333333333,1.131065
2016-05-15,239.557,78.16,-0.504,0.13699999999999998,0.774,1.7386666666666666,1.13152
2016-05-16,239.557,78.16,-0.505,0.141,0.786,1.757,1.1312
2016-05-17,239.557,78.16,-0.507,0.132,0.831,1.772,1.1313
2016-05-18,239.557,78.16,-0.507,0.163,0.9,1.859,1.1218
2016-05-19,239.557,78.16,-0.503,0.174,0.884,1.847,1.12044
2016-05-20,239.557,78.16,-0.503,0.171,0.884,1.844,1.1222
2016-05-21,239.557,78.16,-0.5033333333333333,0.17500000000000002,0.8896666666666667,1.841,1.122165
2016-05-22,239.557,78.16,-0.5036666666666667,0.179,0.8953333333333333,1.838,1.12213
2016-05-23,239.557,78.16,-0.504,0.183,0.901,1.835,1.12129
2016-05-24,239.557,78.16,-0.505,0.176,0.914,1.865,1.1134
2016-05-25,239.557,78.16,-0.508,0.152,0.926,1.872,1.1156
2016-05-26,239.557,78.16,-0.518,0.144,0.875,1.83,1.1189
2016-05-27,239.557,78.16,-0.52,0.143,0.911,1.851,1.11111
2016-05-28,239.557,78.16,-0.5176666666666667,0.151,0.9186666666666667,1.8546666666666667,1.1109550000000001
2016-05-29,239.557,78.16,-0.5153333333333333,0.159,0.9263333333333333,1.8583333333333334,1.1108
2016-05-30,239.557,78.16,-0.513,0.167,0.934,1.862,1.1147
2016-05-31,239.557,78.16,-0.509,0.147,0.883,1.851,1.1132
2016-06-01,240.222,78.3,-0.515,0.134,0.903,1.839,1.11868
2016-06-02,240.222,78.3,-0.516,0.112,0.883,1.799,1.115
2016-06-03,240.222,78.3,-0.531,0.074,0.776,1.702,1.13654
2016-06-04,240.222,78.3,-0.534,0.078,0.7836666666666667,1.7136666666666667,1.1356950000000001
2016-06-05,240.222,78.3,-0.517,0.08199999999999999,0.7913333333333333,1.7253333333333334,1.13485
2016-06-06,240.222,78.3,-0.538,0.086,0.799,1.737,1.13611
2016-06-07,240.222,78.3,-0.537,0.055,0.783,1.716,1.1356
2016-06-08,240.222,78.3,-0.535,0.06,0.779,1.704,1.1402
2016-06-09,240.222,78.3,-0.544,0.037,0.771,1.682,1.13122
2016-06-10,240.222,78.3,-0.545,0.021,0.734,1.644,1.12512
2016-06-11,240.222,78.3,-0.545,0.024,0.7286666666666667,1.6336666666666666,1.1244649999999998
2016-06-12,240.222,78.3,-0.546,0.027,0.7233333333333333,1.6233333333333333,1.12381
2016-06-13,240.222,78.3,-0.547,0.03,0.718,1.613,1.12878
2016-06-14,240.222,78.3,-0.58,-0.001,0.726,1.613,1.1209
2016-06-15,240.222,78.3,-0.577,-0.014,0.67,1.575,1.126
2016-06-16,240.222,78.3,-0.602,-0.0224,0.689,1.579,1.1256
2016-06-17,240.222,78.3,-0.601,0.02,0.697,1.611,1.12736
2016-06-18,240.222,78.3,-0.603,0.03383333333333333,0.7116666666666667,1.6333333333333333,1.13093
2016-06-19,240.222,78.3,-0.592,0.04766666666666666,0.7263333333333333,1.6556666666666666,1.1345
2016-06-20,240.222,78.3,-0.581,0.0615,0.741,1.678,1.1321
2016-06-21,240.222,78.3,-0.584,0.0466,0.767,1.709,1.1249
2016-06-22,240.222,78.3,-0.576,0.0587,0.747,1.687,1.1324
2016-06-23,240.222,78.3,-0.566,0.0988,0.783,1.744,1.13249
2016-06-24,240.222,78.3,-0.646,-0.0517,0.637,1.562,1.1186
2016-06-25,240.222,78.3,-0.641,-0.0708,0.6236666666666667,1.5226666666666666,1.1112
2016-06-26,240.222,78.3,-0.645,-0.08990000000000001,0.6103333333333333,1.4833333333333334,1.1038
2016-06-27,240.222,78.3,-0.649,-0.109,0.597,1.444,1.1013
2016-06-28,240.222,78.3,-0.665,-0.1178,0.613,1.465,1.10728
2016-06-29,240.222,78.3,-0.653,-0.1262,0.641,1.517,1.11234
2016-06-30,240.222,78.3,-0.649,-0.1266,0.586,1.475,1.1105
2016-07-01,240.101,77.92,-0.649,-0.1301,0.597,1.456,1.11383
2016-07-02,240.101,77.92,-0.6543333333333333,-0.13163333333333332,0.5943333333333333,1.451,1.113215
2016-07-03,240.101,77.92,-0.6596666666666667,-0.13316666666666666,0.5916666666666667,1.446,1.1126
2016-07-04,240.101,77.92,-0.665,-0.1347,0.589,1.441,1.1144
2016-07-05,240.101,77.92,-0.676,-0.1806,0.554,1.375,1.1061
2016-07-06,240.101,77.92,-0.675,-0.1788,0.581,1.373,1.1096
2016-07-07,240.101,77.92,-0.68,-0.166,0.593,1.385,1.10646
2016-07-08,240.101,77.92,-0.686,-0.184,0.613,1.358,1.10498
2016-07-09,240.101,77.92,-0.6863333333333334,-0.17823333333333333,0.6276666666666667,1.3820000000000001,1.10459
2016-07-10,240.101,77.92,-0.6866666666666668,-0.17246666666666666,0.6423333333333333,1.406,1.1042
2016-07-11,240.101,77.92,-0.687,-0.1667,0.657,1.43,1.10568
2016-07-12,240.101,77.92,-0.662,-0.0928,0.689,1.507,1.10593
2016-07-13,240.101,77.92,-0.671,-0.1423,0.665,1.473,1.10944
2016-07-14,240.101,77.92,-0.656,-0.129,0.677,1.537,1.1105
2016-07-15,240.101,77.92,-0.646,0.007,0.682,1.558,1.10221
2016-07-16,240.101,77.92,-0.6443333333333333,-0.00033333333333333305,0.6846666666666666,1.566,1.1037949999999999
2016-07-17,240.101,77.92,-0.6426666666666667,-0.007666666666666666,0.6873333333333334,1.574,1.10538
2016-07-18,240.101,77.92,-0.641,-0.015,0.69,1.582,1.10697
2016-07-19,240.101,77.92,-0.638,-0.025,0.694,1.558,1.1012
2016-07-20,240.101,77.92,-0.624,-0.01,0.714,1.58,1.10176
2016-07-21,240.101,77.92,-0.62,-0.016,0.682,1.556,1.10314
2016-07-22,240.101,77.92,-0.61,-0.029,0.706,1.566,1.09752
2016-07-23,240.101,77.92,-0.6093333333333333,-0.03266666666666667,0.717,1.569,1.097185
2016-07-24,240.101,77.92,-0.6086666666666667,-0.036333333333333336,0.728,1.572,1.09685
2016-07-25,240.101,77.92,-0.608,-0.04,0.739,1.575,1.09895
2016-07-26,240.101,77.92,-0.605,-0.028,0.758,1.563,1.09867
2016-07-27,240.101,77.92,-0.618,-0.078,0.722,1.503,1.1069
2016-07-28,240.101,77.92,-0.614,-0.09,0.715,1.508,1.10825
2016-07-29,240.101,77.92,-0.626,-0.12,0.659,1.45,1.11722
2016-07-30,240.101,77.92,-0.6206666666666667,-0.112,0.6683333333333333,1.4733333333333334,1.11695
2016-07-31,240.101,77.92,-0.6153333333333333,-0.104,0.6776666666666668,1.4966666666666666,1.11668
2016-08-01,240.545,77.97,-0.61,-0.096,0.687,1.52,1.11666
2016-08-02,240.545,77.97,-0.598,-0.035,0.683,1.554,1.12182
2016-08-03,240.545,77.97,-0.596,-0.038,0.671,1.545,1.11503
2016-08-04,240.545,77.97,-0.609,-0.094,0.647,1.503,1.11329
2016-08-05,240.545,77.97,-0.612,-0.067,0.726,1.59,1.10865
2016-08-06,240.545,77.97,-0.612,-0.06,0.726,1.59,1.1086749999999999
2016-08-07,240.545,77.97,-0.615,-0.063,0.726,1.5910000000000002,1.1087
2016-08-08,240.545,77.97,-0.618,-0.066,0.726,1.592,1.10828
2016-08-09,240.545,77.97,-0.618,-0.076,0.714,1.549,1.11161
2016-08-10,240.545,77.97,-0.63,-0.108,0.69,1.513,1.11846
2016-08-11,240.545,77.97,-0.625,-0.092,0.746,1.561,1.11376
2016-08-12,240.545,77.97,-0.624,-0.107,0.706,1.51,1.11629
2016-08-13,240.545,77.97,-0.63,-0.096,0.706,1.51,1.116365
2016-08-14,240.545,77.97,-0.63,-0.096,0.718,1.534,1.11644
2016-08-15,240.545,77.97,-0.608,-0.073,0.73,1.558,1.11814
2016-08-16,240.545,77.97,-0.607,-0.029,0.75,1.575,1.12751
2016-08-17,240.545,77.97,-0.612,-0.049,0.73,1.549,1.12983
2016-08-18,240.545,77.97,-0.621,-0.082,0.71,1.534,1.13466
2016-08-19,240.545,77.97,-0.608,-0.034,0.75,1.58,1.13226
2016-08-20,240.545,77.97,-0.613,-0.052000000000000005,0.7473333333333333,1.568,1.130895
2016-08-21,240.545,77.97,-0.618,-0.07,0.7446666666666667,1.556,1.12953
2016-08-22,240.545,77.97,-0.623,-0.088,0.742,1.544,1.1318
2016-08-23,240.545,77.97,-0.628,-0.093,0.746,1.546,1.13007
2016-08-24,240.545,77.97,-0.623,-0.089,0.766,1.563,1.12604
2016-08-25,240.545,77.97,-0.612,-0.069,0.793,1.578,1.12866
2016-08-26,240.545,77.97,-0.613,-0.071,0.845,1.628,1.11947
2016-08-27,240.545,77.97,-0.6163333333333333,-0.07433333333333333,0.833,1.6063333333333332,1.1196
2016-08-28,240.545,77.97,-0.6196666666666667,-0.07766666666666666,0.8210000000000001,1.5846666666666667,1.11973
2016-08-29,240.545,77.97,-0.623,-0.081,0.809,1.563,1.11922
2016-08-30,240.545,77.97,-0.621,-0.091,0.805,1.57,1.11499
2016-08-31,240.545,77.97,-0.618,-0.065,0.809,1.578,1.1157
2016-09-01,241.176,78.27,-0.622,-0.066,0.786,1.568,1.1198
2016-09-02,241.176,78.27,-0.631,-0.042,0.794,1.607,1.1154
2016-09-03,241.176,78.27,-0.6346666666666667,-0.043666666666666666,0.7966666666666667,1.6076666666666666,1.1153
2016-09-04,241.176,78.27,-0.6383333333333333,-0.04533333333333334,0.7993333333333333,1.6083333333333334,1.1159
2016-09-05,241.176,78.27,-0.642,-0.047,0.802,1.609,1.11508
2016-09-06,241.176,78.27,-0.673,-0.109,0.73,1.536,1.12509
2016-09-07,241.176,78.27,-0.673,-0.116,0.738,1.536,1.12384
2016-09-08,241.176,78.27,-0.648,-0.062,0.774,1.601,1.12683
2016-09-09,241.176,78.27,-0.632,0.012,0.782,1.675,1.12311
2016-09-10,241.176,78.27,-0.6323333333333333,0.020333333333333335,0.7793333333333333,1.672,1.1229
2016-09-11,241.176,78.27,-0.6326666666666667,0.028666666666666667,0.7766666666666667,1.669,1.12392
2016-09-12,241.176,78.27,-0.633,0.037,0.774,1.666,1.12409
2016-09-13,241.176,78.27,-0.623,0.072,0.802,1.729,1.1218
2016-09-14,241.176,78.27,-0.646,0.022,0.762,1.698,1.12463
2016-09-15,241.176,78.27,-0.644,0.034,0.734,1.698,1.1243
2016-09-16,241.176,78.27,-0.653,0.007,0.77,1.694,1.11555
2016-09-17,241.176,78.27,-0.658,0.002,0.77,1.694,1.115615
2016-09-18,241.176,78.27,-0.654,0.01,0.774,1.7005,1.11568
2016-09-19,241.176,78.27,-0.65,0.018,0.778,1.707,1.11776
2016-09-20,241.176,78.27,-0.661,-0.017,0.778,1.693,1.11528
2016-09-21,241.176,78.27,-0.663,0.003,0.778,1.655,1.11906
2016-09-22,241.176,78.27,-0.671,-0.095,0.774,1.618,1.12089
2016-09-23,241.176,78.27,-0.671,-0.081,0.758,1.62,1.12254
2016-09-24,241.176,78.27,-0.671,-0.085,0.758,1.62,1.1221
2016-09-25,241.176,78.27,-0.671,-0.085,0.748,1.602,1.12375
2016-09-26,241.176,78.27,-0.682,-0.115,0.738,1.584,1.12488
2016-09-27,241.176,78.27,-0.699,-0.138,0.746,1.56,1.12165
2016-09-28,241.176,78.27,-0.695,-0.145,0.758,1.572,1.1223
2016-09-29,241.176,78.27,-0.691,-0.117,0.738,1.558,1.12188
2016-09-30,241.176,78.27,-0.688,-0.12,0.766,1.598,1.12401
2016-10-01,241.741,78.45,-0.6893333333333332,-0.11133333333333333,0.7766666666666667,1.6076666666666668,1.1232
2016-10-02,241.741,78.45,-0.6906666666666667,-0.10266666666666667,0.7873333333333333,1.6173333333333333,1.12316
2016-10-03,241.741,78.45,-0.692,-0.094,0.798,1.627,1.12099
2016-10-04,241.741,78.45,-0.681,-0.053,0.826,1.69,1.12078
2016-10-05,241.741,78.45,-0.67,-0.003,0.838,1.706,1.12059
2016-10-06,241.741,78.45,-0.672,-0.017,0.854,1.739,1.1141
2016-10-07,241.741,78.45,-0.666,0.021,0.838,1.723,1.11996
2016-10-08,241.741,78.45,-0.6646666666666667,0.033,0.8486666666666667,1.737,1.11962
2016-10-09,241.741,78.45,-0.6633333333333333,0.045000000000000005,0.8593333333333333,1.751,1.11928
2016-10-10,241.741,78.45,-0.662,0.057,0.87,1.765,1.11369
2016-10-11,241.741,78.45,-0.67,0.025,0.87,1.767,1.10587
2016-10-12,241.741,78.45,-0.652,0.068,0.863,1.771,1.101
2016-10-13,241.741,78.45,-0.657,0.04,0.839,1.746,1.10472
2016-10-14,241.741,78.45,-0.659,0.059,0.843,1.805,1.097
2016-10-15,241.741,78.45,-0.657,0.069,0.843,1.805,1.0969
2016-10-16,241.741,78.45,-0.658,0.0625,0.831,1.7865,1.09651
2016-10-17,241.741,78.45,-0.659,0.056,0.819,1.768,1.10122
2016-10-18,241.741,78.45,-0.666,0.037,0.803,1.74,1.09745
2016-10-19,241.741,78.45,-0.67,0.031,0.803,1.747,1.09734
2016-10-20,241.741,78.45,-0.667,0.007,0.823,1.756,1.0929
2016-10-21,241.741,78.45,-0.661,0.004,0.827,1.736,1.08839
2016-10-22,241.741,78.45,-0.6576666666666667,0.011666666666666665,0.8326666666666667,1.746,1.0884
2016-10-23,241.741,78.45,-0.6543333333333333,0.019333333333333334,0.8383333333333333,1.756,1.08802
2016-10-24,241.741,78.45,-0.651,0.027,0.844,1.766,1.0872
2016-10-25,241.741,78.45,-0.65,0.031,0.856,1.758,1.0885
2016-10-26,241.741,78.45,-0.631,0.085,0.872,1.791,1.09089
2016-10-27,241.741,78.45,-0.622,0.17,0.888,1.85,1.08969
2016-10-28,241.741,78.45,-0.618,0.168,0.857,1.849,1.09843
2016-10-29,241.741,78.45,-0.618,0.16633333333333333,0.853,1.8413333333333333,1.0986
2016-10-30,241.741,78.45,-0.618,0.16466666666666668,0.849,1.8336666666666668,1.09833
2016-10-31,241.741,78.45,-0.618,0.163,0.845,1.826,1.09699
2016-11-01,242.026,78.17,-0.62,0.18,0.837,1.827,1.10544
2016-11-02,242.026,78.17,-0.636,0.131,0.825,1.801,1.10937
2016-11-03,242.026,78.17,-0.63,0.159,0.809,1.81,1.10983
2016-11-04,242.026,78.17,-0.639,0.135,0.79,1.778,1.11398
2016-11-05,242.026,78.17,-0.639,0.14166666666666666,0.7993333333333333,1.7946666666666666,1.1137
2016-11-06,242.026,78.17,-0.639,0.14833333333333334,0.8086666666666666,1.8113333333333335,1.10978
2016-11-07,242.026,78.17,-0.639,0.155,0.818,1.828,1.10494
2016-11-08,242.026,78.17,-0.633,0.188,0.858,1.858,1.1016
2016-11-09,242.026,78.17,-0.643,0.204,0.906,2.068,1.0918
2016-11-10,242.026,78.17,-0.618,0.275,0.919,2.138,1.08884
2016-11-11,242.026,78.17,-0.603,0.309,0.94025,2.167,1.08563
2016-11-12,242.026,78.17,-0.6063333333333333,0.31233333333333335,0.9615,2.1959999999999997,1.083965
2016-11-13,242.026,78.17,-0.6096666666666667,0.31566666666666665,0.98275,2.225,1.0823
2016-11-14,242.026,78.17,-0.613,0.319,1.004,2.254,1.0746
2016-11-15,242.026,78.17,-0.625,0.308,1.001,2.23,1.07235
2016-11-16,242.026,78.17,-0.633,0.298,1.005,2.214,1.07054
2016-11-17,242.026,78.17,-0.635,0.278,1.042,2.297,1.06205
2016-11-18,242.026,78.17,-0.667,0.272,1.068,2.348,1.05876
2016-11-19,242.026,78.17,-0.677,0.27266666666666667,1.0693333333333335,2.3366666666666664,1.05849
2016-11-20,242.026,78.17,-0.679,0.2733333333333334,1.0706666666666667,2.3253333333333335,1.05822
2016-11-21,242.026,78.17,-0.681,0.274,1.072,2.314,1.06373
2016-11-22,242.026,78.17,-0.737,0.221,1.095,2.314,1.06314
2016-11-23,242.026,78.17,-0.706,0.263,1.131,2.355,1.05422
2016-11-24,242.026,78.17,-0.735,0.259,1.147,2.382,1.05591
2016-11-25,242.026,78.17,-0.75,0.241,1.127,2.359,1.05771
2016-11-26,242.026,78.17,-0.7526666666666667,0.22899999999999998,1.119,2.3433333333333333,1.05915
2016-11-27,242.026,78.17,-0.7553333333333333,0.217,1.111,2.3276666666666666,1.06094
2016-11-28,242.026,78.17,-0.758,0.205,1.103,2.312,1.06188
2016-11-29,242.026,78.17,-0.751,0.221,1.091,2.293,1.06459
2016-11-30,242.026,78.17,-0.728,0.274,1.119,2.39,1.05907
2016-12-01,242.637,78.58,-0.734,0.367,1.151,2.454,1.0661
2016-12-02,242.637,78.58,-0.738,0.28,1.108,2.392,1.0666
2016-12-03,242.637,78.58,-0.729,0.29733333333333334,1.1133333333333335,2.395,1.06625
2016-12-04,242.637,78.58,-0.72,0.3146666666666667,1.1186666666666667,2.3979999999999997,1.05831
2016-12-05,242.637,78.58,-0.711,0.332,1.124,2.401,1.07538
2016-12-06,242.637,78.58,-0.695,0.368,1.116,2.392,1.07182
2016-12-07,242.637,78.58,-0.677,0.345,1.096,2.344,1.07584
2016-12-08,242.637,78.58,-0.737,0.382,1.112,2.409,1.06194
2016-12-09,242.637,78.58,-0.759,0.366,1.137,2.466,1.05561
2016-12-10,242.637,78.58,-0.7533333333333333,0.377,1.1396666666666666,2.469666666666667,1.0559
2016-12-11,242.637,78.58,-0.7476666666666667,0.388,1.1423333333333334,2.473333333333333,1.0546
2016-12-12,242.637,78.58,-0.742,0.399,1.145,2.477,1.064
2016-12-13,242.637,78.58,-0.745,0.359,1.166,2.473,1.06256
2016-12-14,242.637,78.58,-0.769,0.301,1.267,2.567,1.0511
2016-12-15,242.637,78.58,-0.777,0.364,1.276,2.606,1.04162
2016-12-16,242.637,78.58,-0.793,0.315,1.261,2.599,1.04487
2016-12-17,242.637,78.58,-0.7953333333333333,0.29233333333333333,1.25,2.5806666666666667,1.0452
2016-12-18,242.637,78.58,-0.7976666666666667,0.26966666666666667,1.2389999999999999,2.5623333333333336,1.0445
2016-12-19,242.637,78.58,-0.8,0.247,1.228,2.544,1.04034
2016-12-20,242.637,78.58,-0.783,0.268,1.22,2.56,1.03894
2016-12-21,242.637,78.58,-0.789,0.246,1.196,2.538,1.0426
2016-12-22,242.637,78.58,-0.787,0.261,1.196,2.553,1.04368
2016-12-23,242.637,78.58,-0.791,0.222,1.206,2.543,1.04513
2016-12-24,242.637,78.58,-0.79825,0.222,1.206,2.543,1.0456
2016-12-25,242.637,78.58,-0.8055,0.222,1.206,2.543,1.04514
2016-12-26,242.637,78.58,-0.81275,0.222,1.206,2.543,1.0453
2016-12-27,242.637,78.58,-0.82,0.207,1.231,2.561,1.04604
2016-12-28,242.637,78.58,-0.812,0.196,1.258,2.512,1.04155
2016-12-29,242.637,78.58,-0.785,0.176,1.218,2.477,1.05716
2016-12-30,242.637,78.58,-0.782,0.208,1.198,2.446,1.052
2016-12-31,242.637,78.58,-0.7816666666666667,0.20199999999999999,1.198,2.446,1.0517
2017-01-01,243.618,77.91,-0.7813333333333333,0.196,1.198,2.446,1.05259
2017-01-02,243.618,77.91,-0.781,0.19,1.198,2.446,1.04571
2017-01-03,243.618,77.91,-0.774,0.266,1.218,2.448,1.04173
2017-01-04,243.618,77.91,-0.776,0.276,1.218,2.441,1.0498
2017-01-05,243.618,77.91,-0.729,0.244,1.17,2.348,1.0604
2017-01-06,243.618,77.91,-0.722,0.299,1.214,2.421,1.05306
2017-01-07,243.618,77.91,-0.725,0.292,1.2046666666666666,2.4033333333333333,1.053
2017-01-08,243.618,77.91,-0.728,0.28500000000000003,1.1953333333333334,2.3856666666666664,1.05288
2017-01-09,243.618,77.91,-0.731,0.278,1.186,2.368,1.05874
2017-01-10,243.618,77.91,-0.721,0.286,1.194,2.378,1.05524
2017-01-11,243.618,77.91,-0.712,0.251,1.189,2.37,1.05946
2017-01-12,243.618,77.91,-0.712,0.314,1.177,2.361,1.06141
2017-01-13,243.618,77.91,-0.712,0.34,1.197,2.398,1.06399
2017-01-14,243.618,77.91,-0.7193333333333333,0.33466666666666667,1.193,2.3913333333333333,1.0643
2017-01-15,243.618,77.91,-0.7266666666666667,0.32933333333333337,1.189,2.384666666666667,1.0628
2017-01-16,243.618,77.91,-0.734,0.324,1.185,2.378,1.06023
2017-01-17,243.618,77.91,-0.729,0.319,1.152,2.325,1.06961
2017-01-18,243.618,77.91,-0.713,0.357,1.221,2.428,1.06268
2017-01-19,243.618,77.91,-0.697,0.381,1.225,2.47,1.06588
2017-01-20,243.618,77.91,-0.667,0.423,1.197,2.467,1.06916
2017-01-21,243.618,77.91,-0.676,0.4033333333333333,1.1806666666666668,2.445,1.0701
2017-01-22,243.618,77.91,-0.6785000000000001,0.38366666666666666,1.1643333333333332,2.423,1.07127
2017-01-23,243.618,77.91,-0.681,0.364,1.148,2.401,1.07588
2017-01-24,243.618,77.91,-0.667,0.409,1.196,2.465,1.07278
2017-01-25,243.618,77.91,-0.65,0.465,1.24,2.515,1.07512
2017-01-26,243.618,77.91,-0.644,0.484,1.228,2.512,1.06821
2017-01-27,243.618,77.91,-0.661,0.463,1.22,2.486,1.06964
2017-01-28,243.618,77.91,-0.665,0.45866666666666667,1.2186666666666666,2.4873333333333334,1.0697
2017-01-29,243.618,77.91,-0.669,0.45433333333333337,1.2173333333333334,2.488666666666667,1.07135
2017-01-30,243.618,77.91,-0.673,0.45,1.216,2.49,1.0708
2017-01-31,243.618,77.91,-0.698,0.437,1.212,2.466,1.08012
2017-02-01,244.006,78.21,-0.71,0.469,1.22,2.477,1.0766
2017-02-02,244.006,78.21,-0.733,0.426,1.209,2.474,1.07607
2017-02-03,244.006,78.21,-0.735,0.412,1.201,2.467,1.07854
2017-02-04,244.006,78.21,-0.7456666666666667,0.39799999999999996,1.1863333333333335,2.4503333333333335,1.0787
2017-02-05,244.006,78.21,-0.7563333333333333,0.384,1.1716666666666666,2.4336666666666664,1.07821
2017-02-06,244.006,78.21,-0.767,0.37,1.157,2.417,1.07427
2017-02-07,244.006,78.21,-0.775,0.351,1.169,2.397,1.06774
2017-02-08,244.006,78.21,-0.786,0.296,1.145,2.34,1.06914
2017-02-09,244.006,78.21,-0.771,0.313,1.181,2.397,1.0657
2017-02-10,244.006,78.21,-0.787,0.314,1.194,2.409,1.06406
2017-02-11,244.006,78.21,-0.7873333333333333,0.32,1.198,2.4179999999999997,1.0638
2017-02-12,244.006,78.21,-0.7876666666666667,0.326,1.202,2.427,1.0617
2017-02-13,244.006,78.21,-0.788,0.332,1.206,2.436,1.05977
2017-02-14,244.006,78.21,-0.792,0.367,1.238,2.472,1.0578
2017-02-15,244.006,78.21,-0.792,0.374,1.251,2.497,1.06066
2017-02-16,244.006,78.21,-0.769,0.351,1.206,2.447,1.06716
2017-02-17,244.006,78.21,-0.808,0.302,1.194,2.42,1.06153
2017-02-18,244.006,78.21,-0.8200000000000001,0.30033333333333334,1.1966666666666665,2.425333333333333,1.0614
2017-02-19,244.006,78.21,-0.832,0.29866666666666664,1.1993333333333334,2.4306666666666668,1.06259
2017-02-20,244.006,78.21,-0.844,0.297,1.202,2.436,1.06084
2017-02-21,244.006,78.21,-0.862,0.301,1.211,2.431,1.05413
2017-02-22,244.006,78.21,-0.879,0.279,1.22,2.415,1.055
2017-02-23,244.006,78.21,-0.906,0.232,1.184,2.375,1.05837
2017-02-24,244.006,78.21,-0.942,0.182,1.149,2.315,1.05601
2017-02-25,244.006,78.21,-0.9356666666666666,0.18766666666666668,1.166,2.332333333333333,1.0561
2017-02-26,244.006,78.21,-0.9293333333333333,0.19333333333333333,1.183,2.349666666666667,1.05522
2017-02-27,244.006,78.21,-0.923,0.199,1.2,2.367,1.05837
2017-02-28,244.006,78.21,-0.896,0.208,1.264,2.397,1.05683
2017-03-01,243.892,78.87,-0.827,0.282,1.288,2.458,1.05347
2017-03-02,243.892,78.87,-0.83,0.325,1.312,2.481,1.0506
2017-03-03,243.892,78.87,-0.805,0.355,1.309,2.482,1.06214
2017-03-04,243.892,78.87,-0.811,0.35,1.3076666666666665,2.486,1.0622
2017-03-05,243.892,78.87,-0.817,0.34500000000000003,1.3063333333333333,2.49,1.06196
2017-03-06,243.892,78.87,-0.823,0.34,1.305,2.494,1.05785
2017-03-07,243.892,78.87,-0.871,0.32,1.33,2.518,1.05691
2017-03-08,243.892,78.87,-0.847,0.369,1.358,2.56,1.0545
2017-03-09,243.892,78.87,-0.856,0.425,1.379,2.609,1.05777
2017-03-10,243.892,78.87,-0.832,0.484,1.355,2.575,1.06731
2017-03-11,243.892,78.87,-0.8226666666666667,0.48,1.3619999999999999,2.592,1.06811
2017-03-12,243.892,78.87,-0.8133333333333334,0.476,1.369,2.609,1.06891
2017-03-13,243.892,78.87,-0.804,0.472,1.376,2.626,1.06504
2017-03-14,243.892,78.87,-0.809,0.448,1.38,2.602,1.0612
2017-03-15,243.892,78.87,-0.82,0.414,1.303,2.5,1.07367
2017-03-16,243.892,78.87,-0.791,0.449,1.336,2.537,1.07725
2017-03-17,243.892,78.87,-0.773,0.436,1.321,2.5,1.07381
2017-03-18,243.892,78.87,-0.773,0.434,1.321,2.5,1.0743
2017-03-19,243.892,78.87,-0.774,0.4365,1.3065,2.4815,1.07419
2017-03-20,243.892,78.87,-0.775,0.439,1.292,2.463,1.0735
2017-03-21,243.892,78.87,-0.742,0.459,1.264,2.416,1.08119
2017-03-22,243.892,78.87,-0.761,0.407,1.252,2.403,1.07908
2017-03-23,243.892,78.87,-0.732,0.431,1.256,2.418,1.07836
2017-03-24,243.892,78.87,-0.74,0.406,1.261,2.418,1.07971
2017-03-25,243.892,78.87,-0.739,0.4045,1.2596666666666665,2.404666666666667,1.0804
2017-03-26,243.892,78.87,-0.738,0.403,1.2583333333333333,2.3913333333333333,1.08466
2017-03-27,243.892,78.87,-0.707,0.405,1.257,2.378,1.08602
2017-03-28,243.892,78.87,-0.699,0.389,1.306,2.42,1.08167
2017-03-29,243.892,78.87,-0.747,0.346,1.274,2.38,1.07575
2017-03-30,243.892,78.87,-0.731,0.342,1.286,2.421,1.06862
2017-03-31,243.892,78.87,-0.74,0.331,1.262,2.389,1.06536
2017-04-01,244.193,79.31,-0.761,0.3136666666666667,1.25,2.367,1.06536
2017-04-02,244.193,79.31,-0.782,0.29633333333333334,1.238,2.3449999999999998,1.0668
2017-04-03,244.193,79.31,-0.803,0.279,1.226,2.323,1.0669
2017-04-04,244.193,79.31,-0.787,0.262,1.258,2.364,1.06798
2017-04-05,244.193,79.31,-0.794,0.26,1.238,2.339,1.06718
2017-04-06,244.193,79.31,-0.778,0.263,1.242,2.341,1.06439
2017-04-07,244.193,79.31,-0.806,0.228,1.29,2.382,1.05896
2017-04-08,244.193,79.31,-0.8173333333333334,0.22166666666666668,1.286,2.376666666666667,1.059
2017-04-09,244.193,79.31,-0.8286666666666667,0.21533333333333332,1.282,2.3713333333333333,1.05814
2017-04-10,244.193,79.31,-0.84,0.209,1.278,2.366,1.05969
2017-04-11,244.193,79.31,-0.849,0.206,1.238,2.298,1.06103
2017-04-12,244.193,79.31,-0.839,0.202,1.202,2.244,1.06697
2017-04-13,244.193,79.31,-0.859,0.189,1.205,2.232,1.06154
2017-04-14,244.193,79.31,-0.859,0.188,1.2040000000000002,2.236,1.06103
2017-04-15,244.193,79.31,-0.8586666666666667,0.188,1.203,2.24,1.0612
2017-04-16,244.193,79.31,-0.8583333333333333,0.188,1.202,2.244,1.06097
2017-04-17,244.193,79.31,-0.858,0.188,1.201,2.248,1.06439
2017-04-18,244.193,79.31,-0.856,0.154,1.164,2.172,1.07278
2017-04-19,244.193,79.31,-0.8,0.207,1.181,2.216,1.07142
2017-04-20,244.193,79.31,-0.79,0.248,1.193,2.236,1.07141
2017-04-21,244.193,79.31,-0.789,0.253,1.188,2.246,1.07236
2017-04-22,244.193,79.31,-0.789,0.253,1.188,2.246,1.0721
2017-04-23,244.193,79.31,-0.74,0.2925,1.2085,2.2595,1.0873
2017-04-24,244.193,79.31,-0.691,0.332,1.229,2.273,1.0865
2017-04-25,244.193,79.31,-0.675,0.378,1.275,2.334,1.0928
2017-04-26,244.193,79.31,-0.69,0.358,1.274,2.303,1.09083
2017-04-27,244.193,79.31,-0.736,0.3,1.262,2.3,1.08636
2017-04-28,244.193,79.31,-0.729,0.324,1.27,2.289,1.08944
2017-04-29,244.193,79.31,-0.729,0.322,1.2726666666666666,2.3000000000000003,1.0893
2017-04-30,244.193,79.31,-0.729,0.32,1.2753333333333334,2.311,1.09063
2017-05-01,244.004,79.25,-0.729,0.318,1.278,2.322,1.09082
2017-05-02,244.004,79.25,-0.717,0.328,1.262,2.287,1.0934
2017-05-03,244.004,79.25,-0.721,0.327,1.298,2.322,1.08882
2017-05-04,244.004,79.25,-0.679,0.399,1.31,2.352,1.09806
2017-05-05,244.004,79.25,-0.664,0.415,1.314,2.351,1.09992
2017-05-06,244.004,79.25,-0.6665000000000001,0.4195,1.3206666666666667,2.3636666666666666,1.0996
2017-05-07,244.004,79.25,-0.669,0.424,1.3273333333333335,2.376333333333333,1.09645
2017-05-08,244.004,79.25,-0.649,0.419,1.334,2.389,1.09252
2017-05-09,244.004,79.25,-0.671,0.431,1.347,2.398,1.0886
2017-05-10,244.004,79.25,-0.665,0.42,1.359,2.411,1.0867
2017-05-11,244.004,79.25,-0.654,0.431,1.339,2.393,1.0864
2017-05-12,244.004,79.25,-0.679,0.394,1.29,2.326,1.09299
2017-05-13,244.004,79.25,-0.6786666666666668,0.4023333333333333,1.2943333333333333,2.3316666666666666,1.0932
2017-05-14,244.004,79.25,-0.6783333333333333,0.4106666666666667,1.2986666666666666,2.3373333333333335,1.09265
2017-05-15,244.004,79.25,-0.678,0.419,1.303,2.343,1.09789
2017-05-16,244.004,79.25,-0.659,0.431,1.303,2.326,1.10933
2017-05-17,244.004,79.25,-0.685,0.378,1.246,2.223,1.11556
2017-05-18,244.004,79.25,-0.696,0.343,1.27,2.228,1.11107
2017-05-19,244.004,79.25,-0.683,0.376,1.274,2.235,1.12071
2017-05-20,244.004,79.25,-0.6803333333333333,0.38266666666666665,1.277,2.2406666666666664,1.1207
2017-05-21,244.004,79.25,-0.6776666666666668,0.38933333333333336,1.28,2.2463333333333333,1.12042
2017-05-22,244.004,79.25,-0.675,0.396,1.283,2.252,1.12382
2017-05-23,244.004,79.25,-0.646,0.412,1.307,2.282,1.11789
2017-05-24,244.004,79.25,-0.652,0.407,1.282,2.252,1.12301
2017-05-25,244.004,79.25,-0.673,0.366,1.298,2.255,1.12103
2017-05-26,244.004,79.25,-0.68,0.333,1.298,2.25,1.11809
2017-05-27,244.004,79.25,-0.6923333333333334,0.32233333333333336,1.2993333333333335,2.2476666666666665,1.1182
2017-05-28,244.004,79.25,-0.7046666666666667,0.31166666666666665,1.3006666666666666,2.2453333333333334,1.11749
2017-05-29,244.004,79.25,-0.717,0.301,1.302,2.243,1.11285
2017-05-30,244.004,79.25,-0.711,0.298,1.286,2.208,1.11711
2017-05-31,244.004,79.25,-0.716,0.311,1.286,2.206,1.1238
2017-06-01,244.163,79.32,-0.71,0.308,1.298,2.213,1.12134
2017-06-02,244.163,79.32,-0.71,0.273,1.29,2.159,1.12815
2017-06-03,244.163,79.32,-0.709,0.2776666666666667,1.2953333333333334,2.167,1.1283
2017-06-04,244.163,79.32,-0.708,0.2823333333333333,1.3006666666666666,2.175,1.12798
2017-06-05,244.163,79.32,-0.707,0.287,1.306,2.183,1.1254
2017-06-06,244.163,79.32,-0.731,0.258,1.298,2.145,1.12705
2017-06-07,244.163,79.32,-0.721,0.272,1.31,2.176,1.12545
2017-06-08,244.163,79.32,-0.731,0.256,1.322,2.192,1.11833
2017-06-09,244.163,79.32,-0.733,0.263,1.339,2.202,1.11959
2017-06-10,244.163,79.32,-0.7293333333333333,0.257,1.3456666666666666,2.206,1.1192
2017-06-11,244.163,79.32,-0.7256666666666667,0.251,1.3523333333333334,2.21,1.11999
2017-06-12,244.163,79.32,-0.722,0.245,1.359,2.214,1.11956
2017-06-13,244.163,79.32,-0.701,0.266,1.367,2.211,1.12083
2017-06-14,244.163,79.32,-0.688,0.227,1.335,2.127,1.12121
2017-06-15,244.163,79.32,-0.65,0.286,1.355,2.164,1.11459
2017-06-16,244.163,79.32,-0.659,0.277,1.315,2.153,1.11942
2017-06-17,244.163,79.32,-0.659,0.277,1.3313333333333333,2.1656666666666666,1.1184
2017-06-18,244.163,79.32,-0.655,0.277,1.3476666666666668,2.1783333333333332,1.1205
2017-06-19,244.163,79.32,-0.651,0.283,1.364,2.191,1.11439
2017-06-20,244.163,79.32,-0.646,0.259,1.348,2.157,1.11364
2017-06-21,244.163,79.32,-0.629,0.264,1.352,2.165,1.11665
2017-06-22,244.163,79.32,-0.629,0.254,1.344,2.148,1.1149
2017-06-23,244.163,79.32,-0.621,0.256,1.345,2.144,1.11934
2017-06-24,244.163,79.32,-0.6154999999999999,0.257,1.342,2.141,1.1192
2017-06-25,244.163,79.32,-0.61,0.258,1.339,2.138,1.11981
2017-06-26,244.163,79.32,-0.618,0.244,1.336,2.135,1.1182
2017-06-27,244.163,79.32,-0.542,0.368,1.373,2.203,1.13366
2017-06-28,244.163,79.32,-0.571,0.368,1.353,2.226,1.13819
2017-06-29,244.163,79.32,-0.562,0.451,1.373,2.267,1.14394
2017-06-30,244.163,79.32,-0.573,0.465,1.386,2.304,1.14235
2017-07-01,244.243,78.96,-0.571,0.467,1.386,2.304,1.1426
2017-07-02,244.243,78.96,-0.571,0.467,1.4,2.3259999999999996,1.14225
2017-07-03,244.243,78.96,-0.584,0.474,1.414,2.348,1.13707
2017-07-04,244.243,78.96,-0.607,0.475,1.41,2.334,1.136
2017-07-05,244.243,78.96,-0.601,0.469,1.41,2.327,1.13462
2017-07-06,244.243,78.96,-0.578,0.56,1.403,2.368,1.14244
2017-07-07,244.243,78.96,-0.596,0.573,1.403,2.386,1.14003
2017-07-08,244.243,78.96,-0.593,0.572,1.3976666666666666,2.381666666666667,1.1397
2017-07-09,244.243,78.96,-0.603,0.5575,1.3923333333333334,2.3773333333333335,1.14034
2017-07-10,244.243,78.96,-0.613,0.543,1.387,2.373,1.1396
2017-07-11,244.243,78.96,-0.609,0.552,1.375,2.361,1.14733
2017-07-12,244.243,78.96,-0.616,0.579,1.347,2.319,1.14182
2017-07-13,244.243,78.96,-0.609,0.604,1.367,2.348,1.14034
2017-07-14,244.243,78.96,-0.61,0.594,1.36,2.332,1.14692
2017-07-15,244.243,78.96,-0.6114999999999999,0.594,1.36,2.326,1.1467
2017-07-16,244.243,78.96,-0.613,0.594,1.36,2.32,1.14748
2017-07-17,244.243,78.96,-0.619,0.579,1.36,2.314,1.14734
2017-07-18,244.243,78.96,-0.638,0.554,1.352,2.261,1.15494
2017-07-19,244.243,78.96,-0.637,0.541,1.36,2.271,1.15278
2017-07-20,244.243,78.96,-0.642,0.531,1.352,2.257,1.16283
2017-07-21,244.243,78.96,-0.638,0.505,1.344,2.237,1.16626
2017-07-22,244.243,78.96,-0.6436666666666667,0.5056666666666667,1.351,2.243666666666667,1.166
2017-07-23,244.243,78.96,-0.6493333333333333,0.5063333333333333,1.358,2.2503333333333333,1.16809
2017-07-24,244.243,78.96,-0.655,0.507,1.365,2.257,1.16382
2017-07-25,244.243,78.96,-0.648,0.563,1.39,2.332,1.16439
2017-07-26,244.243,78.96,-0.663,0.559,1.363,2.293,1.17277
2017-07-27,244.243,78.96,-0.678,0.535,1.371,2.319,1.16879
2017-07-28,244.243,78.96,-0.685,0.542,1.351,2.291,1.17469
2017-07-29,244.243,78.96,-0.6833333333333333,0.539,1.3523333333333334,2.2926666666666664,1.1753
2017-07-30,244.243,78.96,-0.6816666666666668,0.536,1.3536666666666666,2.2943333333333333,1.17466
2017-07-31,244.243,78.96,-0.68,0.533,1.355,2.296,1.18234
2017-08-01,245.183,79.17,-0.703,0.489,1.347,2.253,1.18105
2017-08-02,245.183,79.17,-0.69,0.488,1.363,2.271,1.18499
2017-08-03,245.183,79.17,-0.681,0.451,1.343,2.219,1.1882
2017-08-04,245.183,79.17,-0.684,0.471,1.355,2.264,1.17726
2017-08-05,245.183,79.17,-0.684,0.46950000000000003,1.355,2.2616666666666667,1.1773
2017-08-06,245.183,79.17,-0.684,0.468,1.355,2.259333333333333,1.17779
2017-08-07,245.183,79.17,-0.682,0.458,1.355,2.257,1.18002
2017-08-08,245.183,79.17,-0.661,0.472,1.355,2.262,1.17539
2017-08-09,245.183,79.17,-0.687,0.425,1.343,2.249,1.1761
2017-08-10,245.183,79.17,-0.689,0.414,1.331,2.201,1.17691
2017-08-11,245.183,79.17,-0.715,0.385,1.294,2.191,1.1821
2017-08-12,245.183,79.17,-0.719,0.39166666666666666,1.3046666666666666,2.202,1.1818
2017-08-13,245.183,79.17,-0.718,0.3983333333333334,1.3153333333333335,2.213,1.18248
2017-08-14,245.183,79.17,-0.717,0.405,1.326,2.224,1.17736
2017-08-15,245.183,79.17,-0.71,0.432,1.35,2.273,1.17408
2017-08-16,245.183,79.17,-0.711,0.445,1.33,2.226,1.17734
2017-08-17,245.183,79.17,-0.701,0.423,1.302,2.185,1.1713
2017-08-18,245.183,79.17,-0.705,0.416,1.314,2.197,1.17587
2017-08-19,245.183,79.17,-0.709,0.412,1.311,2.1923333333333335,1.176
2017-08-20,245.183,79.17,-0.713,0.40800000000000003,1.308,2.1876666666666664,1.17553
2017-08-21,245.183,79.17,-0.717,0.404,1.305,2.183,1.18113
2017-08-22,245.183,79.17,-0.716,0.402,1.326,2.217,1.17623
2017-08-23,245.183,79.17,-0.732,0.377,1.309,2.169,1.1816
2017-08-24,245.183,79.17,-0.74,0.375,1.334,2.196,1.17982
2017-08-25,245.183,79.17,-0.728,0.38,1.338,2.169,1.19216
2017-08-26,245.183,79.17,-0.734,0.378,1.335,2.1656666666666666,1.1924
2017-08-27,245.183,79.17,-0.74,0.376,1.332,2.162333333333333,1.19513
2017-08-28,245.183,79.17,-0.746,0.374,1.329,2.159,1.19631
2017-08-29,245.183,79.17,-0.747,0.343,1.321,2.129,1.19696
2017-08-30,245.183,79.17,-0.751,0.359,1.329,2.136,1.1889
2017-08-31,245.183,79.17,-0.733,0.359,1.329,2.121,1.19098
2017-09-01,246.435,79.49,-0.732,0.379,1.346,2.166,1.1861
2017-09-02,246.435,79.49,-0.7346666666666667,0.37533333333333335,1.3330000000000002,2.14025,1.1861
2017-09-03,246.435,79.49,-0.7373333333333333,0.37166666666666665,1.32,2.1145,1.18821
2017-09-04,246.435,79.49,-0.74,0.368,1.307,2.08875,1.18931
2017-09-05,246.435,79.49,-0.756,0.335,1.294,2.063,1.1923
2017-09-06,246.435,79.49,-0.727,0.347,1.306,2.106,1.19273
2017-09-07,246.435,79.49,-0.752,0.305,1.266,2.042,1.20282
2017-09-08,246.435,79.49,-0.761,0.312,1.266,2.054,1.2033
2017-09-09,246.435,79.49,-0.7573333333333333,0.32033333333333336,1.285,2.0806666666666667,1.2036
2017-09-10,246.435,79.49,-0.7536666666666667,0.32866666666666666,1.304,2.107333333333333,1.20168
2017-09-11,246.435,79.49,-0.75,0.337,1.323,2.134,1.1958
2017-09-12,246.435,79.49,-0.725,0.402,1.339,2.167,1.1971
2017-09-13,246.435,79.49,-0.714,0.403,1.351,2.194,1.18864
2017-09-14,246.435,79.49,-0.726,0.415,1.368,2.187,1.1921
2017-09-15,246.435,79.49,-0.698,0.432,1.384,2.202,1.19452
2017-09-16,246.435,79.49,-0.6933333333333334,0.44,1.3883333333333332,2.212666666666667,1.1944
2017-09-17,246.435,79.49,-0.6886666666666666,0.448,1.3926666666666667,2.223333333333333,1.1936
2017-09-18,246.435,79.49,-0.684,0.456,1.397,2.234,1.19583
2017-09-19,246.435,79.49,-0.689,0.45,1.405,2.246,1.1992
2017-09-20,246.435,79.49,-0.69,0.442,1.442,2.273,1.18713
2017-09-21,246.435,79.49,-0.682,0.454,1.443,2.278,1.19451
2017-09-22,246.435,79.49,-0.685,0.447,1.435,2.253,1.19474
2017-09-23,246.435,79.49,-0.6943333333333334,0.4316666666666667,1.4323333333333335,2.2426666666666666,1.1949
2017-09-24,246.435,79.49,-0.7036666666666667,0.41633333333333333,1.4296666666666666,2.2323333333333335,1.19267
2017-09-25,246.435,79.49,-0.713,0.401,1.427,2.222,1.18549
2017-09-26,246.435,79.49,-0.712,0.407,1.44,2.236,1.17854
2017-09-27,246.435,79.49,-0.698,0.466,1.479,2.31,1.17487
2017-09-28,246.435,79.49,-0.694,0.476,1.455,2.309,1.17808
2017-09-29,246.435,79.49,-0.681,0.464,1.491,2.339,1.17413
2017-09-30,246.435,79.49,-0.6900000000000001,0.46033333333333337,1.4896666666666667,2.3396666666666666,1.18128
2017-10-01,246.626,79.53,-0.699,0.45666666666666667,1.4883333333333335,2.3403333333333336,1.1806
2017-10-02,246.626,79.53,-0.708,0.453,1.487,2.341,1.17333
2017-10-03,246.626,79.53,-0.708,0.463,1.475,2.325,1.17471
2017-10-04,246.626,79.53,-0.707,0.453,1.475,2.323,1.17565
2017-10-05,246.626,79.53,-0.694,0.458,1.491,2.348,1.17113
2017-10-06,246.626,79.53,-0.699,0.46,1.508,2.361,1.17271
2017-10-07,246.626,79.53,-0.7,0.45466666666666666,1.5093333333333334,2.361,1.1732
2017-10-08,246.626,79.53,-0.701,0.44933333333333336,1.5106666666666666,2.361,1.17419
2017-10-09,246.626,79.53,-0.702,0.444,1.512,2.361,1.1741
2017-10-10,246.626,79.53,-0.702,0.442,1.512,2.355,1.1812
2017-10-11,246.626,79.53,-0.695,0.466,1.525,2.353,1.18643
2017-10-12,246.626,79.53,-0.706,0.446,1.517,2.321,1.18311
2017-10-13,246.626,79.53,-0.728,0.405,1.497,2.275,1.18178
2017-10-14,246.626,79.53,-0.7316666666666667,0.39333333333333337,1.512,2.285,1.182
2017-10-15,246.626,79.53,-0.7353333333333333,0.38166666666666665,1.5270000000000001,2.295,1.18134
2017-10-16,246.626,79.53,-0.739,0.37,1.542,2.305,1.1795
2017-10-17,246.626,79.53,-0.732,0.367,1.55,2.302,1.17703
2017-10-18,246.626,79.53,-0.726,0.406,1.567,2.345,1.17945
2017-10-19,246.626,79.53,-0.733,0.396,1.539,2.318,1.18474
2017-10-20,246.626,79.53,-0.718,0.455,1.576,2.383,1.1783
2017-10-21,246.626,79.53,-0.72,0.449,1.5733333333333335,2.3786666666666667,1.178
2017-10-22,246.626,79.53,-0.72,0.449,1.5706666666666667,2.3743333333333334,1.1753
2017-10-23,246.626,79.53,-0.728,0.434,1.568,2.37,1.17548
2017-10-24,246.626,79.53,-0.704,0.478,1.589,2.421,1.17583
2017-10-25,246.626,79.53,-0.705,0.481,1.599,2.435,1.1818
2017-10-26,246.626,79.53,-0.747,0.417,1.619,2.463,1.16365
2017-10-27,246.626,79.53,-0.766,0.384,1.595,2.415,1.16062
2017-10-28,246.626,79.53,-0.764,0.3875,1.5886666666666667,2.4,1.1608
2017-10-29,246.626,79.53,-0.762,0.391,1.5823333333333334,2.3850000000000002,1.16039
2017-10-30,246.626,79.53,-0.754,0.368,1.576,2.37,1.1652
2017-10-31,246.626,79.53,-0.75,0.364,1.6,2.378,1.16512
2017-11-01,247.284,79.36,-0.75,0.37,1.616,2.372,1.1628
2017-11-02,247.284,79.36,-0.755,0.371,1.612,2.349,1.16587
2017-11-03,247.284,79.36,-0.755,0.364,1.617,2.332,1.16063
2017-11-04,247.284,79.36,-0.758,0.355,1.6183333333333334,2.3273333333333333,1.1618
2017-11-05,247.284,79.36,-0.761,0.34600000000000003,1.6196666666666666,2.3226666666666667,1.16141
2017-11-06,247.284,79.36,-0.764,0.337,1.621,2.318,1.1612
2017-11-07,247.284,79.36,-0.757,0.33,1.633,2.316,1.16006
2017-11-08,247.284,79.36,-0.763,0.329,1.649,2.334,1.15929
2017-11-09,247.284,79.36,-0.753,0.374,1.637,2.34,1.16463
2017-11-10,247.284,79.36,-0.749,0.41,1.658,2.402,1.16628
2017-11-11,247.284,79.36,-0.7466666666666667,0.4126666666666666,1.6676666666666666,2.4036666666666666,1.1665
2017-11-12,247.284,79.36,-0.7443333333333333,0.41533333333333333,1.6773333333333333,2.4053333333333335,1.16603
2017-11-13,247.284,79.36,-0.742,0.418,1.687,2.407,1.16645
2017-11-14,247.284,79.36,-0.741,0.398,1.691,2.375,1.17914
2017-11-15,247.284,79.36,-0.749,0.376,1.688,2.326,1.17823
2017-11-16,247.284,79.36,-0.668,0.375,1.712,2.375,1.1775
2017-11-17,247.284,79.36,-0.701,0.362,1.725,2.345,1.17894
2017-11-18,247.284,79.36,-0.7063333333333333,0.362,1.735,2.352666666666667,1.17963
2017-11-19,247.284,79.36,-0.7116666666666667,0.362,1.7449999999999999,2.360333333333333,1.17312
2017-11-20,247.284,79.36,-0.717,0.362,1.755,2.368,1.1737
2017-11-21,247.284,79.36,-0.717,0.352,1.771,2.358,1.17363
2017-11-22,247.284,79.36,-0.7,0.35,1.727,2.32,1.18141
2017-11-23,247.284,79.36,-0.692,0.347,1.735,2.326,1.1848
2017-11-24,247.284,79.36,-0.7,0.361,1.748,2.34,1.19298
2017-11-25,247.284,79.36,-0.694,0.362,1.747,2.3369999999999997,1.193
2017-11-26,247.284,79.36,-0.701,0.35250000000000004,1.746,2.334,1.19252
2017-11-27,247.284,79.36,-0.708,0.343,1.745,2.331,1.19045
2017-11-28,247.284,79.36,-0.695,0.34,1.75,2.326,1.18473
2017-11-29,247.284,79.36,-0.682,0.387,1.766,2.388,1.1852
2017-11-30,247.284,79.36,-0.684,0.367,1.79,2.415,1.18977
2017-12-01,247.805,79.64,-0.7,0.307,1.778,2.363,1.18952
2017-12-02,247.805,79.64,-0.716,0.3193333333333333,1.7886666666666666,2.366,1.1892
2017-12-03,247.805,79.64,-0.7075,0.33166666666666667,1.7993333333333335,2.3689999999999998,1.18588
2017-12-04,247.805,79.64,-0.699,0.344,1.81,2.372,1.18674
2017-12-05,247.805,79.64,-0.732,0.317,1.822,2.353,1.18308
2017-12-06,247.805,79.64,-0.742,0.296,1.81,2.34,1.18039
2017-12-07,247.805,79.64,-0.763,0.295,1.802,2.362,1.1772
2017-12-08,247.805,79.64,-0.731,0.309,1.798,2.378,1.1772
2017-12-09,247.805,79.64,-0.7323333333333333,0.30366666666666664,1.8063333333333333,2.382,1.1764
2017-12-10,247.805,79.64,-0.7336666666666667,0.29833333333333334,1.8146666666666667,2.386,1.1767
2017-12-11,247.805,79.64,-0.735,0.293,1.823,2.39,1.17756
2017-12-12,247.805,79.64,-0.74,0.318,1.831,2.403,1.1741
2017-12-13,247.805,79.64,-0.744,0.314,1.778,2.348,1.1834
2017-12-14,247.805,79.64,-0.733,0.311,1.815,2.349,1.17742
2017-12-15,247.805,79.64,-0.717,0.302,1.84,2.351,1.17474
2017-12-16,247.805,79.64,-0.713,0.301,1.84,2.351,1.17559
2017-12-17,247.805,79.64,-0.712,0.3045,1.836,2.3725,1.17429
2017-12-18,247.805,79.64,-0.711,0.308,1.832,2.394,1.1783
2017-12-19,247.805,79.64,-0.692,0.38,1.852,2.459,1.1837
2017-12-20,247.805,79.64,-0.679,0.404,1.857,2.497,1.18776
2017-12-21,247.805,79.64,-0.655,0.417,1.878,2.484,1.18566
2017-12-22,247.805,79.64,-0.642,0.422,1.895,2.485,1.18603
2017-12-23,247.805,79.64,-0.642,0.422,1.8963333333333334,2.4873333333333334,1.1858
2017-12-24,247.805,79.64,-0.642,0.422,1.8976666666666666,2.4896666666666665,1.1847
2017-12-25,247.805,79.64,-0.642,0.422,1.899,2.492,1.1872
2017-12-26,247.805,79.64,-0.642,0.422,1.903,2.474,1.18574
2017-12-27,247.805,79.64,-0.657,0.38,1.895,2.412,1.19001
2017-12-28,247.805,79.64,-0.612,0.423,1.911,2.434,1.1938
2017-12-29,247.805,79.64,-0.632,0.427,1.887,2.405,1.2002
2017-12-30,247.805,79.64,-0.632,0.42666666666666664,1.887,2.405,1.1997
2017-12-31,247.805,79.64,-0.632,0.42633333333333334,1.887,2.405,1.2002
2018-01-01,248.859,78.92,-0.632,0.426,1.887,2.405,1.20109
2018-01-02,248.859,78.92,-0.616,0.464,1.923,2.461,1.20629
2018-01-03,248.859,78.92,-0.621,0.439,1.931,2.445,1.20098
2018-01-04,248.859,78.92,-0.61,0.433,1.956,2.453,1.20681
2018-01-05,248.859,78.92,-0.609,0.44,1.964,2.476,1.20282
2018-01-06,248.859,78.92,-0.6123333333333333,0.438,1.9626666666666666,2.477333333333333,1.2028
2018-01-07,248.859,78.92,-0.6156666666666667,0.436,1.9613333333333334,2.478666666666667,1.20368
2018-01-08,248.859,78.92,-0.619,0.434,1.96,2.48,1.19698
2018-01-09,248.859,78.92,-0.616,0.466,1.972,2.551,1.19286
2018-01-10,248.859,78.92,-0.616,0.473,1.977,2.559,1.19556
2018-01-11,248.859,78.92,-0.572,0.518,1.981,2.537,1.20415
2018-01-12,248.859,78.92,-0.57,0.515,2.002,2.55,1.22009
2018-01-13,248.859,78.92,-0.5723333333333332,0.539,2.006,2.5506666666666664,1.2195
2018-01-14,248.859,78.92,-0.5746666666666667,0.563,2.01,2.5513333333333335,1.2192
2018-01-15,248.859,78.92,-0.577,0.587,2.014,2.552,1.22671
2018-01-16,248.859,78.92,-0.574,0.559,2.018,2.539,1.22705
2018-01-17,248.859,78.92,-0.575,0.562,2.047,2.587,1.21832
2018-01-18,248.859,78.92,-0.587,0.571,2.043,2.624,1.22352
2018-01-19,248.859,78.92,-0.603,0.568,2.069,2.661,1.22222
2018-01-20,248.859,78.92,-0.603,0.5676666666666667,2.069,2.6593333333333335,1.222
2018-01-21,248.859,78.92,-0.603,0.5673333333333332,2.069,2.6576666666666666,1.22548
2018-01-22,248.859,78.92,-0.603,0.567,2.069,2.656,1.2254
2018-01-23,248.859,78.92,-0.594,0.56,2.04,2.617,1.23095
2018-01-24,248.859,78.92,-0.587,0.585,2.08,2.648,1.239
2018-01-25,248.859,78.92,-0.566,0.609,2.092,2.624,1.23917
2018-01-26,248.859,78.92,-0.544,0.626,2.12,2.66,1.2425
2018-01-27,248.859,78.92,-0.5386666666666667,0.632,2.12,2.673,1.24198
2018-01-28,248.859,78.92,-0.5333333333333333,0.6615,2.12,2.686,1.24274
2018-01-29,248.859,78.92,-0.528,0.691,2.12,2.699,1.23801
2018-01-30,248.859,78.92,-0.526,0.685,2.128,2.724,1.24088
2018-01-31,248.859,78.92,-0.529,0.697,2.149,2.713,1.24174
2018-02-01,249.529,79.09,-0.539,0.721,2.161,2.782,1.25092
2018-02-02,249.529,79.09,-0.545,0.768,2.145,2.841,1.2461
2018-02-03,249.529,79.09,-0.551,0.757,2.11,2.797,1.2461
2018-02-04,249.529,79.09,-0.5569999999999999,0.746,2.075,2.753,1.24463
2018-02-05,249.529,79.09,-0.563,0.735,2.04,2.709,1.2367
2018-02-06,249.529,79.09,-0.57,0.694,2.109,2.805,1.23805
2018-02-07,249.529,79.09,-0.549,0.744,2.126,2.834,1.2267
2018-02-08,249.529,79.09,-0.554,0.762,2.109,2.828,1.22599
2018-02-09,249.529,79.09,-0.573,0.747,2.073,2.857,1.2244
2018-02-10,249.529,79.09,-0.577,0.7506666666666667,2.074333333333333,2.857666666666667,1.2244
2018-02-11,249.529,79.09,-0.581,0.7543333333333333,2.0756666666666668,2.8583333333333334,1.22522
2018-02-12,249.529,79.09,-0.585,0.758,2.077,2.859,1.2301
2018-02-13,249.529,79.09,-0.579,0.75,2.11,2.833,1.23532
2018-02-14,249.529,79.09,-0.495,0.76,2.172,2.913,1.24666
2018-02-15,249.529,79.09,-0.498,0.765,2.188,2.906,1.25029
2018-02-16,249.529,79.09,-0.51,0.707,2.194,2.873,1.2406
2018-02-17,249.529,79.09,-0.504,0.707,2.2006666666666668,2.8783333333333334,1.2406
2018-02-18,249.529,79.09,-0.505,0.707,2.207333333333333,2.8836666666666666,1.2411
2018-02-19,249.529,79.09,-0.492,0.734,2.214,2.889,1.23977
2018-02-20,249.529,79.09,-0.507,0.737,2.223,2.891,1.23347
2018-02-21,249.529,79.09,-0.494,0.723,2.27,2.952,1.22812
2018-02-22,249.529,79.09,-0.513,0.708,2.254,2.919,1.23259
2018-02-23,249.529,79.09,-0.526,0.654,2.242,2.866,1.2293
2018-02-24,249.529,79.09,-0.5295000000000001,0.6536666666666667,2.238,2.8653333333333335,1.2293
2018-02-25,249.529,79.09,-0.533,0.6533333333333333,2.234,2.8646666666666665,1.22865
2018-02-26,249.529,79.09,-0.518,0.653,2.23,2.864,1.2315
2018-02-27,249.529,79.09,-0.514,0.677,2.266,2.901,1.22296
2018-02-28,249.529,79.09,-0.534,0.654,2.258,2.864,1.219
2018-03-01,249.577,79.97,-0.552,0.642,2.218,2.811,1.22694
2018-03-02,249.577,79.97,-0.541,0.647,2.246,2.868,1.2317
2018-03-03,249.577,79.97,-0.541,0.6466666666666667,2.244666666666667,2.8729999999999998,1.2317
2018-03-04,249.577,79.97,-0.542,0.6463333333333333,2.243333333333333,2.878,1.23147
2018-03-05,249.577,79.97,-0.538,0.646,2.242,2.883,1.23352
2018-03-06,249.577,79.97,-0.538,0.676,2.254,2.886,1.24159
2018-03-07,249.577,79.97,-0.541,0.654,2.254,2.881,1.2411
2018-03-08,249.577,79.97,-0.554,0.63,2.25,2.857,1.2305
2018-03-09,249.577,79.97,-0.557,0.644,2.262,2.896,1.2306
2018-03-10,249.577,79.97,-0.549,0.641,2.262,2.886,1.2306
2018-03-11,249.577,79.97,-0.552,0.638,2.262,2.876,1.2307
2018-03-12,249.577,79.97,-0.565,0.635,2.262,2.866,1.23391
2018-03-13,249.577,79.97,-0.568,0.62,2.258,2.844,1.23919
2018-03-14,249.577,79.97,-0.577,0.592,2.262,2.819,1.2375
2018-03-15,249.577,79.97,-0.568,0.574,2.287,2.826,1.2305
2018-03-16,249.577,79.97,-0.599,0.571,2.295,2.845,1.2295
2018-03-17,249.577,79.97,-0.573,0.5703333333333332,2.3006666666666664,2.8483333333333336,1.2294
2018-03-18,249.577,79.97,-0.6,0.5696666666666667,2.3063333333333333,2.8516666666666666,1.22802
2018-03-19,249.577,79.97,-0.577,0.569,2.312,2.855,1.23365
2018-03-20,249.577,79.97,-0.581,0.584,2.349,2.9,1.22475
2018-03-21,249.577,79.97,-0.575,0.592,2.308,2.881,1.2347
2018-03-22,249.577,79.97,-0.59,0.529,2.283,2.823,1.23236
2018-03-23,249.577,79.97,-0.592,0.525,2.258,2.813,1.2356
2018-03-24,249.577,79.97,-0.595,0.528,2.2636666666666665,2.826,1.2356
2018-03-25,249.577,79.97,-0.596,0.525,2.2693333333333334,2.839,1.23537
2018-03-26,249.577,79.97,-0.591,0.522,2.275,2.852,1.24568
2018-03-27,249.577,79.97,-0.592,0.502,2.27,2.775,1.2407
2018-03-28,249.577,79.97,-0.587,0.503,2.286,2.783,1.23099
2018-03-29,249.577,79.97,-0.588,0.493,2.27,2.741,1.23018
2018-03-30,249.577,79.97,-0.594,0.494,2.265,2.739,1.2329
2018-03-31,249.577,79.97,-0.5936666666666667,0.496,2.26,2.737,1.2329
2018-04-01,250.227,80.29,-0.5933333333333333,0.498,2.255,2.7350000000000003,1.23135
2018-04-02,250.227,80.29,-0.593,0.5,2.25,2.733,1.2292
2018-04-03,250.227,80.29,-0.58,0.502,2.282,2.781,1.22777
2018-04-04,250.227,80.29,-0.577,0.502,2.303,2.808,1.2286
2018-04-05,250.227,80.29,-0.569,0.526,2.307,2.834,1.22509
2018-04-06,250.227,80.29,-0.581,0.5,2.27,2.775,1.2297
2018-04-07,250.227,80.29,-0.582,0.5016666666666667,2.274,2.777,1.2297
2018-04-08,250.227,80.29,-0.583,0.5033333333333333,2.278,2.779,1.22708
2018-04-09,250.227,80.29,-0.574,0.505,2.282,2.781,1.23217
2018-04-10,250.227,80.29,-0.559,0.516,2.307,2.801,1.23624
2018-04-11,250.227,80.29,-0.562,0.501,2.307,2.779,1.23713
2018-04-12,250.227,80.29,-0.556,0.515,2.356,2.843,1.23293
2018-04-13,250.227,80.29,-0.581,0.511,2.361,2.825,1.2346
2018-04-14,250.227,80.29,-0.576,0.512,2.3676666666666666,2.8263333333333334,1.2345
2018-04-15,250.227,80.29,-0.582,0.518,2.3743333333333334,2.827666666666667,1.23314
2018-04-16,250.227,80.29,-0.562,0.524,2.381,2.829,1.23844
2018-04-17,250.227,80.29,-0.565,0.507,2.394,2.83,1.23727
2018-04-18,250.227,80.29,-0.56,0.532,2.431,2.875,1.2378
2018-04-19,250.227,80.29,-0.559,0.598,2.432,2.914,1.2344
2018-04-20,250.227,80.29,-0.554,0.59,2.461,2.96,1.2311
2018-04-21,250.227,80.29,-0.551,0.605,2.466666666666667,2.9656666666666665,1.2305
2018-04-22,250.227,80.29,-0.552,0.62,2.4723333333333333,2.9713333333333334,1.2272
2018-04-23,250.227,80.29,-0.522,0.635,2.478,2.977,1.22083
2018-04-24,250.227,80.29,-0.524,0.629,2.475,3.0,1.2238
2018-04-25,250.227,80.29,-0.533,0.633,2.492,3.032,1.2172
2018-04-26,250.227,80.29,-0.552,0.595,2.488,2.983,1.21089
2018-04-27,250.227,80.29,-0.567,0.57,2.484,2.959,1.2146
2018-04-28,250.227,80.29,-0.566,0.5673333333333334,2.486666666666667,2.957666666666667,1.2145
2018-04-29,250.227,80.29,-0.566,0.5646666666666667,2.489333333333333,2.9563333333333333,1.2121
2018-04-30,250.227,80.29,-0.573,0.562,2.492,2.955,1.2079
2018-05-01,250.792,80.79,-0.576,0.5720000000000001,2.508,2.968,1.19912
2018-05-02,250.792,80.79,-0.565,0.582,2.492,2.976,1.19503
2018-05-03,250.792,80.79,-0.572,0.534,2.48,2.948,1.19886
2018-05-04,250.792,80.79,-0.565,0.545,2.505,2.951,1.1976
2018-05-05,250.792,80.79,-0.567,0.54,2.5036666666666667,2.9513333333333334,1.197
2018-05-06,250.792,80.79,-0.565,0.535,2.502333333333333,2.9516666666666667,1.19543
2018-05-07,250.792,80.79,-0.567,0.53,2.501,2.952,1.1933
2018-05-08,250.792,80.79,-0.561,0.561,2.513,2.972,1.1868
2018-05-09,250.792,80.79,-0.556,0.56,2.534,3.006,1.18465
2018-05-10,250.792,80.79,-0.568,0.558,2.534,2.964,1.1912
2018-05-11,250.792,80.79,-0.568,0.559,2.539,2.97,1.1959
2018-05-12,250.792,80.79,-0.572,0.5766666666666667,2.5433333333333334,2.9806666666666666,1.1959
2018-05-13,250.792,80.79,-0.571,0.5943333333333334,2.5476666666666667,2.9913333333333334,1.19516
2018-05-14,250.792,80.79,-0.536,0.612,2.552,3.002,1.19305
2018-05-15,250.792,80.79,-0.538,0.647,2.577,3.072,1.18205
2018-05-16,250.792,80.79,-0.564,0.606,2.593,3.104,1.18146
2018-05-17,250.792,80.79,-0.548,0.637,2.573,3.115,1.1791
2018-05-18,250.792,80.79,-0.576,0.576,2.549,3.06,1.1789
2018-05-19,250.792,80.79,-0.552,0.573,2.556,3.0593333333333335,1.1789
2018-05-20,250.792,80.79,-0.588,0.57,2.5629999999999997,3.0586666666666664,1.1765
2018-05-21,250.792,80.79,-0.613,0.521,2.57,3.058,1.17897
2018-05-22,250.792,80.79,-0.6,0.56,2.57,3.063,1.17878
2018-05-23,250.792,80.79,-0.618,0.506,2.532,2.993,1.17096
2018-05-24,250.792,80.79,-0.619,0.47,2.512,2.977,1.17221
2018-05-25,250.792,80.79,-0.661,0.406,2.48,2.931,1.1655
2018-05-26,250.792,80.79,-0.626,0.38566666666666666,2.473333333333333,2.92,1.1655
2018-05-27,250.792,80.79,-0.669,0.36533333333333334,2.466666666666667,2.9090000000000003,1.16882
2018-05-28,250.792,80.79,-0.695,0.345,2.46,2.898,1.1626
2018-05-29,250.792,80.79,-0.799,0.257,2.335,2.79,1.15364
2018-05-30,250.792,80.79,-0.659,0.37,2.415,2.857,1.1663
2018-05-31,250.792,80.79,-0.686,0.34,2.435,2.86,1.16927
2018-06-01,251.018,80.88,-0.649,0.385,2.472,2.902,1.16578
2018-06-02,251.018,80.88,-0.649,0.39666666666666667,2.488,2.916,1.16851
2018-06-03,251.018,80.88,-0.65,0.4083333333333333,2.504,2.93,1.1667
2018-06-04,251.018,80.88,-0.64,0.42,2.52,2.944,1.17
2018-06-05,251.018,80.88,-0.663,0.387,2.496,2.926,1.1724
2018-06-06,251.018,80.88,-0.608,0.464,2.52,2.974,1.17821
2018-06-07,251.018,80.88,-0.646,0.478,2.492,2.922,1.1792
2018-06-08,251.018,80.88,-0.684,0.446,2.5,2.948,1.178
2018-06-09,251.018,80.88,-0.677,0.462,2.508,2.949333333333333,1.1774
2018-06-10,251.018,80.88,-0.678,0.478,2.516,2.9506666666666668,1.17833
2018-06-11,251.018,80.88,-0.619,0.494,2.524,2.952,1.17735
2018-06-12,251.018,80.88,-0.621,0.49,2.545,2.964,1.17472
2018-06-13,251.018,80.88,-0.612,0.484,2.574,2.974,1.1804
2018-06-14,251.018,80.88,-0.657,0.431,2.57,2.935,1.15659
2018-06-15,251.018,80.88,-0.651,0.403,2.553,2.922,1.162
2018-06-16,251.018,80.88,-0.656,0.402,2.553,2.9203333333333332,1.1619
2018-06-17,251.018,80.88,-0.657,0.401,2.553,2.9186666666666667,1.15931
2018-06-18,251.018,80.88,-0.652,0.4,2.553,2.917,1.16297
2018-06-19,251.018,80.88,-0.643,0.373,2.549,2.897,1.1588
2018-06-20,251.018,80.88,-0.656,0.377,2.566,2.937,1.15784
2018-06-21,251.018,80.88,-0.688,0.334,2.541,2.899,1.1605
2018-06-22,251.018,80.88,-0.682,0.336,2.545,2.895,1.1666
2018-06-23,251.018,80.88,-0.691,0.336,2.542333333333333,2.8906666666666667,1.1665
2018-06-24,251.018,80.88,-0.692,0.3315,2.5396666666666667,2.8863333333333334,1.16607
2018-06-25,251.018,80.88,-0.703,0.327,2.537,2.882,1.17003
2018-06-26,251.018,80.88,-0.696,0.342,2.533,2.877,1.16497
2018-06-27,251.018,80.88,-0.7,0.324,2.508,2.827,1.15632
2018-06-28,251.018,80.88,-0.684,0.319,2.516,2.84,1.15621
2018-06-29,251.018,80.88,-0.694,0.303,2.532,2.86,1.1702
2018-06-30,251.018,80.88,-0.689,0.30366666666666664,2.539,2.8636666666666666,1.1702
2018-07-01,251.214,80.7,-0.69,0.30433333333333334,2.546,2.8673333333333333,1.1677
2018-07-02,251.214,80.7,-0.705,0.305,2.553,2.871,1.164
2018-07-03,251.214,80.7,-0.695,0.293,2.532,2.833,1.16584
2018-07-04,251.214,80.7,-0.682,0.306,2.54,2.842,1.16615
2018-07-05,251.214,80.7,-0.67,0.297,2.557,2.833,1.16922
2018-07-06,251.214,80.7,-0.681,0.296,2.541,2.824,1.1753
2018-07-07,251.214,80.7,-0.682,0.298,2.5476666666666667,2.8353333333333333,1.1753
2018-07-08,251.214,80.7,-0.683,0.3,2.554333333333333,2.8466666666666667,1.17515
2018-07-09,251.214,80.7,-0.669,0.302,2.561,2.858,1.1756
2018-07-10,251.214,80.7,-0.663,0.319,2.586,2.867,1.17256
2018-07-11,251.214,80.7,-0.659,0.311,2.573,2.84,1.16748
2018-07-12,251.214,80.7,-0.662,0.296,2.59,2.849,1.16642
2018-07-13,251.214,80.7,-0.659,0.284,2.582,2.829,1.17
2018-07-14,251.214,80.7,-0.663,0.29066666666666663,2.587666666666667,2.838,1.1698
2018-07-15,251.214,80.7,-0.664,0.29733333333333334,2.5933333333333333,2.847,1.16784
2018-07-16,251.214,80.7,-0.654,0.304,2.599,2.856,1.17088
2018-07-17,251.214,80.7,-0.639,0.346,2.615,2.86,1.1653
2018-07-18,251.214,80.7,-0.636,0.343,2.615,2.875,1.16448
2018-07-19,251.214,80.7,-0.645,0.332,2.591,2.838,1.16547
2018-07-20,251.214,80.7,-0.629,0.373,2.595,2.895,1.1729
2018-07-21,251.214,80.7,-0.632,0.38466666666666666,2.607666666666667,2.9166666666666665,1.1728
2018-07-22,251.214,80.7,-0.635,0.3963333333333333,2.6203333333333334,2.9383333333333335,1.17412
2018-07-23,251.214,80.7,-0.606,0.408,2.633,2.96,1.16933
2018-07-24,251.214,80.7,-0.616,0.398,2.637,2.95,1.1684
2018-07-25,251.214,80.7,-0.61,0.396,2.673,2.973,1.1736
2018-07-26,251.214,80.7,-0.609,0.407,2.69,2.982,1.16423
2018-07-27,251.214,80.7,-0.609,0.405,2.678,2.958,1.1671
2018-07-28,251.214,80.7,-0.611,0.4,2.6736666666666666,2.9636666666666667,1.1671
2018-07-29,251.214,80.7,-0.615,0.4235,2.6693333333333333,2.9693333333333336,1.166
2018-07-30,251.214,80.7,-0.592,0.447,2.665,2.975,1.17072
2018-07-31,251.214,80.7,-0.581,0.445,2.674,2.962,1.1689
2018-08-01,251.663,80.82,-0.565,0.478,2.682,3.004,1.16635
2018-08-02,251.663,80.82,-0.579,0.461,2.665,2.986,1.1583
2018-08-03,251.663,80.82,-0.594,0.41,2.645,2.951,1.1581
2018-08-04,251.663,80.82,-0.601,0.408,2.646333333333333,2.949,1.1579
2018-08-05,251.663,80.82,-0.604,0.4,2.647666666666667,2.947,1.15618
2018-08-06,251.663,80.82,-0.604,0.392,2.649,2.945,1.1557
2018-08-07,251.663,80.82,-0.587,0.41,2.674,2.977,1.1601
2018-08-08,251.663,80.82,-0.606,0.399,2.674,2.964,1.161
2018-08-09,251.663,80.82,-0.619,0.377,2.649,2.929,1.15232
2018-08-10,251.663,80.82,-0.641,0.321,2.608,2.873,1.1421
2018-08-11,251.663,80.82,-0.649,0.31833333333333336,2.6093333333333333,2.8743333333333334,1.142
2018-08-12,251.663,80.82,-0.653,0.31566666666666665,2.610666666666667,2.8756666666666666,1.13923
2018-08-13,251.663,80.82,-0.659,0.313,2.612,2.877,1.14003
2018-08-14,251.663,80.82,-0.631,0.328,2.641,2.9,1.1345
2018-08-15,251.663,80.82,-0.642,0.305,2.612,2.864,1.13403
2018-08-16,251.663,80.82,-0.619,0.32,2.621,2.87,1.13707
2018-08-17,251.663,80.82,-0.624,0.306,2.612,2.864,1.1447
2018-08-18,251.663,80.82,-0.633,0.312,2.603666666666667,2.8489999999999998,1.1446
2018-08-19,251.663,80.82,-0.636,0.309,2.5953333333333335,2.834,1.14371
2018-08-20,251.663,80.82,-0.634,0.306,2.587,2.819,1.14906
2018-08-21,251.663,80.82,-0.614,0.335,2.608,2.842,1.15744
2018-08-22,251.663,80.82,-0.605,0.345,2.595,2.821,1.1584
2018-08-23,251.663,80.82,-0.612,0.341,2.62,2.828,1.15397
2018-08-24,251.663,80.82,-0.611,0.344,2.624,2.813,1.1631
2018-08-25,251.663,80.82,-0.609,0.35,2.6310000000000002,2.8240000000000003,1.1631
2018-08-26,251.663,80.82,-0.613,0.364,2.638,2.835,1.1648
2018-08-27,251.663,80.82,-0.598,0.378,2.645,2.846,1.1681
2018-08-28,251.663,80.82,-0.59,0.381,2.669,2.884,1.16907
2018-08-29,251.663,80.82,-0.59,0.406,2.681,2.886,1.17091
2018-08-30,251.663,80.82,-0.622,0.346,2.653,2.859,1.16641
2018-08-31,251.663,80.82,-0.62,0.331,2.629,2.86,1.162
2018-09-01,252.182,81.14,-0.621,0.333,2.630333333333333,2.8606666666666665,1.162
2018-09-02,252.182,81.14,-0.624,0.335,2.631666666666667,2.8613333333333335,1.1598
2018-09-03,252.182,81.14,-0.623,0.337,2.633,2.862,1.16149
2018-09-04,252.182,81.14,-0.596,0.36,2.653,2.898,1.15859
2018-09-05,252.182,81.14,-0.575,0.382,2.653,2.904,1.16339
2018-09-06,252.182,81.14,-0.583,0.356,2.641,2.878,1.16194
2018-09-07,252.182,81.14,-0.564,0.391,2.707,2.939,1.157
2018-09-08,252.182,81.14,-0.562,0.395,2.7096666666666667,2.937666666666667,1.157
2018-09-09,252.182,81.14,-0.566,0.399,2.712333333333333,2.9363333333333332,1.156
2018-09-10,252.182,81.14,-0.555,0.403,2.715,2.935,1.15932
2018-09-11,252.182,81.14,-0.543,0.43,2.748,2.981,1.1595
2018-09-12,252.182,81.14,-0.557,0.409,2.752,2.964,1.16256
2018-09-13,252.182,81.14,-0.554,0.424,2.761,2.974,1.1691
2018-09-14,252.182,81.14,-0.536,0.445,2.786,3.0,1.1633
2018-09-15,252.182,81.14,-0.554,0.4295,2.784666666666667,2.998,1.1632
2018-09-16,252.182,81.14,-0.558,0.414,2.783333333333333,2.996,1.1627
2018-09-17,252.182,81.14,-0.543,0.458,2.782,2.994,1.16686
2018-09-18,252.182,81.14,-0.536,0.482,2.807,3.057,1.16792
2018-09-19,252.182,81.14,-0.54,0.489,2.795,3.066,1.16739
2018-09-20,252.182,81.14,-0.546,0.472,2.808,3.065,1.1775
2018-09-21,252.182,81.14,-0.551,0.461,2.804,3.066,1.1768
2018-09-22,252.182,81.14,-0.551,0.47700000000000004,2.8096666666666668,3.0736666666666665,1.1768
2018-09-23,252.182,81.14,-0.555,0.493,2.8153333333333332,3.0813333333333333,1.1748
2018-09-24,252.182,81.14,-0.525,0.509,2.821,3.089,1.1752
2018-09-25,252.182,81.14,-0.52,0.542,2.843,3.098,1.17627
2018-09-26,252.182,81.14,-0.51,0.524,2.819,3.048,1.17477
2018-09-27,252.182,81.14,-0.517,0.527,2.831,3.056,1.16368
2018-09-28,252.182,81.14,-0.543,0.472,2.823,3.065,1.162
2018-09-29,252.182,81.14,-0.555,0.473,2.823,3.072,1.162
2018-09-30,252.182,81.14,-0.559,0.474,2.823,3.0789999999999997,1.16044
2018-10-01,252.772,81.34,-0.567,0.475,2.823,3.086,1.1577
2018-10-02,252.772,81.34,-0.586,0.423,2.815,3.061,1.15512
2018-10-03,252.772,81.34,-0.553,0.476,2.876,3.181,1.1474
2018-10-04,252.772,81.34,-0.542,0.53,2.872,3.187,1.15174
2018-10-05,252.772,81.34,-0.534,0.577,2.889,3.233,1.1533
2018-10-06,252.772,81.34,-0.539,0.5603333333333333,2.8836666666666666,3.2323333333333335,1.1531
2018-10-07,252.772,81.34,-0.543,0.5436666666666666,2.8783333333333334,3.2316666666666665,1.1521
2018-10-08,252.772,81.34,-0.561,0.527,2.873,3.231,1.1493
2018-10-09,252.772,81.34,-0.547,0.551,2.889,3.206,1.1504
2018-10-10,252.772,81.34,-0.549,0.555,2.852,3.174,1.15329
2018-10-11,252.772,81.34,-0.567,0.521,2.848,3.146,1.15898
2018-10-12,252.772,81.34,-0.594,0.498,2.861,3.167,1.1574
2018-10-13,252.772,81.34,-0.597,0.49833333333333335,2.859666666666667,3.163333333333333,1.1573
2018-10-14,252.772,81.34,-0.601,0.49866666666666665,2.8583333333333334,3.159666666666667,1.15506
2018-10-15,252.772,81.34,-0.6,0.499,2.857,3.156,1.15827
2018-10-16,252.772,81.34,-0.592,0.491,2.87,3.163,1.15746
2018-10-17,252.772,81.34,-0.608,0.463,2.895,3.207,1.15001
2018-10-18,252.772,81.34,-0.645,0.414,2.874,3.177,1.14539
2018-10-19,252.772,81.34,-0.618,0.459,2.908,3.196,1.1529
2018-10-20,252.772,81.34,-0.628,0.444,2.909333333333333,3.1973333333333334,1.1528
2018-10-21,252.772,81.34,-0.632,0.4465,2.9106666666666667,3.198666666666667,1.1508
2018-10-22,252.772,81.34,-0.628,0.449,2.912,3.2,1.14642
2018-10-23,252.772,81.34,-0.637,0.41,2.883,3.171,1.14717
2018-10-24,252.772,81.34,-0.655,0.395,2.843,3.111,1.13986
2018-10-25,252.772,81.34,-0.644,0.399,2.855,3.126,1.1373
2018-10-26,252.772,81.34,-0.662,0.357,2.81,3.077,1.1423
2018-10-27,252.772,81.34,-0.66,0.365,2.814,3.081,1.1423
2018-10-28,252.772,81.34,-0.664,0.373,2.818,3.085,1.1396
2018-10-29,252.772,81.34,-0.654,0.381,2.822,3.089,1.13755
2018-10-30,252.772,81.34,-0.651,0.369,2.851,3.119,1.13456
2018-10-31,252.772,81.34,-0.653,0.386,2.871,3.149,1.13162
2018-11-01,252.594,80.89,-0.648,0.4,2.846,3.134,1.14026
2018-11-02,252.594,80.89,-0.652,0.426,2.911,3.22,1.1387
2018-11-03,252.594,80.89,-0.641,0.42566666666666664,2.9113333333333333,3.2136666666666667,1.1386
2018-11-04,252.594,80.89,-0.646,0.42533333333333334,2.9116666666666666,3.2073333333333336,1.1395
2018-11-05,252.594,80.89,-0.64,0.425,2.912,3.201,1.1409
2018-11-06,252.594,80.89,-0.636,0.432,2.936,3.231,1.14377
2018-11-07,252.594,80.89,-0.615,0.447,2.965,3.237,1.1434
2018-11-08,252.594,80.89,-0.615,0.459,2.973,3.239,1.13677
2018-11-09,252.594,80.89,-0.632,0.407,2.928,3.186,1.1336
2018-11-10,252.594,80.89,-0.63,0.4075,2.917,3.1743333333333332,1.1336
2018-11-11,252.594,80.89,-0.635,0.408,2.906,3.1626666666666665,1.1324
2018-11-12,252.594,80.89,-0.644,0.4,2.895,3.151,1.1224
2018-11-13,252.594,80.89,-0.629,0.41,2.895,3.141,1.1309
2018-11-14,252.594,80.89,-0.638,0.399,2.866,3.127,1.13111
2018-11-15,252.594,80.89,-0.66,0.36,2.858,3.11,1.1325
2018-11-16,252.594,80.89,-0.652,0.367,2.808,3.065,1.1419
2018-11-17,252.594,80.89,-0.659,0.36866666666666664,2.8023333333333333,3.0643333333333334,1.1419
2018-11-18,252.594,80.89,-0.663,0.37033333333333335,2.7966666666666664,3.0636666666666668,1.14132
2018-11-19,252.594,80.89,-0.645,0.372,2.791,3.063,1.14541
2018-11-20,252.594,80.89,-0.65,0.35,2.808,3.061,1.13716
2018-11-21,252.594,80.89,-0.635,0.377,2.816,3.065,1.13876
2018-11-22,252.594,80.89,-0.633,0.37,2.816,3.065,1.14024
2018-11-23,252.594,80.89,-0.64,0.34,2.816,3.046,1.1341
2018-11-24,252.594,80.89,-0.646,0.3473333333333333,2.8226666666666667,3.050333333333333,1.1343
2018-11-25,252.594,80.89,-0.65,0.3546666666666667,2.829333333333333,3.054666666666667,1.13363
2018-11-26,252.594,80.89,-0.635,0.362,2.836,3.059,1.13327
2018-11-27,252.594,80.89,-0.642,0.351,2.835,3.059,1.1297
2018-11-28,252.594,80.89,-0.579,0.348,2.813,3.061,1.1368
2018-11-29,252.594,80.89,-0.593,0.321,2.809,3.032,1.1392
2018-11-30,252.594,80.89,-0.595,0.315,2.797,2.993,1.1316
2018-12-01,252.767,80.85,-0.5963333333333333,0.322,2.805,2.984,1.132
2018-12-02,252.767,80.85,-0.5976666666666667,0.3135,2.813,2.975,1.13414
2018-12-03,252.767,80.85,-0.599,0.305,2.821,2.966,1.1354
2018-12-04,252.767,80.85,-0.61,0.262,2.799,2.915,1.1342
2018-12-05,252.767,80.85,-0.605,0.276,2.807,2.917,1.1348
2018-12-06,252.767,80.85,-0.621,0.236,2.762,2.892,1.13741
2018-12-07,252.767,80.85,-0.597,0.251,2.719,2.858,1.1381
2018-12-08,252.767,80.85,-0.619,0.24933333333333332,2.7236666666666665,2.8596666666666666,1.1378
2018-12-09,252.767,80.85,-0.597,0.24766666666666667,2.7283333333333335,2.8613333333333335,1.13999
2018-12-10,252.767,80.85,-0.575,0.246,2.733,2.863,1.1355
2018-12-11,252.767,80.85,-0.598,0.233,2.766,2.879,1.13222
2018-12-12,252.767,80.85,-0.563,0.277,2.774,2.911,1.13727
2018-12-13,252.767,80.85,-0.581,0.285,2.762,2.913,1.13629
2018-12-14,252.767,80.85,-0.608,0.256,2.737,2.895,1.1308
2018-12-15,252.767,80.85,-0.581,0.25633333333333336,2.7233333333333336,2.8823333333333334,1.1309
2018-12-16,252.767,80.85,-0.594,0.25666666666666665,2.7096666666666667,2.869666666666667,1.13049
2018-12-17,252.767,80.85,-0.607,0.257,2.696,2.857,1.13485
2018-12-18,252.767,80.85,-0.602,0.243,2.65,2.823,1.13746
2018-12-19,252.767,80.85,-0.602,0.241,2.646,2.762,1.13866
2018-12-20,252.767,80.85,-0.598,0.232,2.671,2.808,1.1456
2018-12-21,252.767,80.85,-0.608,0.25,2.635,2.788,1.1382
2018-12-22,252.767,80.85,-0.593,0.24966666666666668,2.610333333333333,2.771,1.1382
2018-12-23,252.767,80.85,-0.5985,0.24933333333333332,2.5856666666666666,2.754,1.13721
2018-12-24,252.767,80.85,-0.604,0.249,2.561,2.737,1.14
2018-12-25,252.767,80.85,-0.608,0.248,2.579,2.751,1.1413
2018-12-26,252.767,80.85,-0.608,0.25,2.621,2.81,1.13604
2018-12-27,252.767,80.85,-0.633,0.225,2.566,2.774,1.14302
2018-12-28,252.767,80.85,-0.608,0.234,2.518,2.716,1.1437
2018-12-29,252.767,80.85,-0.613,0.23800000000000002,2.5106666666666664,2.706,1.1439
2018-12-30,252.767,80.85,-0.6014999999999999,0.242,2.5033333333333334,2.696,1.1439
2018-12-31,252.767,80.85,-0.59,0.246,2.496,2.686,1.149
2019-01-01,252.561,80.01,-0.609,0.242,2.496,2.686,1.14608
2019-01-02,252.561,80.01,-0.619,0.165,2.478,2.633,1.13176
2019-01-03,252.561,80.01,-0.616,0.152,2.379,2.552,1.13901
2019-01-04,252.561,80.01,-0.601,0.206,2.498,2.668,1.1394
2019-01-05,252.561,80.01,-0.613,0.211,2.5123333333333333,2.678,1.1394
2019-01-06,252.561,80.01,-0.601,0.216,2.526666666666667,2.688,1.14097
2019-01-07,252.561,80.01,-0.589,0.221,2.541,2.698,1.1479
2019-01-08,252.561,80.01,-0.58,0.226,2.588,2.73,1.14554
2019-01-09,252.561,80.01,-0.587,0.219,2.555,2.712,1.15542
2019-01-10,252.561,80.01,-0.594,0.197,2.576,2.746,1.1507
2019-01-11,252.561,80.01,-0.589,0.183,2.543,2.699,1.1468
2019-01-12,252.561,80.01,-0.583,0.19966666666666666,2.541666666666667,2.7013333333333334,1.1468
2019-01-13,252.561,80.01,-0.588,0.21633333333333335,2.5403333333333333,2.7036666666666664,1.146
2019-01-14,252.561,80.01,-0.593,0.233,2.539,2.706,1.14721
2019-01-15,252.561,80.01,-0.623,0.208,2.535,2.718,1.1412
2019-01-16,252.561,80.01,-0.607,0.224,2.545,2.727,1.13973
2019-01-17,252.561,80.01,-0.586,0.243,2.57,2.75,1.13915
2019-01-18,252.561,80.01,-0.577,0.263,2.616,2.788,1.1371
2019-01-19,252.561,80.01,-0.589,0.26,2.611,2.783,1.1363
2019-01-20,252.561,80.01,-0.5874999999999999,0.257,2.606,2.778,1.13648
2019-01-21,252.561,80.01,-0.586,0.254,2.601,2.773,1.13679
2019-01-22,252.561,80.01,-0.592,0.235,2.589,2.741,1.13631
2019-01-23,252.561,80.01,-0.582,0.224,2.589,2.75,1.1386
2019-01-24,252.561,80.01,-0.58,0.18,2.566,2.716,1.1311
2019-01-25,252.561,80.01,-0.584,0.192,2.611,2.759,1.1399
2019-01-26,252.561,80.01,-0.579,0.19,2.6046666666666667,2.755333333333333,1.1406
2019-01-27,252.561,80.01,-0.5814999999999999,0.1975,2.5983333333333336,2.751666666666667,1.14124
2019-01-28,252.561,80.01,-0.584,0.205,2.592,2.748,1.1427
2019-01-29,252.561,80.01,-0.57,0.199,2.573,2.71,1.1434
2019-01-30,252.561,80.01,-0.563,0.189,2.51,2.678,1.1484
2019-01-31,252.561,80.01,-0.559,0.149,2.464,2.633,1.1448
2019-02-01,253.319,80.27,-0.577,0.166,2.506,2.684,1.1456
2019-02-02,253.319,80.27,-0.559,0.16933333333333334,2.5166666666666666,2.6976666666666667,1.1456
2019-02-03,253.319,80.27,-0.5660000000000001,0.17266666666666666,2.527333333333333,2.7113333333333336,1.14544
2019-02-04,253.319,80.27,-0.573,0.176,2.538,2.725,1.14354
2019-02-05,253.319,80.27,-0.567,0.17,2.528,2.704,1.1409
2019-02-06,253.319,80.27,-0.558,0.162,2.528,2.7,1.13646
2019-02-07,253.319,80.27,-0.581,0.116,2.484,2.657,1.1338
2019-02-08,253.319,80.27,-0.577,0.088,2.467,2.634,1.1334
2019-02-09,253.319,80.27,-0.5763333333333333,0.09833333333333333,2.473666666666667,2.6406666666666667,1.1329
2019-02-10,253.319,80.27,-0.5756666666666667,0.10866666666666666,2.4803333333333333,2.647333333333333,1.13235
2019-02-11,253.319,80.27,-0.575,0.119,2.487,2.654,1.1278
2019-02-12,253.319,80.27,-0.571,0.132,2.504,2.686,1.13338
2019-02-13,253.319,80.27,-0.561,0.123,2.537,2.709,1.12642
2019-02-14,253.319,80.27,-0.557,0.105,2.496,2.655,1.12945
2019-02-15,253.319,80.27,-0.56,0.104,2.518,2.664,1.1295
2019-02-16,253.319,80.27,-0.558,0.099,2.518,2.6670000000000003,1.1295
2019-02-17,253.319,80.27,-0.5645,0.10550000000000001,2.518,2.67,1.1295
2019-02-18,253.319,80.27,-0.571,0.112,2.518,2.673,1.13113
2019-02-19,253.319,80.27,-0.562,0.105,2.491,2.636,1.1339
2019-02-20,253.319,80.27,-0.571,0.099,2.502,2.648,1.1345
2019-02-21,253.319,80.27,-0.558,0.129,2.531,2.695,1.1338
2019-02-22,253.319,80.27,-0.568,0.094,2.497,2.654,1.134
2019-02-23,253.319,80.27,-0.549,0.099,2.501333333333333,2.6586666666666665,1.134
2019-02-24,253.319,80.27,-0.5555000000000001,0.104,2.5056666666666665,2.6633333333333336,1.13414
2019-02-25,253.319,80.27,-0.562,0.109,2.51,2.668,1.1364
2019-02-26,253.319,80.27,-0.555,0.119,2.484,2.638,1.1393
2019-02-27,253.319,80.27,-0.548,0.148,2.5,2.686,1.13795
2019-02-28,253.319,80.27,-0.534,0.182,2.518,2.717,1.13727
2019-03-01,254.277,81.09,-0.529,0.184,2.557,2.759,1.1376
2019-03-02,254.277,81.09,-0.5293333333333333,0.189,2.5523333333333333,2.747333333333333,1.1376
2019-03-03,254.277,81.09,-0.5296666666666667,0.1765,2.5476666666666667,2.735666666666667,1.13752
2019-03-04,254.277,81.09,-0.53,0.164,2.543,2.724,1.1338
2019-03-05,254.277,81.09,-0.5,0.167,2.547,2.719,1.13051
2019-03-06,254.277,81.09,-0.518,0.128,2.516,2.693,1.1311
2019-03-07,254.277,81.09,-0.545,0.066,2.475,2.641,1.11976
2019-03-08,254.277,81.09,-0.533,0.071,2.467,2.63,1.1238
2019-03-09,254.277,81.09,-0.545,0.071,2.471,2.6336666666666666,1.1238
2019-03-10,254.277,81.09,-0.541,0.069,2.475,2.6373333333333333,1.1231
2019-03-11,254.277,81.09,-0.537,0.067,2.479,2.641,1.12585
2019-03-12,254.277,81.09,-0.543,0.054,2.453,2.6,1.12867
2019-03-13,254.277,81.09,-0.545,0.063,2.467,2.625,1.1329
2019-03-14,254.277,81.09,-0.541,0.085,2.463,2.63,1.13078
2019-03-15,254.277,81.09,-0.537,0.083,2.442,2.591,1.1343
2019-03-16,254.277,81.09,-0.546,0.084,2.446,2.595666666666667,1.1342
2019-03-17,254.277,81.09,-0.5365,0.0845,2.45,2.6003333333333334,1.1319
2019-03-18,254.277,81.09,-0.527,0.085,2.454,2.605,1.13355
2019-03-19,254.277,81.09,-0.525,0.101,2.475,2.618,1.1353
2019-03-20,254.277,81.09,-0.528,0.083,2.398,2.524,1.1428
2019-03-21,254.277,81.09,-0.546,0.042,2.41,2.539,1.1374
2019-03-22,254.277,81.09,-0.562,-0.012,2.319,2.437,1.1319
2019-03-23,254.277,81.09,-0.546,-0.017333333333333333,2.296,2.426333333333333,1.1313
2019-03-24,254.277,81.09,-0.5545,-0.02266666666666667,2.273,2.4156666666666666,1.1294
2019-03-25,254.277,81.09,-0.563,-0.028,2.25,2.405,1.13153
2019-03-26,254.277,81.09,-0.56,-0.015,2.27,2.425,1.1274
2019-03-27,254.277,81.09,-0.607,-0.081,2.21,2.381,1.1251
2019-03-28,254.277,81.09,-0.594,-0.071,2.232,2.391,1.1227
2019-03-29,254.277,81.09,-0.607,-0.071,2.266,2.407,1.123
2019-03-30,254.277,81.09,-0.592,-0.068,2.2896666666666667,2.439,1.123
2019-03-31,254.277,81.09,-0.595,-0.0475,2.3133333333333335,2.471,1.1223
2019-04-01,255.233,81.67,-0.598,-0.027,2.337,2.503,1.1203
2019-04-02,255.233,81.67,-0.608,-0.049,2.302,2.472,1.1202
2019-04-03,255.233,81.67,-0.579,0.008,2.341,2.528,1.12443
2019-04-04,255.233,81.67,-0.582,-0.006,2.339,2.513,1.1221
2019-04-05,255.233,81.67,-0.575,0.006,2.343,2.499,1.1231
2019-04-06,255.233,81.67,-0.582,0.006,2.3486666666666665,2.5060000000000002,1.123
2019-04-07,255.233,81.67,-0.58,0.006,2.3543333333333334,2.513,1.1217
2019-04-08,255.233,81.67,-0.578,0.006,2.36,2.52,1.12558
2019-04-09,255.233,81.67,-0.575,-0.009,2.35,2.502,1.12657
2019-04-10,255.233,81.67,-0.589,-0.026,2.321,2.465,1.12758
2019-04-11,255.233,81.67,-0.578,-0.008,2.358,2.499,1.126
2019-04-12,255.233,81.67,-0.573,0.057,2.393,2.562,1.1318
2019-04-13,255.233,81.67,-0.581,0.057,2.393333333333333,2.56,1.1318
2019-04-14,255.233,81.67,-0.5774999999999999,0.057,2.393666666666667,2.558,1.1303
2019-04-15,255.233,81.67,-0.574,0.057,2.394,2.556,1.1304
2019-04-16,255.233,81.67,-0.581,0.065,2.414,2.592,1.12843
2019-04-17,255.233,81.67,-0.583,0.081,2.404,2.594,1.12962
2019-04-18,255.233,81.67,-0.589,0.023,2.38,2.56,1.1234
2019-04-19,255.233,81.67,-0.597,0.023,2.38175,2.56675,1.1245
2019-04-20,255.233,81.67,-0.595,0.023333333333333334,2.3834999999999997,2.5735,1.1244
2019-04-21,255.233,81.67,-0.593,0.023666666666666666,2.38525,2.5802500000000004,1.1244
2019-04-22,255.233,81.67,-0.591,0.024,2.387,2.587,1.12583
2019-04-23,255.233,81.67,-0.586,0.04,2.364,2.569,1.12236
2019-04-24,255.233,81.67,-0.601,-0.013,2.32,2.518,1.11528
2019-04-25,255.233,81.67,-0.604,-0.009,2.332,2.534,1.11359
2019-04-26,255.233,81.67,-0.608,-0.021,2.286,2.5,1.1162
2019-04-27,255.233,81.67,-0.6026666666666667,-0.012666666666666668,2.288666666666667,2.509,1.1138
2019-04-28,255.233,81.67,-0.5973333333333333,-0.004333333333333335,2.291333333333333,2.5180000000000002,1.11498
2019-04-29,255.233,81.67,-0.592,0.004,2.294,2.527,1.11848
2019-04-30,255.233,81.67,-0.594,0.013,2.266,2.504,1.1214
2019-05-01,255.296,81.78,-0.596,0.013,2.308,2.502,1.12
2019-05-02,255.296,81.78,-0.596,0.029,2.347,2.545,1.1171
2019-05-03,255.296,81.78,-0.597,0.024,2.335,2.53,1.121
2019-05-04,255.296,81.78,-0.6006666666666667,0.018,2.3263333333333334,2.52,1.121
2019-05-05,255.296,81.78,-0.6043333333333333,0.012,2.3176666666666668,2.51,1.11849
2019-05-06,255.296,81.78,-0.608,0.006,2.309,2.5,1.12009
2019-05-07,255.296,81.78,-0.611,-0.04,2.282,2.448,1.11891
2019-05-08,255.296,81.78,-0.619,-0.046,2.301,2.485,1.11974
2019-05-09,255.296,81.78,-0.626,-0.048,2.266,2.453,1.12182
2019-05-10,255.296,81.78,-0.619,-0.044,2.272,2.473,1.1234
2019-05-11,255.296,81.78,-0.63,-0.049,2.2449999999999997,2.4496666666666664,1.123
2019-05-12,255.296,81.78,-0.634,-0.0605,2.218,2.4263333333333335,1.1237
2019-05-13,255.296,81.78,-0.638,-0.072,2.191,2.403,1.12316
2019-05-14,255.296,81.78,-0.636,-0.07,2.198,2.414,1.1204
2019-05-15,255.296,81.78,-0.655,-0.099,2.164,2.377,1.12065
2019-05-16,255.296,81.78,-0.647,-0.092,2.194,2.394,1.11728
2019-05-17,255.296,81.78,-0.647,-0.103,2.2,2.393,1.1166
2019-05-18,255.296,81.78,-0.6495,-0.09799999999999999,2.207666666666667,2.4016666666666664,1.1165
2019-05-19,255.296,81.78,-0.652,-0.093,2.215333333333333,2.4103333333333334,1.11645
2019-05-20,255.296,81.78,-0.638,-0.088,2.223,2.419,1.1168
2019-05-21,255.296,81.78,-0.615,-0.058,2.258,2.428,1.1164
2019-05-22,255.296,81.78,-0.626,-0.083,2.227,2.38,1.11546
2019-05-23,255.296,81.78,-0.628,-0.12,2.15,2.322,1.1183
2019-05-24,255.296,81.78,-0.625,-0.116,2.168,2.324,1.1205
2019-05-25,255.296,81.78,-0.629,-0.116,2.1693333333333333,2.3193333333333332,1.1202
2019-05-26,255.296,81.78,-0.636,-0.129,2.170666666666667,2.3146666666666667,1.12088
2019-05-27,255.296,81.78,-0.643,-0.142,2.172,2.31,1.1193
2019-05-28,255.296,81.78,-0.644,-0.16,2.129,2.267,1.1166
2019-05-29,255.296,81.78,-0.646,-0.176,2.109,2.262,1.11364
2019-05-30,255.296,81.78,-0.642,-0.175,2.067,2.217,1.11304
2019-05-31,255.296,81.78,-0.66,-0.203,1.924,2.133,1.1197
2019-06-01,255.213,81.91,-0.6546666666666667,-0.20233333333333334,1.896,2.1136666666666666,1.1196
2019-06-02,255.213,81.91,-0.6493333333333333,-0.2016666666666667,1.868,2.0943333333333336,1.11733
2019-06-03,255.213,81.91,-0.644,-0.201,1.84,2.075,1.1244
2019-06-04,255.213,81.91,-0.642,-0.208,1.879,2.121,1.1254
2019-06-05,255.213,81.91,-0.666,-0.227,1.853,2.131,1.1228
2019-06-06,255.213,81.91,-0.642,-0.24,1.879,2.121,1.12758
2019-06-07,255.213,81.91,-0.654,-0.257,1.851,2.084,1.134
2019-06-08,255.213,81.91,-0.6553333333333333,-0.24433333333333335,1.8699999999999999,2.106,1.1339
2019-06-09,255.213,81.91,-0.6566666666666667,-0.23166666666666666,1.889,2.128,1.1319
2019-06-10,255.213,81.91,-0.658,-0.219,1.908,2.15,1.13173
2019-06-11,255.213,81.91,-0.656,-0.233,1.93,2.145,1.13286
2019-06-12,255.213,81.91,-0.666,-0.237,1.883,2.122,1.1292
2019-06-13,255.213,81.91,-0.662,-0.242,1.834,2.093,1.1279
2019-06-14,255.213,81.91,-0.684,-0.256,1.845,2.084,1.1236
2019-06-15,255.213,81.91,-0.684,-0.25233333333333335,1.8536666666666666,2.0863333333333336,1.1234
2019-06-16,255.213,81.91,-0.684,-0.24866666666666667,1.8623333333333334,2.0886666666666667,1.12163
2019-06-17,255.213,81.91,-0.684,-0.245,1.871,2.091,1.12238
2019-06-18,255.213,81.91,-0.738,-0.317,1.864,2.058,1.11977
2019-06-19,255.213,81.91,-0.712,-0.289,1.741,2.029,1.1235
2019-06-20,255.213,81.91,-0.742,-0.316,1.775,2.023,1.12945
2019-06-21,255.213,81.91,-0.714,-0.284,1.772,2.059,1.1394
2019-06-22,255.213,81.91,-0.718,-0.29133333333333333,1.7593333333333334,2.0453333333333332,1.1393
2019-06-23,255.213,81.91,-0.722,-0.29866666666666664,1.7466666666666666,2.0316666666666667,1.1384
2019-06-24,255.213,81.91,-0.726,-0.306,1.734,2.018,1.1398
2019-06-25,255.213,81.91,-0.733,-0.331,1.736,1.988,1.1367
2019-06-26,255.213,81.91,-0.732,-0.303,1.775,2.05,1.13739
2019-06-27,255.213,81.91,-0.726,-0.32,1.747,2.014,1.137
2019-06-28,255.213,81.91,-0.734,-0.328,1.757,2.007,1.1388
2019-06-29,255.213,81.91,-0.743,-0.3363333333333333,1.7683333333333333,2.0156666666666667,1.1387
2019-06-30,255.213,81.91,-0.7464999999999999,-0.3446666666666667,1.7796666666666665,2.0243333333333333,1.136
2019-07-01,255.802,81.52,-0.75,-0.353,1.791,2.033,1.12867
2019-07-02,255.802,81.52,-0.748,-0.368,1.763,1.976,1.1291
2019-07-03,255.802,81.52,-0.739,-0.385,1.764,1.953,1.1286
2019-07-04,255.802,81.52,-0.745,-0.399,1.762,1.948,1.12844
2019-07-05,255.802,81.52,-0.738,-0.361,1.867,2.039,1.123
2019-07-06,255.802,81.52,-0.752,-0.36266666666666664,1.8739999999999999,2.0420000000000003,1.123
2019-07-07,255.802,81.52,-0.743,-0.36433333333333334,1.881,2.045,1.1226
2019-07-08,255.802,81.52,-0.734,-0.366,1.888,2.048,1.1215
2019-07-09,255.802,81.52,-0.728,-0.354,1.919,2.072,1.1203
2019-07-10,255.802,81.52,-0.724,-0.306,1.828,2.061,1.1258
2019-07-11,255.802,81.52,-0.713,-0.264,1.869,2.143,1.125
2019-07-12,255.802,81.52,-0.716,-0.248,1.845,2.124,1.1286
2019-07-13,255.802,81.52,-0.709,-0.252,1.8416666666666666,2.1126666666666667,1.1285
2019-07-14,255.802,81.52,-0.7224999999999999,-0.273,1.8383333333333334,2.1013333333333333,1.12711
2019-07-15,255.802,81.52,-0.736,-0.294,1.835,2.09,1.1261
2019-07-16,255.802,81.52,-0.736,-0.289,1.854,2.106,1.1212
2019-07-17,255.802,81.52,-0.751,-0.287,1.811,2.043,1.1226
2019-07-18,255.802,81.52,-0.754,-0.31,1.756,2.026,1.12607
2019-07-19,255.802,81.52,-0.773,-0.322,1.824,2.057,1.1232
2019-07-20,255.802,81.52,-0.773,-0.324,1.8213333333333335,2.0546666666666664,1.1226
2019-07-21,255.802,81.52,-0.773,-0.33399999999999996,1.8186666666666667,2.0523333333333333,1.1218
2019-07-22,255.802,81.52,-0.773,-0.344,1.816,2.05,1.12053
2019-07-23,255.802,81.52,-0.78,-0.353,1.837,2.078,1.115
2019-07-24,255.802,81.52,-0.784,-0.378,1.822,2.05,1.1141
2019-07-25,255.802,81.52,-0.763,-0.361,1.868,2.083,1.1145
2019-07-26,255.802,81.52,-0.756,-0.377,1.86,2.074,1.1146
2019-07-27,255.802,81.52,-0.756,-0.377,1.8586666666666667,2.070333333333333,1.1145
2019-07-28,255.802,81.52,-0.762,-0.383,1.8573333333333335,2.066666666666667,1.113
2019-07-29,255.802,81.52,-0.768,-0.389,1.856,2.063,1.11422
2019-07-30,255.802,81.52,-0.765,-0.397,1.848,2.06,1.11571
2019-07-31,255.802,81.52,-0.783,-0.442,1.868,2.007,1.107
2019-08-01,256.036,81.64,-0.776,-0.449,1.75,1.902,1.10781
2019-08-02,256.036,81.64,-0.792,-0.495,1.71,1.843,1.1128
2019-08-03,256.036,81.64,-0.7993333333333333,-0.502,1.6663333333333332,1.8013333333333332,1.1127
2019-08-04,256.036,81.64,-0.8066666666666666,-0.509,1.6226666666666667,1.7596666666666667,1.11073
2019-08-05,256.036,81.64,-0.814,-0.516,1.579,1.718,1.1242
2019-08-06,256.036,81.64,-0.822,-0.537,1.597,1.716,1.12035
2019-08-07,256.036,81.64,-0.858,-0.582,1.603,1.721,1.12033
2019-08-08,256.036,81.64,-0.851,-0.558,1.617,1.719,1.1186
2019-08-09,256.036,81.64,-0.867,-0.575,1.649,1.745,1.131
2019-08-10,256.036,81.64,-0.843,-0.581,1.6253333333333333,1.71,1.1309
2019-08-11,256.036,81.64,-0.8485,-0.587,1.6016666666666668,1.675,1.12075
2019-08-12,256.036,81.64,-0.854,-0.593,1.578,1.64,1.1216
2019-08-13,256.036,81.64,-0.871,-0.608,1.671,1.702,1.1175
2019-08-14,256.036,81.64,-0.864,-0.649,1.581,1.583,1.1141
2019-08-15,256.036,81.64,-0.915,-0.711,1.473,1.502,1.1111
2019-08-16,256.036,81.64,-0.903,-0.684,1.487,1.562,1.1093
2019-08-17,256.036,81.64,-0.906,-0.673,1.5090000000000001,1.5773333333333335,1.1093
2019-08-18,256.036,81.64,-0.9025000000000001,-0.662,1.531,1.5926666666666667,1.1091
2019-08-19,256.036,81.64,-0.899,-0.651,1.553,1.608,1.10824
2019-08-20,256.036,81.64,-0.901,-0.691,1.51,1.552,1.1097
2019-08-21,256.036,81.64,-0.887,-0.671,1.575,1.591,1.1088
2019-08-22,256.036,81.64,-0.865,-0.645,1.612,1.613,1.1083
2019-08-23,256.036,81.64,-0.893,-0.677,1.531,1.533,1.1239
2019-08-24,256.036,81.64,-0.867,-0.6723333333333333,1.535,1.5346666666666666,1.1233
2019-08-25,256.036,81.64,-0.876,-0.6676666666666667,1.539,1.5363333333333333,1.11423
2019-08-26,256.036,81.64,-0.885,-0.663,1.543,1.538,1.11
2019-08-27,256.036,81.64,-0.882,-0.694,1.524,1.474,1.1089
2019-08-28,256.036,81.64,-0.884,-0.71,1.5,1.468,1.10851
2019-08-29,256.036,81.64,-0.894,-0.694,1.526,1.496,1.10596
2019-08-30,256.036,81.64,-0.923,-0.703,1.51,1.499,1.1009
2019-08-31,256.036,81.64,-0.898,-0.7026666666666667,1.5093333333333334,1.5013333333333334,1.1009
2019-09-01,256.43,81.82,-0.9085000000000001,-0.7023333333333333,1.5086666666666666,1.5036666666666667,1.099
2019-09-02,256.43,81.82,-0.919,-0.702,1.508,1.506,1.0964
2019-09-03,256.43,81.82,-0.896,-0.703,1.454,1.462,1.0972
2019-09-04,256.43,81.82,-0.884,-0.675,1.436,1.471,1.10339
2019-09-05,256.43,81.82,-0.855,-0.595,1.534,1.565,1.1032
2019-09-06,256.43,81.82,-0.851,-0.637,1.54,1.56,1.1131
2019-09-07,256.43,81.82,-0.846,-0.638,1.5583333333333333,1.589,1.1125
2019-09-08,256.43,81.82,-0.8405,-0.61,1.5766666666666667,1.618,1.1019
2019-09-09,256.43,81.82,-0.835,-0.582,1.595,1.647,1.10477
2019-09-10,256.43,81.82,-0.817,-0.548,1.688,1.744,1.1049
2019-09-11,256.43,81.82,-0.811,-0.561,1.676,1.745,1.1013
2019-09-12,256.43,81.82,-0.697,-0.524,1.725,1.778,1.10555
2019-09-13,256.43,81.82,-0.703,-0.445,1.804,1.901,1.1155
2019-09-14,256.43,81.82,-0.707,-0.45666666666666667,1.7883333333333333,1.8816666666666666,1.1155
2019-09-15,256.43,81.82,-0.711,-0.4683333333333333,1.7726666666666666,1.8623333333333334,1.10825
2019-09-16,256.43,81.82,-0.715,-0.48,1.757,1.843,1.1001
2019-09-17,256.43,81.82,-0.699,-0.474,1.731,1.81,1.1074
2019-09-18,256.43,81.82,-0.714,-0.508,1.764,1.8,1.10291
2019-09-19,256.43,81.82,-0.711,-0.507,1.744,1.787,1.10455
2019-09-20,256.43,81.82,-0.706,-0.522,1.687,1.722,1.1016
2019-09-21,256.43,81.82,-0.7116666666666667,-0.5423333333333333,1.6856666666666666,1.7223333333333333,1.1014
2019-09-22,256.43,81.82,-0.7173333333333333,-0.5626666666666666,1.6843333333333335,1.7226666666666668,1.10184
2019-09-23,256.43,81.82,-0.723,-0.583,1.683,1.723,1.09925
2019-09-24,256.43,81.82,-0.714,-0.6,1.628,1.652,1.1013
2019-09-25,256.43,81.82,-0.715,-0.576,1.681,1.737,1.0951
2019-09-26,256.43,81.82,-0.729,-0.583,1.66,1.697,1.0922
2019-09-27,256.43,81.82,-0.752,-0.575,1.638,1.687,1.09409
2019-09-28,256.43,81.82,-0.752,-0.573,1.634,1.6806666666666668,1.0939
2019-09-29,256.43,81.82,-0.752,-0.5725,1.63,1.6743333333333332,1.0941
2019-09-30,256.43,81.82,-0.752,-0.572,1.626,1.668,1.08988
2019-10-01,257.155,81.93,-0.752,-0.562,1.542,1.635,1.09341
2019-10-02,257.155,81.93,-0.747,-0.547,1.484,1.601,1.096
2019-10-03,257.155,81.93,-0.759,-0.587,1.392,1.534,1.09747
2019-10-04,257.155,81.93,-0.759,-0.587,1.406,1.529,1.0978
2019-10-05,257.155,81.93,-0.761,-0.585,1.4266666666666665,1.541,1.0978
2019-10-06,257.155,81.93,-0.7575000000000001,-0.58,1.4473333333333334,1.553,1.0983
2019-10-07,257.155,81.93,-0.754,-0.575,1.468,1.565,1.0972
2019-10-08,257.155,81.93,-0.765,-0.594,1.428,1.532,1.09592
2019-10-09,257.155,81.93,-0.735,-0.549,1.47,1.587,1.0983
2019-10-10,257.155,81.93,-0.702,-0.469,1.546,1.67,1.10097
2019-10-11,257.155,81.93,-0.711,-0.445,1.597,1.734,1.1036
2019-10-12,257.155,81.93,-0.706,-0.448,1.5963333333333334,1.7276666666666667,1.10352
2019-10-13,257.155,81.93,-0.7015,-0.451,1.5956666666666666,1.7213333333333334,1.1027
2019-10-14,257.155,81.93,-0.697,-0.454,1.595,1.715,1.10257
2019-10-15,257.155,81.93,-0.667,-0.417,1.624,1.771,1.1034
2019-10-16,257.155,81.93,-0.669,-0.385,1.59,1.745,1.1072
2019-10-17,257.155,81.93,-0.657,-0.408,1.598,1.75,1.11243
2019-10-18,257.155,81.93,-0.657,-0.38,1.578,1.754,1.1168
2019-10-19,257.155,81.93,-0.669,-0.36833333333333335,1.5936666666666668,1.7703333333333333,1.1183
2019-10-20,257.155,81.93,-0.6625000000000001,-0.35666666666666663,1.6093333333333333,1.7866666666666666,1.1154
2019-10-21,257.155,81.93,-0.656,-0.345,1.625,1.803,1.11507
2019-10-22,257.155,81.93,-0.656,-0.367,1.601,1.768,1.11286
2019-10-23,257.155,81.93,-0.651,-0.39,1.588,1.768,1.11316
2019-10-24,257.155,81.93,-0.666,-0.406,1.582,1.771,1.11026
2019-10-25,257.155,81.93,-0.648,-0.364,1.624,1.799,1.1079
2019-10-26,257.155,81.93,-0.647,-0.353,1.6320000000000001,1.8143333333333334,1.1079
2019-10-27,257.155,81.93,-0.646,-0.342,1.64,1.8296666666666666,1.1083
2019-10-28,257.155,81.93,-0.645,-0.331,1.648,1.845,1.10987
2019-10-29,257.155,81.93,-0.635,-0.351,1.641,1.837,1.1111
2019-10-30,257.155,81.93,-0.637,-0.355,1.602,1.775,1.1152
2019-10-31,257.155,81.93,-0.661,-0.403,1.526,1.688,1.11566
2019-11-01,257.879,81.67,-0.653,-0.381,1.554,1.714,1.1191
2019-11-02,257.879,81.67,-0.6516666666666667,-0.37033333333333335,1.5653333333333335,1.7363333333333333,1.1166
2019-11-03,257.879,81.67,-0.6503333333333333,-0.35966666666666663,1.5766666666666667,1.7586666666666666,1.11658
2019-11-04,257.879,81.67,-0.649,-0.349,1.588,1.781,1.1127
2019-11-05,257.879,81.67,-0.634,-0.309,1.622,1.857,1.10737
2019-11-06,257.879,81.67,-0.635,-0.334,1.613,1.83,1.10699
2019-11-07,257.879,81.67,-0.606,-0.234,1.679,1.929,1.1052
2019-11-08,257.879,81.67,-0.614,-0.261,1.68,1.945,1.10182
2019-11-09,257.879,81.67,-0.627,-0.2675,1.6786666666666665,1.9376666666666666,1.10196
2019-11-10,257.879,81.67,-0.618,-0.25575000000000003,1.6773333333333333,1.9303333333333335,1.10211
2019-11-11,257.879,81.67,-0.609,-0.244,1.676,1.923,1.10347
2019-11-12,257.879,81.67,-0.619,-0.252,1.662,1.928,1.10119
2019-11-13,257.879,81.67,-0.624,-0.298,1.646,1.891,1.1009
2019-11-14,257.879,81.67,-0.65,-0.35,1.591,1.822,1.10196
2019-11-15,257.879,81.67,-0.626,-0.335,1.614,1.836,1.10485
2019-11-16,257.879,81.67,-0.642,-0.335,1.6093333333333335,1.829,1.105
2019-11-17,257.879,81.67,-0.6295,-0.3355,1.6046666666666667,1.822,1.10531
2019-11-18,257.879,81.67,-0.617,-0.336,1.6,1.815,1.10715
2019-11-19,257.879,81.67,-0.623,-0.339,1.6,1.786,1.10779
2019-11-20,257.879,81.67,-0.627,-0.347,1.582,1.747,1.1077
2019-11-21,257.879,81.67,-0.619,-0.326,1.609,1.776,1.10654
2019-11-22,257.879,81.67,-0.635,-0.359,1.626,1.771,1.10196
2019-11-23,257.879,81.67,-0.632,-0.35566666666666663,1.621,1.7646666666666666,1.10196
2019-11-24,257.879,81.67,-0.629,-0.35233333333333333,1.6159999999999999,1.7583333333333333,1.1021
2019-11-25,257.879,81.67,-0.626,-0.349,1.611,1.752,1.1011
2019-11-26,257.879,81.67,-0.631,-0.371,1.59,1.741,1.10217
2019-11-27,257.879,81.67,-0.633,-0.372,1.626,1.767,1.10041
2019-11-28,257.879,81.67,-0.629,-0.36,1.628,1.778,1.10109
2019-11-29,257.879,81.67,-0.629,-0.36,1.612,1.774,1.10156
2019-11-30,257.879,81.67,-0.624,-0.3333333333333333,1.6093333333333335,1.79,1.10196
2019-12-01,258.63,81.93,-0.619,-0.3066666666666667,1.6066666666666667,1.806,1.10183
2019-12-02,258.63,81.93,-0.614,-0.28,1.604,1.822,1.10751
2019-12-03,258.63,81.93,-0.634,-0.348,1.542,1.717,1.1081
2019-12-04,258.63,81.93,-0.622,-0.313,1.578,1.778,1.10823
2019-12-05,258.63,81.93,-0.659,-0.297,1.592,1.809,1.1104
2019-12-06,258.63,81.93,-0.673,-0.287,1.619,1.843,1.10555
2019-12-07,258.63,81.93,-0.6783333333333333,-0.29366666666666663,1.619,1.8356666666666666,1.10555
2019-12-08,258.63,81.93,-0.6836666666666666,-0.30033333333333334,1.619,1.8283333333333334,1.10581
2019-12-09,258.63,81.93,-0.689,-0.307,1.619,1.821,1.10639
2019-12-10,258.63,81.93,-0.684,-0.296,1.654,1.842,1.1092
2019-12-11,258.63,81.93,-0.691,-0.322,1.615,1.793,1.11324
2019-12-12,258.63,81.93,-0.622,-0.269,1.664,1.896,1.1184
2019-12-13,258.63,81.93,-0.618,-0.29,1.608,1.824,1.1117
2019-12-14,258.63,81.93,-0.621,-0.285,1.6153333333333333,1.8403333333333334,1.1117
2019-12-15,258.63,81.93,-0.624,-0.28,1.6226666666666667,1.8566666666666667,1.11238
2019-12-16,258.63,81.93,-0.627,-0.275,1.63,1.873,1.11362
2019-12-17,258.63,81.93,-0.638,-0.293,1.625,1.875,1.11504
2019-12-18,258.63,81.93,-0.632,-0.248,1.635,1.922,1.11152
2019-12-19,258.63,81.93,-0.629,-0.234,1.631,1.922,1.1124
2019-12-20,258.63,81.93,-0.64,-0.25,1.632,1.919,1.10765
2019-12-21,258.63,81.93,-0.6376666666666667,-0.24633333333333332,1.638,1.922,1.10765
2019-12-22,258.63,81.93,-0.6353333333333333,-0.24266666666666667,1.644,1.925,1.10796
2019-12-23,258.63,81.93,-0.633,-0.239,1.65,1.928,1.1091
2019-12-24,258.63,81.93,-0.643,-0.2445,1.629,1.903,1.1087
2019-12-25,258.63,81.93,-0.643,-0.245,1.631,1.907,1.10944
2019-12-26,258.63,81.93,-0.643,-0.245,1.635,1.894,1.11004
2019-12-27,258.63,81.93,-0.633,-0.252,1.587,1.877,1.1177
2019-12-28,258.63,81.93,-0.625,-0.22866666666666666,1.5816666666666666,1.88,1.1177
2019-12-29,258.63,81.93,-0.617,-0.20533333333333334,1.5763333333333334,1.883,1.11813
2019-12-30,258.63,81.93,-0.609,-0.182,1.571,1.886,1.12017
2019-12-31,258.63,81.93,-0.594,-0.187,1.571,1.919,1.122
2020-01-01,259.127,81.1,-0.613,-0.20400000000000001,1.571,1.921,1.12186
2020-01-02,259.127,81.1,-0.605,-0.221,1.571,1.877,1.11703
2020-01-03,259.127,81.1,-0.622,-0.28,1.533,1.793,1.1153
2020-01-04,259.127,81.1,-0.623,-0.28200000000000003,1.5376666666666665,1.7983333333333333,1.1153
2020-01-05,259.127,81.1,-0.624,-0.284,1.5423333333333333,1.8036666666666665,1.11611
2020-01-06,259.127,81.1,-0.625,-0.286,1.547,1.809,1.11951
2020-01-07,259.127,81.1,-0.625,-0.283,1.538,1.811,1.11535
2020-01-08,259.127,81.1,-0.607,-0.242,1.585,1.874,1.11123
2020-01-09,259.127,81.1,-0.592,-0.218,1.581,1.855,1.1109
2020-01-10,259.127,81.1,-0.597,-0.235,1.57,1.82,1.1119
2020-01-11,259.127,81.1,-0.5943333333333333,-0.22166666666666665,1.576,1.8293333333333335,1.1121
2020-01-12,259.127,81.1,-0.5916666666666667,-0.20833333333333334,1.582,1.8386666666666667,1.1116
2020-01-13,259.127,81.1,-0.589,-0.195,1.588,1.848,1.1135
2020-01-14,259.127,81.1,-0.585,-0.207,1.57,1.813,1.11277
2020-01-15,259.127,81.1,-0.593,-0.198,1.56,1.786,1.1151
2020-01-16,259.127,81.1,-0.593,-0.216,1.566,1.809,1.1137
2020-01-17,259.127,81.1,-0.593,-0.214,1.565,1.825,1.1089
2020-01-18,259.127,81.1,-0.5913333333333333,-0.21533333333333332,1.5636666666666665,1.8243333333333334,1.1089
2020-01-19,259.127,81.1,-0.5896666666666667,-0.21666666666666667,1.5623333333333334,1.8236666666666665,1.10932
2020-01-20,259.127,81.1,-0.588,-0.218,1.561,1.823,1.1096
2020-01-21,259.127,81.1,-0.581,-0.247,1.533,1.774,1.1083
2020-01-22,259.127,81.1,-0.589,-0.261,1.528,1.769,1.10955
2020-01-23,259.127,81.1,-0.6,-0.306,1.514,1.731,1.10545
2020-01-24,259.127,81.1,-0.612,-0.336,1.495,1.686,1.1026
2020-01-25,259.127,81.1,-0.6173333333333333,-0.35233333333333333,1.479,1.6616666666666666,1.1026
2020-01-26,259.127,81.1,-0.6226666666666667,-0.3686666666666667,1.463,1.6373333333333333,1.10244
2020-01-27,259.127,81.1,-0.628,-0.385,1.447,1.613,1.1018
2020-01-28,259.127,81.1,-0.626,-0.379,1.469,1.661,1.10218
2020-01-29,259.127,81.1,-0.637,-0.378,1.413,1.581,1.1013
2020-01-30,259.127,81.1,-0.658,-0.405,1.415,1.591,1.1029
2020-01-31,259.127,81.1,-0.668,-0.434,1.319,1.505,1.10949
2020-02-01,259.25,81.25,-0.67,-0.437,1.3316666666666666,1.512,1.10949
2020-02-02,259.25,81.25,-0.672,-0.44,1.3443333333333334,1.519,1.10891
2020-02-03,259.25,81.25,-0.674,-0.443,1.357,1.526,1.10623
2020-02-04,259.25,81.25,-0.65,-0.397,1.415,1.603,1.10447
2020-02-05,259.25,81.25,-0.642,-0.36,1.443,1.649,1.1
2020-02-06,259.25,81.25,-0.63,-0.367,1.449,1.644,1.09807
2020-02-07,259.25,81.25,-0.639,-0.385,1.401,1.582,1.0942
2020-02-08,259.25,81.25,-0.6383333333333333,-0.39366666666666666,1.3956666666666666,1.5756666666666668,1.0942
2020-02-09,259.25,81.25,-0.6376666666666667,-0.4023333333333333,1.3903333333333334,1.5693333333333332,1.09485
2020-02-10,259.25,81.25,-0.637,-0.411,1.385,1.563,1.09102
2020-02-11,259.25,81.25,-0.64,-0.392,1.426,1.602,1.0918
2020-02-12,259.25,81.25,-0.637,-0.375,1.446,1.637,1.08749
2020-02-13,259.25,81.25,-0.645,-0.386,1.446,1.619,1.08409
2020-02-14,259.25,81.25,-0.654,-0.401,1.43,1.588,1.08301
2020-02-15,259.25,81.25,-0.6526666666666667,-0.401,1.4286666666666665,1.5846666666666667,1.08301
2020-02-16,259.25,81.25,-0.6513333333333333,-0.401,1.4273333333333333,1.5813333333333335,1.08403
2020-02-17,259.25,81.25,-0.65,-0.401,1.426,1.578,1.0836
2020-02-18,259.25,81.25,-0.646,-0.406,1.414,1.559,1.0795
2020-02-19,259.25,81.25,-0.641,-0.42,1.426,1.568,1.081
2020-02-20,259.25,81.25,-0.643,-0.443,1.391,1.519,1.07875
2020-02-21,259.25,81.25,-0.643,-0.428,1.354,1.473,1.08453
2020-02-22,259.25,81.25,-0.654,-0.4453333333333333,1.3193333333333335,1.4386666666666668,1.08453
2020-02-23,259.25,81.25,-0.665,-0.46266666666666667,1.2846666666666666,1.4043333333333334,1.08377
2020-02-24,259.25,81.25,-0.676,-0.48,1.25,1.37,1.08488
2020-02-25,259.25,81.25,-0.688,-0.51,1.229,1.355,1.08786
2020-02-26,259.25,81.25,-0.697,-0.506,1.165,1.335,1.08848
2020-02-27,259.25,81.25,-0.731,-0.541,1.071,1.274,1.09967
2020-02-28,259.25,81.25,-0.767,-0.608,0.931,1.163,1.1027
2020-02-29,259.25,81.25,-0.784,-0.6123333333333333,0.919,1.1593333333333333,1.1027
2020-03-01,258.076,81.69,-0.8009999999999999,-0.6166666666666667,0.907,1.1556666666666666,1.10504
2020-03-02,258.076,81.69,-0.818,-0.621,0.895,1.152,1.11412
2020-03-03,258.076,81.69,-0.812,-0.627,0.701,0.999,1.11764
2020-03-04,258.076,81.69,-0.846,-0.638,0.691,1.055,1.11383
2020-03-05,258.076,81.69,-0.86,-0.683,0.601,0.917,1.12232
2020-03-06,258.076,81.69,-0.865,-0.713,0.51,0.773,1.129
2020-03-07,258.076,81.69,-0.865,-0.7125,0.476,0.7016666666666667,1.1285
2020-03-08,258.076,81.69,-0.9355,-0.78325,0.442,0.6303333333333334,1.1383
2020-03-09,258.076,81.69,-1.006,-0.854,0.408,0.559,1.13972
2020-03-10,258.076,81.69,-0.962,-0.801,0.546,0.8,1.1317
2020-03-11,258.076,81.69,-0.951,-0.746,0.521,0.877,1.12606
2020-03-12,258.076,81.69,-0.948,-0.743,0.471,0.812,1.11832
2020-03-13,258.076,81.69,-0.877,-0.548,0.508,0.983,1.1142
2020-03-14,258.076,81.69,-0.8766666666666667,-0.519,0.4633333333333333,0.902,1.1142
2020-03-15,258.076,81.69,-0.8763333333333333,-0.49000000000000005,0.4186666666666667,0.821,1.11512
2020-03-16,258.076,81.69,-0.876,-0.461,0.374,0.74,1.11605
2020-03-17,258.076,81.69,-0.841,-0.432,0.498,1.069,1.10145
2020-03-18,258.076,81.69,-0.75,-0.23,0.54,1.183,1.09602
2020-03-19,258.076,81.69,-0.678,-0.192,0.459,1.158,1.06547
2020-03-20,258.076,81.69,-0.66,-0.326,0.325,0.885,1.0761
2020-03-21,258.076,81.69,-0.6706666666666666,-0.343,0.32333333333333336,0.8443333333333334,1.0761
2020-03-22,258.076,81.69,-0.6813333333333333,-0.36,0.32166666666666666,0.8036666666666666,1.06923
2020-03-23,258.076,81.69,-0.692,-0.377,0.32,0.763,1.07636
2020-03-24,258.076,81.69,-0.628,-0.325,0.382,0.858,1.08018
2020-03-25,258.076,81.69,-0.604,-0.264,0.34,0.869,1.08887
2020-03-26,258.076,81.69,-0.638,-0.36,0.299,0.848,1.10473
2020-03-27,258.076,81.69,-0.692,-0.475,0.248,0.676,1.1166
2020-03-28,258.076,81.69,-0.6936666666666667,-0.482,0.242,0.6926666666666667,1.1166
2020-03-29,258.076,81.69,-0.6953333333333332,-0.489,0.23600000000000002,0.7093333333333334,1.11377
2020-03-30,258.076,81.69,-0.697,-0.496,0.23,0.726,1.10294
2020-03-31,258.076,81.69,-0.678,-0.469,0.253,0.668,1.10257
2020-04-01,256.032,81.93,-0.65,-0.463,0.243,0.602,1.09528
2020-04-02,256.032,81.93,-0.65,-0.436,0.228,0.611,1.08462
2020-04-03,256.032,81.93,-0.668,-0.441,0.227,0.599,1.0799
2020-04-04,256.032,81.93,-0.6633333333333333,-0.43533333333333335,0.24066666666666667,0.6253333333333333,1.0799
2020-04-05,256.032,81.93,-0.6586666666666667,-0.42966666666666664,0.25433333333333336,0.6516666666666667,1.0806
2020-04-06,256.032,81.93,-0.654,-0.424,0.268,0.678,1.08008
2020-04-07,256.032,81.93,-0.602,-0.31,0.268,0.726,1.08945
2020-04-08,256.032,81.93,-0.598,-0.309,0.256,0.771,1.0859
2020-04-09,256.032,81.93,-0.635,-0.345,0.231,0.729,1.09252
2020-04-10,256.032,81.93,-0.659,-0.34612499999999996,0.23550000000000001,0.73925,1.0935
2020-04-11,256.032,81.93,-0.659,-0.34724999999999995,0.24,0.7495,1.0935
2020-04-12,256.032,81.93,-0.659,-0.348375,0.2445,0.75975,1.09315
2020-04-13,256.032,81.93,-0.659,-0.3495,0.249,0.77,1.0919
2020-04-14,256.032,81.93,-0.668,-0.377,0.221,0.75,1.09847
2020-04-15,256.032,81.93,-0.691,-0.462,0.201,0.635,1.09031
2020-04-16,256.032,81.93,-0.69,-0.471,0.211,0.617,1.0858
2020-04-17,256.032,81.93,-0.704,-0.472,0.202,0.642,1.08711
2020-04-18,256.032,81.93,-0.6966666666666667,-0.46399999999999997,0.20333333333333334,0.6333333333333333,1.0874
2020-04-19,256.032,81.93,-0.6893333333333334,-0.456,0.20466666666666666,0.6246666666666667,1.0866
2020-04-20,256.032,81.93,-0.682,-0.448,0.206,0.616,1.0864
2020-04-21,256.032,81.93,-0.696,-0.475,0.201,0.566,1.08551
2020-04-22,256.032,81.93,-0.664,-0.407,0.215,0.618,1.0805
2020-04-23,256.032,81.93,-0.674,-0.422,0.221,0.603,1.0774
2020-04-24,256.032,81.93,-0.706,-0.474,0.222,0.605,1.08248
2020-04-25,256.032,81.93,-0.694,-0.4663333333333333,0.22266666666666668,0.6246666666666667,1.0822
2020-04-26,256.032,81.93,-0.682,-0.45866666666666667,0.22333333333333333,0.6443333333333333,1.08202
2020-04-27,256.032,81.93,-0.67,-0.451,0.224,0.664,1.0822
2020-04-28,256.032,81.93,-0.696,-0.469,0.215,0.616,1.08328
2020-04-29,256.032,81.93,-0.709,-0.494,0.205,0.628,1.08764
2020-04-30,256.032,81.93,-0.765,-0.589,0.201,0.646,1.09448
2020-05-01,255.802,81.85,-0.768,-0.586,0.198,0.618,1.1092
2020-05-02,255.802,81.85,-0.765,-0.5776666666666667,0.19333333333333333,0.6223333333333333,1.1093
2020-05-03,255.802,81.85,-0.762,-0.5693333333333334,0.18866666666666668,0.6266666666666667,1.09588
2020-05-04,255.802,81.85,-0.759,-0.561,0.184,0.631,1.09031
2020-05-05,255.802,81.85,-0.795,-0.577,0.19,0.662,1.08382
2020-05-06,255.802,81.85,-0.748,-0.503,0.18,0.709,1.07971
2020-05-07,255.802,81.85,-0.768,-0.546,0.139,0.639,1.08367
2020-05-08,255.802,81.85,-0.775,-0.538,0.161,0.685,1.0968
2020-05-09,255.802,81.85,-0.7656666666666667,-0.5296666666666667,0.16633333333333333,0.6923333333333334,1.0969
2020-05-10,255.802,81.85,-0.7563333333333333,-0.5213333333333333,0.17166666666666666,0.6996666666666667,1.08387
2020-05-11,255.802,81.85,-0.747,-0.513,0.177,0.707,1.0809
2020-05-12,255.802,81.85,-0.724,-0.507,0.167,0.667,1.08462
2020-05-13,255.802,81.85,-0.739,-0.527,0.165,0.654,1.08216
2020-05-14,255.802,81.85,-0.737,-0.542,0.149,0.617,1.08067
2020-05-15,255.802,81.85,-0.729,-0.528,0.151,0.644,1.08106
2020-05-16,255.802,81.85,-0.7156666666666667,-0.5093333333333333,0.161,0.6713333333333333,1.08106
2020-05-17,255.802,81.85,-0.7023333333333333,-0.49066666666666664,0.17099999999999999,0.6986666666666667,1.0818
2020-05-18,255.802,81.85,-0.689,-0.472,0.181,0.726,1.09146
2020-05-19,255.802,81.85,-0.672,-0.464,0.167,0.692,1.09263
2020-05-20,255.802,81.85,-0.67,-0.468,0.169,0.69,1.0979
2020-05-21,255.802,81.85,-0.692,-0.495,0.167,0.68,1.095
2020-05-22,255.802,81.85,-0.687,-0.488,0.17,0.657,1.0896
2020-05-23,255.802,81.85,-0.692,-0.49,0.17066666666666666,0.6576666666666667,1.0896
2020-05-24,255.802,81.85,-0.6859999999999999,-0.492,0.17133333333333334,0.6583333333333333,1.09076
2020-05-25,255.802,81.85,-0.68,-0.494,0.172,0.659,1.0901
2020-05-26,255.802,81.85,-0.648,-0.43,0.174,0.695,1.0979
2020-05-27,255.802,81.85,-0.638,-0.414,0.184,0.695,1.10164
2020-05-28,255.802,81.85,-0.637,-0.419,0.174,0.697,1.10788
2020-05-29,255.802,81.85,-0.646,-0.448,0.164,0.653,1.11011
2020-05-30,255.802,81.85,-0.6496666666666667,-0.433,0.16266666666666668,0.6576666666666667,1.11011
2020-05-31,255.802,81.85,-0.6533333333333333,-0.41800000000000004,0.16133333333333333,0.6623333333333333,1.1115
2020-06-01,257.042,82.13,-0.657,-0.403,0.16,0.667,1.11255
2020-06-02,257.042,82.13,-0.663,-0.414,0.166,0.687,1.11861
2020-06-03,257.042,82.13,-0.634,-0.355,0.192,0.746,1.12342
2020-06-04,257.042,82.13,-0.605,-0.322,0.198,0.825,1.13364
2020-06-05,257.042,82.13,-0.6,-0.277,0.21,0.893,1.12788
2020-06-06,257.042,82.13,-0.607,-0.2906666666666667,0.21666666666666667,0.888,1.12788
2020-06-07,257.042,82.13,-0.614,-0.30433333333333334,0.22333333333333333,0.883,1.1319
2020-06-08,257.042,82.13,-0.621,-0.318,0.23,0.878,1.13049
2020-06-09,257.042,82.13,-0.615,-0.311,0.204,0.824,1.13319
2020-06-10,257.042,82.13,-0.616,-0.329,0.173,0.736,1.13653
2020-06-11,257.042,82.13,-0.648,-0.413,0.201,0.666,1.12878
2020-06-12,257.042,82.13,-0.67,-0.438,0.195,0.71,1.1257
2020-06-13,257.042,82.13,-0.682,-0.446,0.19433333333333333,0.7133333333333333,1.1257
2020-06-14,257.042,82.13,-0.6685000000000001,-0.445,0.19366666666666668,0.7166666666666667,1.12511
2020-06-15,257.042,82.13,-0.655,-0.444,0.193,0.72,1.1335
2020-06-16,257.042,82.13,-0.656,-0.428,0.197,0.741,1.1265
2020-06-17,257.042,82.13,-0.662,-0.426,0.195,0.733,1.12424
2020-06-18,257.042,82.13,-0.655,-0.442,0.195,0.707,1.12067
2020-06-19,257.042,82.13,-0.676,-0.415,0.19,0.694,1.11772
2020-06-20,257.042,82.13,-0.676,-0.422,0.192,0.6993333333333333,1.11772
2020-06-21,257.042,82.13,-0.6845,-0.429,0.194,0.7046666666666667,1.11768
2020-06-22,257.042,82.13,-0.693,-0.436,0.196,0.71,1.12794
2020-06-23,257.042,82.13,-0.666,-0.405,0.19,0.715,1.13117
2020-06-24,257.042,82.13,-0.681,-0.439,0.188,0.679,1.12505
2020-06-25,257.042,82.13,-0.696,-0.465,0.188,0.682,1.1218
2020-06-26,257.042,82.13,-0.706,-0.481,0.168,0.64,1.12191
2020-06-27,257.042,82.13,-0.71,-0.482,0.16266666666666668,0.6356666666666667,1.12191
2020-06-28,257.042,82.13,-0.7024999999999999,-0.476,0.15733333333333333,0.6313333333333333,1.12225
2020-06-29,257.042,82.13,-0.695,-0.47,0.152,0.627,1.12467
2020-06-30,257.042,82.13,-0.688,-0.453,0.154,0.658,1.12335
2020-07-01,258.352,81.84,-0.661,-0.397,0.164,0.676,1.12507
2020-07-02,258.352,81.84,-0.677,-0.429,0.155,0.669,1.12371
2020-07-03,258.352,81.84,-0.685,-0.432,0.156,0.67125,1.1243
2020-07-04,258.352,81.84,-0.6846666666666668,-0.432,0.157,0.6735,1.1243
2020-07-05,258.352,81.84,-0.6843333333333333,-0.432,0.158,0.6757500000000001,1.12465
2020-07-06,258.352,81.84,-0.684,-0.432,0.159,0.678,1.1311
2020-07-07,258.352,81.84,-0.669,-0.429,0.161,0.64,1.12748
2020-07-08,258.352,81.84,-0.667,-0.439,0.163,0.666,1.13371
2020-07-09,258.352,81.84,-0.679,-0.459,0.153,0.613,1.12874
2020-07-10,258.352,81.84,-0.691,-0.468,0.157,0.643,1.12888
2020-07-11,258.352,81.84,-0.6813333333333333,-0.45066666666666666,0.15633333333333332,0.6346666666666667,1.1299
2020-07-12,258.352,81.84,-0.6716666666666666,-0.43333333333333335,0.15566666666666668,0.6263333333333333,1.13093
2020-07-13,258.352,81.84,-0.662,-0.416,0.155,0.618,1.13453
2020-07-14,258.352,81.84,-0.663,-0.447,0.159,0.625,1.14101
2020-07-15,258.352,81.84,-0.668,-0.443,0.157,0.633,1.1416
2020-07-16,258.352,81.84,-0.684,-0.469,0.147,0.618,1.13879
2020-07-17,258.352,81.84,-0.667,-0.455,0.143,0.623,1.14246
2020-07-18,258.352,81.84,-0.6705000000000001,-0.45375,0.145,0.6196666666666667,1.14246
2020-07-19,258.352,81.84,-0.674,-0.4525,0.147,0.6163333333333333,1.14417
2020-07-20,258.352,81.84,-0.669,-0.463,0.149,0.613,1.14566
2020-07-21,258.352,81.84,-0.667,-0.462,0.143,0.605,1.15336
2020-07-22,258.352,81.84,-0.691,-0.493,0.153,0.6,1.15647
2020-07-23,258.352,81.84,-0.675,-0.482,0.153,0.577,1.15954
2020-07-24,258.352,81.84,-0.654,-0.445,0.149,0.587,1.16559
2020-07-25,258.352,81.84,-0.6586666666666667,-0.46066666666666667,0.15066666666666667,0.5963333333333333,1.16559
2020-07-26,258.352,81.84,-0.6633333333333333,-0.47633333333333333,0.15233333333333332,0.6056666666666667,1.165
2020-07-27,258.352,81.84,-0.668,-0.492,0.154,0.615,1.17689
2020-07-28,258.352,81.84,-0.692,-0.51,0.143,0.579,1.1717
2020-07-29,258.352,81.84,-0.688,-0.499,0.133,0.577,1.17821
2020-07-30,258.352,81.84,-0.711,-0.545,0.121,0.545,1.1872
2020-07-31,258.352,81.84,-0.715,-0.531,0.109,0.533,1.17719
2020-08-01,259.316,81.5,-0.7096666666666667,-0.5283333333333333,0.11033333333333334,0.54,1.17719
2020-08-02,259.316,81.5,-0.7043333333333333,-0.5256666666666667,0.11166666666666666,0.547,1.17814
2020-08-03,259.316,81.5,-0.699,-0.523,0.113,0.554,1.1761
2020-08-04,259.316,81.5,-0.707,-0.55,0.109,0.512,1.18144
2020-08-05,259.316,81.5,-0.695,-0.506,0.119,0.549,1.18725
2020-08-06,259.316,81.5,-0.701,-0.539,0.117,0.538,1.18743
2020-08-07,259.316,81.5,-0.683,-0.505,0.129,0.566,1.17865
2020-08-08,259.316,81.5,-0.6890000000000001,-0.5116666666666667,0.12966666666666668,0.571,1.1786
2020-08-09,259.316,81.5,-0.695,-0.5183333333333333,0.13033333333333333,0.576,1.1782
2020-08-10,259.316,81.5,-0.701,-0.525,0.131,0.581,1.17374
2020-08-11,259.316,81.5,-0.677,-0.472,0.153,0.643,1.17358
2020-08-12,259.316,81.5,-0.664,-0.449,0.161,0.673,1.17937
2020-08-13,259.316,81.5,-0.644,-0.41,0.165,0.717,1.18162
2020-08-14,259.316,81.5,-0.647,-0.419,0.147,0.709,1.18408
2020-08-15,259.316,81.5,-0.65,-0.43033333333333335,0.149,0.7033333333333333,1.18408
2020-08-16,259.316,81.5,-0.653,-0.44166666666666665,0.151,0.6976666666666667,1.1852
2020-08-17,259.316,81.5,-0.656,-0.453,0.153,0.692,1.18747
2020-08-18,259.316,81.5,-0.655,-0.456,0.145,0.67,1.19475
2020-08-19,259.316,81.5,-0.664,-0.475,0.145,0.685,1.1842
2020-08-20,259.316,81.5,-0.674,-0.495,0.143,0.652,1.18698
2020-08-21,259.316,81.5,-0.683,-0.508,0.147,0.636,1.17888
2020-08-22,259.316,81.5,-0.689,-0.5033333333333333,0.14966666666666667,0.642,1.17888
2020-08-23,259.316,81.5,-0.689,-0.49866666666666665,0.15233333333333332,0.648,1.17973
2020-08-24,259.316,81.5,-0.679,-0.494,0.155,0.654,1.1794
2020-08-25,259.316,81.5,-0.651,-0.426,0.153,0.688,1.18343
2020-08-26,259.316,81.5,-0.647,-0.411,0.152,0.688,1.18386
2020-08-27,259.316,81.5,-0.642,-0.403,0.16,0.754,1.1818
2020-08-28,259.316,81.5,-0.658,-0.407,0.133,0.724,1.18924
2020-08-29,259.316,81.5,-0.6553333333333333,-0.40399999999999997,0.133,0.718,1.18924
2020-08-30,259.316,81.5,-0.6526666666666667,-0.401,0.133,0.712,1.1918
2020-08-31,259.316,81.5,-0.65,-0.398,0.133,0.706,1.1937
2020-09-01,259.997,81.56,-0.671,-0.415,0.133,0.672,1.19225
2020-09-02,259.997,81.56,-0.682,-0.473,0.135,0.648,1.18461
2020-09-03,259.997,81.56,-0.706,-0.49,0.127,0.636,1.18394
2020-09-04,259.997,81.56,-0.685,-0.478,0.147,0.721,1.18337
2020-09-05,259.997,81.56,-0.6853333333333333,-0.472,0.145,0.7206666666666667,1.18337
2020-09-06,259.997,81.56,-0.6856666666666668,-0.466,0.143,0.7203333333333333,1.18335
2020-09-07,259.997,81.56,-0.686,-0.46,0.141,0.72,1.18191
2020-09-08,259.997,81.56,-0.696,-0.494,0.143,0.682,1.1767
2020-09-09,259.997,81.56,-0.688,-0.461,0.147,0.698,1.18037
2020-09-10,259.997,81.56,-0.664,-0.426,0.139,0.682,1.18237
2020-09-11,259.997,81.56,-0.693,-0.483,0.129,0.669,1.18369
2020-09-12,259.997,81.56,-0.692,-0.481,0.13166666666666668,0.6713333333333333,1.18369
2020-09-13,259.997,81.56,-0.691,-0.479,0.13433333333333333,0.6736666666666667,1.18395
2020-09-14,259.997,81.56,-0.69,-0.477,0.137,0.676,1.18677
2020-09-15,259.997,81.56,-0.69,-0.481,0.141,0.68,1.18437
2020-09-16,259.997,81.56,-0.681,-0.481,0.139,0.698,1.18031
2020-09-17,259.997,81.56,-0.697,-0.492,0.139,0.689,1.1848
2020-09-18,259.997,81.56,-0.689,-0.483,0.141,0.697,1.18381
2020-09-19,259.997,81.56,-0.701,-0.487,0.14033333333333334,0.6876666666666666,1.18381
2020-09-20,259.997,81.56,-0.7104999999999999,-0.507,0.13966666666666666,0.6783333333333333,1.18448
2020-09-21,259.997,81.56,-0.72,-0.527,0.139,0.669,1.1764
2020-09-22,259.997,81.56,-0.705,-0.502,0.137,0.671,1.17078
2020-09-23,259.997,81.56,-0.701,-0.502,0.141,0.677,1.16575
2020-09-24,259.997,81.56,-0.695,-0.506,0.137,0.668,1.16728
2020-09-25,259.997,81.56,-0.701,-0.525,0.131,0.656,1.16272
2020-09-26,259.997,81.56,-0.701,-0.5253333333333333,0.13033333333333333,0.6566666666666667,1.16272
2020-09-27,259.997,81.56,-0.701,-0.5256666666666667,0.12966666666666668,0.6573333333333333,1.16345
2020-09-28,259.997,81.56,-0.701,-0.526,0.129,0.658,1.16784
2020-09-29,259.997,81.56,-0.704,-0.542,0.127,0.651,1.17405
2020-09-30,259.997,81.56,-0.698,-0.521,0.131,0.686,1.17237
2020-10-01,260.319,81.71,-0.7,-0.528,0.129,0.679,1.17442
2020-10-02,260.319,81.71,-0.709,-0.534,0.133,0.704,1.17154
2020-10-03,260.319,81.71,-0.716,-0.537,0.13833333333333334,0.7286666666666667,1.17154
2020-10-04,260.319,81.71,-0.707,-0.5245,0.14366666666666666,0.7533333333333333,1.17196
2020-10-05,260.319,81.71,-0.698,-0.512,0.149,0.778,1.179
2020-10-06,260.319,81.71,-0.697,-0.507,0.147,0.734,1.17367
2020-10-07,260.319,81.71,-0.69,-0.493,0.153,0.784,1.1764
2020-10-08,260.319,81.71,-0.71,-0.521,0.149,0.779,1.1765
2020-10-09,260.319,81.71,-0.711,-0.532,0.157,0.779,1.18252
2020-10-10,260.319,81.71,-0.7166666666666667,-0.5356666666666667,0.153,0.774,1.18252
2020-10-11,260.319,81.71,-0.7223333333333333,-0.5393333333333333,0.149,0.769,1.1814
2020-10-12,260.319,81.71,-0.728,-0.543,0.145,0.764,1.18132
2020-10-13,260.319,81.71,-0.73,-0.554,0.141,0.729,1.17419
2020-10-14,260.319,81.71,-0.736,-0.575,0.141,0.727,1.17438
2020-10-15,260.319,81.71,-0.769,-0.611,0.143,0.739,1.17062
2020-10-16,260.319,81.71,-0.775,-0.623,0.147,0.749,1.17093
2020-10-17,260.319,81.71,-0.7776666666666667,-0.6243333333333333,0.147,0.7566666666666667,1.17093
2020-10-18,260.319,81.71,-0.7803333333333333,-0.6256666666666667,0.147,0.7643333333333333,1.17148
2020-10-19,260.319,81.71,-0.783,-0.627,0.147,0.772,1.17679
2020-10-20,260.319,81.71,-0.78,-0.603,0.147,0.786,1.1829
2020-10-21,260.319,81.71,-0.772,-0.588,0.149,0.821,1.18519
2020-10-22,260.319,81.71,-0.765,-0.568,0.155,0.861,1.18145
2020-10-23,260.319,81.71,-0.754,-0.572,0.155,0.841,1.18542
2020-10-24,260.319,81.71,-0.7533333333333333,-0.5716666666666667,0.15366666666666667,0.8283333333333334,1.18542
2020-10-25,260.319,81.71,-0.7526666666666667,-0.5713333333333332,0.15233333333333332,0.8156666666666667,1.18479
2020-10-26,260.319,81.71,-0.752,-0.571,0.151,0.803,1.1809
2020-10-27,260.319,81.71,-0.77,-0.612,0.149,0.771,1.178
2020-10-28,260.319,81.71,-0.79,-0.628,0.15,0.774,1.17481
2020-10-29,260.319,81.71,-0.805,-0.637,0.153,0.831,1.16778
2020-10-30,260.319,81.71,-0.794,-0.625,0.156,0.874,1.1675
2020-10-31,260.319,81.71,-0.797,-0.6293333333333333,0.15666666666666668,0.8666666666666667,1.16582
2020-11-01,260.911,81.43,-0.8,-0.6336666666666667,0.15733333333333333,0.8593333333333333,1.16414
2020-11-02,260.911,81.43,-0.803,-0.638,0.158,0.852,1.1641
2020-11-03,260.911,81.43,-0.794,-0.621,0.17,0.896,1.17617
2020-11-04,260.911,81.43,-0.793,-0.638,0.149,0.771,1.1732
2020-11-05,260.911,81.43,-0.78,-0.634,0.149,0.766,1.18169
2020-11-06,260.911,81.43,-0.777,-0.617,0.155,0.82,1.1872
2020-11-07,260.911,81.43,-0.7593333333333333,-0.5806666666666667,0.16166666666666665,0.8546666666666667,1.1872
2020-11-08,260.911,81.43,-0.7416666666666667,-0.5443333333333333,0.16833333333333333,0.8893333333333333,1.18922
2020-11-09,260.911,81.43,-0.724,-0.508,0.175,0.924,1.18241
2020-11-10,260.911,81.43,-0.712,-0.48,0.185,0.96,1.18183
2020-11-11,260.911,81.43,-0.712,-0.503,0.187,0.977,1.1779
2020-11-12,260.911,81.43,-0.72,-0.535,0.177,0.883,1.1804
2020-11-13,260.911,81.43,-0.729,-0.548,0.181,0.898,1.18275
2020-11-14,260.911,81.43,-0.7263333333333333,-0.547,0.18033333333333332,0.9023333333333333,1.18275
2020-11-15,260.911,81.43,-0.7236666666666667,-0.546,0.17966666666666667,0.9066666666666667,1.18446
2020-11-16,260.911,81.43,-0.721,-0.545,0.179,0.911,1.18589
2020-11-17,260.911,81.43,-0.721,-0.561,0.175,0.862,1.1862
2020-11-18,260.911,81.43,-0.725,-0.554,0.175,0.87,1.18472
2020-11-19,260.911,81.43,-0.737,-0.569,0.167,0.842,1.18662
2020-11-20,260.911,81.43,-0.752,-0.583,0.161,0.824,1.18526
2020-11-21,260.911,81.43,-0.76,-0.584,0.16166666666666668,0.8356666666666667,1.18591
2020-11-22,260.911,81.43,-0.756,-0.581,0.16233333333333333,0.8473333333333333,1.18656
2020-11-23,260.911,81.43,-0.752,-0.578,0.163,0.859,1.1843
2020-11-24,260.911,81.43,-0.748,-0.565,0.164,0.885,1.18976
2020-11-25,260.911,81.43,-0.755,-0.572,0.162,0.882,1.19162
2020-11-26,260.911,81.43,-0.758,-0.587,0.156,0.859,1.19112
2020-11-27,260.911,81.43,-0.752,-0.585,0.154,0.842,1.1962
2020-11-28,260.911,81.43,-0.7483333333333333,-0.5803333333333333,0.15266666666666667,0.842,1.1962
2020-11-29,260.911,81.43,-0.7446666666666667,-0.5756666666666667,0.15133333333333332,0.842,1.19706
2020-11-30,260.911,81.43,-0.741,-0.571,0.15,0.842,1.19373
2020-12-01,262.045,81.7,-0.715,-0.524,0.17,0.929,1.20711
2020-12-02,262.045,81.7,-0.72,-0.521,0.162,0.938,1.21143
2020-12-03,262.045,81.7,-0.733,-0.548,0.153,0.911,1.21454
2020-12-04,262.045,81.7,-0.736,-0.543,0.153,0.973,1.212
2020-12-05,262.045,81.7,-0.7406666666666667,-0.557,0.15033333333333332,0.958,1.212
2020-12-06,262.045,81.7,-0.7453333333333333,-0.571,0.14766666666666667,0.9430000000000001,1.21206
2020-12-07,262.045,81.7,-0.75,-0.585,0.145,0.928,1.21126
2020-12-08,262.045,81.7,-0.773,-0.613,0.151,0.921,1.21084
2020-12-09,262.045,81.7,-0.767,-0.605,0.151,0.938,1.20774
2020-12-10,262.045,81.7,-0.758,-0.602,0.139,0.906,1.2143
2020-12-11,262.045,81.7,-0.771,-0.638,0.121,0.896,1.2113
2020-12-12,262.045,81.7,-0.769,-0.6313333333333333,0.12033333333333333,0.8966666666666667,1.2113
2020-12-13,262.045,81.7,-0.767,-0.6246666666666667,0.11966666666666666,0.8973333333333333,1.21327
2020-12-14,262.045,81.7,-0.765,-0.618,0.119,0.898,1.2148
2020-12-15,262.045,81.7,-0.751,-0.61,0.119,0.911,1.21537
2020-12-16,262.045,81.7,-0.725,-0.568,0.119,0.92,1.21961
2020-12-17,262.045,81.7,-0.719,-0.577,0.123,0.935,1.22618
2020-12-18,262.045,81.7,-0.714,-0.572,0.123,0.945,1.22547
2020-12-19,262.045,81.7,-0.718,-0.575,0.123,0.9426666666666667,1.22547
2020-12-20,262.045,81.7,-0.722,-0.578,0.123,0.9403333333333332,1.22155
2020-12-21,262.045,81.7,-0.726,-0.581,0.123,0.938,1.22346
2020-12-22,262.045,81.7,-0.725,-0.591,0.119,0.921,1.2186
2020-12-23,262.045,81.7,-0.698,-0.543,0.121,0.945,1.21908
2020-12-24,262.045,81.7,-0.678,-0.549,0.123,0.926,1.2181
2020-12-25,262.045,81.7,-0.68475,-0.5525,0.123,0.92525,1.2151
2020-12-26,262.045,81.7,-0.6915,-0.556,0.123,0.9245000000000001,1.2151
2020-12-27,262.045,81.7,-0.69825,-0.5595,0.123,0.9237500000000001,1.22042
2020-12-28,262.045,81.7,-0.705,-0.563,0.123,0.923,1.222
2020-12-29,262.045,81.7,-0.714,-0.576,0.129,0.94,1.22524
2020-12-30,262.045,81.7,-0.696,-0.57,0.125,0.926,1.22996
2020-12-31,262.045,81.7,-0.708,-0.575,0.123,0.916,1.1984
2021-01-01,262.687,81.84,-0.7112499999999999,-0.572,0.1215,0.9165000000000001,1.20108
2021-01-02,262.687,81.84,-0.7144999999999999,-0.581,0.12,0.917,1.20108
2021-01-03,262.687,81.84,-0.71775,-0.59,0.11850000000000001,0.9175,1.22498
2021-01-04,262.687,81.84,-0.721,-0.599,0.117,0.918,1.22506
2021-01-05,262.687,81.84,-0.716,-0.584,0.123,0.955,1.22997
2021-01-06,262.687,81.84,-0.698,-0.546,0.139,1.039,1.23388
2021-01-07,262.687,81.84,-0.703,-0.546,0.141,1.081,1.2269
2021-01-08,262.687,81.84,-0.7,-0.517,0.137,1.119,1.22172
2021-01-09,262.687,81.84,-0.6996666666666667,-0.5083333333333333,0.14100000000000001,1.1273333333333333,1.2221
2021-01-10,262.687,81.84,-0.6993333333333333,-0.49966666666666665,0.145,1.1356666666666666,1.21852
2021-01-11,262.687,81.84,-0.699,-0.491,0.149,1.144,1.21604
2021-01-12,262.687,81.84,-0.688,-0.469,0.147,1.129,1.22083
2021-01-13,262.687,81.84,-0.704,-0.524,0.145,1.092,1.21615
2021-01-14,262.687,81.84,-0.724,-0.548,0.145,1.129,1.215
2021-01-15,262.687,81.84,-0.718,-0.542,0.135,1.087,1.2075
2021-01-16,262.687,81.84,-0.7163333333333333,-0.5363333333333333,0.13566666666666669,1.0913333333333333,1.2075
2021-01-17,262.687,81.84,-0.7146666666666667,-0.5306666666666667,0.13633333333333333,1.0956666666666668,1.20673
2021-01-18,262.687,81.84,-0.713,-0.525,0.137,1.1,1.20775
2021-01-19,262.687,81.84,-0.704,-0.527,0.133,1.092,1.21381
2021-01-20,262.687,81.84,-0.705,-0.529,0.129,1.077,1.21151
2021-01-21,262.687,81.84,-0.696,-0.498,0.125,1.109,1.2164
2021-01-22,262.687,81.84,-0.706,-0.513,0.125,1.086,1.21134
2021-01-23,262.687,81.84,-0.713,-0.5253333333333333,0.12366666666666666,1.0683333333333334,1.21134
2021-01-24,262.687,81.84,-0.72,-0.5376666666666667,0.12233333333333334,1.0506666666666666,1.21686
2021-01-25,262.687,81.84,-0.727,-0.55,0.121,1.033,1.2144
2021-01-26,262.687,81.84,-0.722,-0.531,0.123,1.033,1.21622
2021-01-27,262.687,81.84,-0.738,-0.549,0.119,1.013,1.21032
2021-01-28,262.687,81.84,-0.747,-0.542,0.121,1.052,1.21196
2021-01-29,262.687,81.84,-0.727,-0.52,0.111,1.071,1.2137
2021-01-30,262.687,81.84,-0.724,-0.5176666666666667,0.111,1.0736666666666665,1.2136
2021-01-31,262.687,81.84,-0.721,-0.5153333333333333,0.111,1.0763333333333334,1.2123
2021-02-01,263.579,82.01,-0.718,-0.513,0.111,1.079,1.2069
2021-02-02,263.579,82.01,-0.71,-0.488,0.113,1.095,1.20383
2021-02-03,263.579,82.01,-0.714,-0.467,0.119,1.139,1.2037
2021-02-04,263.579,82.01,-0.706,-0.456,0.113,1.136,1.19664
2021-02-05,263.579,82.01,-0.702,-0.443,0.105,1.169,1.20401
2021-02-06,263.579,82.01,-0.702,-0.443,0.10766666666666666,1.1713333333333333,1.20401
2021-02-07,263.579,82.01,-0.702,-0.443,0.11033333333333334,1.1736666666666666,1.20481
2021-02-08,263.579,82.01,-0.702,-0.443,0.113,1.176,1.20519
2021-02-09,263.579,82.01,-0.709,-0.448,0.117,1.16,1.2116
2021-02-10,263.579,82.01,-0.709,-0.438,0.111,1.124,1.21182
2021-02-11,263.579,82.01,-0.719,-0.458,0.109,1.165,1.21302
2021-02-12,263.579,82.01,-0.699,-0.43,0.111,1.21,1.21182
2021-02-13,263.579,82.01,-0.6983333333333333,-0.4146666666666667,0.11233333333333334,1.2233333333333334,1.2119
2021-02-14,263.579,82.01,-0.6976666666666667,-0.3993333333333333,0.11366666666666667,1.2366666666666666,1.21211
2021-02-15,263.579,82.01,-0.697,-0.384,0.115,1.25,1.21321
2021-02-16,263.579,82.01,-0.685,-0.349,0.123,1.311,1.20919
2021-02-17,263.579,82.01,-0.689,-0.363,0.109,1.282,1.2045
2021-02-18,263.579,82.01,-0.687,-0.342,0.109,1.297,1.20913
2021-02-19,263.579,82.01,-0.68,-0.313,0.109,1.34,1.2109
2021-02-20,263.579,82.01,-0.6826666666666666,-0.324,0.111,1.3496666666666668,1.2119
2021-02-21,263.579,82.01,-0.6853333333333333,-0.33499999999999996,0.113,1.3593333333333333,1.21257
2021-02-22,263.579,82.01,-0.688,-0.346,0.115,1.369,1.2166
2021-02-23,263.579,82.01,-0.681,-0.319,0.111,1.343,1.2152
2021-02-24,263.579,82.01,-0.677,-0.304,0.125,1.372,1.21707
2021-02-25,263.579,82.01,-0.652,-0.227,0.178,1.53,1.21598
2021-02-26,263.579,82.01,-0.664,-0.257,0.129,1.407,1.20695
2021-02-27,263.579,82.01,-0.6726666666666666,-0.2823333333333333,0.12633333333333333,1.4133333333333333,1.20695
2021-02-28,263.579,82.01,-0.6813333333333333,-0.3076666666666667,0.12366666666666666,1.4196666666666666,1.20885
2021-03-01,264.961,82.78,-0.69,-0.333,0.121,1.426,1.20478
2021-03-02,264.961,82.78,-0.693,-0.348,0.123,1.398,1.20846
2021-03-03,264.961,82.78,-0.675,-0.297,0.143,1.484,1.2049
2021-03-04,264.961,82.78,-0.685,-0.311,0.147,1.557,1.19671
2021-03-05,264.961,82.78,-0.691,-0.304,0.141,1.577,1.19088
2021-03-06,264.961,82.78,-0.6873333333333334,-0.296,0.149,1.5856666666666666,1.19088
2021-03-07,264.961,82.78,-0.6836666666666666,-0.28800000000000003,0.157,1.5943333333333334,1.1925
2021-03-08,264.961,82.78,-0.68,-0.28,0.165,1.603,1.18511
2021-03-09,264.961,82.78,-0.681,-0.303,0.163,1.528,1.18973
2021-03-10,264.961,82.78,-0.675,-0.311,0.155,1.521,1.19245
2021-03-11,264.961,82.78,-0.688,-0.331,0.143,1.535,1.1981
2021-03-12,264.961,82.78,-0.685,-0.295,0.149,1.625,1.19523
2021-03-13,264.961,82.78,-0.6890000000000001,-0.309,0.15033333333333332,1.619,1.19523
2021-03-14,264.961,82.78,-0.693,-0.323,0.15166666666666667,1.613,1.1949
2021-03-15,264.961,82.78,-0.697,-0.337,0.153,1.607,1.19244
2021-03-16,264.961,82.78,-0.695,-0.339,0.151,1.621,1.19011
2021-03-17,264.961,82.78,-0.688,-0.293,0.137,1.646,1.19822
2021-03-18,264.961,82.78,-0.687,-0.265,0.157,1.706,1.19177
2021-03-19,264.961,82.78,-0.698,-0.294,0.153,1.73,1.1946
2021-03-20,264.961,82.78,-0.7003333333333333,-0.29933333333333334,0.15233333333333332,1.7183333333333333,1.1946
2021-03-21,264.961,82.78,-0.7026666666666667,-0.30466666666666664,0.15166666666666667,1.7066666666666668,1.18825
2021-03-22,264.961,82.78,-0.705,-0.31,0.151,1.695,1.19331
2021-03-23,264.961,82.78,-0.712,-0.342,0.147,1.622,1.18396
2021-03-24,264.961,82.78,-0.717,-0.356,0.15,1.614,1.18125
2021-03-25,264.961,82.78,-0.719,-0.385,0.139,1.633,1.1776
2021-03-26,264.961,82.78,-0.718,-0.349,0.141,1.674,1.1822
2021-03-27,264.961,82.78,-0.7156666666666667,-0.3393333333333333,0.14166666666666666,1.6883333333333332,1.1822
2021-03-28,264.961,82.78,-0.7133333333333333,-0.32966666666666666,0.1423333333333333,1.7026666666666668,1.17872
2021-03-29,264.961,82.78,-0.711,-0.32,0.143,1.717,1.17685
2021-03-30,264.961,82.78,-0.687,-0.277,0.148,1.71,1.17229
2021-03-31,264.961,82.78,-0.695,-0.292,0.162,1.744,1.17263
2021-04-01,266.614,83.25,-0.707,-0.325,0.162,1.673,1.1777
2021-04-02,266.614,83.25,-0.712,-0.3285,0.162,1.673,1.1761
2021-04-03,266.614,83.25,-0.712,-0.3285,0.16466666666666668,1.6843333333333335,1.1761
2021-04-04,266.614,83.25,-0.712,-0.3285,0.16733333333333333,1.6956666666666667,1.1768
2021-04-05,266.614,83.25,-0.712,-0.3285,0.17,1.707,1.18169
2021-04-06,266.614,83.25,-0.704,-0.315,0.162,1.658,1.18736
2021-04-07,266.614,83.25,-0.704,-0.318,0.155,1.679,1.1871
2021-04-08,266.614,83.25,-0.713,-0.334,0.151,1.626,1.19152
2021-04-09,266.614,83.25,-0.7,-0.297,0.159,1.662,1.18963
2021-04-10,266.614,83.25,-0.702,-0.29566666666666663,0.16233333333333333,1.6643333333333332,1.19
2021-04-11,266.614,83.25,-0.704,-0.29433333333333334,0.16566666666666668,1.6666666666666667,1.18986
2021-04-12,266.614,83.25,-0.706,-0.293,0.169,1.669,1.19117
2021-04-13,266.614,83.25,-0.703,-0.289,0.161,1.62,1.19538
2021-04-14,266.614,83.25,-0.692,-0.263,0.163,1.634,1.19833
2021-04-15,266.614,83.25,-0.701,-0.293,0.161,1.574,1.19695
2021-04-16,266.614,83.25,-0.692,-0.262,0.163,1.59,1.1982
2021-04-17,266.614,83.25,-0.6883333333333334,-0.25333333333333335,0.16233333333333333,1.5966666666666667,1.1982
2021-04-18,266.614,83.25,-0.6846666666666666,-0.24466666666666667,0.16166666666666668,1.6033333333333335,1.1968
2021-04-19,266.614,83.25,-0.681,-0.236,0.161,1.61,1.204
2021-04-20,266.614,83.25,-0.694,-0.257,0.153,1.566,1.20324
2021-04-21,266.614,83.25,-0.695,-0.259,0.149,1.559,1.20373
2021-04-22,266.614,83.25,-0.691,-0.255,0.151,1.542,1.20142
2021-04-23,266.614,83.25,-0.693,-0.257,0.16,1.559,1.20973
2021-04-24,266.614,83.25,-0.6916666666666667,-0.25633333333333336,0.16333333333333333,1.562,1.2097
2021-04-25,266.614,83.25,-0.6903333333333332,-0.25566666666666665,0.16666666666666669,1.565,1.2089
2021-04-26,266.614,83.25,-0.689,-0.255,0.17,1.568,1.20795
2021-04-27,266.614,83.25,-0.69,-0.252,0.182,1.625,1.2088
2021-04-28,266.614,83.25,-0.683,-0.231,0.166,1.611,1.21339
2021-04-29,266.614,83.25,-0.679,-0.192,0.164,1.641,1.2125
2021-04-30,266.614,83.25,-0.686,-0.2,0.162,1.626,1.20167
2021-05-01,268.383,83.47,-0.6863333333333334,-0.201,0.162,1.617,1.202
2021-05-02,268.383,83.47,-0.6866666666666668,-0.202,0.162,1.6079999999999999,1.2025
2021-05-03,268.383,83.47,-0.687,-0.203,0.162,1.599,1.2056
2021-05-04,268.383,83.47,-0.695,-0.238,0.162,1.591,1.20142
2021-05-05,268.383,83.47,-0.692,-0.231,0.155,1.571,1.20076
2021-05-06,268.383,83.47,-0.693,-0.23,0.157,1.57,1.20653
2021-05-07,268.383,83.47,-0.685,-0.219,0.147,1.579,1.21634
2021-05-08,268.383,83.47,-0.6853333333333333,-0.21633333333333332,0.14966666666666667,1.5873333333333333,1.2161
2021-05-09,268.383,83.47,-0.6856666666666668,-0.21366666666666667,0.15233333333333332,1.5956666666666668,1.21701
2021-05-10,268.383,83.47,-0.686,-0.211,0.155,1.604,1.21403
2021-05-11,268.383,83.47,-0.671,-0.16,0.161,1.622,1.21439
2021-05-12,268.383,83.47,-0.658,-0.125,0.167,1.693,1.2076
2021-05-13,268.383,83.47,-0.656,-0.113,0.157,1.659,1.20767
2021-05-14,268.383,83.47,-0.654,-0.123,0.149,1.635,1.21446
2021-05-15,268.383,83.47,-0.6536666666666667,-0.12066666666666667,0.151,1.6406666666666667,1.21446
2021-05-16,268.383,83.47,-0.6533333333333333,-0.11833333333333333,0.153,1.6463333333333332,1.21494
2021-05-17,268.383,83.47,-0.653,-0.116,0.155,1.652,1.21562
2021-05-18,268.383,83.47,-0.654,-0.11,0.151,1.64,1.22215
2021-05-19,268.383,83.47,-0.65,-0.11,0.159,1.676,1.217
2021-05-20,268.383,83.47,-0.646,-0.107,0.147,1.628,1.22247
2021-05-21,268.383,83.47,-0.66,-0.127,0.155,1.623,1.2179
2021-05-22,268.383,83.47,-0.6586666666666667,-0.13133333333333333,0.15366666666666667,1.6163333333333334,1.2179
2021-05-23,268.383,83.47,-0.6573333333333333,-0.13566666666666669,0.15233333333333332,1.6096666666666666,1.218
2021-05-24,268.383,83.47,-0.656,-0.14,0.151,1.603,1.22141
2021-05-25,268.383,83.47,-0.658,-0.164,0.145,1.56,1.2246
2021-05-26,268.383,83.47,-0.665,-0.203,0.148,1.581,1.21923
2021-05-27,268.383,83.47,-0.654,-0.172,0.147,1.606,1.2191
2021-05-28,268.383,83.47,-0.663,-0.184,0.141,1.581,1.21921
2021-05-29,268.383,83.47,-0.663,-0.18366666666666667,0.1423333333333333,1.5906666666666667,1.21921
2021-05-30,268.383,83.47,-0.663,-0.18333333333333332,0.14366666666666666,1.6003333333333334,1.21891
2021-05-31,268.383,83.47,-0.663,-0.183,0.145,1.61,1.22322
2021-06-01,270.654,83.69,-0.661,-0.175,0.149,1.606,1.22165
2021-06-02,270.654,83.69,-0.665,-0.196,0.147,1.589,1.22093
2021-06-03,270.654,83.69,-0.67,-0.183,0.158,1.625,1.21296
2021-06-04,270.654,83.69,-0.67,-0.209,0.149,1.557,1.21648
2021-06-05,270.654,83.69,-0.678,-0.212,0.15166666666666667,1.561,1.21648
2021-06-06,270.654,83.69,-0.67,-0.20450000000000002,0.15433333333333332,1.565,1.2165
2021-06-07,270.654,83.69,-0.662,-0.197,0.157,1.569,1.2188
2021-06-08,270.654,83.69,-0.669,-0.223,0.155,1.538,1.21725
2021-06-09,270.654,83.69,-0.679,-0.247,0.157,1.492,1.21785
2021-06-10,270.654,83.69,-0.679,-0.247,0.147,1.437,1.21719
2021-06-11,270.654,83.69,-0.681,-0.269,0.149,1.454,1.2105
2021-06-12,270.654,83.69,-0.6783333333333333,-0.264,0.153,1.4683333333333333,1.2105
2021-06-13,270.654,83.69,-0.6756666666666667,-0.259,0.157,1.4826666666666668,1.21091
2021-06-14,270.654,83.69,-0.673,-0.254,0.161,1.497,1.21215
2021-06-15,270.654,83.69,-0.67,-0.23,0.165,1.489,1.21246
2021-06-16,270.654,83.69,-0.677,-0.246,0.207,1.581,1.19949
2021-06-17,270.654,83.69,-0.671,-0.19,0.213,1.511,1.19128
2021-06-18,270.654,83.69,-0.67,-0.203,0.252,1.443,1.18585
2021-06-19,270.654,83.69,-0.671,-0.202,0.25333333333333335,1.461,1.18585
2021-06-20,270.654,83.69,-0.671,-0.202,0.25466666666666665,1.479,1.1869
2021-06-21,270.654,83.69,-0.65,-0.173,0.256,1.497,1.1912
2021-06-22,270.654,83.69,-0.647,-0.161,0.23,1.467,1.19363
2021-06-23,270.654,83.69,-0.654,-0.179,0.264,1.485,1.19288
2021-06-24,270.654,83.69,-0.648,-0.186,0.27,1.499,1.19279
2021-06-25,270.654,83.69,-0.648,-0.156,0.268,1.524,1.1936
2021-06-26,270.654,83.69,-0.65,-0.1565,0.264,1.51,1.1936
2021-06-27,270.654,83.69,-0.6515,-0.17125,0.26,1.496,1.1941
2021-06-28,270.654,83.69,-0.653,-0.186,0.256,1.482,1.19281
2021-06-29,270.654,83.69,-0.65,-0.173,0.252,1.475,1.19003
2021-06-30,270.654,83.69,-0.657,-0.203,0.252,1.468,1.18557
2021-07-01,271.903,83.61,-0.665,-0.2,0.255,1.459,1.18455
2021-07-02,271.903,83.61,-0.666,-0.235,0.238,1.431,1.18603
2021-07-03,271.903,83.61,-0.6695,-0.23625,0.23666666666666666,1.4326666666666668,1.1864
2021-07-04,271.903,83.61,-0.673,-0.2375,0.23533333333333334,1.4343333333333332,1.18554
2021-07-05,271.903,83.61,-0.661,-0.208,0.234,1.436,1.18625
2021-07-06,271.903,83.61,-0.674,-0.269,0.22,1.352,1.18223
2021-07-07,271.903,83.61,-0.672,-0.289,0.218,1.323,1.17927
2021-07-08,271.903,83.61,-0.684,-0.313,0.196,1.294,1.18463
2021-07-09,271.903,83.61,-0.675,-0.292,0.215,1.361,1.18772
2021-07-10,271.903,83.61,-0.6746666666666667,-0.295,0.219,1.3633333333333333,1.1876
2021-07-11,271.903,83.61,-0.6743333333333333,-0.298,0.223,1.3656666666666668,1.1872
2021-07-12,271.903,83.61,-0.674,-0.301,0.227,1.368,1.1862
2021-07-13,271.903,83.61,-0.67,-0.299,0.255,1.418,1.17749
2021-07-14,271.903,83.61,-0.669,-0.312,0.225,1.349,1.1832
2021-07-15,271.903,83.61,-0.671,-0.331,0.227,1.301,1.18111
2021-07-16,271.903,83.61,-0.683,-0.351,0.228,1.3,1.1803
2021-07-17,271.903,83.61,-0.685,-0.363,0.22466666666666668,1.2663333333333333,1.1806
2021-07-18,271.903,83.61,-0.6869999999999999,-0.375,0.22133333333333333,1.2326666666666668,1.1811
2021-07-19,271.903,83.61,-0.689,-0.387,0.218,1.199,1.1792
2021-07-20,271.903,83.61,-0.717,-0.41,0.202,1.222,1.17812
2021-07-21,271.903,83.61,-0.715,-0.396,0.21,1.292,1.17913
2021-07-22,271.903,83.61,-0.716,-0.421,0.202,1.277,1.17724
2021-07-23,271.903,83.61,-0.724,-0.413,0.2,1.281,1.17714
2021-07-24,271.903,83.61,-0.7263333333333333,-0.41333333333333333,0.19866666666666669,1.2856666666666665,1.1771
2021-07-25,271.903,83.61,-0.7286666666666667,-0.4136666666666666,0.19733333333333333,1.2903333333333333,1.17726
2021-07-26,271.903,83.61,-0.731,-0.414,0.196,1.295,1.1806
2021-07-27,271.903,83.61,-0.742,-0.441,0.207,1.239,1.18204
2021-07-28,271.903,83.61,-0.752,-0.447,0.204,1.238,1.18455
2021-07-29,271.903,83.61,-0.754,-0.451,0.204,1.266,1.189
2021-07-30,271.903,83.61,-0.757,-0.458,0.188,1.226,1.1869
2021-07-31,271.903,83.61,-0.758,-0.4656666666666667,0.18333333333333332,1.2103333333333333,1.1869
2021-08-01,272.676,83.9,-0.759,-0.47333333333333333,0.17866666666666667,1.1946666666666668,1.18657
2021-08-02,272.676,83.9,-0.76,-0.481,0.174,1.179,1.18736
2021-08-03,272.676,83.9,-0.763,-0.481,0.172,1.174,1.18691
2021-08-04,272.676,83.9,-0.769,-0.493,0.182,1.18,1.1836
2021-08-05,272.676,83.9,-0.772,-0.493,0.202,1.225,1.1831
2021-08-06,272.676,83.9,-0.755,-0.455,0.212,1.305,1.17606
2021-08-07,272.676,83.9,-0.7526666666666667,-0.45633333333333337,0.21533333333333332,1.3116666666666665,1.176
2021-08-08,272.676,83.9,-0.7503333333333333,-0.45766666666666667,0.21866666666666668,1.3183333333333334,1.1747
2021-08-09,272.676,83.9,-0.748,-0.459,0.222,1.325,1.17355
2021-08-10,272.676,83.9,-0.743,-0.454,0.238,1.354,1.17196
2021-08-11,272.676,83.9,-0.749,-0.46,0.221,1.335,1.17417
2021-08-12,272.676,83.9,-0.743,-0.461,0.225,1.361,1.17355
2021-08-13,272.676,83.9,-0.738,-0.463,0.209,1.283,1.179
2021-08-14,272.676,83.9,-0.737,-0.464,0.21033333333333332,1.278,1.179
2021-08-15,272.676,83.9,-0.736,-0.465,0.21166666666666667,1.273,1.17937
2021-08-16,272.676,83.9,-0.735,-0.466,0.213,1.268,1.17777
2021-08-17,272.676,83.9,-0.74,-0.467,0.217,1.267,1.17091
2021-08-18,272.676,83.9,-0.745,-0.482,0.218,1.26,1.17026
2021-08-19,272.676,83.9,-0.746,-0.489,0.222,1.243,1.16764
2021-08-20,272.676,83.9,-0.747,-0.495,0.226,1.255,1.16839
2021-08-21,272.676,83.9,-0.748,-0.48933333333333334,0.226,1.2543333333333333,1.16879
2021-08-22,272.676,83.9,-0.749,-0.48366666666666663,0.226,1.2536666666666665,1.16964
2021-08-23,272.676,83.9,-0.75,-0.478,0.226,1.253,1.1743
2021-08-24,272.676,83.9,-0.742,-0.477,0.224,1.297,1.17528
2021-08-25,272.676,83.9,-0.733,-0.417,0.241,1.349,1.1771
2021-08-26,272.676,83.9,-0.735,-0.417,0.243,1.354,1.1752
2021-08-27,272.676,83.9,-0.735,-0.419,0.219,1.31,1.1796
2021-08-28,272.676,83.9,-0.735,-0.42566666666666664,0.21366666666666667,1.3,1.1796
2021-08-29,272.676,83.9,-0.735,-0.43233333333333335,0.20833333333333334,1.29,1.1797
2021-08-30,272.676,83.9,-0.735,-0.439,0.203,1.28,1.17962
2021-08-31,272.676,83.9,-0.717,-0.38,0.211,1.307,1.1809
2021-09-01,273.91,84.3,-0.716,-0.371,0.211,1.299,1.184
2021-09-02,273.91,84.3,-0.718,-0.384,0.21,1.285,1.18735
2021-09-03,273.91,84.3,-0.709,-0.358,0.208,1.326,1.18784
2021-09-04,273.91,84.3,-0.7103333333333333,-0.36133333333333334,0.20666666666666667,1.3293333333333335,1.18784
2021-09-05,273.91,84.3,-0.7116666666666667,-0.36466666666666664,0.2053333333333333,1.3326666666666667,1.18852
2021-09-06,273.91,84.3,-0.713,-0.368,0.204,1.336,1.18733
2021-09-07,273.91,84.3,-0.695,-0.317,0.222,1.377,1.1843
2021-09-08,273.91,84.3,-0.692,-0.32,0.218,1.336,1.18189
2021-09-09,273.91,84.3,-0.71,-0.364,0.214,1.297,1.1825
2021-09-10,273.91,84.3,-0.705,-0.332,0.215,1.343,1.18106
2021-09-11,273.91,84.3,-0.709,-0.331,0.21433333333333332,1.3373333333333333,1.18106
2021-09-12,273.91,84.3,-0.709,-0.331,0.21366666666666667,1.3316666666666668,1.1811
2021-09-13,273.91,84.3,-0.701,-0.328,0.213,1.326,1.181
2021-09-14,273.91,84.3,-0.706,-0.34,0.209,1.284,1.18026
2021-09-15,273.91,84.3,-0.699,-0.308,0.213,1.304,1.1818
2021-09-16,273.91,84.3,-0.702,-0.305,0.221,1.336,1.1767
2021-09-17,273.91,84.3,-0.699,-0.279,0.226,1.363,1.17223
2021-09-18,273.91,84.3,-0.7024999999999999,-0.2815,0.22266666666666668,1.346,1.17223
2021-09-19,273.91,84.3,-0.706,-0.29825,0.21933333333333332,1.329,1.17288
2021-09-20,273.91,84.3,-0.715,-0.315,0.216,1.312,1.17269
2021-09-21,273.91,84.3,-0.719,-0.328,0.218,1.328,1.1722
2021-09-22,273.91,84.3,-0.707,-0.326,0.24,1.304,1.1687
2021-09-23,273.91,84.3,-0.693,-0.252,0.261,1.435,1.17396
2021-09-24,273.91,84.3,-0.695,-0.228,0.271,1.453,1.17199
2021-09-25,273.91,84.3,-0.697,-0.2285,0.274,1.4656666666666667,1.172075
2021-09-26,273.91,84.3,-0.692,-0.22725,0.277,1.4783333333333335,1.17216
2021-09-27,273.91,84.3,-0.687,-0.226,0.28,1.491,1.16948
2021-09-28,273.91,84.3,-0.688,-0.198,0.305,1.546,1.16861
2021-09-29,273.91,84.3,-0.691,-0.213,0.293,1.524,1.1599
2021-09-30,273.91,84.3,-0.689,-0.191,0.281,1.492,1.1574
2021-10-01,276.55,85.02,-0.704,-0.219,0.266,1.465,1.1591
2021-10-02,276.55,85.02,-0.705,-0.21833333333333332,0.27066666666666667,1.4703333333333335,1.1591
2021-10-03,276.55,85.02,-0.706,-0.21766666666666667,0.2753333333333334,1.4756666666666667,1.16062
2021-10-04,276.55,85.02,-0.707,-0.217,0.28,1.481,1.16162
2021-10-05,276.55,85.02,-0.693,-0.188,0.286,1.528,1.15954
2021-10-06,276.55,85.02,-0.696,-0.182,0.298,1.528,1.15547
2021-10-07,276.55,85.02,-0.701,-0.187,0.31,1.576,1.1558
2021-10-08,276.55,85.02,-0.693,-0.147,0.32,1.612,1.15705
2021-10-09,276.55,85.02,-0.6883333333333334,-0.13766666666666666,0.3313333333333333,1.6173333333333333,1.1569
2021-10-10,276.55,85.02,-0.6836666666666666,-0.12833333333333333,0.3426666666666667,1.6226666666666667,1.1565
2021-10-11,276.55,85.02,-0.679,-0.119,0.354,1.628,1.1553
2021-10-12,276.55,85.02,-0.667,-0.096,0.342,1.572,1.15311
2021-10-13,276.55,85.02,-0.67,-0.129,0.36,1.542,1.15958
2021-10-14,276.55,85.02,-0.687,-0.184,0.364,1.516,1.15901
2021-10-15,276.55,85.02,-0.685,-0.171,0.395,1.574,1.15994
2021-10-16,276.55,85.02,-0.6676666666666667,-0.16333333333333333,0.4036666666666667,1.5796666666666668,1.15994
2021-10-17,276.55,85.02,-0.6503333333333333,-0.15566666666666668,0.41233333333333333,1.5853333333333333,1.1596
2021-10-18,276.55,85.02,-0.633,-0.148,0.421,1.591,1.16131
2021-10-19,276.55,85.02,-0.629,-0.114,0.399,1.641,1.163
2021-10-20,276.55,85.02,-0.656,-0.123,0.387,1.66,1.16524
2021-10-21,276.55,85.02,-0.639,-0.097,0.452,1.696,1.16248
2021-10-22,276.55,85.02,-0.637,-0.097,0.46,1.638,1.16437
2021-10-23,276.55,85.02,-0.645,-0.1035,0.45166666666666666,1.6363333333333332,1.1641
2021-10-24,276.55,85.02,-0.654,-0.10775,0.44333333333333336,1.6346666666666667,1.1637
2021-10-25,276.55,85.02,-0.663,-0.112,0.435,1.633,1.1607
2021-10-26,276.55,85.02,-0.661,-0.12,0.448,1.61,1.1595
2021-10-27,276.55,85.02,-0.645,-0.176,0.503,1.55,1.15994
2021-10-28,276.55,85.02,-0.63,-0.15,0.489,1.578,1.1682
2021-10-29,276.55,85.02,-0.58,-0.094,0.501,1.561,1.1547
2021-10-30,276.55,85.02,-0.5883333333333333,-0.1065,0.501,1.561,1.1547
2021-10-31,276.55,85.02,-0.5966666666666667,-0.10475,0.501,1.561,1.15559
2021-11-01,278.919,85.4,-0.605,-0.103,0.501,1.561,1.15996
2021-11-02,278.919,85.4,-0.664,-0.16,0.448,1.547,1.1579
2021-11-03,278.919,85.4,-0.658,-0.167,0.476,1.603,1.1614
2021-11-04,278.919,85.4,-0.716,-0.225,0.426,1.53,1.15536
2021-11-05,278.919,85.4,-0.738,-0.28,0.405,1.455,1.155
2021-11-06,278.919,85.4,-0.7346666666666667,-0.269,0.41900000000000004,1.4676666666666667,1.155
2021-11-07,278.919,85.4,-0.7313333333333333,-0.258,0.433,1.4803333333333335,1.15677
2021-11-08,278.919,85.4,-0.728,-0.247,0.447,1.493,1.1587
2021-11-09,278.919,85.4,-0.748,-0.296,0.423,1.439,1.1593
2021-11-10,278.919,85.4,-0.703,-0.248,0.519,1.57,1.14853
2021-11-11,278.919,85.4,-0.693,-0.226,0.541,1.578,1.14475
2021-11-12,278.919,85.4,-0.746,-0.256,0.517,1.57,1.14459
2021-11-13,278.919,85.4,-0.7396666666666667,-0.25233333333333335,0.518,1.586,1.14459
2021-11-14,278.919,85.4,-0.7333333333333333,-0.24866666666666667,0.519,1.602,1.1441
2021-11-15,278.919,85.4,-0.727,-0.245,0.52,1.618,1.1363
2021-11-16,278.919,85.4,-0.735,-0.244,0.522,1.64,1.13178
2021-11-17,278.919,85.4,-0.719,-0.244,0.498,1.585,1.1316
2021-11-18,278.919,85.4,-0.752,-0.28,0.502,1.587,1.13678
2021-11-19,278.919,85.4,-0.774,-0.341,0.513,1.548,1.1286
2021-11-20,278.919,85.4,-0.7613333333333333,-0.344,0.5393333333333333,1.576,1.1286
2021-11-21,278.919,85.4,-0.7486666666666667,-0.31999999999999995,0.5656666666666667,1.6039999999999999,1.12747
2021-11-22,278.919,85.4,-0.736,-0.296,0.592,1.632,1.12414
2021-11-23,278.919,85.4,-0.736,-0.228,0.614,1.676,1.1245
2021-11-24,278.919,85.4,-0.739,-0.219,0.644,1.643,1.12023
2021-11-25,278.919,85.4,-0.743,-0.246,0.618,1.596,1.12088
2021-11-26,278.919,85.4,-0.769,-0.338,0.508,1.482,1.1319
2021-11-27,278.919,85.4,-0.771,-0.3415,0.504,1.4886666666666666,1.1305399999999999
2021-11-28,278.919,85.4,-0.7645,-0.33225000000000005,0.5,1.4953333333333334,1.12918
2021-11-29,278.919,85.4,-0.758,-0.323,0.496,1.502,1.12925
2021-11-30,278.919,85.4,-0.748,-0.343,0.567,1.456,1.13298
2021-12-01,280.845,85.76,-0.708,-0.331,0.551,1.404,1.1319
2021-12-02,280.845,85.76,-0.742,-0.373,0.615,1.444,1.13055
2021-12-03,280.845,85.76,-0.738,-0.378,0.593,1.356,1.1313
2021-12-04,280.845,85.76,-0.734,-0.381,0.6056666666666667,1.3816666666666668,1.1313
2021-12-05,280.845,85.76,-0.73,-0.384,0.6183333333333333,1.4073333333333333,1.13038
2021-12-06,280.845,85.76,-0.726,-0.387,0.631,1.433,1.12826
2021-12-07,280.845,85.76,-0.699,-0.375,0.693,1.482,1.1271
2021-12-08,280.845,85.76,-0.676,-0.309,0.686,1.528,1.13442
2021-12-09,280.845,85.76,-0.702,-0.351,0.692,1.497,1.12935
2021-12-10,280.845,85.76,-0.687,-0.35,0.654,1.482,1.13182
2021-12-11,280.845,85.76,-0.6926666666666667,-0.36,0.6466666666666667,1.4593333333333334,1.1316
2021-12-12,280.845,85.76,-0.6983333333333334,-0.37,0.6393333333333333,1.4366666666666665,1.13105
2021-12-13,280.845,85.76,-0.704,-0.38,0.632,1.414,1.12831
2021-12-14,280.845,85.76,-0.683,-0.363,0.657,1.441,1.12575
2021-12-15,280.845,85.76,-0.681,-0.362,0.665,1.458,1.12902
2021-12-16,280.845,85.76,-0.682,-0.346,0.617,1.424,1.13328
2021-12-17,280.845,85.76,-0.705,-0.375,0.64,1.407,1.12363
2021-12-18,280.845,85.76,-0.7113333333333333,-0.372,0.6386666666666667,1.414,1.1239
2021-12-19,280.845,85.76,-0.7176666666666667,-0.369,0.6373333333333333,1.421,1.12425
2021-12-20,280.845,85.76,-0.724,-0.366,0.636,1.428,1.1277
2021-12-21,280.845,85.76,-0.692,-0.303,0.669,1.467,1.1287
2021-12-22,280.845,85.76,-0.691,-0.293,0.665,1.453,1.1326
2021-12-23,280.845,85.76,-0.666,-0.252,0.691,1.493,1.13228
2021-12-24,280.845,85.76,-0.68,-0.251,0.6944999999999999,1.489,1.1321
2021-12-25,280.845,85.76,-0.6643333333333333,-0.24866666666666667,0.698,1.485,1.1321
2021-12-26,280.845,85.76,-0.6486666666666667,-0.24633333333333332,0.7015,1.481,1.1323
2021-12-27,280.845,85.76,-0.633,-0.244,0.705,1.477,1.13292
2021-12-28,280.845,85.76,-0.631,-0.239,0.756,1.484,1.1312
2021-12-29,280.845,85.76,-0.614,-0.18,0.752,1.556,1.13597
2021-12-30,280.845,85.76,-0.612,-0.176,0.73,1.507,1.13222
2021-12-31,280.845,85.76,-0.637,-0.179,0.734,1.512,1.1373
2022-01-01,282.543,86.02,-0.6233333333333333,-0.16066666666666665,0.748,1.5536666666666668,1.1373
2022-01-02,282.543,86.02,-0.6096666666666667,-0.14233333333333334,0.762,1.5953333333333333,1.13723
2022-01-03,282.543,86.02,-0.596,-0.124,0.776,1.637,1.1302
2022-01-04,282.543,86.02,-0.615,-0.128,0.76,1.649,1.1281
2022-01-05,282.543,86.02,-0.62,-0.124,0.83,1.7,1.131
2022-01-06,282.543,86.02,-0.603,-0.068,0.874,1.728,1.1295
2022-01-07,282.543,86.02,-0.578,-0.029,0.87,1.765,1.13602
2022-01-08,282.543,86.02,-0.5823333333333333,-0.03133333333333333,0.8793333333333333,1.7616666666666665,1.136
2022-01-09,282.543,86.02,-0.5866666666666667,-0.033666666666666664,0.8886666666666667,1.7583333333333333,1.13531
2022-01-10,282.543,86.02,-0.591,-0.036,0.898,1.755,1.13301
2022-01-11,282.543,86.02,-0.581,-0.032,0.888,1.746,1.13657
2022-01-12,282.543,86.02,-0.596,-0.057,0.923,1.752,1.14399
2022-01-13,282.543,86.02,-0.603,-0.086,0.895,1.701,1.1456
2022-01-14,282.543,86.02,-0.587,-0.049,0.969,1.793,1.1415
2022-01-15,282.543,86.02,-0.5816666666666667,-0.04133333333333333,0.9803333333333333,1.7983333333333333,1.1415
2022-01-16,282.543,86.02,-0.5763333333333333,-0.033666666666666664,0.9916666666666666,1.8036666666666665,1.14096
2022-01-17,282.543,86.02,-0.571,-0.026,1.003,1.809,1.14101
2022-01-18,282.543,86.02,-0.574,-0.018,1.046,1.875,1.13289
2022-01-19,282.543,86.02,-0.577,-0.009,1.051,1.854,1.1343
2022-01-20,282.543,86.02,-0.585,-0.027,1.027,1.811,1.13131
2022-01-21,282.543,86.02,-0.62,-0.06,1.016,1.77,1.1343
2022-01-22,282.543,86.02,-0.623,-0.067,1.001,1.772,1.1343
2022-01-23,282.543,86.02,-0.637,-0.0825,0.986,1.774,1.13408
2022-01-24,282.543,86.02,-0.651,-0.098,0.971,1.776,1.13237
2022-01-25,282.543,86.02,-0.654,-0.081,1.027,1.776,1.1303
2022-01-26,282.543,86.02,-0.646,-0.071,1.156,1.873,1.12401
2022-01-27,282.543,86.02,-0.621,-0.057,1.188,1.803,1.11442
2022-01-28,282.543,86.02,-0.61,-0.047,1.172,1.778,1.11376
2022-01-29,282.543,86.02,-0.5846666666666667,-0.02666666666666667,1.1763333333333332,1.78,1.11376
2022-01-30,282.543,86.02,-0.5593333333333333,-0.006333333333333337,1.1806666666666668,1.782,1.11517
2022-01-31,282.543,86.02,-0.534,0.014,1.185,1.784,1.1229
2022-02-01,284.5,86.83,-0.527,0.037,1.169,1.795,1.1273
2022-02-02,284.5,86.83,-0.462,0.035,1.15,1.771,1.12995
2022-02-03,284.5,86.83,-0.322,0.155,1.202,1.836,1.14353
2022-02-04,284.5,86.83,-0.254,0.208,1.316,1.916,1.1448
2022-02-05,284.5,86.83,-0.2703333333333333,0.21333333333333332,1.3086666666666666,1.917,1.1448
2022-02-06,284.5,86.83,-0.2866666666666667,0.21866666666666668,1.3013333333333335,1.918,1.1454
2022-02-07,284.5,86.83,-0.303,0.224,1.294,1.919,1.14409
2022-02-08,284.5,86.83,-0.3,0.264,1.345,1.965,1.14206
2022-02-09,284.5,86.83,-0.341,0.22,1.366,1.945,1.14209
2022-02-10,284.5,86.83,-0.325,0.292,1.609,2.043,1.14135
2022-02-11,284.5,86.83,-0.327,0.292,1.487,1.918,1.13292
2022-02-12,284.5,86.83,-0.341,0.2856666666666667,1.5146666666666668,1.9406666666666665,1.13452
2022-02-13,284.5,86.83,-0.355,0.2793333333333333,1.5423333333333333,1.9633333333333334,1.13639
2022-02-14,284.5,86.83,-0.369,0.273,1.57,1.986,1.1306
2022-02-15,284.5,86.83,-0.346,0.311,1.577,2.043,1.13562
2022-02-16,284.5,86.83,-0.369,0.272,1.527,2.04,1.13734
2022-02-17,284.5,86.83,-0.427,0.233,1.47,1.968,1.13657
2022-02-18,284.5,86.83,-0.473,0.205,1.47,1.927,1.13065
2022-02-19,284.5,86.83,-0.4683333333333333,0.20333333333333334,1.4586666666666666,1.909,1.13065
2022-02-20,284.5,86.83,-0.46366666666666667,0.20166666666666666,1.4473333333333334,1.891,1.13165
2022-02-21,284.5,86.83,-0.459,0.2,1.436,1.873,1.1309
2022-02-22,284.5,86.83,-0.401,0.243,1.561,1.944,1.13285
2022-02-23,284.5,86.83,-0.369,0.225,1.606,1.998,1.1304
2022-02-24,284.5,86.83,-0.424,0.171,1.578,1.97,1.11898
2022-02-25,284.5,86.83,-0.377,0.224,1.57,1.97,1.1273
2022-02-26,284.5,86.83,-0.42033333333333334,0.20233333333333334,1.5253333333333334,1.9206666666666667,1.1271
2022-02-27,284.5,86.83,-0.46366666666666667,0.18066666666666667,1.4806666666666666,1.8713333333333333,1.11795
2022-02-28,284.5,86.83,-0.507,0.159,1.436,1.822,1.1215
2022-03-01,287.674,88.94,-0.725,-0.069,1.333,1.716,1.11313
2022-03-02,287.674,88.94,-0.629,0.01,1.514,1.878,1.11119
2022-03-03,287.674,88.94,-0.613,0.022,1.526,1.84,1.1067
2022-03-04,287.674,88.94,-0.778,-0.101,1.49,1.737,1.0926
2022-03-05,287.674,88.94,-0.7496666666666667,-0.07166666666666667,1.512,1.7503333333333333,1.0924
2022-03-06,287.674,88.94,-0.7213333333333333,-0.042333333333333334,1.534,1.7636666666666667,1.08729
2022-03-07,287.674,88.94,-0.693,-0.013,1.556,1.777,1.08649
2022-03-08,287.674,88.94,-0.625,0.107,1.601,1.84,1.08975
2022-03-09,287.674,88.94,-0.524,0.191,1.676,1.951,1.10731
2022-03-10,287.674,88.94,-0.383,0.27,1.702,1.993,1.10133
2022-03-11,287.674,88.94,-0.401,0.27,1.746,1.997,1.0913
2022-03-12,287.674,88.94,-0.378,0.30433333333333334,1.7856666666666667,2.0453333333333332,1.0913
2022-03-13,287.674,88.94,-0.35500000000000004,0.33866666666666667,1.8253333333333333,2.0936666666666666,1.09314
2022-03-14,287.674,88.94,-0.332,0.373,1.865,2.142,1.09425
2022-03-15,287.674,88.94,-0.414,0.331,1.851,2.149,1.09687
2022-03-16,287.674,88.94,-0.334,0.393,1.948,2.192,1.10214
2022-03-17,287.674,88.94,-0.329,0.388,1.916,2.167,1.1099
2022-03-18,287.674,88.94,-0.35,0.367,1.942,2.153,1.1069
2022-03-19,287.674,88.94,-0.32566666666666666,0.39766666666666667,2.0003333333333333,2.201,1.1069
2022-03-20,287.674,88.94,-0.30133333333333334,0.42833333333333334,2.0586666666666664,2.249,1.10417
2022-03-21,287.674,88.94,-0.277,0.459,2.117,2.297,1.10167
2022-03-22,287.674,88.94,-0.237,0.505,2.166,2.381,1.10292
2022-03-23,287.674,88.94,-0.237,0.479,2.098,2.29,1.10058
2022-03-24,287.674,88.94,-0.198,0.526,2.135,2.37,1.1009
2022-03-25,287.674,88.94,-0.153,0.57,2.284,2.488,1.0988
2022-03-26,287.674,88.94,-0.14,0.574,2.301333333333333,2.4806666666666666,1.0983
2022-03-27,287.674,88.94,-0.127,0.578,2.3186666666666667,2.4733333333333336,1.09813
2022-03-28,287.674,88.94,-0.114,0.582,2.336,2.466,1.09931
2022-03-29,287.674,88.94,-0.043,0.641,2.373,2.398,1.10911
2022-03-30,287.674,88.94,0.021,0.658,2.312,2.358,1.11612
2022-03-31,287.674,88.94,-0.07,0.547,2.335,2.345,1.10716
2022-04-01,288.561,89.45,-0.062,0.566,2.463,2.389,1.10494
2022-04-02,288.561,89.45,-0.06666666666666667,0.5496666666666666,2.448,2.390333333333333,1.1041
2022-04-03,288.561,89.45,-0.07133333333333333,0.5333333333333333,2.4330000000000003,2.3916666666666666,1.1045
2022-04-04,288.561,89.45,-0.076,0.517,2.418,2.393,1.09752
2022-04-05,288.561,89.45,-0.033,0.61,2.524,2.554,1.09057
2022-04-06,288.561,89.45,-0.044,0.648,2.484,2.598,1.08975
2022-04-07,288.561,89.45,-0.031,0.68,2.468,2.665,1.0864
2022-04-08,288.561,89.45,0.05,0.71,2.516,2.704,1.08737
2022-04-09,288.561,89.45,0.07733333333333334,0.7443333333333333,2.510666666666667,2.7273333333333336,1.08737
2022-04-10,288.561,89.45,0.10466666666666667,0.7786666666666666,2.505333333333333,2.7506666666666666,1.0884
2022-04-11,288.561,89.45,0.132,0.813,2.5,2.774,1.08775
2022-04-12,288.561,89.45,0.069,0.79,2.405,2.727,1.08257
2022-04-13,288.561,89.45,0.074,0.775,2.365,2.703,1.08959
2022-04-14,288.561,89.45,0.056,0.839,2.456,2.828,1.08203
2022-04-15,288.561,89.45,0.038,0.8395,2.4535,2.83525,1.08099
2022-04-16,288.561,89.45,0.038,0.8395,2.451,2.8425000000000002,1.08099
2022-04-17,288.561,89.45,0.038,0.8395,2.4485,2.8497500000000002,1.08145
2022-04-18,288.561,89.45,0.038,0.8395,2.446,2.857,1.07814
2022-04-19,288.561,89.45,0.058,0.918,2.598,2.94,1.07938
2022-04-20,288.561,89.45,0.051,0.862,2.575,2.834,1.08493
2022-04-21,288.561,89.45,0.171,0.925,2.674,2.908,1.0835
2022-04-22,288.561,89.45,0.281,0.963,2.678,2.905,1.07981
2022-04-23,288.561,89.45,0.23633333333333334,0.9246666666666666,2.6613333333333333,2.876,1.0798
2022-04-24,288.561,89.45,0.19166666666666665,0.8863333333333333,2.6446666666666667,2.847,1.08104
2022-04-25,288.561,89.45,0.147,0.848,2.628,2.818,1.0713
2022-04-26,288.561,89.45,0.128,0.802,2.481,2.728,1.06431
2022-04-27,288.561,89.45,0.098,0.81,2.591,2.826,1.05547
2022-04-28,288.561,89.45,0.186,0.895,2.629,2.832,1.0502
2022-04-29,288.561,89.45,0.258,0.935,2.731,2.938,1.0541
2022-04-30,288.561,89.45,0.24933333333333335,0.9443333333333334,2.731,2.951,1.0541
2022-05-01,291.298,90.19,0.24066666666666667,0.9536666666666667,2.731,2.964,1.05353
2022-05-02,291.298,90.19,0.232,0.963,2.731,2.977,1.05086
2022-05-03,291.298,90.19,0.248,0.954,2.784,2.979,1.0526
2022-05-04,291.298,90.19,0.281,0.978,2.654,2.946,1.06211
2022-05-05,291.298,90.19,0.293,1.048,2.712,3.035,1.0539
2022-05-06,291.298,90.19,0.332,1.137,2.735,3.142,1.05342
2022-05-07,291.298,90.19,0.2956666666666667,1.1206666666666667,2.6893333333333334,3.106,1.05342
2022-05-08,291.298,90.19,0.25933333333333336,1.1043333333333334,2.6436666666666664,3.07,1.05314
2022-05-09,291.298,90.19,0.223,1.088,2.598,3.034,1.05653
2022-05-10,291.298,90.19,0.162,1.003,2.606,2.989,1.053
2022-05-11,291.298,90.19,0.154,1.004,2.647,2.925,1.05118
2022-05-12,291.298,90.19,0.061,0.869,2.58,2.855,1.03789
2022-05-13,291.298,90.19,0.104,0.947,2.588,2.928,1.04083
2022-05-14,291.298,90.19,0.097,0.9385,2.5833333333333335,2.914,1.04083
2022-05-15,291.298,90.19,0.113,0.9377500000000001,2.5786666666666664,2.9,1.03999
2022-05-16,291.298,90.19,0.129,0.937,2.574,2.886,1.04383
2022-05-17,291.298,90.19,0.26,1.056,2.711,2.995,1.0547
2022-05-18,291.298,90.19,0.371,1.012,2.667,2.884,1.0472
2022-05-19,291.298,90.19,0.355,0.94,2.612,2.837,1.0578
2022-05-20,291.298,90.19,0.337,0.942,2.587,2.788,1.05598
2022-05-21,291.298,90.19,0.361,0.968,2.601,2.812333333333333,1.05598
2022-05-22,291.298,90.19,0.385,0.994,2.615,2.836666666666667,1.05691
2022-05-23,291.298,90.19,0.409,1.02,2.629,2.861,1.06813
2022-05-24,291.298,90.19,0.362,0.954,2.481,2.754,1.0731
2022-05-25,291.298,90.19,0.331,0.955,2.502,2.751,1.0686
2022-05-26,291.298,90.19,0.33,0.999,2.478,2.742,1.07322
2022-05-27,291.298,90.19,0.338,0.963,2.484,2.743,1.07316
2022-05-28,291.298,90.19,0.3706666666666667,0.99,2.513,2.766,1.07316
2022-05-29,291.298,90.19,0.4033333333333333,1.017,2.5420000000000003,2.7889999999999997,1.07308
2022-05-30,291.298,90.19,0.436,1.044,2.571,2.812,1.07731
2022-05-31,291.298,90.19,0.508,1.127,2.563,2.849,1.07335
2022-06-01,294.957,90.92,0.548,1.181,2.648,2.911,1.06504
2022-06-02,294.957,90.92,0.619,1.235,2.632,2.913,1.07504
2022-06-03,294.957,90.92,0.65,1.27,2.657,2.941,1.07183
2022-06-04,294.957,90.92,0.662,1.2873333333333334,2.682,2.9739999999999998,1.0718
2022-06-05,294.957,90.92,0.674,1.3046666666666666,2.7070000000000003,3.007,1.07253
2022-06-06,294.957,90.92,0.686,1.322,2.732,3.04,1.06911
2022-06-07,294.957,90.92,0.653,1.287,2.735,2.979,1.06962
2022-06-08,294.957,90.92,0.701,1.355,2.778,3.027,1.0717
2022-06-09,294.957,90.92,0.831,1.435,2.815,3.046,1.06188
2022-06-10,294.957,90.92,0.95,1.502,3.067,3.165,1.0517
2022-06-11,294.957,90.92,1.014,1.5436666666666667,3.1670000000000003,3.2306666666666666,1.0519
2022-06-12,294.957,90.92,1.0779999999999998,1.5853333333333333,3.267,3.2963333333333336,1.04889
2022-06-13,294.957,90.92,1.142,1.627,3.367,3.362,1.04146
2022-06-14,294.957,90.92,1.208,1.751,3.439,3.479,1.04378
2022-06-15,294.957,90.92,1.067,1.652,3.21,3.292,1.04556
2022-06-16,294.957,90.92,1.152,1.703,3.1,3.195,1.05461
2022-06-17,294.957,90.92,1.087,1.669,3.17,3.231,1.04531
2022-06-18,294.957,90.92,1.1013333333333333,1.6936666666666667,3.195333333333333,3.2463333333333333,1.0495
2022-06-19,294.957,90.92,1.1156666666666666,1.7183333333333335,3.220666666666667,3.2616666666666667,1.04907
2022-06-20,294.957,90.92,1.13,1.743,3.246,3.277,1.05197
2022-06-21,294.957,90.92,1.136,1.762,3.194,3.279,1.05318
2022-06-22,294.957,90.92,1.032,1.62,3.062,3.16,1.05627
2022-06-23,294.957,90.92,0.809,1.427,3.012,3.089,1.0519
2022-06-24,294.957,90.92,0.805,1.44,3.063,3.138,1.05676
2022-06-25,294.957,90.92,0.794,1.4375,3.0860000000000003,3.159333333333333,1.05676
2022-06-26,294.957,90.92,0.8385,1.49075,3.109,3.1806666666666668,1.05653
2022-06-27,294.957,90.92,0.883,1.544,3.132,3.202,1.058
2022-06-28,294.957,90.92,0.946,1.635,3.112,3.177,1.05228
2022-06-29,294.957,90.92,0.836,1.504,3.043,3.087,1.04459
2022-06-30,294.957,90.92,0.679,1.368,2.955,3.017,1.0477
2022-07-01,294.913,91.02,0.501,1.226,2.839,2.889,1.04272
2022-07-02,294.913,91.02,0.541,1.263,2.8626666666666667,2.9033333333333333,1.04272
2022-07-03,294.913,91.02,0.581,1.3,2.8863333333333334,2.9176666666666664,1.0432
2022-07-04,294.913,91.02,0.621,1.337,2.91,2.932,1.04325
2022-07-05,294.913,91.02,0.436,1.187,2.822,2.818,1.02573
2022-07-06,294.913,91.02,0.378,1.158,2.996,2.934,1.01838
2022-07-07,294.913,91.02,0.531,1.291,3.024,3.0,1.0167
2022-07-08,294.913,91.02,0.53,1.346,3.105,3.08,1.0182
2022-07-09,294.913,91.02,0.4996666666666667,1.314,3.0933333333333333,3.051,1.0183
2022-07-10,294.913,91.02,0.4693333333333333,1.282,3.0816666666666666,3.022,1.01654
2022-07-11,294.913,91.02,0.439,1.25,3.07,2.993,1.0047
2022-07-12,294.913,91.02,0.342,1.134,3.051,2.971,1.00308
2022-07-13,294.913,91.02,0.447,1.145,3.148,2.935,1.00323
2022-07-14,294.913,91.02,0.501,1.179,3.128,2.958,1.00251
2022-07-15,294.913,91.02,0.452,1.128,3.131,2.928,1.00766
2022-07-16,294.913,91.02,0.47200000000000003,1.1566666666666665,3.1439999999999997,2.9483333333333333,1.00946
2022-07-17,294.913,91.02,0.492,1.1853333333333333,3.157,2.9686666666666666,1.0094
2022-07-18,294.913,91.02,0.512,1.214,3.17,2.989,1.01447
2022-07-19,294.913,91.02,0.632,1.278,3.242,3.028,1.02306
2022-07-20,294.913,91.02,0.613,1.26,3.236,3.03,1.01821
2022-07-21,294.913,91.02,0.658,1.22,3.095,2.882,1.02206
2022-07-22,294.913,91.02,0.392,1.023,2.972,2.754,1.01866
2022-07-23,294.913,91.02,0.3973333333333333,1.0253333333333332,2.9873333333333334,2.7716666666666665,1.0212
2022-07-24,294.913,91.02,0.4026666666666667,1.0276666666666667,3.0026666666666664,2.7893333333333334,1.0199
2022-07-25,294.913,91.02,0.408,1.03,3.018,2.807,1.02228
2022-07-26,294.913,91.02,0.351,0.928,3.059,2.803,1.01293
2022-07-27,294.913,91.02,0.419,0.938,2.984,2.785,1.0204
2022-07-28,294.913,91.02,0.216,0.801,2.868,2.671,1.01916
2022-07-29,294.913,91.02,0.273,0.825,2.891,2.658,1.02264
2022-07-30,294.913,91.02,0.264,0.8036666666666666,2.8893333333333335,2.6346666666666665,1.02264
2022-07-31,294.913,91.02,0.2525,0.7823333333333333,2.8876666666666666,2.6113333333333335,1.02059
2022-08-01,295.097,91.58,0.241,0.761,2.886,2.588,1.02607
2022-08-02,295.097,91.58,0.27,0.782,3.063,2.748,1.0155
2022-08-03,295.097,91.58,0.389,0.874,3.069,2.706,1.01569
2022-08-04,295.097,91.58,0.33,0.809,3.049,2.694,1.02474
2022-08-05,295.097,91.58,0.472,0.961,3.23,2.827,1.01749
2022-08-06,295.097,91.58,0.46066666666666667,0.9396666666666667,3.223,2.8013333333333335,1.01799
2022-08-07,295.097,91.58,0.4493333333333333,0.9183333333333333,3.216,2.7756666666666665,1.0171
2022-08-08,295.097,91.58,0.438,0.897,3.209,2.75,1.01969
2022-08-09,295.097,91.58,0.484,0.923,3.268,2.779,1.02079
2022-08-10,295.097,91.58,0.525,0.886,3.22,2.785,1.02989
2022-08-11,295.097,91.58,0.557,0.967,3.227,2.889,1.03208
2022-08-12,295.097,91.58,0.612,0.99,3.25,2.842,1.02622
2022-08-13,295.097,91.58,0.5823333333333334,0.961,3.2316666666666665,2.8256666666666668,1.02622
2022-08-14,295.097,91.58,0.5526666666666666,0.932,3.2133333333333334,2.8093333333333335,1.02542
2022-08-15,295.097,91.58,0.523,0.903,3.195,2.793,1.01615
2022-08-16,295.097,91.58,0.584,0.979,3.268,2.808,1.01701
2022-08-17,295.097,91.58,0.718,1.078,3.285,2.902,1.01771
2022-08-18,295.097,91.58,0.753,1.098,3.208,2.886,1.00896
2022-08-19,295.097,91.58,0.834,1.234,3.238,2.976,1.0038
2022-08-20,295.097,91.58,0.8503333333333333,1.2563333333333333,3.264,2.992,1.0036
2022-08-21,295.097,91.58,0.8666666666666667,1.2786666666666666,3.29,3.008,1.00344
2022-08-22,295.097,91.58,0.883,1.301,3.316,3.024,0.99391
2022-08-23,295.097,91.58,0.852,1.321,3.302,3.057,0.99668
2022-08-24,295.097,91.58,0.91,1.363,3.403,3.109,0.9967
2022-08-25,295.097,91.58,0.868,1.329,3.374,3.031,0.99708
2022-08-26,295.097,91.58,0.972,1.398,3.382,3.03,0.9963
2022-08-27,295.097,91.58,1.0126666666666666,1.4336666666666666,3.3983333333333334,3.058,0.9964
2022-08-28,295.097,91.58,1.0533333333333335,1.4693333333333332,3.4146666666666667,3.086,0.9938
2022-08-29,295.097,91.58,1.094,1.505,3.431,3.114,1.0009
2022-08-30,295.097,91.58,1.145,1.51,3.458,3.112,1.00244
2022-08-31,295.097,91.58,1.198,1.536,3.495,3.196,1.00387
2022-09-01,296.349,92.67,1.183,1.571,3.518,3.259,0.99519
2022-09-02,296.349,92.67,1.091,1.52,3.395,3.195,0.9951
2022-09-03,296.349,92.67,1.1153333333333333,1.5353333333333334,3.408333333333333,3.204333333333333,0.9951
2022-09-04,296.349,92.67,1.1396666666666666,1.5506666666666666,3.421666666666667,3.2136666666666667,0.99087
2022-09-05,296.349,92.67,1.164,1.566,3.435,3.223,0.99502
2022-09-06,296.349,92.67,1.097,1.605,3.507,3.351,0.98972
2022-09-07,296.349,92.67,1.084,1.575,3.439,3.267,0.99953
2022-09-08,296.349,92.67,1.326,1.712,3.512,3.323,1.001
2022-09-09,296.349,92.67,1.319,1.7,3.563,3.315,1.015
2022-09-10,296.349,92.67,1.311,1.6816666666666666,3.5673333333333335,3.3293333333333335,1.0151
2022-09-11,296.349,92.67,1.303,1.6633333333333333,3.5716666666666668,3.3436666666666666,1.00707
2022-09-12,296.349,92.67,1.295,1.645,3.576,3.358,1.0129
2022-09-13,296.349,92.67,1.384,1.724,3.746,3.412,0.99797
2022-09-14,296.349,92.67,1.407,1.698,3.788,3.404,0.99821
2022-09-15,296.349,92.67,1.529,1.741,3.862,3.449,0.99877
2022-09-16,296.349,92.67,1.548,1.765,3.871,3.455,1.00052
2022-09-17,296.349,92.67,1.515,1.7736666666666665,3.896,3.468,1.00092
2022-09-18,296.349,92.67,1.5585,1.7823333333333333,3.9210000000000003,3.4810000000000003,1.002
2022-09-19,296.349,92.67,1.602,1.791,3.946,3.494,1.00289
2022-09-20,296.349,92.67,1.719,1.939,3.971,3.569,0.99703
2022-09-21,296.349,92.67,1.745,1.892,4.059,3.534,0.98301
2022-09-22,296.349,92.67,1.845,1.978,4.118,3.71,0.98389
2022-09-23,296.349,92.67,1.907,2.031,4.203,3.687,0.9691
2022-09-24,296.349,92.67,1.9183333333333334,2.0513333333333335,4.250333333333334,3.767333333333333,0.9689
2022-09-25,296.349,92.67,1.9296666666666666,2.0716666666666668,4.297666666666666,3.8476666666666666,0.96857
2022-09-26,296.349,92.67,1.941,2.092,4.345,3.928,0.96226
2022-09-27,296.349,92.67,1.989,2.252,4.287,3.949,0.95956
2022-09-28,296.349,92.67,1.85,2.155,4.127,3.737,0.97075
2022-09-29,296.349,92.67,1.827,2.208,4.192,3.782,0.98289
2022-09-30,296.349,92.67,1.778,2.109,4.273,3.829,0.9801
2022-10-01,298.007,94.05,1.7173333333333334,2.037333333333333,4.219666666666667,3.767,0.9801
2022-10-02,298.007,94.05,1.6566666666666667,1.9656666666666667,4.166333333333333,3.705,0.9792
2022-10-03,298.007,94.05,1.596,1.894,4.113,3.643,0.98315
2022-10-04,298.007,94.05,1.57,1.882,4.097,3.635,0.9984
2022-10-05,298.007,94.05,1.657,2.017,4.146,3.755,0.991
2022-10-06,298.007,94.05,1.789,2.086,4.256,3.828,0.97884
2022-10-07,298.007,94.05,1.869,2.197,4.312,3.888,0.9736
2022-10-08,298.007,94.05,1.88,2.2403333333333335,4.312666666666667,3.9103333333333334,0.9744
2022-10-09,298.007,94.05,1.891,2.2836666666666665,4.3133333333333335,3.9326666666666665,0.97343
2022-10-10,298.007,94.05,1.902,2.327,4.314,3.955,0.97096
2022-10-11,298.007,94.05,1.845,2.308,4.314,3.945,0.96999
2022-10-12,298.007,94.05,1.869,2.346,4.295,3.902,0.97072
2022-10-13,298.007,94.05,1.91,2.3,4.466,3.95,0.9769
2022-10-14,298.007,94.05,1.959,2.361,4.496,4.023,0.9718
2022-10-15,298.007,94.05,1.958,2.331,4.480666666666667,4.019333333333333,0.9718
2022-10-16,298.007,94.05,1.957,2.301,4.465333333333334,4.015666666666666,0.97387
2022-10-17,298.007,94.05,1.956,2.271,4.45,4.012,0.98434
2022-10-18,298.007,94.05,1.969,2.278,4.431,4.007,0.98631
2022-10-19,298.007,94.05,2.078,2.369,4.561,4.138,0.97661
2022-10-20,298.007,94.05,2.099,2.394,4.612,4.233,0.97783
2022-10-21,298.007,94.05,2.04,2.437,4.483,4.219,0.98497
2022-10-22,298.007,94.05,2.028,2.4059999999999997,4.491666666666666,4.2283333333333335,0.98547
2022-10-23,298.007,94.05,2.016,2.375,4.500333333333334,4.237666666666667,0.98589
2022-10-24,298.007,94.05,2.004,2.344,4.509,4.247,0.98859
2022-10-25,298.007,94.05,1.959,2.17,4.473,4.1,0.9963
2022-10-26,298.007,94.05,1.948,2.115,4.418,4.007,1.00912
2022-10-27,298.007,94.05,1.797,1.978,4.282,3.927,0.99671
2022-10-28,298.007,94.05,1.921,2.086,4.414,4.01,0.99601
2022-10-29,298.007,94.05,1.9303333333333335,2.107333333333333,4.438,4.023333333333333,0.99601
2022-10-30,298.007,94.05,1.9396666666666667,2.1286666666666667,4.462,4.036666666666666,0.99543
2022-10-31,298.007,94.05,1.949,2.15,4.486,4.05,0.98853
2022-11-01,298.786,93.98,1.941,2.124,4.551,4.048,0.9875
2022-11-02,298.786,93.98,1.975,2.135,4.611,4.096,0.98136
2022-11-03,298.786,93.98,2.095,2.251,4.718,4.149,0.97492
2022-11-04,298.786,93.98,2.137,2.289,4.658,4.163,0.9819
2022-11-05,298.786,93.98,2.155,2.301,4.681333333333334,4.181333333333334,0.983
2022-11-06,298.786,93.98,2.173,2.313,4.704666666666666,4.199666666666666,0.99281
2022-11-07,298.786,93.98,2.191,2.325,4.728,4.218,1.00179
2022-11-08,298.786,93.98,2.205,2.272,4.657,4.128,1.00805
2022-11-09,298.786,93.98,2.121,2.177,4.582,4.099,1.00188
2022-11-10,298.786,93.98,1.976,2.003,4.33,3.811,1.01915
2022-11-11,298.786,93.98,2.135,2.158,4.34725,3.824,1.037
2022-11-12,298.786,93.98,2.1306666666666665,2.158333333333333,4.3645,3.8369999999999997,1.036
2022-11-13,298.786,93.98,2.126333333333333,2.1586666666666665,4.38175,3.85,1.03278
2022-11-14,298.786,93.98,2.122,2.159,4.399,3.863,1.03187
2022-11-15,298.786,93.98,2.158,2.098,4.345,3.777,1.03572
2022-11-16,298.786,93.98,2.116,2.001,4.365,3.69,1.03934
2022-11-17,298.786,93.98,2.136,2.03,4.46,3.769,1.0361
2022-11-18,298.786,93.98,2.096,2.018,4.531,3.829,1.0343
2022-11-19,298.786,93.98,2.08,2.01,4.541666666666666,3.832666666666667,1.0344
2022-11-20,298.786,93.98,2.0780000000000003,1.9935,4.552333333333333,3.836333333333333,1.033
2022-11-21,298.786,93.98,2.076,1.977,4.563,3.84,1.02454
2022-11-22,298.786,93.98,2.104,1.982,4.523,3.758,1.0309
2022-11-23,298.786,93.98,2.144,1.922,4.473,3.689,1.04155
2022-11-24,298.786,93.98,2.104,1.847,4.44,3.661,1.04074
2022-11-25,298.786,93.98,2.192,1.969,4.467,3.691,1.0412
2022-11-26,298.786,93.98,2.1883333333333335,1.9766666666666668,4.459333333333333,3.687,1.0413
2022-11-27,298.786,93.98,2.1846666666666668,1.9843333333333333,4.451666666666666,3.683,1.03668
2022-11-28,298.786,93.98,2.181,1.992,4.444,3.679,1.03432
2022-11-29,298.786,93.98,2.097,1.913,4.481,3.75,1.03238
2022-11-30,298.786,93.98,2.139,1.944,4.329,3.611,1.04233
2022-12-01,298.832,93.65,2.033,1.823,4.236,3.51,1.05281
2022-12-02,298.832,93.65,2.114,1.855,4.284,3.492,1.0535
2022-12-03,298.832,93.65,2.118,1.8646666666666667,4.3213333333333335,3.5223333333333335,1.0536
2022-12-04,298.832,93.65,2.122,1.8743333333333332,4.358666666666666,3.5526666666666666,1.05433
2022-12-05,298.832,93.65,2.126,1.884,4.396,3.583,1.0497
2022-12-06,298.832,93.65,2.055,1.796,4.366,3.531,1.04675
2022-12-07,298.832,93.65,2.014,1.783,4.264,3.421,1.05127
2022-12-08,298.832,93.65,2.066,1.82,4.314,3.489,1.0557
2022-12-09,298.832,93.65,2.151,1.923,4.342,3.586,1.0544
2022-12-10,298.832,93.65,2.167333333333333,1.928,4.355333333333333,3.5963333333333334,1.054
2022-12-11,298.832,93.65,2.183666666666667,1.9315,4.368666666666666,3.6066666666666665,1.05213
2022-12-12,298.832,93.65,2.2,1.935,4.382,3.617,1.054
2022-12-13,298.832,93.65,2.138,1.908,4.214,3.501,1.06261
2022-12-14,298.832,93.65,2.138,1.938,4.216,3.479,1.06762
2022-12-15,298.832,93.65,2.379,2.092,4.24,3.45,1.06369
2022-12-16,298.832,93.65,2.445,2.159,4.182,3.488,1.0597
2022-12-17,298.832,93.65,2.4459999999999997,2.1525,4.209333333333333,3.522,1.0593
2022-12-18,298.832,93.65,2.447,2.146,4.236666666666667,3.556,1.0584
2022-12-19,298.832,93.65,2.448,2.201,4.264,3.59,1.06116
2022-12-20,298.832,93.65,2.516,2.301,4.266,3.692,1.06252
2022-12-21,298.832,93.65,2.521,2.303,4.223,3.673,1.0606
2022-12-22,298.832,93.65,2.563,2.367,4.28,3.686,1.06008
2022-12-23,298.832,93.65,2.646,2.391,4.327,3.751,1.0667
2022-12-24,298.832,93.65,2.6323333333333334,2.3901666666666666,4.328666666666667,3.748333333333333,1.0665
2022-12-25,298.832,93.65,2.6186666666666665,2.3893333333333335,4.330333333333333,3.7456666666666667,1.06176
2022-12-26,298.832,93.65,2.605,2.3885,4.332,3.743,1.06394
2022-12-27,298.832,93.65,2.679,2.516,4.383,3.849,1.06365
2022-12-28,298.832,93.65,2.674,2.508,4.357,3.886,1.06286
2022-12-29,298.832,93.65,2.662,2.463,4.366,3.82,1.0659
2022-12-30,298.832,93.65,2.731,2.563,4.428,3.879,1.0724
2022-12-31,298.832,93.65,2.716333333333333,2.5645,4.427333333333333,3.879,1.0725
2023-01-01,300.42,93.45,2.7016666666666667,2.50375,4.426666666666667,3.879,1.0793
2023-01-02,300.42,93.45,2.687,2.443,4.426,3.879,1.0677
2023-01-03,300.42,93.45,2.665,2.376,4.38,3.752,1.05464
2023-01-04,300.42,93.45,2.582,2.268,4.356,3.69,1.06056
2023-01-05,300.42,93.45,2.645,2.307,4.464,3.722,1.05216
2023-01-06,300.42,93.45,2.592,2.21,4.258,3.56,1.0661
2023-01-07,300.42,93.45,2.5943333333333336,2.212666666666667,4.241333333333333,3.549,1.0662
2023-01-08,300.42,93.45,2.5966666666666667,2.215333333333333,4.224666666666667,3.5380000000000003,1.06556
2023-01-09,300.42,93.45,2.599,2.218,4.208,3.527,1.07325
2023-01-10,300.42,93.45,2.649,2.301,4.247,3.615,1.07383
2023-01-11,300.42,93.45,2.628,2.184,4.22,3.543,1.07656
2023-01-12,300.42,93.45,2.568,2.132,4.145,3.444,1.08597
2023-01-13,300.42,93.45,2.577,2.143,4.224,3.498,1.0845
2023-01-14,300.42,93.45,2.5746666666666664,2.15275,4.229666666666667,3.5083333333333333,1.0842
2023-01-15,300.42,93.45,2.5723333333333334,2.1625,4.235333333333333,3.518666666666667,1.08239
2023-01-16,300.42,93.45,2.57,2.173,4.241,3.529,1.08294
2023-01-17,300.42,93.45,2.457,2.085,4.205,3.549,1.07893
2023-01-18,300.42,93.45,2.46,2.011,4.085,3.373,1.07976
2023-01-19,300.42,93.45,2.514,2.05,4.128,3.399,1.0832
2023-01-20,300.42,93.45,2.577,2.169,4.177,3.482,1.0875
2023-01-21,300.42,93.45,2.582333333333333,2.1705,4.195333333333333,3.495,1.0876
2023-01-22,300.42,93.45,2.587666666666667,2.172,4.213666666666667,3.508,1.08642
2023-01-23,300.42,93.45,2.593,2.199,4.232,3.521,1.08713
2023-01-24,300.42,93.45,2.55,2.159,4.21,3.455,1.08875
2023-01-25,300.42,93.45,2.536,2.16,4.133,3.451,1.09217
2023-01-26,300.42,93.45,2.585,2.215,4.189,3.506,1.0892
2023-01-27,300.42,93.45,2.584,2.24,4.201,3.507,1.087
2023-01-28,300.42,93.45,2.616,2.239,4.2139999999999995,3.518666666666667,1.0871
2023-01-29,300.42,93.45,2.648,2.238,4.227,3.530333333333333,1.08708
2023-01-30,300.42,93.45,2.68,2.309,4.24,3.542,1.085
2023-01-31,300.42,93.45,2.649,2.28,4.205,3.51,1.08603
2023-02-01,301.45,94.21,2.669,2.296,4.1,3.417,1.10123
2023-02-02,301.45,94.21,2.479,2.06,4.1,3.402,1.0904
2023-02-03,301.45,94.21,2.543,2.196,4.286,3.519,1.0825
2023-02-04,301.45,94.21,2.563,2.18875,4.3486666666666665,3.5606666666666666,1.0822
2023-02-05,301.45,94.21,2.583,2.1815,4.411333333333333,3.6023333333333336,1.07902
2023-02-06,301.45,94.21,2.603,2.284,4.474,3.644,1.07284
2023-02-07,301.45,94.21,2.615,2.312,4.466,3.679,1.07296
2023-02-08,301.45,94.21,2.714,2.365,4.429,3.615,1.07154
2023-02-09,301.45,94.21,2.687,2.306,4.484,3.664,1.07395
2023-02-10,301.45,94.21,2.756,2.367,4.525,3.743,1.0699
2023-02-11,301.45,94.21,2.7646666666666664,2.36525,4.524,3.73,1.0696
2023-02-12,301.45,94.21,2.7733333333333334,2.3635,4.523000000000001,3.717,1.06769
2023-02-13,301.45,94.21,2.782,2.375,4.522,3.704,1.0728
2023-02-14,301.45,94.21,2.858,2.446,4.622,3.753,1.07352
2023-02-15,301.45,94.21,2.873,2.48,4.633,3.803,1.0691
2023-02-16,301.45,94.21,2.879,2.476,4.644,3.863,1.06651
2023-02-17,301.45,94.21,2.875,2.457,4.617,3.817,1.0718
2023-02-18,301.45,94.21,2.858,2.4315,4.632666666666666,3.8283333333333336,1.0715
2023-02-19,301.45,94.21,2.8745000000000003,2.4455,4.648333333333333,3.8396666666666666,1.06838
2023-02-20,301.45,94.21,2.891,2.461,4.664,3.851,1.06822
2023-02-21,301.45,94.21,2.95,2.536,4.729,3.954,1.06517
2023-02-22,301.45,94.21,2.92,2.513,4.697,3.927,1.06051
2023-02-23,301.45,94.21,2.898,2.47,4.704,3.89,1.05973
2023-02-24,301.45,94.21,3.015,2.53,4.814,3.947,1.0583
2023-02-25,301.45,94.21,3.0316666666666667,2.5279999999999996,4.803333333333334,3.9386666666666668,1.0571
2023-02-26,301.45,94.21,3.0483333333333333,2.526,4.792666666666666,3.9303333333333335,1.05539
2023-02-27,301.45,94.21,3.065,2.587,4.782,3.922,1.06086
2023-02-28,301.45,94.21,3.132,2.643,4.818,3.928,1.05765
2023-03-01,301.821,95.06,3.202,2.718,4.878,3.994,1.06684
2023-03-02,301.821,95.06,3.204,2.749,4.889,4.062,1.05994
2023-03-03,301.821,95.06,3.211,2.714,4.861,3.958,1.0648
2023-03-04,301.821,95.06,3.2416666666666667,2.7175000000000002,4.8693333333333335,3.96,1.0649
2023-03-05,301.821,95.06,3.272333333333333,2.721,4.877666666666666,3.962,1.06254
2023-03-06,301.821,95.06,3.303,2.727,4.886,3.964,1.06855
2023-03-07,301.821,95.06,3.316,2.692,5.015,3.97,1.05482
2023-03-08,301.821,95.06,3.337,2.644,5.07,3.989,1.05486
2023-03-09,301.821,95.06,3.28,2.638,4.87,3.907,1.05846
2023-03-10,301.821,95.06,3.072,2.498,4.593,3.704,1.06123
2023-03-11,301.821,95.06,2.946,2.49725,4.400666666666667,3.6510000000000002,1.0645
2023-03-12,301.821,95.06,2.82,2.4965,4.208333333333333,3.598,1.0683
2023-03-13,301.821,95.06,2.694,2.275,4.016,3.545,1.0723
2023-03-14,301.821,95.06,2.924,2.456,4.246,3.685,1.07274
2023-03-15,301.821,95.06,2.379,2.116,3.892,3.462,1.05826
2023-03-16,301.821,95.06,2.56,2.245,4.174,3.579,1.06133
2023-03-17,301.821,95.06,2.434,2.131,3.846,3.438,1.0778
2023-03-18,301.821,95.06,2.398,2.11475,3.886,3.4530000000000003,1.0774
2023-03-19,301.821,95.06,2.362,2.0985,3.926,3.468,1.0678
2023-03-20,301.821,95.06,2.326,2.102,3.966,3.483,1.0718
2023-03-21,301.821,95.06,2.587,2.278,4.179,3.608,1.07737
2023-03-22,301.821,95.06,2.701,2.329,3.96,3.451,1.08698
2023-03-23,301.821,95.06,2.508,2.19,3.825,3.414,1.08343
2023-03-24,301.821,95.06,2.381,2.122,3.767,3.372,1.0779
2023-03-25,301.821,95.06,2.428,2.1225,3.8473333333333333,3.4276666666666666,1.0781
2023-03-26,301.821,95.06,2.4749999999999996,2.123,3.9276666666666666,3.4833333333333334,1.07761
2023-03-27,301.821,95.06,2.522,2.227,4.008,3.539,1.0773
2023-03-28,301.821,95.06,2.583,2.284,4.08,3.572,1.0841
2023-03-29,301.821,95.06,2.634,2.307,4.101,3.566,1.08428
2023-03-30,301.821,95.06,2.743,2.368,4.122,3.547,1.09044
2023-03-31,301.821,95.06,2.695,2.301,4.038,3.473,1.0869
2023-04-01,302.845,95.66,2.6826666666666665,2.29325,4.015333333333333,3.4536666666666664,1.0869
2023-04-02,302.845,95.66,2.6703333333333332,2.2855,3.992666666666667,3.4343333333333335,1.08025
2023-04-03,302.845,95.66,2.658,2.245,3.97,3.415,1.0908
2023-04-04,302.845,95.66,2.628,2.266,3.821,3.339,1.09572
2023-04-05,302.845,95.66,2.52,2.18,3.792,3.309,1.09041
2023-04-06,302.845,95.66,2.547,2.181,3.829,3.303,1.09195
2023-04-07,302.845,95.66,2.538,2.174,3.993,3.413,1.0994
2023-04-08,302.845,95.66,2.5396666666666667,2.1785,3.9986666666666664,3.4136666666666664,1.0993
2023-04-09,302.845,95.66,2.541333333333333,2.183,4.004333333333333,3.4143333333333334,1.09127
2023-04-10,302.845,95.66,2.543,2.1875,4.01,3.415,1.08689
2023-04-11,302.845,95.66,2.704,2.303,4.033,3.432,1.09169
2023-04-12,302.845,95.66,2.775,2.36,3.968,3.4,1.09969
2023-04-13,302.845,95.66,2.78,2.371,3.968,3.449,1.10518
2023-04-14,302.845,95.66,2.864,2.433,4.099,3.515,1.1102
2023-04-15,302.845,95.66,2.8676666666666666,2.43275,4.134333333333333,3.5453333333333332,1.1101
2023-04-16,302.845,95.66,2.8713333333333333,2.4325,4.169666666666667,3.5756666666666668,1.0984
2023-04-17,302.845,95.66,2.875,2.481,4.205,3.606,1.0925
2023-04-18,302.845,95.66,2.891,2.47,4.203,3.578,1.09749
2023-04-19,302.845,95.66,2.957,2.505,4.248,3.591,1.0951
2023-04-20,302.845,95.66,2.891,2.444,4.151,3.536,1.09679
2023-04-21,302.845,95.66,2.921,2.485,4.18,3.568,1.1095
2023-04-22,302.845,95.66,2.9326666666666665,2.48325,4.155,3.544,1.1095
2023-04-23,302.845,95.66,2.9443333333333332,2.4815,4.13,3.52,1.09917
2023-04-24,302.845,95.66,2.956,2.491,4.105,3.496,1.1055
2023-04-25,302.845,95.66,2.834,2.378,3.948,3.4,1.09781
2023-04-26,302.845,95.66,2.78,2.386,3.949,3.445,1.1043
2023-04-27,302.845,95.66,2.842,2.453,4.081,3.528,1.10313
2023-04-28,302.845,95.66,2.729,2.322,4.021,3.433,1.1127
2023-04-29,302.845,95.66,2.724,2.319166666666667,4.061,3.4786666666666664,1.1126
2023-04-30,302.845,95.66,2.719,2.316333333333333,4.101,3.5243333333333333,1.10102
2023-05-01,303.334,95.69,2.714,2.3135,4.141,3.57,1.0969
2023-05-02,303.334,95.69,2.653,2.251,3.992,3.433,1.10102
2023-05-03,303.334,95.69,2.678,2.247,3.865,3.364,1.10682
2023-05-04,303.334,95.69,2.534,2.194,3.788,3.377,1.10222
2023-05-05,303.334,95.69,2.62,2.295,3.918,3.435,1.1017
2023-05-06,303.334,95.69,2.6336666666666666,2.29175,3.945666666666667,3.459,1.1018
2023-05-07,303.334,95.69,2.6473333333333335,2.2885,3.9733333333333336,3.483,1.1016
2023-05-08,303.334,95.69,2.661,2.318,4.001,3.507,1.09954
2023-05-09,303.334,95.69,2.667,2.338,4.026,3.522,1.09644
2023-05-10,303.334,95.69,2.629,2.296,3.91,3.439,1.0982
2023-05-11,303.334,95.69,2.579,2.218,3.899,3.386,1.09113
2023-05-12,303.334,95.69,2.617,2.266,3.991,3.463,1.0937
2023-05-13,303.334,95.69,2.6253333333333333,2.2803333333333335,3.997333333333333,3.477666666666667,1.0936
2023-05-14,303.334,95.69,2.6336666666666666,2.2946666666666666,4.003666666666667,3.4923333333333333,1.0852
2023-05-15,303.334,95.69,2.642,2.309,4.01,3.507,1.0873
2023-05-16,303.334,95.69,2.681,2.34,4.084,3.541,1.08653
2023-05-17,303.334,95.69,2.749,2.34,4.16,3.572,1.0838
2023-05-18,303.334,95.69,2.789,2.413,4.26,3.651,1.0775
2023-05-19,303.334,95.69,2.786,2.428,4.279,3.682,1.0821
2023-05-20,303.334,95.69,2.801,2.4195,4.292666666666666,3.6943333333333332,1.0816
2023-05-21,303.334,95.69,2.816,2.411,4.306333333333334,3.7066666666666666,1.08221
2023-05-22,303.334,95.69,2.831,2.451,4.32,3.719,1.0809
2023-05-23,303.334,95.69,2.849,2.465,4.32,3.698,1.0768
2023-05-24,303.334,95.69,2.865,2.453,4.378,3.744,1.07564
2023-05-25,303.334,95.69,2.918,2.488,4.537,3.823,1.0724
2023-05-26,303.334,95.69,2.977,2.538,4.568,3.81,1.0729
2023-05-27,303.334,95.69,2.957,2.53625,4.601,3.8145,1.0729
2023-05-28,303.334,95.69,2.937,2.5345,4.634,3.819,1.0721
2023-05-29,303.334,95.69,2.917,2.433,4.601,3.764,1.0707
2023-05-30,303.334,95.69,2.837,2.36,4.46,3.694,1.073
2023-05-31,303.334,95.69,2.739,2.272,4.409,3.646,1.06929
2023-06-01,304.014,95.93,2.759,2.26,4.343,3.601,1.0759
2023-06-02,304.014,95.93,2.845,2.307,4.511,3.698,1.0724
2023-06-03,304.014,95.93,2.873666666666667,2.3095,4.497333333333334,3.695,1.0723
2023-06-04,304.014,95.93,2.9023333333333334,2.312,4.483666666666666,3.692,1.0697
2023-06-05,304.014,95.93,2.931,2.375,4.47,3.689,1.07112
2023-06-06,304.014,95.93,2.895,2.368,4.497,3.677,1.06973
2023-06-07,304.014,95.93,2.981,2.444,4.552,3.793,1.07065
2023-06-08,304.014,95.93,2.966,2.424,4.517,3.718,1.07822
2023-06-09,304.014,95.93,2.971,2.379,4.596,3.743,1.0762
2023-06-10,304.014,95.93,2.971,2.37975,4.592333333333333,3.743,1.0752
2023-06-11,304.014,95.93,2.971,2.3805,4.588666666666667,3.743,1.075
2023-06-12,304.014,95.93,2.971,2.382,4.585,3.743,1.07623
2023-06-13,304.014,95.93,3.034,2.426,4.677,3.827,1.07888
2023-06-14,304.014,95.93,3.042,2.443,4.694,3.79,1.08424
2023-06-15,304.014,95.93,3.169,2.501,4.65,3.72,1.09452
2023-06-16,304.014,95.93,3.163,2.461,4.72,3.767,1.0964
2023-06-17,304.014,95.93,3.1766666666666667,2.463,4.7075,3.7853333333333334,1.0964
2023-06-18,304.014,95.93,3.1903333333333332,2.465,4.695,3.8036666666666665,1.094
2023-06-19,304.014,95.93,3.204,2.518,4.757,3.822,1.09239
2023-06-20,304.014,95.93,3.159,2.406,4.685,3.719,1.09198
2023-06-21,304.014,95.93,3.186,2.432,4.72,3.727,1.099
2023-06-22,304.014,95.93,3.271,2.488,4.791,3.797,1.09557
2023-06-23,304.014,95.93,3.167,2.357,4.75,3.737,1.0933
2023-06-24,304.014,95.93,3.1586666666666665,2.35325,4.748,3.7323333333333335,1.0932
2023-06-25,304.014,95.93,3.150333333333333,2.3495,4.7459999999999996,3.7276666666666665,1.0906
2023-06-26,304.014,95.93,3.142,2.3,4.744,3.723,1.091
2023-06-27,304.014,95.93,3.235,2.365,4.764,3.772,1.09569
2023-06-28,304.014,95.93,3.175,2.314,4.712,3.714,1.09153
2023-06-29,304.014,95.93,3.257,2.414,4.863,3.842,1.08674
2023-06-30,304.014,95.93,3.267,2.391,4.904,3.841,1.092
2023-07-01,304.609,95.83,3.284333333333333,2.391,4.916,3.8466666666666667,1.092
2023-07-02,304.609,95.83,3.3016666666666667,2.391,4.928,3.8523333333333336,1.09068
2023-07-03,304.609,95.83,3.319,2.433,4.94,3.858,1.0913
2023-07-04,304.609,95.83,3.288,2.455,4.9,3.839,1.08822
2023-07-05,304.609,95.83,3.289,2.48,4.947,3.934,1.0854
2023-07-06,304.609,95.83,3.36,2.63,4.989,4.031,1.08899
2023-07-07,304.609,95.83,3.308,2.635,4.95,4.066,1.0975
2023-07-08,304.609,95.83,3.316,2.635333333333333,4.921333333333333,4.044,1.0969
2023-07-09,304.609,95.83,3.324,2.635666666666667,4.892666666666667,4.022,1.09672
2023-07-10,304.609,95.83,3.332,2.636,4.864,4.0,1.10052
2023-07-11,304.609,95.83,3.366,2.651,4.887,3.978,1.10135
2023-07-12,304.609,95.83,3.287,2.55,4.748,3.861,1.11394
2023-07-13,304.609,95.83,3.226,2.465,4.632,3.767,1.12232
2023-07-14,304.609,95.83,3.262,2.477,4.768,3.83,1.1246
2023-07-15,304.609,95.83,3.259,2.4764999999999997,4.759333333333333,3.823,1.1235
2023-07-16,304.609,95.83,3.2560000000000002,2.476,4.750666666666667,3.8160000000000003,1.1225
2023-07-17,304.609,95.83,3.253,2.453,4.742,3.809,1.12368
2023-07-18,304.609,95.83,3.179,2.35,4.764,3.789,1.12282
2023-07-19,304.609,95.83,3.187,2.397,4.768,3.748,1.12046
2023-07-20,304.609,95.83,3.263,2.449,4.845,3.856,1.1134
2023-07-21,304.609,95.83,3.236,2.428,4.846,3.837,1.1132
2023-07-22,304.609,95.83,3.226,2.426,4.872333333333334,3.8506666666666667,1.1127
2023-07-23,304.609,95.83,3.2045,2.424,4.898666666666666,3.8643333333333336,1.11245
2023-07-24,304.609,95.83,3.183,2.388,4.925,3.878,1.10628
2023-07-25,304.609,95.83,3.204,2.401,4.879,3.89,1.10499
2023-07-26,304.609,95.83,3.267,2.454,4.85,3.873,1.10778
2023-07-27,304.609,95.83,3.216,2.435,4.926,4.002,1.09779
2023-07-28,304.609,95.83,3.204,2.458,4.885,3.957,1.1035
2023-07-29,304.609,95.83,3.2046666666666668,2.4603333333333333,4.885,3.9603333333333333,1.1035
2023-07-30,304.609,95.83,3.2053333333333334,2.462666666666667,4.885,3.9636666666666667,1.1023
2023-07-31,304.609,95.83,3.206,2.465,4.885,3.967,1.09969
2023-08-01,306.082,96.35,3.216,2.526,4.906,4.037,1.10074
2023-08-02,306.082,96.35,3.168,2.508,4.885,4.09,1.09434
2023-08-03,306.082,96.35,3.148,2.552,4.883,4.179,1.09514
2023-08-04,306.082,96.35,3.178,2.541,4.768,4.042,1.1025
2023-08-05,306.082,96.35,3.162,2.5345,4.771,4.060333333333333,1.1025
2023-08-06,306.082,96.35,3.146,2.528,4.774,4.078666666666667,1.1001
2023-08-07,306.082,96.35,3.13,2.561,4.777,4.097,1.10026
2023-08-08,306.082,96.35,3.085,2.441,4.76,4.028,1.09584
2023-08-09,306.082,96.35,3.123,2.467,4.81,4.016,1.09773
2023-08-10,306.082,96.35,3.138,2.504,4.85,4.107,1.09813
2023-08-11,306.082,96.35,3.037,2.62,4.892,4.158,1.0963
2023-08-12,306.082,96.35,3.048,2.626,4.9190000000000005,4.1723333333333334,1.0963
2023-08-13,306.082,96.35,3.0589999999999997,2.632,4.946,4.1866666666666665,1.09438
2023-08-14,306.082,96.35,3.07,2.638,4.973,4.201,1.0908
2023-08-15,306.082,96.35,3.105,2.678,4.959,4.219,1.0902
2023-08-16,306.082,96.35,3.075,2.645,4.967,4.258,1.08746
2023-08-17,306.082,96.35,3.098,2.7,4.936,4.284,1.08743
2023-08-18,306.082,96.35,3.049,2.621,4.943,4.251,1.089
2023-08-19,306.082,96.35,3.070333333333333,2.6496666666666666,4.964333333333333,4.281333333333333,1.089
2023-08-20,306.082,96.35,3.091666666666667,2.6783333333333332,4.985666666666666,4.3116666666666665,1.08749
2023-08-21,306.082,96.35,3.113,2.707,5.007,4.342,1.08976
2023-08-22,306.082,96.35,3.096,2.655,5.048,4.332,1.0847
2023-08-23,306.082,96.35,2.973,2.523,4.971,4.196,1.08648
2023-08-24,306.082,96.35,2.969,2.522,5.023,4.241,1.07982
2023-08-25,306.082,96.35,3.033,2.557,5.078,4.231,1.0794
2023-08-26,306.082,96.35,3.04,2.56,5.069333333333334,4.222666666666667,1.0794
2023-08-27,306.082,96.35,3.0469999999999997,2.5629999999999997,5.060666666666666,4.214333333333333,1.07968
2023-08-28,306.082,96.35,3.054,2.566,5.052,4.206,1.08252
2023-08-29,306.082,96.35,3.033,2.51,4.894,4.12,1.08685
2023-08-30,306.082,96.35,3.061,2.536,4.882,4.112,1.09288
2023-08-31,306.082,96.35,2.981,2.471,4.863,4.106,1.08433
2023-09-01,307.276,96.67,2.989,2.544,4.876,4.181,1.0796
2023-09-02,307.276,96.67,2.9996666666666667,2.555,4.886,4.184,1.0796
2023-09-03,307.276,96.67,3.010333333333333,2.566,4.896,4.187,1.0774
2023-09-04,307.276,96.67,3.021,2.577,4.906,4.206,1.07911
2023-09-05,307.276,96.67,3.035,2.609,4.96,4.266,1.0724
2023-09-06,307.276,96.67,3.123,2.658,5.029,4.296,1.07234
2023-09-07,307.276,96.67,3.088,2.621,4.953,4.25,1.0697
2023-09-08,307.276,96.67,3.068,2.598,4.989,4.26,1.0712
2023-09-09,307.276,96.67,3.076,2.6085,4.991,4.271333333333333,1.0712
2023-09-10,307.276,96.67,3.084,2.62225,4.993,4.282666666666667,1.0716
2023-09-11,307.276,96.67,3.092,2.636,4.995,4.294,1.07475
2023-09-12,307.276,96.67,3.126,2.642,5.02,4.28,1.07527
2023-09-13,307.276,96.67,3.168,2.653,4.971,4.254,1.0731
2023-09-14,307.276,96.67,3.157,2.595,5.014,4.286,1.0633
2023-09-15,307.276,96.67,3.21,2.67,5.037,4.336,1.0672
2023-09-16,307.276,96.67,3.227333333333333,2.6856666666666666,5.043333333333333,4.325,1.0672
2023-09-17,307.276,96.67,3.244666666666667,2.7013333333333334,5.049666666666667,4.314,1.06677
2023-09-18,307.276,96.67,3.262,2.717,5.056,4.303,1.06919
2023-09-19,307.276,96.67,3.287,2.741,5.092,4.365,1.06814
2023-09-20,307.276,96.67,3.26,2.704,5.172,4.399,1.06513
2023-09-21,307.276,96.67,3.264,2.747,5.144,4.494,1.06606
2023-09-22,307.276,96.67,3.247,2.735,5.112,4.438,1.0671
2023-09-23,307.276,96.67,3.2383333333333333,2.753,5.117,4.468999999999999,1.0671
2023-09-24,307.276,96.67,3.2296666666666667,2.771,5.122,4.5,1.0646
2023-09-25,307.276,96.67,3.221,2.789,5.127,4.531,1.05913
2023-09-26,307.276,96.67,3.22,2.799,5.134,4.55,1.05692
2023-09-27,307.276,96.67,3.232,2.833,5.137,4.608,1.0505
2023-09-28,307.276,96.67,3.299,2.968,5.064,4.579,1.05621
2023-09-29,307.276,96.67,3.206,2.838,5.052,4.579,1.0585
2023-09-30,307.276,96.67,3.2133333333333334,2.8626666666666667,5.070666666666666,4.614333333333333,1.0585
2023-10-01,307.696,96.75,3.220666666666667,2.8873333333333333,5.089333333333333,4.649666666666667,1.0563
2023-10-02,307.696,96.75,3.228,2.912,5.108,4.685,1.04803
2023-10-03,307.696,96.75,3.208,2.957,5.154,4.795,1.0469
2023-10-04,307.696,96.75,3.192,2.941,5.054,4.735,1.05063
2023-10-05,307.696,96.75,3.138,2.882,5.025,4.721,1.0546
2023-10-06,307.696,96.75,3.128,2.885,5.081,4.795,1.06
2023-10-07,307.696,96.75,3.095666666666667,2.844333333333333,5.030666666666667,4.76,1.06
2023-10-08,307.696,96.75,3.0633333333333335,2.8036666666666665,4.980333333333333,4.725,1.0568
2023-10-09,307.696,96.75,3.031,2.763,4.93,4.628,1.0577
2023-10-10,307.696,96.75,3.07,2.781,4.968,4.657,1.06042
2023-10-11,307.696,96.75,3.098,2.717,4.986,4.558,1.06239
2023-10-12,307.696,96.75,3.159,2.786,5.071,4.697,1.05362
2023-10-13,307.696,96.75,3.132,2.732,5.058,4.616,1.0511
2023-10-14,307.696,96.75,3.135,2.7355,5.072333333333333,4.644,1.0511
2023-10-15,307.696,96.75,3.1449999999999996,2.75875,5.086666666666667,4.672,1.052
2023-10-16,307.696,96.75,3.155,2.782,5.101,4.7,1.05537
2023-10-17,307.696,96.75,3.248,2.883,5.214,4.836,1.05724
2023-10-18,307.696,96.75,3.256,2.922,5.22,4.911,1.05379
2023-10-19,307.696,96.75,3.264,2.928,5.161,4.99,1.05848
2023-10-20,307.696,96.75,3.176,2.883,5.071,4.914,1.0603
2023-10-21,307.696,96.75,3.1793333333333336,2.8766666666666665,5.063,4.8919999999999995,1.0603
2023-10-22,307.696,96.75,3.1826666666666665,2.8703333333333334,5.055,4.87,1.059
2023-10-23,307.696,96.75,3.186,2.864,5.047,4.848,1.06692
2023-10-24,307.696,96.75,3.158,2.833,5.108,4.819,1.05948
2023-10-25,307.696,96.75,3.183,2.889,5.125,4.961,1.05666
2023-10-26,307.696,96.75,3.131,2.85,5.046,4.849,1.0564
2023-10-27,307.696,96.75,3.099,2.834,5.015,4.845,1.0578
2023-10-28,307.696,96.75,3.092,2.8316666666666666,5.026666666666666,4.859333333333333,1.0578
2023-10-29,307.696,96.75,3.085,2.8293333333333335,5.038333333333333,4.873666666666667,1.05616
2023-10-30,307.696,96.75,3.078,2.827,5.05,4.888,1.0614
2023-10-31,307.696,96.75,3.074,2.809,5.083,4.926,1.0578
2023-11-01,308.148,96.21,3.043,2.758,4.948,4.734,1.05865
2023-11-02,308.148,96.21,3.053,2.708,4.996,4.661,1.06154
2023-11-03,308.148,96.21,3.035,2.638,4.845,4.576,1.0735
2023-11-04,308.148,96.21,3.053666666666667,2.671333333333333,4.877,4.599666666666667,1.0735
2023-11-05,308.148,96.21,3.0723333333333334,2.7046666666666668,4.909,4.623333333333333,1.07311
2023-11-06,308.148,96.21,3.091,2.738,4.941,4.647,1.07183
2023-11-07,308.148,96.21,3.069,2.667,4.915,4.569,1.06957
2023-11-08,308.148,96.21,3.073,2.614,4.936,4.492,1.071
2023-11-09,308.148,96.21,3.091,2.653,5.029,4.632,1.0667
2023-11-10,308.148,96.21,3.144,2.71,5.069,4.646,1.0714
2023-11-11,308.148,96.21,3.1526666666666667,2.7133333333333334,5.057,4.6433333333333335,1.0714
2023-11-12,308.148,96.21,3.1613333333333333,2.716666666666667,5.045,4.640666666666666,1.06891
2023-11-13,308.148,96.21,3.17,2.72,5.033,4.638,1.07003
2023-11-14,308.148,96.21,3.076,2.602,4.836,4.453,1.08774
2023-11-15,308.148,96.21,3.01,2.631,4.916,4.537,1.08543
2023-11-16,308.148,96.21,2.949,2.585,4.85,4.441,1.08526
2023-11-17,308.148,96.21,2.963,2.59,4.894,4.439,1.0916
2023-11-18,308.148,96.21,2.958,2.586,4.902333333333333,4.434666666666667,1.0916
2023-11-19,308.148,96.21,2.987,2.6005000000000003,4.910666666666667,4.4303333333333335,1.09063
2023-11-20,308.148,96.21,3.016,2.615,4.919,4.426,1.09452
2023-11-21,308.148,96.21,2.975,2.555,4.883,4.398,1.0915
2023-11-22,308.148,96.21,3.016,2.565,4.898,4.408,1.08878
2023-11-23,308.148,96.21,3.048,2.623,4.932,4.453,1.09036
2023-11-24,308.148,96.21,3.073,2.645,4.955,4.472,1.0948
2023-11-25,308.148,96.21,3.0436666666666667,2.615,4.933333333333334,4.4446666666666665,1.0948
2023-11-26,308.148,96.21,3.014333333333333,2.585,4.911666666666666,4.417333333333334,1.09396
2023-11-27,308.148,96.21,2.985,2.555,4.89,4.39,1.09579
2023-11-28,308.148,96.21,2.918,2.495,4.742,4.325,1.1004
2023-11-29,308.148,96.21,2.82,2.424,4.646,4.259,1.0971
2023-11-30,308.148,96.21,2.814,2.449,4.695,4.33,1.08917
2023-12-01,308.741,96.37,2.662,2.361,4.551,4.209,1.0891
2023-12-02,308.741,96.37,2.6686666666666667,2.3573333333333335,4.579666666666666,4.225666666666666,1.0891
2023-12-03,308.741,96.37,2.675333333333333,2.353666666666667,4.608333333333333,4.242333333333334,1.08873
2023-12-04,308.741,96.37,2.682,2.35,4.637,4.259,1.08369
2023-12-05,308.741,96.37,2.609,2.238,4.577,4.167,1.0793
2023-12-06,308.741,96.37,2.604,2.213,4.597,4.114,1.07663
2023-12-07,308.741,96.37,2.594,2.197,4.593,4.148,1.07901
2023-12-08,308.741,96.37,2.69,2.268,4.723,4.229,1.0772
2023-12-09,308.741,96.37,2.693,2.2663333333333333,4.718666666666667,4.2316666666666665,1.0772
2023-12-10,308.741,96.37,2.6959999999999997,2.2646666666666664,4.714333333333333,4.234333333333334,1.07647
2023-12-11,308.741,96.37,2.699,2.263,4.71,4.237,1.0765
2023-12-12,308.741,96.37,2.721,2.23,4.735,4.21,1.07978
2023-12-13,308.741,96.37,2.654,2.168,4.433,4.024,1.08827
2023-12-14,308.741,96.37,2.562,2.126,4.386,3.921,1.09931
2023-12-15,308.741,96.37,2.498,2.013,4.449,3.915,1.0907
2023-12-16,308.741,96.37,2.514666666666667,2.033333333333333,4.449666666666666,3.921666666666667,1.0907
2023-12-17,308.741,96.37,2.5313333333333334,2.0536666666666665,4.450333333333333,3.9283333333333332,1.08947
2023-12-18,308.741,96.37,2.548,2.074,4.451,3.935,1.09233
2023-12-19,308.741,96.37,2.516,2.016,4.442,3.931,1.09804
2023-12-20,308.741,96.37,2.476,1.978,4.34,3.853,1.0943
2023-12-21,308.741,96.37,2.451,1.954,4.352,3.892,1.10056
2023-12-22,308.741,96.37,2.416,1.969,4.329,3.901,1.1026
2023-12-23,308.741,96.37,2.416333333333333,1.9708333333333334,4.331333333333333,3.901333333333333,1.1025
2023-12-24,308.741,96.37,2.4166666666666665,1.9726666666666666,4.333666666666667,3.901666666666667,1.10118
2023-12-25,308.741,96.37,2.417,1.9745,4.336,3.902,1.1019
2023-12-26,308.741,96.37,2.418,1.9775,4.356,3.897,1.10419
2023-12-27,308.741,96.37,2.402,1.9,4.24,3.789,1.1108
2023-12-28,308.741,96.37,2.38,1.941,4.279,3.846,1.1066
2023-12-29,308.741,96.37,2.4,2.028,4.25,3.866,1.1054
2023-12-30,308.741,96.37,2.397,2.0255,4.25,3.876666666666667,1.1054
2023-12-31,308.741,96.37,2.394,2.023,4.25,3.8873333333333333,1.10353
2024-01-01,309.698,96.03,2.391,2.0205,4.25,3.898,1.10363
2024-01-02,309.698,96.03,2.454,2.067,4.324,3.941,1.09411
2024-01-03,309.698,96.03,2.411,2.017,4.333,3.92,1.09256
2024-01-04,309.698,96.03,2.517,2.104,4.387,4.003,1.0947
2024-01-05,309.698,96.03,2.567,2.143,4.393,4.051,1.0956
2024-01-06,309.698,96.03,2.5596666666666668,2.1363333333333334,4.387,4.043,1.0956
2024-01-07,309.698,96.03,2.5523333333333333,2.1296666666666666,4.381,4.035,1.09411
2024-01-08,309.698,96.03,2.545,2.123,4.375,4.027,1.09499
2024-01-09,309.698,96.03,2.609,2.189,4.366,4.015,1.09319
2024-01-10,309.698,96.03,2.651,2.213,4.36,4.03,1.09741
2024-01-11,309.698,96.03,2.633,2.207,4.249,3.975,1.09807
2024-01-12,309.698,96.03,2.515,2.143,4.146,3.939,1.0964
2024-01-13,309.698,96.03,2.5396666666666667,2.1616666666666666,4.16,3.9535,1.0964
2024-01-14,309.698,96.03,2.5643333333333334,2.180333333333333,4.1739999999999995,3.968,1.09446
2024-01-15,309.698,96.03,2.589,2.199,4.188,3.986,1.09448
2024-01-16,309.698,96.03,2.591,2.216,4.222,4.054,1.08779
2024-01-17,309.698,96.03,2.689,2.274,4.361,4.106,1.08851
2024-01-18,309.698,96.03,2.685,2.307,4.354,4.142,1.08787
2024-01-19,309.698,96.03,2.729,2.304,4.389,4.13,1.0913
2024-01-20,309.698,96.03,2.716666666666667,2.2889999999999997,4.390333333333333,4.122333333333334,1.0913
2024-01-21,309.698,96.03,2.7043333333333335,2.274,4.391666666666667,4.1146666666666665,1.08909
2024-01-22,309.698,96.03,2.692,2.259,4.393,4.107,1.0877
2024-01-23,309.698,96.03,2.712,2.349,4.372,4.132,1.08572
2024-01-24,309.698,96.03,2.71,2.334,4.384,4.18,1.08807
2024-01-25,309.698,96.03,2.616,2.283,4.299,4.12,1.08461
2024-01-26,309.698,96.03,2.63,2.297,4.357,4.139,1.0862
2024-01-27,309.698,96.03,2.5786666666666664,2.2776666666666667,4.3453333333333335,4.118,1.0862
2024-01-28,309.698,96.03,2.5273333333333334,2.2583333333333333,4.333666666666667,4.0969999999999995,1.08424
2024-01-29,309.698,96.03,2.476,2.239,4.322,4.076,1.08335
2024-01-30,309.698,96.03,2.526,2.273,4.339,4.036,1.0843
2024-01-31,309.698,96.03,2.407,2.161,4.209,3.918,1.0803
2024-02-01,310.967,96.63,2.422,2.138,4.211,3.882,1.08742
2024-02-02,310.967,96.63,2.545,2.229,4.372,4.024,1.0805
2024-02-03,310.967,96.63,2.571,2.260666666666667,4.406,4.07,1.0805
2024-02-04,310.967,96.63,2.597,2.292333333333333,4.44,4.116,1.07794
2024-02-05,310.967,96.63,2.623,2.324,4.474,4.162,1.0739
2024-02-06,310.967,96.63,2.605,2.297,4.399,4.09,1.0757
2024-02-07,310.967,96.63,2.618,2.299,4.427,4.115,1.0774
2024-02-08,310.967,96.63,2.666,2.356,4.46,4.158,1.07761
2024-02-09,310.967,96.63,2.723,2.38,4.486,4.177,1.0759
2024-02-10,310.967,96.63,2.716333333333333,2.3753333333333333,4.484,4.177666666666666,1.0759
2024-02-11,310.967,96.63,2.7096666666666667,2.3706666666666667,4.482,4.178333333333334,1.07976
2024-02-12,310.967,96.63,2.703,2.366,4.48,4.179,1.07712
2024-02-13,310.967,96.63,2.775,2.392,4.67,4.326,1.07084
2024-02-14,310.967,96.63,2.748,2.348,4.582,4.261,1.07316
2024-02-15,310.967,96.63,2.762,2.353,4.578,4.234,1.07733
2024-02-16,310.967,96.63,2.826,2.401,4.644,4.281,1.07734
2024-02-17,310.967,96.63,2.828666666666667,2.404333333333333,4.647333333333333,4.2885,1.07734
2024-02-18,310.967,96.63,2.8313333333333333,2.4076666666666666,4.650666666666667,4.296,1.07842
2024-02-19,310.967,96.63,2.834,2.411,4.654,4.317,1.07746
2024-02-20,310.967,96.63,2.796,2.37,4.614,4.275,1.08106
2024-02-21,310.967,96.63,2.863,2.441,4.668,4.319,1.08199
2024-02-22,310.967,96.63,2.911,2.435,4.714,4.331,1.0824
2024-02-23,310.967,96.63,2.865,2.362,4.688,4.248,1.0835
2024-02-24,310.967,96.63,2.8833333333333333,2.3850000000000002,4.702333333333333,4.259,1.0835
2024-02-25,310.967,96.63,2.901666666666667,2.408,4.716666666666667,4.27,1.08192
2024-02-26,310.967,96.63,2.92,2.431,4.731,4.281,1.08501
2024-02-27,310.967,96.63,2.929,2.456,4.693,4.303,1.08416
2024-02-28,310.967,96.63,2.927,2.462,4.644,4.266,1.08376
2024-02-29,310.967,96.63,2.885,2.401,4.623,4.254,1.08039
2024-03-01,312.345,97.35,2.882,2.413,4.533,4.186,1.0853
2024-03-02,312.345,97.35,2.8863333333333334,2.4076666666666666,4.559333333333334,4.1963333333333335,1.0853
2024-03-03,312.345,97.35,2.8906666666666667,2.402333333333333,4.585666666666667,4.206666666666666,1.08418
2024-03-04,312.345,97.35,2.895,2.397,4.612,4.217,1.0854
2024-03-05,312.345,97.35,2.838,2.322,4.562,4.151,1.08556
2024-03-06,312.345,97.35,2.873,2.331,4.562,4.108,1.0898
2024-03-07,312.345,97.35,2.802,2.294,4.503,4.089,1.09496
2024-03-08,312.345,97.35,2.738,2.269,4.478,4.077,1.0942
2024-03-09,312.345,97.35,2.7476666666666665,2.2783333333333333,4.498,4.084,1.0942
2024-03-10,312.345,97.35,2.7573333333333334,2.287666666666667,4.518,4.091,1.09424
2024-03-11,312.345,97.35,2.767,2.297,4.538,4.098,1.09305
2024-03-12,312.345,97.35,2.821,2.326,4.584,4.151,1.09267
2024-03-13,312.345,97.35,2.858,2.355,4.632,4.188,1.09526
2024-03-14,312.345,97.35,2.881,2.42,4.694,4.292,1.0881
2024-03-15,312.345,97.35,2.907,2.437,4.732,4.308,1.0896
2024-03-16,312.345,97.35,2.9106666666666667,2.4436666666666667,4.733333333333333,4.314666666666667,1.0896
2024-03-17,312.345,97.35,2.9143333333333334,2.450333333333333,4.734666666666667,4.3213333333333335,1.08821
2024-03-18,312.345,97.35,2.918,2.457,4.736,4.328,1.0873
2024-03-19,312.345,97.35,2.889,2.45,4.687,4.293,1.08627
2024-03-20,312.345,97.35,2.905,2.435,4.604,4.277,1.09366
2024-03-21,312.345,97.35,2.855,2.398,4.643,4.269,1.086
2024-03-22,312.345,97.35,2.806,2.321,4.595,4.202,1.0861
2024-03-23,312.345,97.35,2.827,2.339,4.6066666666666665,4.217666666666666,1.0861
2024-03-24,312.345,97.35,2.8480000000000003,2.357,4.618333333333333,4.233333333333333,1.0807
2024-03-25,312.345,97.35,2.869,2.375,4.63,4.249,1.08377
2024-03-26,312.345,97.35,2.852,2.348,4.593,4.238,1.08318
2024-03-27,312.345,97.35,2.808,2.291,4.568,4.188,1.0812
2024-03-28,312.345,97.35,2.823,2.293,4.628,4.206,1.07911
2024-03-29,312.345,97.35,2.823,2.2925,4.649,4.21,1.0799
2024-03-30,312.345,97.35,2.823,2.294,4.67,4.245666666666667,1.0799
2024-03-31,312.345,97.35,2.823,2.2955,4.691,4.281333333333333,1.07922
2024-04-01,313.023,97.91,2.823,2.297,4.712,4.317,1.07366
2024-04-02,313.023,97.91,2.815,2.411,4.693,4.353,1.07678
2024-04-03,313.023,97.91,2.827,2.398,4.672,4.351,1.08378
2024-04-04,313.023,97.91,2.859,2.359,4.645,4.307,1.08361
2024-04-05,313.023,97.91,2.873,2.4,4.751,4.4,1.0848
2024-04-06,313.023,97.91,2.8903333333333334,2.413333333333333,4.765000000000001,4.407333333333334,1.0848
2024-04-07,313.023,97.91,2.9076666666666666,2.4266666666666667,4.779,4.414666666666666,1.083
2024-04-08,313.023,97.91,2.925,2.44,4.793,4.422,1.08617
2024-04-09,313.023,97.91,2.889,2.368,4.743,4.362,1.08587
2024-04-10,313.023,97.91,2.958,2.429,4.973,4.546,1.0741
2024-04-11,313.023,97.91,2.97,2.476,4.952,4.584,1.07264
2024-04-12,313.023,97.91,2.857,2.358,4.894,4.517,1.067
2024-04-13,313.023,97.91,2.873,2.3833333333333333,4.904333333333334,4.548,1.067
2024-04-14,313.023,97.91,2.889,2.408666666666667,4.914666666666666,4.579000000000001,1.06474
2024-04-15,313.023,97.91,2.905,2.434,4.925,4.61,1.0625
2024-04-16,313.023,97.91,2.933,2.486,4.985,4.669,1.06207
2024-04-17,313.023,97.91,2.951,2.471,4.934,4.589,1.06688
2024-04-18,313.023,97.91,2.984,2.493,4.99,4.637,1.06435
2024-04-19,313.023,97.91,3.008,2.505,4.988,4.623,1.0669
2024-04-20,313.023,97.91,2.9956666666666667,2.5003333333333333,4.9830000000000005,4.618666666666667,1.0669
2024-04-21,313.023,97.91,2.9833333333333334,2.4956666666666667,4.978,4.614333333333334,1.06576
2024-04-22,313.023,97.91,2.971,2.491,4.973,4.61,1.06536
2024-04-23,313.023,97.91,2.987,2.506,4.937,4.607,1.07028
2024-04-24,313.023,97.91,3.036,2.586,4.931,4.648,1.06991
2024-04-25,313.023,97.91,3.005,2.624,5.0,4.704,1.07276
2024-04-26,313.023,97.91,2.989,2.574,4.993,4.663,1.0699
2024-04-27,313.023,97.91,2.9776666666666665,2.5586666666666664,4.988333333333333,4.645666666666667,1.0695
2024-04-28,313.023,97.91,2.9663333333333335,2.5433333333333334,4.983666666666667,4.628333333333333,1.07063
2024-04-29,313.023,97.91,2.955,2.528,4.979,4.611,1.07153
2024-04-30,313.023,97.91,3.028,2.582,5.037,4.682,1.06662
2024-05-01,313.175,98.13,3.027,2.5825,4.969,4.641,1.07174
2024-05-02,313.175,98.13,2.999,2.553,4.881,4.589,1.07296
2024-05-03,313.175,98.13,2.935,2.51,4.806,4.497,1.0772
2024-05-04,313.175,98.13,2.9283333333333332,2.4989999999999997,4.815,4.493666666666667,1.0771
2024-05-05,313.175,98.13,2.921666666666667,2.488,4.824,4.490333333333333,1.07575
2024-05-06,313.175,98.13,2.915,2.477,4.833,4.487,1.0767
2024-05-07,313.175,98.13,2.902,2.421,4.83,4.461,1.075
2024-05-08,313.175,98.13,2.931,2.461,4.841,4.5,1.07463
2024-05-09,313.175,98.13,2.94,2.498,4.818,4.459,1.078
2024-05-10,313.175,98.13,2.97,2.52,4.872,4.5,1.0787
2024-05-11,313.175,98.13,2.9643333333333333,2.516,4.870666666666667,4.496666666666667,1.0786
2024-05-12,313.175,98.13,2.958666666666667,2.512,4.8693333333333335,4.493333333333333,1.07699
2024-05-13,313.175,98.13,2.953,2.508,4.868,4.49,1.0793
2024-05-14,313.175,98.13,2.978,2.541,4.821,4.445,1.08141
2024-05-15,313.175,98.13,2.892,2.423,4.726,4.344,1.08891
2024-05-16,313.175,98.13,2.921,2.445,4.795,4.377,1.08674
2024-05-17,313.175,98.13,2.989,2.515,4.827,4.422,1.0894
2024-05-18,313.175,98.13,2.990666666666667,2.5206666666666666,4.835333333333334,4.4303333333333335,1.0889
2024-05-19,313.175,98.13,2.9923333333333333,2.5263333333333335,4.843666666666667,4.438666666666666,1.0873
2024-05-20,313.175,98.13,2.994,2.532,4.852,4.447,1.086
2024-05-21,313.175,98.13,2.976,2.507,4.831,4.412,1.08546
2024-05-22,313.175,98.13,3.009,2.533,4.875,4.426,1.08247
2024-05-23,313.175,98.13,3.085,2.6,4.94,4.479,1.08123
2024-05-24,313.175,98.13,3.087,2.583,4.948,4.467,1.0852
2024-05-25,313.175,98.13,3.071,2.571,4.943666666666667,4.465,1.0847
2024-05-26,313.175,98.13,3.055,2.559,4.939333333333333,4.463,1.08471
2024-05-27,313.175,98.13,3.039,2.547,4.935,4.461,1.08613
2024-05-28,313.175,98.13,3.055,2.589,4.978,4.548,1.0852
2024-05-29,313.175,98.13,3.103,2.683,4.975,4.616,1.08012
2024-05-30,313.175,98.13,3.08,2.655,4.927,4.55,1.08312
2024-05-31,313.175,98.13,3.084,2.648,4.877,4.503,1.0856
2024-06-01,313.044,98.33,3.0676666666666668,2.6270000000000002,4.855333333333333,4.466,1.0855
2024-06-02,313.044,98.33,3.0513333333333335,2.606,4.833666666666667,4.429,1.08524
2024-06-03,313.044,98.33,3.035,2.585,4.812,4.392,1.0905
2024-06-04,313.044,98.33,2.999,2.539,4.773,4.33,1.08813
2024-06-05,313.044,98.33,2.976,2.498,4.724,4.277,1.0874
2024-06-06,313.044,98.33,3.011,2.541,4.726,4.287,1.0889
2024-06-07,313.044,98.33,3.086,2.616,4.889,4.433,1.0816
2024-06-08,313.044,98.33,3.087333333333333,2.6353333333333335,4.887666666666667,4.445666666666667,1.0805
2024-06-09,313.044,98.33,3.0886666666666667,2.6546666666666665,4.886333333333333,4.458333333333333,1.07781
2024-06-10,313.044,98.33,3.09,2.674,4.885,4.471,1.07633
2024-06-11,313.044,98.33,3.016,2.622,4.834,4.402,1.07398
2024-06-12,313.044,98.33,2.965,2.535,4.756,4.318,1.0811
2024-06-13,313.044,98.33,2.896,2.493,4.703,4.248,1.07382
2024-06-14,313.044,98.33,2.763,2.357,4.707,4.221,1.0721
2024-06-15,313.044,98.33,2.779,2.3756666666666666,4.727333333333333,4.242333333333334,1.0716
2024-06-16,313.044,98.33,2.795,2.3943333333333334,4.7476666666666665,4.2636666666666665,1.07016
2024-06-17,313.044,98.33,2.811,2.413,4.768,4.285,1.07403
2024-06-18,313.044,98.33,2.807,2.392,4.718,4.219,1.07395
2024-06-19,313.044,98.33,2.805,2.403,4.729,4.236,1.0746
2024-06-20,313.044,98.33,2.823,2.423,4.739,4.261,1.07058
2024-06-21,313.044,98.33,2.793,2.409,4.734,4.257,1.0701
2024-06-22,313.044,98.33,2.799,2.413,4.730333333333333,4.249333333333333,1.0691
2024-06-23,313.044,98.33,2.805,2.417,4.726666666666667,4.241666666666666,1.06872
2024-06-24,313.044,98.33,2.811,2.421,4.723,4.234,1.07322
2024-06-25,313.044,98.33,2.81,2.411,4.745,4.248,1.070595
2024-06-26,313.044,98.33,2.82,2.451,4.753,4.329,1.06797
2024-06-27,313.044,98.33,2.81,2.453,4.712,4.286,1.07081
2024-06-28,313.044,98.33,2.825,2.485,4.749,4.392,1.0719
2024-06-29,313.044,98.33,2.8573333333333335,2.525,4.752666666666666,4.418333333333334,1.0719
2024-06-30,313.044,98.33,2.889666666666667,2.565,4.756333333333333,4.4446666666666665,1.0734
2024-07-01,313.569,98.3,2.922,2.605,4.76,4.471,1.07363
2024-07-02,313.569,98.3,2.912,2.609,4.752,4.438,1.07479
2024-07-03,313.569,98.3,2.913,2.559,4.708,4.355,1.07908
2024-07-04,313.569,98.3,2.943,2.585,4.716,4.372,1.08104
2024-07-05,313.569,98.3,2.893,2.532,4.606,4.278,1.0849
2024-07-06,313.569,98.3,2.8979999999999997,2.5276666666666667,4.615666666666667,4.278666666666666,1.0839
2024-07-07,313.569,98.3,2.903,2.5233333333333334,4.625333333333333,4.279333333333334,1.0825
2024-07-08,313.569,98.3,2.908,2.519,4.635,4.28,1.08303
2024-07-09,313.569,98.3,2.928,2.56,4.626,4.298,1.08144
2024-07-10,313.569,98.3,2.899,2.536,4.624,4.282,1.08328
2024-07-11,313.569,98.3,2.8,2.471,4.515,4.212,1.08721
2024-07-12,313.569,98.3,2.821,2.496,4.458,4.187,1.092
2024-07-13,313.569,98.3,2.811666666666667,2.4873333333333334,4.458666666666667,4.201666666666667,1.0919
2024-07-14,313.569,98.3,2.8023333333333333,2.478666666666667,4.459333333333333,4.216333333333333,1.0885
2024-07-15,313.569,98.3,2.793,2.47,4.46,4.231,1.0898
2024-07-16,313.569,98.3,2.767,2.432,4.421,4.16,1.09017
2024-07-17,313.569,98.3,2.777,2.421,4.438,4.16,1.09387
2024-07-18,313.569,98.3,2.736,2.411,4.471,4.202,1.0901
2024-07-19,313.569,98.3,2.778,2.463,4.517,4.243,1.0891
2024-07-20,313.569,98.3,2.792666666666667,2.469666666666667,4.5183333333333335,4.246666666666667,1.089
2024-07-21,313.569,98.3,2.8073333333333332,2.4763333333333333,4.519666666666667,4.250333333333333,1.08986
2024-07-22,313.569,98.3,2.822,2.483,4.521,4.254,1.08894
2024-07-23,313.569,98.3,2.766,2.438,4.496,4.254,1.08491
2024-07-24,313.569,98.3,2.712,2.442,4.433,4.286,1.08389
2024-07-25,313.569,98.3,2.68,2.413,4.435,4.245,1.08509
2024-07-26,313.569,98.3,2.667,2.403,4.387,4.194,1.0871
2024-07-27,313.569,98.3,2.6613333333333333,2.3886666666666665,4.3919999999999995,4.1866666666666665,1.087
2024-07-28,313.569,98.3,2.6556666666666664,2.3743333333333334,4.397,4.179333333333333,1.08529
2024-07-29,313.569,98.3,2.65,2.36,4.402,4.172,1.08188
2024-07-30,313.569,98.3,2.559,2.342,4.361,4.141,1.0816
2024-07-31,313.569,98.3,2.533,2.302,4.26,4.033,1.0823
2024-08-01,314.062,98.43,2.463,2.248,4.156,3.982,1.0787
2024-08-02,314.062,98.43,2.337,2.16,3.874,3.792,1.0919
2024-08-03,314.062,98.43,2.337,2.1673333333333336,3.8833333333333333,3.7876666666666665,1.0915
2024-08-04,314.062,98.43,2.337,2.1746666666666665,3.892666666666667,3.783333333333333,1.09099
2024-08-05,314.062,98.43,2.337,2.182,3.902,3.779,1.09506
2024-08-06,314.062,98.43,2.362,2.181,3.991,3.901,1.09252
2024-08-07,314.062,98.43,2.414,2.272,3.983,3.953,1.09275
2024-08-08,314.062,98.43,2.401,2.269,4.036,3.99,1.09152
2024-08-09,314.062,98.43,2.38,2.222,4.057,3.94,1.0925
2024-08-10,314.062,98.43,2.385333333333333,2.223,4.045,3.929,1.0924
2024-08-11,314.062,98.43,2.3906666666666667,2.224,4.033,3.918,1.0913
2024-08-12,314.062,98.43,2.396,2.225,4.021,3.907,1.09352
2024-08-13,314.062,98.43,2.339,2.182,3.936,3.846,1.09956
2024-08-14,314.062,98.43,2.347,2.177,3.96,3.839,1.10118
2024-08-15,314.062,98.43,2.455,2.262,4.103,3.919,1.09722
2024-08-16,314.062,98.43,2.451,2.258,4.054,3.883,1.103
2024-08-17,314.062,98.43,2.4486666666666665,2.256666666666667,4.0600000000000005,3.880333333333333,1.103
2024-08-18,314.062,98.43,2.4463333333333335,2.255333333333333,4.066,3.877666666666667,1.10244
2024-08-19,314.062,98.43,2.444,2.254,4.072,3.875,1.10856
2024-08-20,314.062,98.43,2.406,2.215,3.994,3.81,1.11273
2024-08-21,314.062,98.43,2.371,2.201,3.933,3.799,1.11548
2024-08-22,314.062,98.43,2.402,2.245,4.014,3.858,1.11163
2024-08-23,314.062,98.43,2.372,2.225,3.909,3.795,1.1207
2024-08-24,314.062,98.43,2.3796666666666666,2.233,3.9186666666666667,3.8033333333333332,1.1192
2024-08-25,314.062,98.43,2.3873333333333333,2.241,3.9283333333333332,3.8116666666666665,1.1187
2024-08-26,314.062,98.43,2.395,2.249,3.938,3.82,1.11644
2024-08-27,314.062,98.43,2.398,2.279,3.899,3.829,1.11771
2024-08-28,314.062,98.43,2.379,2.254,3.867,3.839,1.11244
2024-08-29,314.062,98.43,2.364,2.282,3.898,3.863,1.108
2024-08-30,314.062,98.43,2.384,2.29,3.919,3.909,1.106
2024-08-31,314.062,98.43,2.3953333333333333,2.306,3.9236666666666666,3.908,1.1059
2024-09-01,314.732,98.34,2.4066666666666667,2.322,3.9283333333333332,3.907,1.10444
2024-09-02,314.732,98.34,2.418,2.338,3.933,3.926,1.10671
2024-09-03,314.732,98.34,2.38,2.274,3.863,3.831,1.10485
2024-09-04,314.732,98.34,2.315,2.217,3.766,3.757,1.10794
2024-09-05,314.732,98.34,2.296,2.208,3.739,3.725,1.11105
2024-09-06,314.732,98.34,2.229,2.171,3.654,3.716,1.1093
2024-09-07,314.732,98.34,2.225,2.171,3.6596666666666664,3.7113333333333336,1.1088
2024-09-08,314.732,98.34,2.221,2.171,3.6653333333333333,3.7066666666666666,1.10866
2024-09-09,314.732,98.34,2.217,2.171,3.671,3.702,1.10351
2024-09-10,314.732,98.34,2.201,2.148,3.596,3.64,1.10201
2024-09-11,314.732,98.34,2.134,2.098,3.65,3.661,1.10106
2024-09-12,314.732,98.34,2.23,2.156,3.648,3.68,1.10778
2024-09-13,314.732,98.34,2.206,2.149,3.587,3.657,1.1086
2024-09-14,314.732,98.34,2.1983333333333333,2.1393333333333335,3.5763333333333334,3.644,1.1081
2024-09-15,314.732,98.34,2.1906666666666665,2.1296666666666666,3.565666666666667,3.631,1.10879
2024-09-16,314.732,98.34,2.183,2.12,3.555,3.618,1.11291
2024-09-17,314.732,98.34,2.231,2.147,3.607,3.648,1.11224
2024-09-18,314.732,98.34,2.263,2.191,3.628,3.713,1.11127
2024-09-19,314.732,98.34,2.215,2.192,3.588,3.719,1.11593
2024-09-20,314.732,98.34,2.253,2.221,3.597,3.741,1.1174
2024-09-21,314.732,98.34,2.224,2.2056666666666667,3.5936666666666666,3.7443333333333335,1.1169
2024-09-22,314.732,98.34,2.195,2.1903333333333332,3.5903333333333336,3.7476666666666665,1.11598
2024-09-23,314.732,98.34,2.166,2.175,3.587,3.751,1.11112
2024-09-24,314.732,98.34,2.093,2.136,3.54,3.732,1.11907
2024-09-25,314.732,98.34,2.134,2.189,3.561,3.791,1.1131
2024-09-26,314.732,98.34,2.112,2.172,3.627,3.796,1.11768
2024-09-27,314.732,98.34,2.087,2.14,3.557,3.751,1.117
2024-09-28,314.732,98.34,2.081666666666667,2.1373333333333333,3.586333333333333,3.763,1.117
2024-09-29,314.732,98.34,2.0763333333333334,2.134666666666667,3.615666666666667,3.775,1.1169
2024-09-30,314.732,98.34,2.071,2.132,3.645,3.787,1.11361
2024-10-01,315.631,98.68,2.027,2.043,3.606,3.731,1.10633
2024-10-02,315.631,98.68,2.048,2.102,3.637,3.783,1.10465
2024-10-03,315.631,98.68,2.072,2.137,3.705,3.846,1.10351
2024-10-04,315.631,98.68,2.206,2.212,3.924,3.981,1.0979
2024-10-05,315.631,98.68,2.2163333333333335,2.224666666666667,3.9476666666666667,3.996,1.0981
2024-10-06,315.631,98.68,2.2266666666666666,2.2373333333333334,3.9713333333333334,4.011,1.09712
2024-10-07,315.631,98.68,2.237,2.25,3.995,4.026,1.09742
2024-10-08,315.631,98.68,2.23,2.247,3.962,4.035,1.09751
2024-10-09,315.631,98.68,2.258,2.257,4.022,4.067,1.09413
2024-10-10,315.631,98.68,2.234,2.253,3.964,4.094,1.09334
2024-10-11,315.631,98.68,2.258,2.274,3.953,4.073,1.0948
2024-10-12,315.631,98.68,2.2583333333333333,2.2746666666666666,3.958666666666667,4.06425,1.0943
2024-10-13,315.631,98.68,2.2586666666666666,2.275333333333333,3.9643333333333333,4.0555,1.09229
2024-10-14,315.631,98.68,2.259,2.276,3.97,4.04675,1.09086
2024-10-15,315.631,98.68,2.214,2.228,3.95,4.038,1.08836
2024-10-16,315.631,98.68,2.166,2.177,3.942,4.016,1.08583
2024-10-17,315.631,98.68,2.141,2.202,3.976,4.096,1.08286
2024-10-18,315.631,98.68,2.105,2.183,3.95,4.075,1.0875
2024-10-19,315.631,98.68,2.1293333333333333,2.2146666666666666,3.9773333333333336,4.110666666666667,1.087
2024-10-20,315.631,98.68,2.1536666666666666,2.2463333333333333,4.004666666666667,4.146333333333334,1.08679
2024-10-21,315.631,98.68,2.178,2.278,4.032,4.182,1.08152
2024-10-22,315.631,98.68,2.199,2.317,4.032,4.206,1.07967
2024-10-23,315.631,98.68,2.136,2.313,4.086,4.242,1.078
2024-10-24,315.631,98.68,2.098,2.257,4.066,4.202,1.08235
2024-10-25,315.631,98.68,2.148,2.291,4.098,4.232,1.0801
2024-10-26,315.631,98.68,2.142,2.289,4.112666666666667,4.247333333333334,1.0801
2024-10-27,315.631,98.68,2.136,2.287,4.1273333333333335,4.262666666666666,1.07957
2024-10-28,315.631,98.68,2.13,2.285,4.142,4.278,1.0816
2024-10-29,315.631,98.68,2.165,2.3325,4.119,4.274,1.08202
2024-10-30,315.631,98.68,2.279,2.3735,4.172,4.299,1.08585
2024-10-31,315.631,98.68,2.315,2.3915,4.168,4.281,1.0884
2024-11-01,316.528,98.36,2.276,2.4035,4.209,4.385,1.0878
2024-11-02,316.528,98.36,2.279333333333333,2.3986666666666667,4.1946666666666665,4.351999999999999,1.0873
2024-11-03,316.528,98.36,2.2826666666666666,2.3938333333333333,4.1803333333333335,4.319,1.08735
2024-11-04,316.528,98.36,2.286,2.389,4.166,4.286,1.08737
2024-11-05,316.528,98.36,2.329,2.43,4.187,4.28,1.09332
2024-11-06,316.528,98.36,2.172,2.392,4.264,4.431,1.07314
2024-11-07,316.528,98.36,2.202,2.439,4.194,4.325,1.07945
2024-11-08,316.528,98.36,2.176,2.364,4.25,4.305,1.0722
2024-11-09,316.528,98.36,2.158666666666667,2.3506666666666667,4.273,4.336,1.0717
2024-11-10,316.528,98.36,2.1413333333333333,2.337333333333333,4.295999999999999,4.367,1.07142
2024-11-11,316.528,98.36,2.124,2.324,4.319,4.398,1.066
2024-11-12,316.528,98.36,2.118,2.3525,4.342,4.429,1.06163
2024-11-13,316.528,98.36,2.145,2.3855,4.281,4.45,1.05638
2024-11-14,316.528,98.36,2.097,2.342,4.356,4.445,1.05292
2024-11-15,316.528,98.36,2.114,2.3485,4.306,4.444,1.0544
2024-11-16,316.528,98.36,2.131333333333333,2.3561666666666667,4.297,4.433666666666666,1.0543
2024-11-17,316.528,98.36,2.1486666666666667,2.3638333333333335,4.288,4.423333333333334,1.05332
2024-11-18,316.528,98.36,2.166,2.3715,4.279,4.413,1.05945
2024-11-19,316.528,98.36,2.132,2.3375,4.281,4.395,1.06068
2024-11-20,316.528,98.36,2.118,2.341,4.32,4.413,1.05456
2024-11-21,316.528,98.36,2.096,2.3115,4.347,4.419,1.04683
2024-11-22,316.528,98.36,2.003,2.252,4.38,4.411,1.0416
2024-11-23,316.528,98.36,2.0033333333333334,2.2358333333333333,4.343666666666667,4.365333333333333,1.0417
2024-11-24,316.528,98.36,2.0036666666666667,2.2196666666666665,4.307333333333333,4.3196666666666665,1.04789
2024-11-25,316.528,98.36,2.004,2.2035,4.271,4.274,1.04436
2024-11-26,316.528,98.36,2.026,2.198,4.247,4.294,1.04904
2024-11-27,316.528,98.36,2.032,2.166,4.229,4.26,1.05619
2024-11-28,316.528,98.36,1.992,2.1245,4.1945,4.2185,1.05611
2024-11-29,316.528,98.36,1.946,2.087,4.16,4.177,1.0579
2024-11-30,316.528,98.36,1.927,2.069166666666667,4.168333333333333,4.183,1.0577
2024-12-01,317.604,98.71,1.908,2.0513333333333335,4.176666666666667,4.189,1.05435
2024-12-02,317.604,98.71,1.889,2.0335,4.185,4.195,1.05
2024-12-03,317.604,98.71,1.935,2.055,4.181,4.226,1.05096
2024-12-04,317.604,98.71,1.941,2.0515,4.129,4.183,1.0512
2024-12-05,317.604,98.71,2.005,2.104,4.143,4.177,1.05853
2024-12-06,317.604,98.71,2.006,2.1125,4.096,4.148,1.0574
2024-12-07,317.604,98.71,2.001,2.1141666666666667,4.106333333333334,4.165333333333333,1.0569
2024-12-08,317.604,98.71,1.996,2.1158333333333332,4.116666666666666,4.182666666666667,1.05649
2024-12-09,317.604,98.71,1.991,2.1175,4.127,4.2,1.05545
2024-12-10,317.604,98.71,1.958,2.116,4.145,4.227,1.05312
2024-12-11,317.604,98.71,1.955,2.1305,4.155,4.274,1.0506
2024-12-12,317.604,98.71,2.003,2.189,4.197,4.335,1.04729
2024-12-13,317.604,98.71,2.05,2.247,4.243,4.394,1.0505
2024-12-14,317.604,98.71,2.0476666666666667,2.2456666666666667,4.245666666666667,4.3966666666666665,1.0501
2024-12-15,317.604,98.71,2.0453333333333332,2.244333333333333,4.248333333333334,4.399333333333334,1.05091
2024-12-16,317.604,98.71,2.043,2.243,4.251,4.402,1.05164
2024-12-17,317.604,98.71,2.046,2.2315,4.245,4.394,1.04947
2024-12-18,317.604,98.71,2.02,2.241,4.357,4.518,1.03495
2024-12-19,317.604,98.71,2.049,2.3045,4.318,4.565,1.03644
2024-12-20,317.604,98.71,2.026,2.2865,4.318,4.529,1.043
2024-12-21,317.604,98.71,2.038333333333333,2.3000000000000003,4.324666666666666,4.548666666666667,1.0429
2024-12-22,317.604,98.71,2.050666666666667,2.3135,4.331333333333333,4.568333333333333,1.04323
2024-12-23,317.604,98.71,2.063,2.327,4.338,4.588,1.04046
2024-12-24,317.604,98.71,2.051,2.3205,4.337,4.59,1.0401
2024-12-25,317.604,98.71,2.0636666666666668,2.3435,4.334,4.587,1.03986
2024-12-26,317.604,98.71,2.0763333333333334,2.3665,4.331,4.584,1.04219
2024-12-27,317.604,98.71,2.089,2.3895,4.328,4.629,1.0424
2024-12-28,317.604,98.71,2.085,2.3793333333333333,4.299666666666667,4.596666666666667,1.0427
2024-12-29,317.604,98.71,2.081,2.3691666666666666,4.271333333333334,4.564333333333333,1.04286
2024-12-30,317.604,98.71,2.077,2.359,4.243,4.532,1.04057
2024-12-31,317.604,98.71,2.071,2.362,4.236,4.572,1.03486
2025-01-01,318.961,98.43,2.0780000000000003,2.36425,4.24,4.5665,1.03512
2025-01-02,318.961,98.43,2.085,2.3665,4.244,4.561,1.02675
2025-01-03,318.961,98.43,2.161,2.4245,4.281,4.601,1.0311
2025-01-04,318.961,98.43,2.171666666666667,2.432166666666667,4.276666666666666,4.608333333333333,1.031
2025-01-05,318.961,98.43,2.1823333333333332,2.439833333333333,4.272333333333333,4.615666666666667,1.03045
2025-01-06,318.961,98.43,2.193,2.4475,4.268,4.623,1.03834
2025-01-07,318.961,98.43,2.198,2.4855,4.287,4.684,1.03435
2025-01-08,318.961,98.43,2.199,2.524,4.285,4.692,1.03141
2025-01-09,318.961,98.43,2.221,2.531,4.264,4.688,1.0297
2025-01-10,318.961,98.43,2.273,2.5675,4.381,4.762,1.0254
2025-01-11,318.961,98.43,2.2783333333333333,2.5751666666666666,4.384,4.771,1.0253
2025-01-12,318.961,98.43,2.283666666666667,2.5828333333333333,4.387,4.779999999999999,1.02436
2025-01-13,318.961,98.43,2.289,2.5905,4.39,4.789,1.02648
2025-01-14,318.961,98.43,2.307,2.6225,4.368,4.792,1.0306
2025-01-15,318.961,98.43,2.249,2.5275,4.266,4.654,1.02945
2025-01-16,318.961,98.43,2.224,2.5205,4.233,4.611,1.03012
2025-01-17,318.961,98.43,2.224,2.503,4.282,4.622,1.0302
2025-01-18,318.961,98.43,2.220666666666667,2.4995000000000003,4.27975,4.6095,1.0269
2025-01-19,318.961,98.43,2.2173333333333334,2.496,4.2775,4.5969999999999995,1.0277
2025-01-20,318.961,98.43,2.214,2.4925,4.27525,4.5845,1.04201
2025-01-21,318.961,98.43,2.209,2.477,4.273,4.572,1.04056
2025-01-22,318.961,98.43,2.226,2.4985,4.3,4.612,1.04081
2025-01-23,318.961,98.43,2.24,2.513,4.288,4.645,1.04149
2025-01-24,318.961,98.43,2.286,2.5445,4.261,4.616,1.0502
2025-01-25,318.961,98.43,2.2720000000000002,2.530666666666667,4.2396666666666665,4.588333333333333,1.0501
2025-01-26,318.961,98.43,2.258,2.5168333333333335,4.218333333333334,4.560666666666667,1.04671
2025-01-27,318.961,98.43,2.244,2.503,4.197,4.533,1.04445
2025-01-28,318.961,98.43,2.262,2.5605,4.195,4.533,1.04292
2025-01-29,318.961,98.43,2.267,2.571,4.219,4.533,1.04242
2025-01-30,318.961,98.43,2.194,2.517,4.212,4.519,1.03962
2025-01-31,318.961,98.43,2.111,2.459,4.205,4.542,1.036
2025-02-01,319.679,98.85,2.085,2.435,4.219666666666667,4.545,1.0365
2025-02-02,319.679,98.85,2.059,2.411,4.234333333333333,4.548,1.02463
2025-02-03,319.679,98.85,2.033,2.387,4.249,4.551,1.03262
2025-02-04,319.679,98.85,2.051,2.3925,4.214,4.512,1.03717
2025-02-05,319.679,98.85,2.051,2.359,4.187,4.423,1.04001
2025-02-06,319.679,98.85,2.051,2.3725,4.212,4.435,1.03846
2025-02-07,319.679,98.85,2.05,2.377,4.289,4.494,1.033
2025-02-08,319.679,98.85,2.0406666666666666,2.3713333333333333,4.285,4.4959999999999996,1.0327
2025-02-09,319.679,98.85,2.031333333333333,2.3656666666666664,4.281,4.498,1.03107
2025-02-10,319.679,98.85,2.022,2.36,4.277,4.5,1.03008
2025-02-11,319.679,98.85,2.075,2.427,4.289,4.536,1.03635
2025-02-12,319.679,98.85,2.128,2.478,4.356,4.625,1.0392
2025-02-13,319.679,98.85,2.082,2.419,4.308,4.532,1.04604
2025-02-14,319.679,98.85,2.102,2.423,4.26,4.477,1.0495
2025-02-15,319.679,98.85,2.1106666666666665,2.443,4.271,4.4955,1.049
2025-02-16,319.679,98.85,2.1193333333333335,2.463,4.282,4.514,1.04886
2025-02-17,319.679,98.85,2.128,2.483,4.293,4.532500000000001,1.04839
2025-02-18,319.679,98.85,2.128,2.4905,4.304,4.551,1.04472
2025-02-19,319.679,98.85,2.168,2.549,4.271,4.534,1.04199
2025-02-20,319.679,98.85,2.147,2.5335,4.269,4.506,1.04998
2025-02-21,319.679,98.85,2.095,2.4625,4.199,4.43,1.0463
2025-02-22,319.679,98.85,2.0900000000000003,2.4648333333333334,4.189333333333333,4.419666666666666,1.0458
2025-02-23,319.679,98.85,2.085,2.4671666666666665,4.179666666666667,4.4093333333333335,1.04737
2025-02-24,319.679,98.85,2.08,2.4695,4.17,4.399,1.04601
2025-02-25,319.679,98.85,2.055,2.451,4.098,4.297,1.05201
2025-02-26,319.679,98.85,2.065,2.438,4.073,4.254,1.0489
2025-02-27,319.679,98.85,2.029,2.4135,4.051,4.265,1.0394
2025-02-28,319.679,98.85,2.008,2.3865,3.985,4.202,1.0376
2025-03-01,319.785,99.46,2.026666666666667,2.421333333333333,3.9756666666666667,4.187333333333333,1.0376
2025-03-02,319.785,99.46,2.0453333333333332,2.456166666666667,3.966333333333333,4.172666666666667,1.04127
2025-03-03,319.785,99.46,2.064,2.491,3.957,4.158,1.04839
2025-03-04,319.785,99.46,2.01,2.4795,3.982,4.241,1.0624
2025-03-05,319.785,99.46,2.237,2.783,4.006,4.279,1.07939
2025-03-06,319.785,99.46,2.272,2.8845,3.964,4.279,1.07863
2025-03-07,319.785,99.46,2.24,2.835,3.999,4.304,1.0832
2025-03-08,319.785,99.46,2.2310000000000003,2.8316666666666666,3.962,4.275333333333333,1.0831
2025-03-09,319.785,99.46,2.222,2.8283333333333336,3.925,4.246666666666667,1.08598
2025-03-10,319.785,99.46,2.213,2.825,3.888,4.218,1.0838
2025-03-11,319.785,99.46,2.197,2.872,3.948,4.281,1.09131
2025-03-12,319.785,99.46,2.227,2.8865,3.988,4.315,1.08851
2025-03-13,319.785,99.46,2.177,2.8535,3.956,4.269,1.08542
2025-03-14,319.785,99.46,2.183,2.873,4.021,4.318,1.092
2025-03-15,319.785,99.46,2.180333333333333,2.8493333333333335,4.029333333333334,4.311333333333333,1.0915
2025-03-16,319.785,99.46,2.1776666666666666,2.8256666666666668,4.0376666666666665,4.304666666666667,1.08802
2025-03-17,319.785,99.46,2.175,2.802,4.046,4.298,1.09179
2025-03-18,319.785,99.46,2.174,2.815,4.04,4.283,1.0937
2025-03-19,319.785,99.46,2.189,2.798,3.974,4.246,1.091
2025-03-20,319.785,99.46,2.166,2.7775,3.964,4.24,1.08561
2025-03-21,319.785,99.46,2.128,2.765,3.953,4.249,1.0874
2025-03-22,319.785,99.46,2.126,2.7666666666666666,3.9819999999999998,4.278666666666666,1.0873
2025-03-23,319.785,99.46,2.124,2.7683333333333335,4.011,4.308333333333334,1.08347
2025-03-24,319.785,99.46,2.122,2.77,4.04,4.338,1.08028
2025-03-25,319.785,99.46,2.132,2.793,4.016,4.316,1.0787
2025-03-26,319.785,99.46,2.114,2.7895,4.02,4.353,1.0741
2025-03-27,319.785,99.46,2.065,2.7735,3.994,4.36,1.08004
2025-03-28,319.785,99.46,2.024,2.732,3.911,4.251,1.0884
2025-03-29,319.785,99.46,2.0246666666666666,2.7303333333333333,3.9026666666666667,4.237333333333334,1.0883
2025-03-30,319.785,99.46,2.025333333333333,2.728666666666667,3.8943333333333334,4.2236666666666665,1.08233
2025-03-31,319.785,99.46,2.026,2.727,3.886,4.21,1.0818
2025-04-01,320.302,100.02,2.019,2.681,3.874,4.16,1.07947
2025-04-02,320.302,100.02,2.037,2.724,3.839,4.125,1.0905
2025-04-03,320.302,100.02,1.929,2.6405,3.692,4.036,1.1043
2025-04-04,320.302,100.02,1.822,2.5695,3.641,3.999,1.0958
2025-04-05,320.302,100.02,1.8013333333333335,2.579,3.689,4.066333333333334,1.0953
2025-04-06,320.302,100.02,1.7806666666666666,2.5885,3.737,4.133666666666667,1.09826
2025-04-07,320.302,100.02,1.76,2.598,3.785,4.201,1.09142
2025-04-08,320.302,100.02,1.83,2.6245,3.728,4.289,1.09796
2025-04-09,320.302,100.02,1.72,2.5795,3.91,4.325,1.09503
2025-04-10,320.302,100.02,1.811,2.5815,3.859,4.424,1.12571
2025-04-11,320.302,100.02,1.75,2.527,3.971,4.495,1.1358
2025-04-12,320.302,100.02,1.7583333333333333,2.525,3.931,4.457666666666666,1.1357
2025-04-13,320.302,100.02,1.7666666666666666,2.523,3.891,4.420333333333334,1.13416
2025-04-14,320.302,100.02,1.775,2.521,3.851,4.383,1.13388
2025-04-15,320.302,100.02,1.766,2.544,3.85,4.339,1.12919
2025-04-16,320.302,100.02,1.737,2.502,3.775,4.28,1.13955
2025-04-17,320.302,100.02,1.675,2.4645,3.799,4.332,1.13719
2025-04-18,320.302,100.02,1.6706,2.4594,3.79125,4.353,1.1406425
2025-04-19,320.302,100.02,1.6662000000000001,2.4543,3.7835,4.3740000000000006,1.144095
2025-04-20,320.302,100.02,1.6618,2.4492000000000003,3.77575,4.3950000000000005,1.1475475
2025-04-21,320.302,100.02,1.6574,2.4441,3.768,4.416,1.151
2025-04-22,320.302,100.02,1.653,2.439,3.82,4.4,1.13505
2025-04-23,320.302,100.02,1.73,2.4935,3.868,4.384,1.13262
2025-04-24,320.302,100.02,1.673,2.442,3.791,4.314,1.13706
2025-04-25,320.302,100.02,1.73,2.473,3.755,4.254,1.1405
2025-04-26,320.302,100.02,1.732,2.4841666666666664,3.7319999999999998,4.237666666666667,1.1408
2025-04-27,320.302,100.02,1.734,2.4953333333333334,3.709,4.221333333333333,1.13423
2025-04-28,320.302,100.02,1.736,2.5065,3.686,4.205,1.14077
2025-04-29,320.302,100.02,1.737,2.492,3.654,4.171,1.13881
2025-04-30,320.302,100.02,1.691,2.44,3.611,4.167,1.1324
2025-05-01,320.62,99.96,1.7265000000000001,2.48,3.696,4.215,1.12957
2025-05-02,320.62,99.96,1.762,2.52,3.823,4.307,1.1303
2025-05-03,320.62,99.96,1.763,2.5193333333333334,3.828333333333333,4.320666666666667,1.1301
2025-05-04,320.62,99.96,1.764,2.5186666666666664,3.833666666666667,4.334333333333333,1.13219
2025-05-05,320.62,99.96,1.765,2.518,3.839,4.348,1.1312
2025-05-06,320.62,99.96,1.749,2.5315,3.783,4.298,1.13413
2025-05-07,320.62,99.96,1.718,2.474,3.78,4.268,1.13052
2025-05-08,320.62,99.96,1.764,2.5175,3.879,4.379,1.1221
2025-05-09,320.62,99.96,1.783,2.551,3.888,4.381,1.1252
2025-05-10,320.62,99.96,1.8283333333333334,2.5813333333333333,3.928,4.411333333333333,1.1249
2025-05-11,320.62,99.96,1.8736666666666666,2.611666666666667,3.968,4.441666666666667,1.12288
2025-05-12,320.62,99.96,1.919,2.642,4.008,4.472,1.1096
2025-05-13,320.62,99.96,1.93,2.675,4.002,4.47,1.11848
2025-05-14,320.62,99.96,1.934,2.692,4.058,4.541,1.11813
2025-05-15,320.62,99.96,1.878,2.625,3.953,4.431,1.1193
2025-05-16,320.62,99.96,1.846,2.586,3.991,4.443,1.116
2025-05-17,320.62,99.96,1.8416666666666668,2.5826666666666664,3.9843333333333333,4.444333333333333,1.1163
2025-05-18,320.62,99.96,1.8373333333333333,2.5793333333333335,3.977666666666667,4.445666666666667,1.11863
2025-05-19,320.62,99.96,1.833,2.576,3.971,4.447,1.12319
2025-05-20,320.62,99.96,1.837,2.599,3.969,4.483,1.12873
2025-05-21,320.62,99.96,1.862,2.642,4.019,4.595,1.13301
2025-05-22,320.62,99.96,1.823,2.6375,3.989,4.528,1.12808
2025-05-23,320.62,99.96,1.761,2.574,3.991,4.507,1.1367
2025-05-24,320.62,99.96,1.768,2.5691666666666664,3.9923333333333333,4.5329999999999995,1.1367
2025-05-25,320.62,99.96,1.775,2.5643333333333334,3.993666666666667,4.559,1.1372
2025-05-26,320.62,99.96,1.782,2.5595,3.995,4.511,1.13872
2025-05-27,320.62,99.96,1.786,2.533,3.975,4.445,1.13359
2025-05-28,320.62,99.96,1.793,2.547,3.991,4.474,1.12326
2025-05-29,320.62,99.96,1.768,2.512,3.938,4.425,1.13768
2025-05-30,320.62,99.96,1.782,2.508,3.898,4.397,1.13445
2025-05-31,320.62,99.96,1.784,2.5128333333333335,3.9106666666666667,4.411666666666667,1.13445
2025-06-01,321.435,100.26,1.786,2.5176666666666665,3.9233333333333333,4.426333333333333,1.13508
2025-06-02,321.435,100.26,1.788,2.5225,3.936,4.441,1.1451
2025-06-03,321.435,100.26,1.772,2.504,3.955,4.457,1.13833
2025-06-04,321.435,100.26,1.788,2.521,3.868,4.356,1.14212
2025-06-05,321.435,100.26,1.872,2.5865,3.919,4.389,1.14527
2025-06-06,321.435,100.26,1.869,2.562,4.036,4.505,1.1403
2025-06-07,321.435,100.26,1.867,2.5645,4.024666666666667,4.495,1.1398
2025-06-08,321.435,100.26,1.865,2.567,4.013333333333333,4.484999999999999,1.14063
2025-06-09,321.435,100.26,1.863,2.5695,4.002,4.475,1.14273
2025-06-10,321.435,100.26,1.849,2.531,4.022,4.473,1.14366
2025-06-11,321.435,100.26,1.845,2.5385,3.95,4.419,1.15084
2025-06-12,321.435,100.26,1.806,2.478,3.911,4.364,1.1599
2025-06-13,321.435,100.26,1.854,2.536,3.949,4.406,1.1554
2025-06-14,321.435,100.26,1.8483333333333334,2.5335,3.9563333333333333,4.42,1.155
2025-06-15,321.435,100.26,1.8426666666666667,2.531,3.9636666666666667,4.434,1.1550150000000001
2025-06-16,321.435,100.26,1.837,2.5285,3.971,4.448,1.15503
2025-06-17,321.435,100.26,1.862,2.5345,3.944,4.386,1.14819
2025-06-18,321.435,100.26,1.841,2.4985,3.938,4.39,1.14766
2025-06-19,321.435,100.26,1.839,2.5185,3.924,4.385,1.15106
2025-06-20,321.435,100.26,1.842,2.513,3.904,4.376,1.1522
2025-06-21,321.435,100.26,1.84,2.510333333333333,3.89,4.364333333333334,1.1519
2025-06-22,321.435,100.26,1.838,2.5076666666666667,3.876,4.352666666666667,1.14994
2025-06-23,321.435,100.26,1.836,2.505,3.862,4.341,1.15979
2025-06-24,321.435,100.26,1.844,2.533,3.82,4.294,1.16116
2025-06-25,321.435,100.26,1.842,2.5615,3.78,4.29,1.16833
2025-06-26,321.435,100.26,1.816,2.564,3.718,4.245,1.16914
2025-06-27,321.435,100.26,1.861,2.597,3.744,4.274,1.1721
2025-06-28,321.435,100.26,1.8583333333333334,2.5966666666666667,3.738,4.259666666666667,1.1719
2025-06-29,321.435,100.26,1.8556666666666666,2.5963333333333334,3.732,4.245333333333333,1.17263
2025-06-30,321.435,100.26,1.853,2.596,3.726,4.231,1.17864
2025-07-01,322.169,100.28,1.84,2.567,3.771,4.241,1.1805
2025-07-02,322.169,100.28,1.859,2.618,3.79,4.282,1.18
2025-07-03,322.169,100.28,1.834,2.5795,3.885,4.346,1.17708
2025-07-04,322.169,100.28,1.813,2.566,3.8877499999999996,4.328,1.1776
2025-07-05,322.169,100.28,1.8223333333333334,2.5796666666666668,3.8905,4.346,1.1778
2025-07-06,322.169,100.28,1.8316666666666666,2.5933333333333333,3.89325,4.364,1.17797
2025-07-07,322.169,100.28,1.841,2.607,3.896,4.382,1.17354
2025-07-08,322.169,100.28,1.867,2.643,3.909,4.417,1.1723
2025-07-09,322.169,100.28,1.859,2.632,3.862,4.342,1.17302
2025-07-10,322.169,100.28,1.892,2.662,3.868,4.346,1.17005
2025-07-11,322.169,100.28,1.905,2.686,3.914,4.423,1.1693
2025-07-12,322.169,100.28,1.8956666666666666,2.7013333333333334,3.908666666666667,4.424333333333333,1.1695
2025-07-13,322.169,100.28,1.8863333333333334,2.716666666666667,3.9033333333333333,4.425666666666666,1.1681
2025-07-14,322.169,100.28,1.877,2.732,3.898,4.427,1.16655
2025-07-15,322.169,100.28,1.867,2.715,3.959,4.489,1.16066
2025-07-16,322.169,100.28,1.828,2.692,3.885,4.455,1.1635
2025-07-17,322.169,100.28,1.84,2.675,3.917,4.463,1.16147
2025-07-18,322.169,100.28,1.852,2.691,3.875,4.431,1.1627
2025-07-19,322.169,100.28,1.838,2.6666666666666665,3.8673333333333333,4.410666666666667,1.1625
2025-07-20,322.169,100.28,1.824,2.642333333333333,3.8596666666666666,4.390333333333333,1.16297
2025-07-21,322.169,100.28,1.81,2.618,3.852,4.37,1.16939
2025-07-22,322.169,100.28,1.795,2.588,3.831,4.336,1.17383
2025-07-23,322.169,100.28,1.796,2.6,3.884,4.388,1.17731
2025-07-24,322.169,100.28,1.909,2.694,3.925,4.408,1.1755
2025-07-25,322.169,100.28,1.93,2.716,3.917,4.386,1.1746
2025-07-26,322.169,100.28,1.9213333333333333,2.706666666666667,3.9219999999999997,4.397333333333333,1.1749
2025-07-27,322.169,100.28,1.9126666666666665,2.6973333333333334,3.927,4.408666666666667,1.1756
2025-07-28,322.169,100.28,1.904,2.688,3.932,4.42,1.1597
2025-07-29,322.169,100.28,1.915,2.69,3.875,4.328,1.15497
2025-07-30,322.169,100.28,1.939,2.705,3.937,4.378,1.1428
2025-07-31,322.169,100.28,1.947,2.693,3.951,4.36,1.14226
2025-08-01,323.291,100.42,1.908,2.677,3.704,4.22,1.1589
2025-08-02,323.291,100.42,1.904,2.6607333333333334,3.6963333333333335,4.212666666666666,1.1589
2025-08-03,323.291,100.42,1.9,2.6444666666666667,3.6886666666666668,4.205333333333334,1.15853
2025-08-04,323.291,100.42,1.896,2.6282,3.681,4.198,1.1583
2025-08-05,323.291,100.42,1.892,2.6221,3.716,4.196,1.1578
2025-08-06,323.291,100.42,1.902,2.6432,3.701,4.218,1.1661
2025-08-07,323.291,100.42,1.926,2.6369,3.734,4.244,1.16751
2025-08-08,323.291,100.42,1.959,2.6874,3.758,4.283,1.1649
2025-08-09,323.291,100.42,1.9623333333333335,2.6904666666666666,3.756666666666667,4.2796666666666665,1.1648
2025-08-10,323.291,100.42,1.9656666666666667,2.6935333333333333,3.755333333333333,4.2763333333333335,1.16472
2025-08-11,323.291,100.42,1.969,2.6966,3.754,4.273,1.1616
2025-08-12,323.291,100.42,1.97,2.7431,3.731,4.293,1.1677
2025-08-13,323.291,100.42,1.936,2.6801,3.687,4.24,1.17121
2025-08-14,323.291,100.42,1.945,2.7062,3.739,4.293,1.165
2025-08-15,323.291,100.42,1.97,2.7787,3.759,4.328,1.1703
2025-08-16,323.291,100.42,1.9696666666666667,2.777766666666667,3.7636666666666665,4.331666666666667,1.1703
2025-08-17,323.291,100.42,1.9693333333333334,2.7768333333333333,3.7683333333333335,4.335333333333334,1.17055
2025-08-18,323.291,100.42,1.969,2.7759,3.773,4.339,1.16676
2025-08-19,323.291,100.42,1.959,2.7543,3.754,4.302,1.16418
2025-08-20,323.291,100.42,1.934,2.7164,3.744,4.296,1.16506
2025-08-21,323.291,100.42,1.974,2.7537,3.792,4.332,1.16122
2025-08-22,323.291,100.42,1.947,2.7191,3.688,4.258,1.1721
2025-08-23,323.291,100.42,1.9576666666666667,2.7321,3.702,4.2636666666666665,1.1721
2025-08-24,323.291,100.42,1.9683333333333335,2.7451000000000003,3.716,4.269333333333334,1.17085
2025-08-25,323.291,100.42,1.979,2.7581,3.73,4.275,1.16139
2025-08-26,323.291,100.42,1.941,2.7219,3.677,4.256,1.16382
2025-08-27,323.291,100.42,1.914,2.694,3.623,4.238,1.16469
2025-08-28,323.291,100.42,1.936,2.6977,3.635,4.207,1.16807
2025-08-29,323.291,100.42,1.944,2.7222,3.623,4.226,1.1684
2025-08-30,323.291,100.42,1.948,2.731133333333333,3.627666666666667,4.2315000000000005,1.1686
2025-08-31,323.291,100.42,1.952,2.740066666666667,3.6323333333333334,4.237,1.16898
2025-09-01,324.245,100.52,1.956,2.749,3.637,4.253,1.1715
2025-09-02,324.245,100.52,1.976,2.7899,3.658,4.277,1.16331
2025-09-03,324.245,100.52,1.962,2.7406,3.612,4.211,1.16597
2025-09-04,324.245,100.52,1.966,2.7229,3.592,4.176,1.16561
2025-09-05,324.245,100.52,1.929,2.6582,3.507,4.086,1.172
2025-09-06,324.245,100.52,1.9273333333333333,2.6517,3.503,4.072666666666667,1.1715
2025-09-07,324.245,100.52,1.9256666666666666,2.6452,3.499,4.059333333333334,1.17123
2025-09-08,324.245,100.52,1.924,2.6387,3.495,4.046,1.17681
2025-09-09,324.245,100.52,1.947,2.6644,3.542,4.074,1.17017
2025-09-10,324.245,100.52,1.955,2.6539,3.533,4.032,1.17027
2025-09-11,324.245,100.52,1.986,2.6505,3.529,4.011,1.17336
2025-09-12,324.245,100.52,2.019,2.7133,3.558,4.06,1.1733
2025-09-13,324.245,100.52,2.0183333333333335,2.7075,3.550333333333333,4.051333333333333,1.1733
2025-09-14,324.245,100.52,2.0176666666666665,2.7016999999999998,3.542666666666667,4.042666666666666,1.17252
2025-09-15,324.245,100.52,2.017,2.6959,3.535,4.034,1.17631
2025-09-16,324.245,100.52,2.006,2.6945,3.51,4.026,1.18706
2025-09-17,324.245,100.52,2.006,2.6763,3.547,4.076,1.18252
2025-09-18,324.245,100.52,2.005,2.716,3.568,4.104,1.17888
2025-09-19,324.245,100.52,2.027,2.7485,3.582,4.139,1.1745
2025-09-20,324.245,100.52,2.0236666666666667,2.7483666666666666,3.5883333333333334,4.141,1.1747
2025-09-21,324.245,100.52,2.0203333333333333,2.7482333333333333,3.5946666666666665,4.143,1.17361
2025-09-22,324.245,100.52,2.017,2.7481,3.601,4.145,1.18003
2025-09-23,324.245,100.52,2.025,2.752,3.592,4.118,1.18135
2025-09-24,324.245,100.52,2.023,2.7474,3.598,4.147,1.17436
2025-09-25,324.245,100.52,2.045,2.7721,3.663,4.174,1.16619
2025-09-26,324.245,100.52,2.033,2.7451,3.647,4.187,1.16969
2025-09-27,324.245,100.52,2.0286666666666666,2.732133333333333,3.642333333333333,4.171666666666667,1.1701
2025-09-28,324.245,100.52,2.0243333333333333,2.7191666666666667,3.6376666666666666,4.156333333333333,1.1705
2025-09-29,324.245,100.52,2.02,2.7062,3.633,4.141,1.17309
2025-09-30,324.245,100.52,2.021,2.712,3.604,4.15,1.17349
2025-10-01,324.654,100.73,2.016,2.7134,3.545,4.106,1.1733
2025-10-02,324.654,100.73,2.013,2.6978,3.549,4.09,1.1725
2025-10-03,324.654,100.73,2.02,2.7,3.572,4.119,1.1741
2025-10-04,324.654,100.73,2.0156666666666667,2.7058,3.5803333333333334,4.133333333333333,1.1736
2025-10-05,324.654,100.73,2.0113333333333334,2.7116000000000002,3.5886666666666667,4.147666666666667,1.17114
2025-10-06,324.654,100.73,2.007,2.7174,3.597,4.162,1.17096
2025-10-07,324.654,100.73,2.001,2.7107,3.572,4.127,1.16531
2025-10-08,324.654,100.73,1.988,2.6769,3.584,4.131,1.16291
2025-10-09,324.654,100.73,1.998,2.704,3.599,4.148,1.15659
2025-10-10,324.654,100.73,1.951,2.634,3.522,4.051,1.162
2025-10-11,324.654,100.73,1.9476666666666667,2.6327,3.5149999999999997,4.0634999999999994,1.162
2025-10-12,324.654,100.73,1.9443333333333335,2.6314,3.508,4.076,1.16018
2025-10-13,324.654,100.73,1.941,2.6301,3.501,4.055,1.15658
2025-10-14,324.654,100.73,1.933,2.6071,3.479,4.022,1.16018
2025-10-15,324.654,100.73,1.922,2.558,3.506,4.045,1.16458
2025-10-16,324.654,100.73,1.922,2.5694,3.426,3.976,1.1699
2025-10-17,324.654,100.73,1.916,2.5784,3.464,4.009,1.1659
2025-10-18,324.654,100.73,1.9176666666666666,2.580233333333333,3.464,4.002000000000001,1.1656
2025-10-19,324.654,100.73,1.9193333333333333,2.5820666666666665,3.464,3.995,1.16567
2025-10-20,324.654,100.73,1.921,2.5839,3.464,3.988,1.16436
2025-10-21,324.654,100.73,1.916,2.5508,3.455,3.963,1.1599
2025-10-22,324.654,100.73,1.915,2.5592,3.444,3.953,1.1607
2025-10-23,324.654,100.73,1.934,2.5779,3.482,3.989,1.16169
2025-10-24,324.654,100.73,1.982,2.6242,3.484,3.997,1.1623
2025-10-25,324.654,100.73,1.9823333333333333,2.6217,3.4896666666666665,3.997,1.1623
2025-10-26,324.654,100.73,1.9826666666666668,2.6191999999999998,3.4953333333333334,3.997,1.16308
2025-10-27,324.654,100.73,1.983,2.6167,3.501,3.997,1.16508
2025-10-28,324.654,100.73,1.983,2.6212,3.494,3.983,1.16569
2025-10-29,324.654,100.73,1.978,2.6186,3.586,4.058,1.1602
2025-10-30,324.654,100.73,1.992,2.6375,3.614,4.093,1.15714
2025-10-31,324.654,100.73,1.985,2.6369,3.606,4.101,1.1597
2025-11-01,325.063,100.44,1.9916666666666667,2.645433333333333,3.604,4.103,1.1592
2025-11-02,325.063,100.44,1.9983333333333333,2.653966666666667,3.602,4.105,1.15269
2025-11-03,325.063,100.44,2.005,2.6625,3.6,4.107,1.1518
2025-11-04,325.063,100.44,1.997,2.6518,3.584,4.091,1.1484
2025-11-05,325.063,100.44,2.005,2.6723,3.632,4.157,1.1496
2025-11-06,325.063,100.44,1.997,2.6576,3.566,4.093,1.15482
2025-11-07,325.063,100.44,1.991,2.6676,3.557,4.093,1.1568
2025-11-08,325.063,100.44,1.9953333333333334,2.6670000000000003,3.5683333333333334,4.0986666666666665,1.1568
2025-11-09,325.063,100.44,1.9996666666666667,2.6664,3.5796666666666668,4.104333333333334,1.15429
2025-11-10,325.063,100.44,2.004,2.6658,3.591,4.11,1.15564
2025-11-11,325.063,100.44,2.006,2.6574,3.549,4.069,1.15864
2025-11-12,325.063,100.44,2.002,2.6465,3.566,4.067,1.15909
2025-11-13,325.063,100.44,2.028,2.6874,3.589,4.111,1.16291
2025-11-14,325.063,100.44,2.038,2.7166,3.614,4.148,1.1623
2025-11-15,325.063,100.44,2.0386666666666664,2.7154000000000003,3.6126666666666667,4.143,1.1622
2025-11-16,325.063,100.44,2.0393333333333334,2.7142,3.611333333333333,4.138,1.16141
2025-11-17,325.063,100.44,2.04,2.713,3.61,4.133,1.15896
2025-11-18,325.063,100.44,2.022,2.7095,3.581,4.121,1.15801
2025-11-19,325.063,100.44,2.015,2.7103,3.598,4.131,1.1539
2025-11-20,325.063,100.44,2.024,2.7194,3.558,4.104,1.15337
2025-11-21,325.063,100.44,2.011,2.698,3.514,4.063,1.1519
2025-11-22,325.063,100.44,2.0156666666666667,2.6976666666666667,3.5109999999999997,4.053999999999999,1.1522
2025-11-23,325.063,100.44,2.0203333333333333,2.6973333333333334,3.508,4.045,1.15068
2025-11-24,325.063,100.44,2.025,2.697,3.505,4.036,1.15189
2025-11-25,325.063,100.44,2.019,2.6728,3.459,4.002,1.15641
2025-11-26,325.063,100.44,2.026,2.6741,3.481,3.998,1.16014
2025-11-27,325.063,100.44,2.029,2.6775,3.489,4.005,1.15991
2025-11-28,325.063,100.44,2.03,2.6913,3.491,4.019,1.1597
2025-11-29,325.063,100.44,2.0416666666666665,2.7106,3.5076666666666667,4.044666666666667,1.1597
2025-11-30,325.063,100.44,2.0533333333333332,2.7299,3.5243333333333333,4.070333333333333,1.16005
2025-12-01,326.031,100.62,2.065,2.7492,3.541,4.096,1.16067
2025-12-02,326.031,100.62,2.064,2.7515,3.516,4.088,1.1627
2025-12-03,326.031,100.62,2.057,2.7461,3.486,4.058,1.16661
2025-12-04,326.031,100.62,2.076,2.7706,3.531,4.108,1.16421
2025-12-05,326.031,100.62,2.098,2.8001,3.564,4.139,1.1643
2025-12-06,326.031,100.62,2.119333333333333,2.8222666666666667,3.5703333333333336,4.15,1.1643
2025-12-07,326.031,100.62,2.1406666666666667,2.8444333333333334,3.5766666666666667,4.161,1.16391
2025-12-08,326.031,100.62,2.162,2.8666,3.583,4.172,1.164
2025-12-09,326.031,100.62,2.154,2.8519,3.613,4.186,1.16274
2025-12-10,326.031,100.62,2.183,2.8563,3.565,4.164,1.17
2025-12-11,326.031,100.62,2.169,2.8456,3.53,4.141,1.17388
2025-12-12,326.031,100.62,2.16,2.8611,3.531,4.196,1.1745
2025-12-13,326.031,100.62,2.1593333333333335,2.857666666666667,3.5233333333333334,4.191333333333334,1.1737
2025-12-14,326.031,100.62,2.1586666666666665,2.854233333333333,3.5156666666666667,4.1866666666666665,1.17366
2025-12-15,326.031,100.62,2.158,2.8508,3.508,4.182,1.17538
2025-12-16,326.031,100.62,2.14,2.8466,3.479,4.149,1.17486
2025-12-17,326.031,100.62,2.14,2.8642,3.485,4.151,1.17413
2025-12-18,326.031,100.62,2.146,2.8491,3.46,4.116,1.17247
2025-12-19,326.031,100.62,2.16,2.8925,3.485,4.151,1.1711
2025-12-20,326.031,100.62,2.159666666666667,2.8964666666666665,3.493,4.157666666666667,1.171
2025-12-21,326.031,100.62,2.159333333333333,2.9004333333333334,3.501,4.164333333333333,1.1706
2025-12-22,326.031,100.62,2.159,2.9044,3.509,4.171,1.17646
2025-12-23,326.031,100.62,2.149,2.8647,3.528,4.169,1.17942
2025-12-24,326.031,100.62,2.147,2.867,3.51,4.134,1.1773
2025-12-25,326.031,100.62,2.147,2.8624,3.503,4.133,1.17832
2025-12-26,326.031,100.62,2.147,2.8624,3.483,4.134,1.1772
2025-12-27,326.031,100.62,2.1376666666666666,2.8501666666666665,3.477,4.128,1.1773
2025-12-28,326.031,100.62,2.1283333333333334,2.8379333333333334,3.471,4.122,1.17706
2025-12-29,326.031,100.62,2.119,2.8257,3.465,4.116,1.17719
2025-12-30,326.031,100.62,2.116,2.8533,3.454,4.128,1.17462
2025-12-31,326.031,100.62,2.123,2.8623,3.469,4.153,1.1732
2026-01-01,326.588,100.04,2.123,2.8557,3.475,4.175,1.17498
2026-01-02,326.588,100.04,2.17,2.899,3.477,4.189,1.1728
2026-01-03,326.588,100.04,2.1566666666666667,2.8903333333333334,3.4696666666666665,4.1803333333333335,1.1727
2026-01-04,326.588,100.04,2.143333333333333,2.881666666666667,3.4623333333333335,4.171666666666667,1.17038
2026-01-05,326.588,100.04,2.13,2.873,3.455,4.163,1.1715
2026-01-06,326.588,100.04,2.1,2.8466,3.473,4.179,1.16873
2026-01-07,326.588,100.04,2.089,2.8076,3.469,4.138,1.16762
2026-01-08,326.588,100.04,2.099,2.8289,3.488,4.183,1.16572
2026-01-09,326.588,100.04,2.107,2.8256,3.54,4.171,1.1634
2026-01-10,326.588,100.04,2.104,2.8175333333333334,3.5423333333333336,4.176333333333334,1.1634
2026-01-11,326.588,100.04,2.101,2.809466666666667,3.5446666666666666,4.181666666666667,1.16228
2026-01-12,326.588,100.04,2.098,2.8014,3.547,4.187,1.16663
2026-01-13,326.588,100.04,2.097,2.8134,3.528,4.171,1.16421
2026-01-14,326.588,100.04,2.084,2.7816,3.514,4.14,1.16456
2026-01-15,326.588,100.04,2.105,2.8177,3.564,4.16,1.16082
2026-01-16,326.588,100.04,2.119,2.8382,3.599,4.231,1.1604
2026-01-17,326.588,100.04,2.1073333333333335,2.8388666666666666,3.5966666666666667,4.2275,1.1605
2026-01-18,326.588,100.04,2.095666666666667,2.8395333333333332,3.5943333333333336,4.224,1.16236
2026-01-19,326.588,100.04,2.084,2.8402,3.592,4.263,1.1638
2026-01-20,326.588,100.04,2.073,2.8603,3.597,4.295,1.1727
2026-01-21,326.588,100.04,2.095,2.8781,3.597,4.253,1.1672
2026-01-22,326.588,100.04,2.116,2.8833,3.614,4.251,1.17536
2026-01-23,326.588,100.04,2.129,2.903,3.605,4.239,1.1826
2026-01-24,326.588,100.04,2.123666666666667,2.8917333333333333,3.6,4.229666666666667,1.1828
2026-01-25,326.588,100.04,2.118333333333333,2.880466666666667,3.5949999999999998,4.2203333333333335,1.18575
2026-01-26,326.588,100.04,2.113,2.8692,3.59,4.211,1.1875
2026-01-27,326.588,100.04,2.1,2.8713,3.569,4.223,1.20164
2026-01-28,326.588,100.04,2.074,2.8538,3.581,4.251,1.19765
2026-01-29,326.588,100.04,2.058,2.8308,3.551,4.227,1.19651
2026-01-30,326.588,100.04,2.067,2.8446,3.527,4.241,1.1852
2026-01-31,326.588,100.04,2.0766666666666667,2.851833333333333,3.541333333333333,4.253,1.1852
2026-02-01,327.46,100.7,2.0863333333333336,2.8590666666666666,3.5556666666666668,4.265,1.18484
2026-02-02,327.46,100.7,2.096,2.8663,3.57,4.277,1.17979
2026-02-03,327.46,100.7,2.1,2.8889,3.572,4.273,1.18148
2026-02-04,327.46,100.7,2.073,2.862,3.559,4.278,1.18007
2026-02-05,327.46,100.7,2.07,2.8434,3.483,4.21,1.17767
2026-02-06,327.46,100.7,2.069,2.8476,3.495,4.206,1.1822
2026-02-07,327.46,100.7,2.065,2.8448666666666664,3.491,4.203333333333334,1.1822
2026-02-08,327.46,100.7,2.061,2.8421333333333334,3.487,4.200666666666667,1.18246
2026-02-09,327.46,100.7,2.057,2.8394,3.483,4.198,1.19031
2026-02-10,327.46,100.7,2.048,2.804,3.454,4.145,1.18883
2026-02-11,327.46,100.7,2.051,2.796,3.512,4.172,1.18753
2026-02-12,327.46,100.7,2.036,2.777,3.466,4.104,1.18674
2026-02-13,327.46,100.7,2.025,2.7573,3.41,4.056,1.1868
2026-02-14,327.46,100.7,2.034,2.756733333333333,3.4106666666666667,4.055,1.1871
2026-02-15,327.46,100.7,2.043,2.7561666666666667,3.4113333333333333,4.054,1.18666
2026-02-16,327.46,100.7,2.052,2.7556,3.412,4.042,1.18491
2026-02-17,327.46,100.7,2.049,2.742,3.437,4.054,1.18507
2026-02-18,327.46,100.7,2.053,2.7428,3.46,4.081,1.17878
2026-02-19,327.46,100.7,2.057,2.7451,3.47,4.075,1.17685
2026-02-20,327.46,100.7,2.069,2.7385,3.48,4.085,1.179
2026-02-21,327.46,100.7,2.061,2.730766666666667,3.466666666666667,4.065666666666667,1.178
2026-02-22,327.46,100.7,2.053,2.7230333333333334,3.453333333333333,4.046333333333333,1.1834
2026-02-23,327.46,100.7,2.045,2.7153,3.44,4.027,1.17932
2026-02-24,327.46,100.7,2.051,2.7076,3.461,4.033,1.1773
2026-02-25,327.46,100.7,2.057,2.709,3.471,4.048,1.1815
2026-02-26,327.46,100.7,2.049,2.6984,3.448,4.017,1.18018
2026-02-27,327.46,100.7,2.009,2.6527,3.379,3.962,1.1817
2026-02-28,327.46,100.7,2.034333333333333,2.6711666666666667,3.415,3.992,1.1817
2026-03-01,330.293,101.98,2.0596666666666668,2.689633333333333,3.451,4.022,1.17582
2026-03-02,330.293,101.98,2.085,2.7081,3.487,4.052,1.16954
2026-03-03,330.293,101.98,2.177,2.7752,3.5,4.057,1.1612
2026-03-04,330.293,101.98,2.134,2.7459,3.543,4.082,1.16341
2026-03-05,330.293,101.98,2.259,2.8535,3.599,4.146,1.16072
2026-03-06,330.293,101.98,2.311,2.8643,3.556,4.132,1.1622
2026-03-07,330.293,101.98,2.3156666666666665,2.8645,3.568,4.132666666666666,1.1616
2026-03-08,330.293,101.98,2.3203333333333336,2.8647,3.58,4.133333333333334,1.15217
2026-03-09,330.293,101.98,2.325,2.8649,3.592,4.134,1.16159
2026-03-10,330.293,101.98,2.27,2.8533,3.569,4.136,1.16101
2026-03-11,330.293,101.98,2.392,2.9318,3.636,4.206,1.15423
2026-03-12,330.293,101.98,2.39,2.9378,3.762,4.273,1.15204
2026-03-13,330.293,101.98,2.428,2.9768,3.734,4.285,1.1467
2026-03-14,330.293,101.98,2.422,2.9674666666666667,3.716,4.263333333333334,1.1462
2026-03-15,330.293,101.98,2.416,2.958133333333333,3.698,4.241666666666666,1.1434
2026-03-16,330.293,101.98,2.41,2.9488,3.68,4.22,1.14984
2026-03-17,330.293,101.98,2.378,2.9028,3.671,4.202,1.15384
2026-03-18,330.293,101.98,2.446,2.9425,3.743,4.257,1.14633
2026-03-19,330.293,101.98,2.566,2.9524,3.833,4.283,1.15764
2026-03-20,330.293,101.98,2.667,3.0381,3.894,4.392,1.1589
2026-03-21,330.293,101.98,2.650333333333333,3.0316,3.873,4.373333333333334,1.1584
2026-03-22,330.293,101.98,2.6336666666666666,3.0251,3.852,4.354666666666667,1.15595
2026-03-23,330.293,101.98,2.617,3.0186,3.831,4.336,1.16065
2026-03-24,330.293,101.98,2.643,3.0135,3.927,4.392,1.1613
2026-03-25,330.293,101.98,2.599,2.9535,3.881,4.328,1.15609
2026-03-26,330.293,101.98,2.714,3.0631,3.984,4.416,1.15343
2026-03-27,330.293,101.98,2.676,3.0985,3.916,4.44,1.1543
2026-03-28,330.293,101.98,2.6583333333333337,3.078666666666667,3.8866666666666667,4.407333333333334,1.1542
2026-03-29,330.293,101.98,2.6406666666666667,3.0588333333333333,3.857333333333333,4.374666666666666,1.14914
2026-03-30,330.293,101.98,2.623,3.039,3.828,4.342,1.14564
2026-03-31,330.293,101.98,2.622,3.0076,3.799,4.311,1.15734
2026-04-01,332.407,103.02,2.607,2.9962,3.803,4.321,1.15901
2026-04-02,332.407,103.02,2.624,2.9955,3.798,4.313,1.15413
2026-04-03,332.407,103.02,2.617,3.0032,3.852,4.346,1.1518
2026-04-04,332.407,103.02,2.6173333333333333,3.0005,3.8513333333333333,4.342333333333333,1.1519
2026-04-05,332.407,103.02,2.6176666666666666,2.9978,3.8506666666666667,4.338666666666667,1.15094
2026-04-06,332.407,103.02,2.618,2.9951,3.85,4.335,1.15405
2026-04-07,332.407,103.02,2.728,3.083,3.833,4.343,1.16863
2026-04-08,332.407,103.02,2.493,2.9423,3.794,4.291,1.16586
2026-04-09,332.407,103.02,2.545,3.0101,3.783,4.293,1.16904
2026-04-10,332.407,103.02,2.584,3.0481,3.801,4.317,1.173
2026-04-11,332.407,103.02,2.602666666666667,3.062133333333333,3.7943333333333333,4.310333333333333,1.1725
2026-04-12,332.407,103.02,2.6213333333333333,3.0761666666666665,3.787666666666667,4.3036666666666665,1.16746
2026-04-13,332.407,103.02,2.64,3.0902,3.781,4.297,1.1766
2026-04-14,332.407,103.02,2.545,3.0297,3.751,4.256,1.17981
2026-04-15,332.407,103.02,2.542,3.0474,3.766,4.279,1.18064
2026-04-16,332.407,103.02,2.523,3.0319,3.778,4.309,1.178
2026-04-17,332.407,103.02,2.422,2.9651,3.7,4.244,1.1771
2026-04-18,332.407,103.02,2.4323333333333332,2.9689,3.7053333333333334,4.2459999999999996,1.177
2026-04-19,332.407,103.02,2.4426666666666668,2.9727,3.710666666666667,4.248,1.17389
2026-04-20,332.407,103.02,2.453,2.9765,3.716,4.25,1.17838
2026-04-21,332.407,103.02,2.52,3.0108,3.779,4.292,1.17436
2026-04-22,332.407,103.02,2.545,3.0005,3.794,4.294,1.17053
2026-04-23,332.407,103.02,2.556,3.0042,3.825,4.323,1.16833
2026-04-24,332.407,103.02,2.564,3.0068,3.776,4.31,1.172
2026-04-25,332.407,103.02,2.567,3.0165333333333333,3.784333333333333,4.318666666666666,1.1722
2026-04-26,332.407,103.02,2.57,3.026266666666667,3.792666666666667,4.327333333333334,1.17057
2026-04-27,332.407,103.02,2.573,3.036,3.801,4.336,1.17227
2026-04-28,332.407,103.02,2.639,3.0613,3.844,4.354,1.17175
2026-04-29,332.407,103.02,2.718,3.0964,3.932,4.416,1.1684
2026-04-30,332.407,103.02,2.632,3.0297,3.885,4.39,1.17286
2026-05-01,333.979,103.1,2.645,3.0342,3.888,4.378,1.1726
2026-05-02,333.979,103.1,2.6706666666666665,3.0504,3.9126666666666665,4.400666666666667,1.1727
2026-05-03,333.979,103.1,2.6963333333333335,3.0666,3.9373333333333336,4.423333333333333,1.1726
2026-05-04,333.979,103.1,2.722,3.0828,3.962,4.446,1.16912
2026-05-05,333.979,103.1,2.679,3.0663,3.938,4.416,1.17153
2026-05-06,333.979,103.1,2.56,2.9943,3.872,4.354,1.17467
2026-05-07,333.979,103.1,2.571,2.9972,3.919,4.394,1.17301
2026-05-08,333.979,103.1,2.592,3.0047,3.893,4.364,1.1792
2026-05-09,333.979,103.1,2.6096666666666666,3.0175666666666667,3.911,4.38,1.1787
2026-05-10,333.979,103.1,2.6273333333333335,3.0304333333333333,3.929,4.396,1.17669
2026-05-11,333.979,103.1,2.645,3.0433,3.947,4.412,1.17782
2026-05-12,333.979,103.1,2.704,3.0966,3.996,4.463,1.17348
2026-05-13,333.979,103.1,2.719,3.1098,3.99,4.479,1.17155
2026-05-14,333.979,103.1,2.659,3.0484,3.992,4.459,1.16616
2026-05-15,333.979,103.1,2.727,3.1535,4.084,4.595,1.1621
2026-05-16,333.979,103.1,2.724666666666667,3.1561333333333335,4.085999999999999,4.604333333333333,1.1626
2026-05-17,333.979,103.1,2.7223333333333333,3.1587666666666667,4.088,4.613666666666667,1.16132
2026-05-18,333.979,103.1,2.72,3.1614,4.09,4.623,1.16544
2026-05-19,333.979,103.1,2.747,3.1885,4.122,4.669,1.16065
2026-05-20,333.979,103.1,2.648,3.0945,4.038,4.57,1.16243
2026-05-21,333.979,103.1,2.679,3.1012,4.087,4.584,1.16176
2026-05-22,333.979,103.1,2.636,3.0338,4.127,4.572,1.1607
2026-05-23,333.979,103.1,2.6023333333333336,3.0055,4.103666666666666,4.5425,1.1603
2026-05-24,333.979,103.1,2.5686666666666667,2.9772,4.080333333333334,4.513,1.16414
2026-05-25,333.979,103.1,2.535,2.9489,4.057,4.488,1.16355
2026-05-26,333.979,103.1,2.596,2.9836,4.047,4.491,1.16361
2026-05-27,333.979,103.1,2.573,2.9843,4.033,4.481,1.16173
2026-05-28,333.979,103.1,2.558,2.9596,4.025,4.455,1.16521
2026-05-29,333.979,103.1,2.532,2.9328,4.014,4.453,1.16567
2026-05-30,333.979,103.1,2.5633333333333335,2.9595333333333333,4.0263333333333335,4.461,1.16607
2026-05-31,333.979,103.1,2.5946666666666665,2.9862666666666664,4.038666666666667,4.469,1.1648
2026-06-01,332.568,103.0,2.626,3.013,4.051,4.477,1.1633
