Date,Price,Open,High,Low,Change %
8/7/2026,4.241,4.249,4.254,4.237,-0.09%
8/6/2026,4.245,4.185,4.252,4.179,1.58%
8/5/2026,4.179,4.198,4.225,4.175,-0.36%
8/4/2026,4.194,4.246,4.266,4.19,-1.46%
8/3/2026,4.256,4.254,4.264,4.229,-0.82%
7/31/2026,4.291,4.254,4.308,4.227,1.47%
7/30/2026,4.229,4.266,4.297,4.209,-0.17%
7/29/2026,4.236,4.295,4.339,4.217,-0.96%
7/28/2026,4.277,4.322,4.322,4.256,-0.95%
7/27/2026,4.318,4.29,4.335,4.286,-0.30%
7/24/2026,4.331,4.356,4.366,4.307,-0.67%
7/23/2026,4.36,4.304,4.37,4.3,1.35%
7/22/2026,4.302,4.255,4.311,4.249,0.96%
7/21/2026,4.261,4.204,4.268,4.192,1.09%
7/20/2026,4.215,4.196,4.236,4.166,1.03%
7/17/2026,4.172,4.147,4.185,4.111,0.38%
7/16/2026,4.156,4.143,4.179,4.141,0.68%
7/15/2026,4.128,4.187,4.225,4.122,-1.55%
7/14/2026,4.193,4.275,4.298,4.147,-1.64%
7/13/2026,4.263,4.235,4.288,4.214,1.31%
7/10/2026,4.208,4.179,4.214,4.154,1.11%
7/9/2026,4.162,4.214,4.218,4.154,-0.93%
7/8/2026,4.201,4.189,4.235,4.17,0.94%
7/7/2026,4.162,4.116,4.191,4.116,0.90%
7/6/2026,4.125,4.135,4.137,4.104,-0.15%
7/2/2026,4.131,4.172,4.197,4.104,-0.79%
7/1/2026,4.164,4.17,4.199,4.133,0.60%
6/30/2026,4.139,4.107,4.179,4.096,0.73%
6/29/2026,4.109,4.096,4.123,4.092,0.51%
6/26/2026,4.088,4.125,4.129,4.069,-0.80%
6/25/2026,4.121,4.152,4.164,4.094,-0.39%
6/24/2026,4.137,4.195,4.209,4.133,-1.31%
6/23/2026,4.192,4.228,4.228,4.181,-0.90%
6/22/2026,4.23,4.228,4.236,4.206,1.22%
6/18/2026,4.179,4.18,4.217,4.141,0.38%
6/17/2026,4.163,4.058,4.22,4.043,2.87%
6/16/2026,4.047,4.068,4.075,4.035,-0.42%
6/15/2026,4.064,4.024,4.073,4.016,-0.51%
6/12/2026,4.085,4.066,4.106,4.037,0.37%
6/11/2026,4.07,4.154,4.16,4.041,-1.38%
6/10/2026,4.127,4.135,4.181,4.106,0.07%
6/9/2026,4.124,4.164,4.172,4.112,-0.82%
6/8/2026,4.158,4.174,4.201,4.124,-0.10%
6/5/2026,4.162,4.047,4.178,4.027,2.79%
6/4/2026,4.049,4.074,4.08,4.024,-0.86%
6/3/2026,4.084,4.058,4.095,4.051,0.81%
6/2/2026,4.051,4.037,4.053,4.008,0.00%
6/1/2026,4.051,4.031,4.09,4.025,0.92%
5/29/2026,4.014,4.023,4.035,3.986,-0.27%
5/28/2026,4.025,4.056,4.08,3.992,-0.20%
5/27/2026,4.033,4.185,4.051,4.006,-0.35%
5/26/2026,4.047,4.059,4.079,4.034,-0.24%
5/25/2026,4.057,4.051,4.057,4.05,-1.70%
5/22/2026,4.127,4.083,4.144,4.053,0.98%
5/21/2026,4.087,4.061,4.117,4.047,1.21%
5/20/2026,4.038,4.11,4.129,4.011,-2.04%
5/19/2026,4.122,4.056,4.139,4.052,0.78%
5/18/2026,4.09,4.09,4.105,4.037,0.15%
5/15/2026,4.084,4.023,4.088,4.023,2.30%
5/14/2026,3.992,3.979,4.023,3.954,0.05%
5/13/2026,3.99,3.991,4.017,3.975,-0.15%
5/12/2026,3.996,3.958,4.002,3.956,1.24%
5/11/2026,3.947,3.922,3.958,3.908,1.39%
5/8/2026,3.893,3.911,3.951,3.872,-0.66%
5/7/2026,3.919,3.87,3.926,3.824,1.21%
5/6/2026,3.872,3.915,3.917,3.839,-1.68%
5/5/2026,3.938,3.954,3.958,3.923,-0.61%
5/4/2026,3.962,3.921,3.993,3.907,1.90%
5/1/2026,3.888,3.885,3.904,3.845,0.08%
4/30/2026,3.885,3.937,3.945,3.867,-1.20%
4/29/2026,3.932,3.846,3.953,3.836,2.29%
4/28/2026,3.844,3.795,3.854,3.793,1.13%
4/27/2026,3.801,3.806,3.816,3.784,0.66%
4/24/2026,3.776,3.834,3.846,3.772,-1.28%
4/23/2026,3.825,3.802,3.849,3.789,0.82%
4/22/2026,3.794,3.781,3.806,3.754,0.40%
4/21/2026,3.779,3.723,3.806,3.718,1.70%
4/20/2026,3.716,3.737,3.744,3.71,0.43%
4/17/2026,3.7,3.776,3.784,3.679,-2.06%
4/16/2026,3.778,3.753,3.786,3.742,0.32%
4/15/2026,3.766,3.745,3.78,3.739,0.40%
4/14/2026,3.751,3.772,3.795,3.745,-0.79%
4/13/2026,3.781,3.849,3.849,3.772,-0.53%
4/10/2026,3.801,3.781,3.812,3.75,0.48%
4/9/2026,3.783,3.792,3.8,3.742,-0.29%
4/8/2026,3.794,3.732,3.798,3.713,-1.02%
4/7/2026,3.833,3.85,3.877,3.792,-0.44%
4/6/2026,3.85,3.858,3.877,3.835,-0.05%
4/3/2026,3.852,3.8,3.891,3.8,1.42%
4/2/2026,3.798,3.807,3.866,3.778,-0.13%
4/1/2026,3.803,3.781,3.817,3.736,0.11%
3/31/2026,3.799,3.834,3.84,3.754,-0.76%
3/30/2026,3.828,3.885,3.9,3.807,-2.25%
3/27/2026,3.916,3.974,4.027,3.9,-1.71%
3/26/2026,3.984,3.895,4,3.894,2.65%
3/25/2026,3.881,3.883,3.906,3.85,-1.17%
3/24/2026,3.927,3.845,3.966,3.841,2.51%
3/23/2026,3.831,3.93,4.016,3.792,-1.62%
3/20/2026,3.894,3.845,3.943,3.815,1.59%
3/19/2026,3.833,3.786,3.96,3.759,2.40%
3/18/2026,3.743,3.682,3.79,3.655,1.96%
3/17/2026,3.671,3.68,3.695,3.655,-0.24%
3/16/2026,3.68,3.708,3.715,3.669,-1.45%
3/13/2026,3.734,3.737,3.761,3.688,-0.74%
3/12/2026,3.762,3.686,3.766,3.638,3.47%
3/11/2026,3.636,3.59,3.657,3.571,1.88%
3/10/2026,3.569,3.556,3.596,3.53,-0.64%
3/9/2026,3.592,3.614,3.635,3.536,1.01%
3/6/2026,3.556,3.578,3.631,3.519,-1.19%
3/5/2026,3.599,3.549,3.599,3.547,1.58%
3/4/2026,3.543,3.523,3.553,3.498,1.23%
3/3/2026,3.5,3.473,3.599,3.469,0.37%
3/2/2026,3.487,3.373,3.502,3.365,3.20%
2/27/2026,3.379,3.42,3.426,3.375,-2.00%
2/26/2026,3.448,3.465,3.479,3.432,-0.66%
2/25/2026,3.471,3.451,3.481,3.448,0.29%
2/24/2026,3.461,3.444,3.472,3.444,0.61%
2/23/2026,3.44,3.535,3.535,3.436,-1.15%
2/20/2026,3.48,3.464,3.499,3.449,0.29%
2/19/2026,3.47,3.462,3.487,3.455,0.29%
2/18/2026,3.46,3.439,3.468,3.432,0.67%
2/17/2026,3.437,3.41,3.445,3.385,0.74%
2/16/2026,3.412,3.412,3.412,3.412,0.05%
2/13/2026,3.41,3.458,3.485,3.401,-1.62%
2/12/2026,3.466,3.514,3.516,3.454,-1.31%
2/11/2026,3.512,3.448,3.551,3.444,1.68%
2/10/2026,3.454,3.485,3.487,3.444,-0.83%
2/9/2026,3.483,3.506,3.522,3.477,-0.34%
2/6/2026,3.495,3.434,3.512,3.426,0.34%
2/5/2026,3.483,3.555,3.563,3.453,-2.14%
2/4/2026,3.559,3.568,3.586,3.549,-0.36%
2/3/2026,3.572,3.574,3.592,3.561,0.06%
2/2/2026,3.57,3.522,3.576,3.5,1.22%
1/30/2026,3.527,3.565,3.58,3.522,-0.68%
1/29/2026,3.551,3.567,3.586,3.543,-0.84%
1/28/2026,3.581,3.569,3.598,3.563,0.34%
1/27/2026,3.569,3.614,3.614,3.565,-0.58%
1/26/2026,3.59,3.596,3.607,3.582,-0.42%
1/23/2026,3.605,3.61,3.619,3.596,-0.25%
1/22/2026,3.614,3.586,3.623,3.584,0.47%
1/21/2026,3.597,3.588,3.599,3.57,0.00%
1/20/2026,3.597,3.595,3.612,3.572,0.13%
1/19/2026,3.592,3.59,3.592,3.59,-0.19%
1/16/2026,3.599,3.564,3.613,3.556,0.98%
1/15/2026,3.564,3.516,3.57,3.512,1.42%
1/14/2026,3.514,3.533,3.534,3.506,-0.40%
1/13/2026,3.528,3.536,3.566,3.499,-0.54%
1/12/2026,3.547,3.53,3.551,3.518,0.20%
1/9/2026,3.54,3.49,3.543,3.488,1.49%
1/8/2026,3.488,3.478,3.499,3.453,0.55%
1/7/2026,3.469,3.465,3.48,3.447,-0.12%
1/6/2026,3.473,3.459,3.488,3.453,0.52%
1/5/2026,3.455,3.481,3.481,3.447,-0.63%
1/2/2026,3.477,3.494,3.496,3.463,0.05%
1/1/2026,3.475,3.475,3.475,3.475,0.18%
12/31/2025,3.469,3.457,3.479,3.438,0.43%
12/30/2025,3.454,3.454,3.471,3.444,-0.32%
12/29/2025,3.465,3.483,3.491,3.457,-0.52%
12/26/2025,3.483,3.503,3.514,3.473,-0.59%
12/25/2025,3.503,3.512,3.512,3.503,-0.19%
12/24/2025,3.51,3.534,3.54,3.506,-0.51%
12/23/2025,3.528,3.501,3.559,3.491,0.54%
12/22/2025,3.509,3.488,3.513,3.486,0.69%
12/19/2025,3.485,3.466,3.494,3.464,0.72%
12/18/2025,3.46,3.479,3.485,3.433,-0.72%
12/17/2025,3.485,3.493,3.512,3.483,0.17%
12/16/2025,3.479,3.499,3.512,3.456,-0.83%
12/15/2025,3.508,3.522,3.522,3.489,-0.65%
12/12/2025,3.531,3.526,3.551,3.522,0.03%
12/11/2025,3.53,3.528,3.547,3.501,-0.98%
12/10/2025,3.565,3.617,3.627,3.53,-1.33%
12/9/2025,3.613,3.579,3.621,3.565,0.84%
12/8/2025,3.583,3.56,3.61,3.554,0.53%
12/5/2025,3.564,3.525,3.569,3.516,0.93%
12/4/2025,3.531,3.492,3.537,3.492,1.29%
12/3/2025,3.486,3.508,3.51,3.471,-0.85%
12/2/2025,3.516,3.53,3.551,3.51,-0.71%
12/1/2025,3.541,3.502,3.541,3.481,1.43%
11/28/2025,3.491,3.489,3.516,3.461,0.05%
11/27/2025,3.489,3.487,3.489,3.487,0.24%
11/26/2025,3.481,3.467,3.504,3.461,0.64%
11/25/2025,3.459,3.489,3.51,3.453,-1.31%
11/24/2025,3.505,3.512,3.533,3.499,-0.26%
11/21/2025,3.514,3.543,3.558,3.484,-1.24%
11/20/2025,3.558,3.602,3.64,3.533,-1.11%
11/19/2025,3.598,3.577,3.6,3.556,0.47%
11/18/2025,3.581,3.614,3.614,3.545,-0.80%
11/17/2025,3.61,3.606,3.621,3.591,-0.11%
11/14/2025,3.614,3.599,3.618,3.541,0.70%
11/13/2025,3.589,3.57,3.608,3.564,0.64%
11/12/2025,3.566,3.551,3.578,3.551,0.47%
11/11/2025,3.549,3.549,3.549,3.549,-1.16%
11/10/2025,3.591,3.586,3.605,3.572,0.96%
11/7/2025,3.557,3.557,3.58,3.529,-0.25%
11/6/2025,3.566,3.625,3.628,3.547,-1.82%
11/5/2025,3.632,3.578,3.636,3.549,1.34%
11/4/2025,3.584,3.607,3.609,3.568,-0.44%
11/3/2025,3.6,3.59,3.613,3.578,-0.17%
10/31/2025,3.606,3.608,3.619,3.576,-0.22%
10/30/2025,3.614,3.596,3.635,3.58,0.78%
10/29/2025,3.586,3.492,3.612,3.486,2.63%
10/28/2025,3.494,3.488,3.516,3.482,-0.20%
10/27/2025,3.501,3.501,3.518,3.493,0.49%
10/24/2025,3.484,3.489,3.512,3.44,0.06%
10/23/2025,3.482,3.447,3.497,3.438,1.10%
10/22/2025,3.444,3.457,3.468,3.438,-0.32%
10/21/2025,3.455,3.461,3.47,3.438,-0.26%
10/20/2025,3.464,3.461,3.48,3.453,0.00%
10/17/2025,3.464,3.408,3.47,3.376,1.11%
10/16/2025,3.426,3.499,3.516,3.412,-2.28%
10/15/2025,3.506,3.481,3.512,3.466,0.78%
10/14/2025,3.479,3.504,3.518,3.466,-0.64%
10/13/2025,3.501,3.501,3.501,3.501,-0.58%
10/10/2025,3.522,3.593,3.593,3.501,-2.14%
10/9/2025,3.599,3.578,3.603,3.576,0.42%
10/8/2025,3.584,3.568,3.597,3.559,0.34%
10/7/2025,3.572,3.588,3.605,3.564,-0.70%
10/6/2025,3.597,3.578,3.601,3.572,0.70%
10/3/2025,3.572,3.545,3.578,3.541,0.65%
10/2/2025,3.549,3.535,3.574,3.531,0.11%
10/1/2025,3.545,3.616,3.619,3.535,-1.64%
9/30/2025,3.604,3.623,3.625,3.59,-0.80%
9/29/2025,3.633,3.637,3.647,3.621,-0.38%
9/26/2025,3.647,3.653,3.67,3.639,-0.44%
9/25/2025,3.663,3.602,3.67,3.598,1.81%
9/24/2025,3.598,3.567,3.608,3.559,0.17%
9/23/2025,3.592,3.603,3.611,3.584,-0.25%
9/22/2025,3.601,3.58,3.609,3.565,0.53%
9/19/2025,3.582,3.566,3.59,3.561,0.39%
9/18/2025,3.568,3.543,3.589,3.522,0.59%
9/17/2025,3.547,3.505,3.582,3.468,1.05%
9/16/2025,3.51,3.539,3.578,3.505,-0.71%
9/15/2025,3.535,3.568,3.572,3.526,-0.65%
9/12/2025,3.558,3.542,3.576,3.539,0.82%
9/11/2025,3.529,3.546,3.585,3.475,-0.11%
9/10/2025,3.533,3.558,3.56,3.517,-0.25%
9/9/2025,3.542,3.49,3.563,3.484,1.34%
9/8/2025,3.495,3.526,3.53,3.482,-0.34%
9/5/2025,3.507,3.586,3.594,3.464,-2.37%
9/4/2025,3.592,3.615,3.621,3.586,-0.55%
9/3/2025,3.612,3.645,3.662,3.602,-1.26%
9/2/2025,3.658,3.637,3.678,3.631,0.57%
9/1/2025,3.637,3.637,3.637,3.637,0.39%
8/29/2025,3.623,3.639,3.648,3.606,-0.33%
8/28/2025,3.635,3.619,3.649,3.613,0.33%
8/27/2025,3.623,3.656,3.668,3.611,-1.47%
8/26/2025,3.677,3.728,3.728,3.675,-1.42%
8/25/2025,3.73,3.709,3.738,3.709,1.14%
8/22/2025,3.688,3.786,3.806,3.675,-2.74%
8/21/2025,3.792,3.754,3.806,3.746,1.28%
8/20/2025,3.744,3.756,3.767,3.714,-0.27%
8/19/2025,3.754,3.767,3.776,3.74,-0.50%
8/18/2025,3.773,3.757,3.778,3.738,0.37%
8/15/2025,3.759,3.73,3.761,3.711,0.53%
8/14/2025,3.739,3.681,3.747,3.655,1.41%
8/13/2025,3.687,3.735,3.745,3.668,-1.18%
8/12/2025,3.731,3.77,3.806,3.71,-0.61%
8/11/2025,3.754,3.754,3.773,3.746,-0.11%
8/8/2025,3.758,3.724,3.766,3.724,0.64%
8/7/2025,3.734,3.712,3.736,3.703,0.89%
8/6/2025,3.701,3.724,3.745,3.697,-0.40%
8/5/2025,3.716,3.669,3.73,3.667,0.95%
8/4/2025,3.681,3.659,3.731,3.659,-0.62%
8/1/2025,3.704,3.959,3.999,3.667,-6.25%
7/31/2025,3.951,3.945,3.963,3.914,0.36%
7/30/2025,3.937,3.869,3.947,3.863,1.60%
7/29/2025,3.875,3.916,3.928,3.867,-1.45%
7/28/2025,3.932,3.938,3.94,3.906,0.38%
7/25/2025,3.917,3.914,3.932,3.91,-0.20%
7/24/2025,3.925,3.88,3.933,3.878,1.06%
7/23/2025,3.884,3.842,3.891,3.838,1.38%
7/22/2025,3.831,3.865,3.874,3.823,-0.55%
7/21/2025,3.852,3.886,3.886,3.84,-0.59%
7/18/2025,3.875,3.885,3.903,3.859,-1.07%
7/17/2025,3.917,3.898,3.944,3.885,0.82%
7/16/2025,3.885,3.95,3.959,3.86,-1.87%
7/15/2025,3.959,3.9,3.963,3.885,1.56%
7/14/2025,3.898,3.881,3.91,3.877,-0.41%
7/11/2025,3.914,3.876,3.916,3.862,1.19%
7/10/2025,3.868,3.847,3.889,3.837,0.16%
7/9/2025,3.862,3.895,3.909,3.847,-1.20%
7/8/2025,3.909,3.895,3.92,3.886,0.35%
7/7/2025,3.896,3.855,3.905,3.851,0.27%
7/3/2025,3.885,3.774,3.915,3.754,2.51%
7/2/2025,3.79,3.773,3.803,3.746,0.49%
7/1/2025,3.771,3.723,3.787,3.697,1.21%
6/30/2025,3.726,3.744,3.75,3.713,-0.47%
6/27/2025,3.744,3.727,3.764,3.719,0.69%
6/26/2025,3.718,3.764,3.773,3.709,-1.62%
6/25/2025,3.78,3.793,3.818,3.768,-1.05%
6/24/2025,3.82,3.859,3.868,3.806,-1.10%
6/23/2025,3.862,3.918,3.933,3.81,-1.06%
6/20/2025,3.904,3.922,3.967,3.893,-0.54%
6/19/2025,3.924,3.924,3.924,3.924,-0.35%
6/18/2025,3.938,3.952,3.96,3.891,-0.16%
6/17/2025,3.944,3.95,3.977,3.912,-0.66%
6/16/2025,3.971,3.962,3.994,3.941,0.56%
6/13/2025,3.949,3.872,3.979,3.856,0.96%
6/12/2025,3.911,3.941,3.951,3.876,-1.00%
6/11/2025,3.95,4.022,4.05,3.939,-1.79%
6/10/2025,4.022,4.01,4.024,3.983,0.50%
6/9/2025,4.002,4.024,4.035,3.993,-0.82%
6/6/2025,4.036,3.918,4.045,3.908,2.97%
6/5/2025,3.919,3.871,3.937,3.833,1.33%
6/4/2025,3.868,3.947,3.97,3.858,-2.21%
6/3/2025,3.955,3.937,3.972,3.914,0.50%
6/2/2025,3.936,3.906,3.947,3.895,0.97%
5/30/2025,3.898,3.947,3.951,3.893,-1.02%
5/29/2025,3.938,4.031,4.052,3.934,-1.34%
5/28/2025,3.991,3.961,4.004,3.951,0.39%
5/27/2025,3.975,3.993,4,3.962,-0.50%
5/26/2025,3.995,3.993,3.995,3.993,0.11%
5/23/2025,3.991,3.992,4,3.904,0.06%
5/22/2025,3.989,4.019,4.022,3.975,-0.76%
5/21/2025,4.019,3.962,4.024,3.958,1.26%
5/20/2025,3.969,3.979,3.998,3.956,-0.05%
5/19/2025,3.971,3.983,4.04,3.966,-0.49%
5/16/2025,3.991,3.963,4.012,3.921,0.95%
5/15/2025,3.953,4.051,4.062,3.954,-2.58%
5/14/2025,4.058,4.006,4.063,3.986,1.40%
5/13/2025,4.002,4.002,4.027,3.96,-0.15%
5/12/2025,4.008,3.926,4.021,3.91,3.10%
5/9/2025,3.888,3.874,3.897,3.835,0.22%
5/8/2025,3.879,3.787,3.907,3.779,2.63%
5/7/2025,3.78,3.812,3.828,3.76,-0.08%
5/6/2025,3.783,3.845,3.853,3.779,-1.48%
5/5/2025,3.839,3.809,3.857,3.789,0.43%
5/2/2025,3.823,3.688,3.845,3.686,3.44%
5/1/2025,3.696,3.619,3.723,3.558,2.34%
4/30/2025,3.611,3.65,3.676,3.591,-1.18%
4/29/2025,3.654,3.701,3.715,3.648,-0.86%
4/28/2025,3.686,3.764,3.783,3.678,-1.85%
4/25/2025,3.755,3.805,3.824,3.748,-0.95%
4/24/2025,3.791,3.856,3.856,3.787,-1.99%
4/23/2025,3.868,3.844,3.879,3.762,1.25%
4/22/2025,3.82,3.762,3.823,3.76,1.39%
4/21/2025,3.768,3.767,3.796,3.716,-0.83%
4/17/2025,3.799,3.786,3.819,3.758,0.65%
4/16/2025,3.775,3.828,3.832,3.77,-1.96%
4/15/2025,3.85,3.845,3.883,3.812,-0.03%
4/14/2025,3.851,3.935,3.952,3.826,-3.03%
4/11/2025,3.971,3.814,3.977,3.797,2.92%
4/10/2025,3.859,3.891,3.904,3.785,-1.30%
4/9/2025,3.91,3.705,4.039,3.657,4.89%
4/8/2025,3.728,3.753,3.864,3.672,-1.51%
4/7/2025,3.785,3.461,3.86,3.435,3.95%
4/4/2025,3.641,3.686,3.705,3.465,-1.39%
4/3/2025,3.692,3.766,3.825,3.686,-3.83%
4/2/2025,3.839,3.904,3.961,3.834,-0.90%
4/1/2025,3.874,3.889,3.893,3.844,-0.32%
3/31/2025,3.886,3.865,3.924,3.838,-0.63%
3/28/2025,3.911,4,4,3.904,-2.08%
3/27/2025,3.994,4.004,4.039,3.98,-0.64%
3/26/2025,4.02,4.006,4.025,3.994,0.08%
3/25/2025,4.016,4.037,4.058,3.996,-0.58%
3/24/2025,4.04,3.978,4.043,3.973,2.19%
3/21/2025,3.953,3.964,3.974,3.912,-0.26%
3/20/2025,3.964,3.972,3.993,3.917,-0.27%
3/19/2025,3.974,4.046,4.107,3.97,-1.62%
3/18/2025,4.04,4.048,4.063,4.025,-0.16%
3/17/2025,4.046,4.002,4.065,4,0.62%
3/14/2025,4.021,3.959,4.025,3.957,1.65%
3/13/2025,3.956,3.995,4.016,3.93,-0.79%
3/12/2025,3.988,3.943,4.005,3.914,0.99%
3/11/2025,3.948,3.867,3.954,3.829,1.54%
3/10/2025,3.888,3.962,3.989,3.881,-2.76%
3/7/2025,3.999,3.967,4.023,3.896,0.87%
3/6/2025,3.964,4.017,4.044,3.918,-1.04%
3/5/2025,4.006,3.978,4.011,3.895,0.59%
3/4/2025,3.982,3.941,3.995,3.842,0.64%
3/3/2025,3.957,4.024,4.04,3.941,-0.70%
2/28/2025,3.985,4.049,4.073,3.985,-1.64%
2/27/2025,4.051,4.084,4.119,4.049,-0.53%
2/26/2025,4.073,4.092,4.133,4.065,-0.63%
2/25/2025,4.098,4.166,4.168,4.074,-1.73%
2/24/2025,4.17,4.217,4.226,4.164,-0.68%
2/21/2025,4.199,4.274,4.275,4.187,-1.64%
2/20/2025,4.269,4.272,4.274,4.249,-0.04%
2/19/2025,4.271,4.308,4.312,4.27,-0.78%
2/18/2025,4.304,4.259,4.31,4.259,1.04%
2/14/2025,4.26,4.309,4.311,4.24,-1.11%
2/13/2025,4.308,4.355,4.364,4.3,-1.10%
2/12/2025,4.356,4.294,4.389,4.281,1.57%
2/11/2025,4.289,4.281,4.3,4.275,0.27%
2/10/2025,4.277,4.287,4.296,4.25,-0.29%
2/7/2025,4.289,4.216,4.295,4.212,1.84%
2/6/2025,4.212,4.195,4.222,4.185,0.60%
2/5/2025,4.187,4.228,4.23,4.164,-0.64%
2/4/2025,4.214,4.267,4.274,4.21,-0.83%
2/3/2025,4.249,4.274,4.282,4.207,1.04%
1/31/2025,4.205,4.214,4.238,4.191,-0.17%
1/30/2025,4.212,4.222,4.226,4.191,-0.15%
1/29/2025,4.219,4.193,4.263,4.185,0.56%
1/28/2025,4.195,4.215,4.232,4.195,-0.05%
1/27/2025,4.197,4.263,4.266,4.169,-1.50%
1/24/2025,4.261,4.283,4.285,4.242,-0.62%
1/23/2025,4.288,4.298,4.31,4.278,-0.27%
1/22/2025,4.3,4.283,4.304,4.261,0.62%
1/21/2025,4.273,4.232,4.295,4.219,-0.20%
1/17/2025,4.282,4.241,4.287,4.221,1.14%
1/16/2025,4.233,4.27,4.316,4.226,-0.77%
1/15/2025,4.266,4.371,4.373,4.257,-2.34%
1/14/2025,4.368,4.375,4.405,4.356,-0.50%
1/13/2025,4.39,4.415,4.426,4.381,0.19%
1/10/2025,4.381,4.256,4.398,4.256,2.75%
1/9/2025,4.264,4.283,4.287,4.253,-0.49%
1/8/2025,4.285,4.297,4.314,4.26,-0.05%
1/7/2025,4.287,4.283,4.32,4.256,0.44%
1/6/2025,4.268,4.295,4.301,4.247,-0.29%
1/3/2025,4.281,4.237,4.287,4.229,0.87%
1/2/2025,4.244,4.24,4.268,4.207,0.17%
12/31/2024,4.236,4.24,4.26,4.217,-0.15%
12/30/2024,4.243,4.324,4.33,4.244,-1.97%
12/27/2024,4.328,4.33,4.343,4.306,-0.07%
12/26/2024,4.331,4.345,4.367,4.324,-0.12%
12/24/2024,4.337,4.33,4.359,4.33,-0.03%
12/23/2024,4.338,4.31,4.351,4.31,0.47%
12/20/2024,4.318,4.321,4.321,4.251,0.00%
12/19/2024,4.318,4.352,4.357,4.285,-0.90%
12/18/2024,4.357,4.24,4.367,4.209,2.64%
12/17/2024,4.245,4.247,4.299,4.234,-0.15%
12/16/2024,4.251,4.234,4.257,4.222,0.20%
12/13/2024,4.243,4.193,4.251,4.182,1.09%
12/12/2024,4.197,4.153,4.201,4.132,1.00%
12/11/2024,4.155,4.147,4.195,4.101,0.25%
12/10/2024,4.145,4.122,4.17,4.114,0.45%
12/9/2024,4.127,4.098,4.133,4.097,0.75%
12/6/2024,4.096,4.15,4.227,4.077,-1.14%
12/5/2024,4.143,4.136,4.177,4.134,0.35%
12/4/2024,4.129,4.184,4.21,4.115,-1.24%
12/3/2024,4.181,4.18,4.194,4.144,-0.10%
12/2/2024,4.185,4.184,4.235,4.167,0.59%
11/29/2024,4.16,4.231,4.231,4.155,-1.63%
11/27/2024,4.229,4.256,4.256,4.194,-0.41%
11/26/2024,4.247,4.266,4.297,4.238,-0.56%
11/25/2024,4.271,4.343,4.365,4.264,-2.51%
11/22/2024,4.38,4.349,4.381,4.32,0.78%
11/21/2024,4.347,4.312,4.357,4.285,0.62%
11/20/2024,4.32,4.287,4.321,4.268,0.89%
11/19/2024,4.281,4.282,4.287,4.21,0.05%
11/18/2024,4.279,4.307,4.337,4.278,-0.63%
11/15/2024,4.306,4.355,4.379,4.269,-1.15%
11/14/2024,4.356,4.296,4.37,4.242,1.75%
11/13/2024,4.281,4.351,4.376,4.244,-1.40%
11/12/2024,4.342,4.29,4.367,4.275,2.18%
11/8/2024,4.25,4.21,4.269,4.168,1.33%
11/7/2024,4.194,4.274,4.282,4.191,-1.63%
11/6/2024,4.264,4.183,4.312,4.179,1.84%
11/5/2024,4.187,4.166,4.241,4.16,0.50%
11/4/2024,4.166,4.16,4.187,4.129,-1.03%
11/1/2024,4.209,4.176,4.247,4.065,0.99%
10/31/2024,4.168,4.179,4.218,4.148,-0.10%
10/30/2024,4.172,4.1,4.187,4.074,1.29%
10/29/2024,4.119,4.131,4.179,4.098,-0.56%
10/28/2024,4.142,4.128,4.161,4.097,1.07%
10/25/2024,4.098,4.074,4.115,4.036,0.79%
10/24/2024,4.066,4.089,4.089,4.034,-0.49%
10/23/2024,4.086,4.039,4.089,4.037,1.33%
10/22/2024,4.032,4.025,4.06,4.011,0.02%
10/21/2024,4.032,3.959,4.036,3.948,2.06%
10/18/2024,3.95,3.972,3.986,3.944,-0.65%
10/17/2024,3.976,3.94,4.014,3.938,0.87%
10/16/2024,3.942,3.947,3.956,3.919,-0.20%
10/15/2024,3.95,3.968,3.974,3.927,-0.52%
10/14/2024,3.97,3.966,3.97,3.966,0.42%
10/11/2024,3.953,3.957,3.991,3.932,-0.26%
10/10/2024,3.964,4.022,4.094,3.953,-1.44%
10/9/2024,4.022,3.964,4.028,3.941,1.49%
10/8/2024,3.962,3.976,3.998,3.941,-0.82%
10/7/2024,3.995,3.953,4.027,3.932,1.82%
10/4/2024,3.924,3.699,3.934,3.689,5.90%
10/3/2024,3.705,3.648,3.716,3.639,1.87%
10/2/2024,3.637,3.608,3.658,3.6,0.86%
10/1/2024,3.606,3.639,3.647,3.572,-1.06%
9/30/2024,3.645,3.567,3.672,3.559,2.47%
9/27/2024,3.557,3.625,3.643,3.557,-1.91%
9/26/2024,3.627,3.557,3.633,3.531,1.84%
9/25/2024,3.561,3.506,3.565,3.506,0.60%
9/24/2024,3.54,3.578,3.618,3.534,-1.30%
9/23/2024,3.587,3.601,3.625,3.563,-0.30%
9/20/2024,3.597,3.579,3.648,3.562,0.27%
9/19/2024,3.588,3.63,3.659,3.573,-1.10%
9/18/2024,3.628,3.603,3.722,3.54,0.57%
9/17/2024,3.607,3.557,3.617,3.542,1.46%
9/16/2024,3.555,3.588,3.588,3.528,-0.88%
9/13/2024,3.587,3.604,3.612,3.562,-1.67%
9/12/2024,3.648,3.646,3.702,3.614,-0.06%
9/11/2024,3.65,3.59,3.693,3.55,1.49%
9/10/2024,3.596,3.671,3.7,3.592,-2.03%
9/9/2024,3.671,3.661,3.71,3.656,0.45%
9/6/2024,3.654,3.746,3.841,3.595,-2.27%
9/5/2024,3.739,3.75,3.793,3.713,-0.71%
9/4/2024,3.766,3.871,3.873,3.756,-2.51%
9/3/2024,3.863,3.935,3.941,3.853,-1.78%
9/2/2024,3.933,3.929,3.933,3.929,0.37%
8/30/2024,3.919,3.9,3.935,3.896,0.53%
8/29/2024,3.898,3.861,3.908,3.853,0.80%
8/28/2024,3.867,3.863,3.877,3.849,-0.82%
8/27/2024,3.899,3.929,3.963,3.897,-0.98%
8/26/2024,3.938,3.901,3.94,3.877,0.74%
8/23/2024,3.909,3.997,4.021,3.903,-2.62%
8/22/2024,4.014,3.947,4.025,3.921,2.07%
8/21/2024,3.933,3.984,4.01,3.893,-1.54%
8/20/2024,3.994,4.062,4.074,3.988,-1.92%
8/19/2024,4.072,4.083,4.087,4.035,0.45%
8/16/2024,4.054,4.106,4.108,4.027,-1.21%
8/15/2024,4.103,3.962,4.118,3.947,3.62%
8/14/2024,3.96,3.938,4.081,3.918,0.62%
8/13/2024,3.936,4.013,4.031,3.934,-2.13%
8/12/2024,4.021,4.055,4.084,4.005,-0.88%
8/9/2024,4.057,4.032,4.063,4.003,0.53%
8/8/2024,4.036,3.941,4.083,3.917,1.34%
8/7/2024,3.983,3.969,4.043,3.957,-0.22%
8/6/2024,3.991,3.965,4.029,3.913,2.30%
8/5/2024,3.902,3.869,3.949,3.654,0.73%
8/2/2024,3.874,4.148,4.156,3.845,-6.80%
8/1/2024,4.156,4.278,4.299,4.14,-2.42%
7/31/2024,4.26,4.365,4.398,4.257,-2.32%
7/30/2024,4.361,4.404,4.41,4.348,-0.94%
7/29/2024,4.402,4.389,4.404,4.361,0.33%
7/26/2024,4.387,4.431,4.46,4.375,-1.07%
7/25/2024,4.435,4.42,4.451,4.34,0.05%
7/24/2024,4.433,4.455,4.462,4.377,-1.40%
7/23/2024,4.496,4.519,4.525,4.481,-0.57%
7/22/2024,4.521,4.504,4.543,4.498,0.09%
7/19/2024,4.517,4.463,4.517,4.456,1.03%
7/18/2024,4.471,4.44,4.478,4.431,0.75%
7/17/2024,4.438,4.428,4.478,4.427,0.37%
7/16/2024,4.421,4.449,4.474,4.409,-0.86%
7/15/2024,4.46,4.472,4.476,4.42,0.04%
7/12/2024,4.458,4.515,4.54,4.449,-1.27%
7/11/2024,4.515,4.622,4.643,4.488,-2.36%
7/10/2024,4.624,4.626,4.639,4.603,-0.05%
7/9/2024,4.626,4.628,4.654,4.618,-0.18%
7/8/2024,4.635,4.616,4.639,4.612,0.63%
7/5/2024,4.606,4.714,4.756,4.599,-2.35%
7/4/2024,4.716,4.72,4.72,4.716,0.18%
7/3/2024,4.708,4.741,4.779,4.67,-0.92%
7/2/2024,4.752,4.76,4.764,4.712,-0.17%
7/1/2024,4.76,4.749,4.795,4.729,0.22%
6/28/2024,4.749,4.714,4.758,4.664,0.79%
6/27/2024,4.712,4.751,4.764,4.7,-0.87%
6/26/2024,4.753,4.702,4.753,4.702,0.19%
6/25/2024,4.745,4.732,4.755,4.717,0.45%
6/24/2024,4.723,4.732,4.749,4.719,-0.23%
6/21/2024,4.734,4.746,4.748,4.696,-0.11%
6/20/2024,4.739,4.725,4.756,4.71,0.22%
6/19/2024,4.729,4.727,4.729,4.727,0.23%
6/18/2024,4.718,4.759,4.78,4.693,-1.03%
6/17/2024,4.768,4.721,4.77,4.704,1.30%
6/14/2024,4.707,4.705,4.728,4.656,0.07%
6/13/2024,4.703,4.743,4.771,4.665,-1.11%
6/12/2024,4.756,4.84,4.846,4.67,-1.61%
6/11/2024,4.834,4.88,4.883,4.826,-1.04%
6/10/2024,4.885,4.897,4.897,4.87,-0.09%
6/7/2024,4.889,4.73,4.891,4.728,3.44%
6/6/2024,4.726,4.733,4.753,4.716,0.04%
6/5/2024,4.724,4.773,4.795,4.722,-1.01%
6/4/2024,4.773,4.812,4.831,4.749,-0.82%
6/3/2024,4.812,4.873,4.887,4.812,-1.32%
5/31/2024,4.877,4.923,4.956,4.866,-1.02%
5/30/2024,4.927,4.981,4.985,4.921,-0.96%
5/29/2024,4.975,4.958,5.002,4.948,-0.08%
5/28/2024,4.978,4.935,4.981,4.903,0.88%
5/27/2024,4.935,4.938,4.938,4.935,-0.26%
5/24/2024,4.948,4.933,4.959,4.918,0.18%
5/23/2024,4.94,4.871,4.959,4.858,1.32%
5/22/2024,4.875,4.833,4.882,4.829,0.93%
5/21/2024,4.831,4.848,4.852,4.816,-0.44%
5/20/2024,4.852,4.82,4.852,4.812,0.53%
5/17/2024,4.827,4.787,4.831,4.774,0.65%
5/16/2024,4.795,4.724,4.8,4.705,1.47%
5/15/2024,4.726,4.823,4.825,4.711,-1.97%
5/14/2024,4.821,4.853,4.899,4.817,-0.96%
5/13/2024,4.868,4.861,4.868,4.825,-0.09%
5/10/2024,4.872,4.822,4.872,4.811,1.13%
5/9/2024,4.818,4.839,4.857,4.803,-0.48%
5/8/2024,4.841,4.83,4.847,4.822,0.21%
5/7/2024,4.83,4.837,4.839,4.801,-0.05%
5/6/2024,4.833,4.797,4.837,4.787,0.56%
5/3/2024,4.806,4.881,4.893,4.716,-1.54%
5/2/2024,4.881,4.966,4.975,4.875,-1.76%
5/1/2024,4.969,5.035,5.044,4.925,-1.36%
4/30/2024,5.037,4.973,5.045,4.966,1.17%
4/29/2024,4.979,4.996,4.997,4.968,-0.29%
4/26/2024,4.993,5.002,5.012,4.966,-0.12%
4/25/2024,5,4.927,5.027,4.896,1.39%
4/24/2024,4.931,4.912,4.952,4.908,-0.13%
4/23/2024,4.937,4.971,5,4.912,-0.73%
4/22/2024,4.973,4.992,5.009,4.952,-0.29%
4/19/2024,4.988,4.978,4.99,4.877,-0.05%
4/18/2024,4.99,4.934,4.995,4.911,1.14%
4/17/2024,4.934,4.989,5.001,4.915,-1.02%
4/16/2024,4.985,4.931,5.011,4.914,1.22%
4/15/2024,4.925,4.899,4.999,4.884,0.62%
4/12/2024,4.894,4.95,4.952,4.858,-1.17%
4/11/2024,4.952,4.965,5.012,4.918,-0.41%
4/10/2024,4.973,4.747,4.988,4.72,4.86%
4/9/2024,4.743,4.791,4.801,4.728,-1.05%
4/8/2024,4.793,4.757,4.795,4.755,0.89%
4/5/2024,4.751,4.647,4.755,4.639,2.26%
4/4/2024,4.645,4.668,4.7,4.635,-0.58%
4/3/2024,4.672,4.693,4.739,4.67,-0.44%
4/2/2024,4.693,4.695,4.733,4.687,-0.39%
4/1/2024,4.712,4.603,4.726,4.595,1.80%
3/28/2024,4.628,4.603,4.637,4.595,1.32%
3/27/2024,4.568,4.593,4.603,4.558,-0.54%
3/26/2024,4.593,4.587,4.618,4.572,-0.79%
3/25/2024,4.63,4.593,4.642,4.585,0.74%
3/22/2024,4.595,4.634,4.636,4.585,-1.02%
3/21/2024,4.643,4.594,4.647,4.558,0.83%
3/20/2024,4.604,4.687,4.692,4.6,-1.77%
3/19/2024,4.687,4.732,4.74,4.685,-1.03%
3/18/2024,4.736,4.734,4.751,4.708,0.09%
3/15/2024,4.732,4.696,4.738,4.681,0.82%
3/14/2024,4.694,4.637,4.7,4.622,1.32%
3/13/2024,4.632,4.586,4.639,4.582,1.05%
3/12/2024,4.584,4.532,4.616,4.515,1.02%
3/11/2024,4.538,4.49,4.544,4.473,1.35%
3/8/2024,4.478,4.508,4.563,4.409,-0.57%
3/7/2024,4.503,4.558,4.572,4.501,-1.28%
3/6/2024,4.562,4.556,4.57,4.51,0.00%
3/5/2024,4.562,4.608,4.612,4.527,-1.09%
3/4/2024,4.612,4.544,4.614,4.544,1.74%
3/1/2024,4.533,4.623,4.648,4.519,-1.94%
2/29/2024,4.623,4.648,4.704,4.606,-0.45%
2/28/2024,4.644,4.697,4.7,4.641,-1.06%
2/27/2024,4.693,4.704,4.72,4.668,-0.80%
2/26/2024,4.731,4.698,4.744,4.662,0.93%
2/23/2024,4.688,4.759,4.759,4.672,-0.56%
2/22/2024,4.714,4.668,4.727,4.645,0.97%
2/21/2024,4.668,4.614,4.675,4.583,1.17%
2/20/2024,4.614,4.65,4.661,4.572,-0.86%
2/19/2024,4.654,4.652,4.654,4.652,0.23%
2/16/2024,4.644,4.585,4.721,4.582,1.43%
2/15/2024,4.578,4.578,4.587,4.502,-0.09%
2/14/2024,4.582,4.664,4.668,4.552,-1.89%
2/13/2024,4.67,4.478,4.673,4.449,4.25%
2/12/2024,4.48,4.491,4.491,4.451,-0.14%
2/9/2024,4.486,4.452,4.499,4.423,0.58%
2/8/2024,4.46,4.424,4.462,4.412,0.76%
2/7/2024,4.427,4.406,4.433,4.362,0.62%
2/6/2024,4.399,4.457,4.479,4.383,-1.68%
2/5/2024,4.474,4.399,4.483,4.399,2.34%
2/2/2024,4.372,4.202,4.407,4.196,3.83%
2/1/2024,4.211,4.233,4.26,4.135,0.05%
1/31/2024,4.209,4.337,4.339,4.186,-2.99%
1/30/2024,4.339,4.328,4.388,4.295,0.38%
1/29/2024,4.322,4.349,4.353,4.304,-0.80%
1/26/2024,4.357,4.285,4.37,4.281,1.34%
1/25/2024,4.299,4.386,4.415,4.297,-1.93%
1/24/2024,4.384,4.339,4.388,4.287,0.27%
1/23/2024,4.372,4.393,4.419,4.37,-0.48%
1/22/2024,4.393,4.408,4.417,4.365,0.10%
1/19/2024,4.389,4.359,4.421,4.344,0.79%
1/18/2024,4.354,4.357,4.382,4.312,-0.14%
1/17/2024,4.361,4.228,4.376,4.203,3.30%
1/16/2024,4.222,4.19,4.262,4.161,0.80%
1/15/2024,4.188,4.19,4.19,4.186,1.01%
1/12/2024,4.146,4.245,4.287,4.119,-2.43%
1/11/2024,4.249,4.356,4.396,4.245,-2.54%
1/10/2024,4.36,4.352,4.379,4.329,-0.14%
1/9/2024,4.366,4.368,4.393,4.354,-0.19%
1/8/2024,4.375,4.398,4.406,4.302,-0.42%
1/5/2024,4.393,4.38,4.494,4.314,0.15%
1/4/2024,4.387,4.326,4.399,4.299,1.25%
1/3/2024,4.333,4.335,4.382,4.312,0.19%
1/2/2024,4.324,4.254,4.353,4.254,1.75%
1/1/2024,4.25,4.25,4.25,4.25,0.00%
12/29/2023,4.25,4.277,4.314,4.244,-0.68%
12/28/2023,4.279,4.25,4.293,4.248,0.92%
12/27/2023,4.24,4.308,4.31,4.231,-2.68%
12/26/2023,4.356,4.336,4.382,4.327,0.47%
12/25/2023,4.336,4.338,4.338,4.336,0.15%
12/22/2023,4.329,4.341,4.376,4.315,-0.51%
12/21/2023,4.352,4.348,4.387,4.299,0.27%
12/20/2023,4.34,4.437,4.442,4.331,-2.29%
12/19/2023,4.442,4.446,4.467,4.414,-0.20%
12/18/2023,4.451,4.447,4.465,4.409,0.03%
12/15/2023,4.449,4.394,4.487,4.359,1.43%
12/14/2023,4.386,4.42,4.424,4.282,-1.05%
12/13/2023,4.433,4.733,4.737,4.424,-6.38%
12/12/2023,4.735,4.716,4.75,4.638,0.53%
12/11/2023,4.71,4.735,4.775,4.71,-0.27%
12/8/2023,4.723,4.595,4.74,4.595,2.84%
12/7/2023,4.593,4.595,4.638,4.565,-0.10%
12/6/2023,4.597,4.581,4.624,4.574,0.45%
12/5/2023,4.577,4.639,4.646,4.56,-1.31%
12/4/2023,4.637,4.58,4.668,4.58,1.90%
12/1/2023,4.551,4.668,4.712,4.54,-3.07%
11/30/2023,4.695,4.652,4.734,4.618,1.06%
11/29/2023,4.646,4.728,4.736,4.608,-2.05%
11/28/2023,4.742,4.869,4.892,4.73,-3.02%
11/27/2023,4.89,4.963,4.985,4.884,-1.31%
11/24/2023,4.955,4.932,4.961,4.925,0.47%
11/23/2023,4.932,4.927,4.932,4.927,0.70%
11/22/2023,4.898,4.872,4.94,4.844,0.30%
11/21/2023,4.883,4.905,4.919,4.862,-0.74%
11/20/2023,4.919,4.896,4.928,4.881,0.52%
11/17/2023,4.894,4.833,4.917,4.796,0.90%
11/16/2023,4.85,4.905,4.91,4.819,-1.34%
11/15/2023,4.916,4.842,4.937,4.825,1.66%
11/14/2023,4.836,5.045,5.05,4.809,-3.91%
11/13/2023,5.033,5.062,5.081,5.024,-0.71%
11/10/2023,5.069,5.024,5.073,4.976,0.80%
11/9/2023,5.029,4.93,5.041,4.919,1.87%
11/8/2023,4.936,4.922,4.957,4.909,0.42%
11/7/2023,4.915,4.935,4.957,4.888,-0.51%
11/6/2023,4.941,4.855,4.945,4.851,1.98%
11/3/2023,4.845,4.994,5.006,4.807,-3.02%
11/2/2023,4.996,4.931,5,4.914,0.97%
11/1/2023,4.948,5.083,5.087,4.933,-2.66%
10/31/2023,5.083,5.048,5.091,5.012,0.66%
10/30/2023,5.05,5.033,5.071,5.021,0.70%
10/27/2023,5.015,5.048,5.062,5,-0.62%
10/26/2023,5.046,5.114,5.148,5.023,-1.54%
10/25/2023,5.125,5.062,5.131,5.054,0.34%
10/24/2023,5.108,5.062,5.133,5.052,1.19%
10/23/2023,5.047,5.097,5.135,5.043,-0.47%
10/20/2023,5.071,5.163,5.169,5.06,-1.74%
10/19/2023,5.161,5.229,5.259,5.152,-1.14%
10/18/2023,5.22,5.214,5.244,5.171,0.13%
10/17/2023,5.214,5.105,5.241,5.096,2.22%
10/16/2023,5.101,5.073,5.103,5.049,0.84%
10/13/2023,5.058,5.069,5.071,5.014,-0.25%
10/12/2023,5.071,4.986,5.086,4.978,1.69%
10/11/2023,4.986,4.972,5.024,4.951,0.38%
10/10/2023,4.968,4.932,5.02,4.926,0.76%
10/9/2023,4.93,4.934,4.934,4.93,-2.98%
10/6/2023,5.081,5.027,5.151,5.024,1.13%
10/5/2023,5.025,5.048,5.069,5.014,-0.58%
10/4/2023,5.054,5.146,5.18,5.041,-1.95%
10/3/2023,5.154,5.108,5.156,5.081,0.90%
10/2/2023,5.108,5.091,5.123,5.079,1.12%
9/29/2023,5.052,5.064,5.079,5.014,-0.25%
9/28/2023,5.064,5.129,5.161,5.056,-1.42%
9/27/2023,5.137,5.058,5.158,5.046,0.08%
9/26/2023,5.134,5.138,5.157,5.112,0.13%
9/25/2023,5.127,5.108,5.138,5.099,0.30%
9/22/2023,5.112,5.135,5.144,5.08,-0.62%
9/21/2023,5.144,5.18,5.202,5.122,-0.54%
9/20/2023,5.172,5.094,5.178,5.049,1.56%
9/19/2023,5.092,5.052,5.114,5.045,0.72%
9/18/2023,5.056,5.052,5.058,5.039,0.38%
9/15/2023,5.037,5.009,5.054,4.998,0.46%
9/14/2023,5.014,4.967,5.035,4.95,0.85%
9/13/2023,4.971,5.026,5.081,4.961,-0.97%
9/12/2023,5.02,4.997,5.026,4.984,0.50%
9/11/2023,4.995,5.003,5.008,4.978,0.13%
9/8/2023,4.989,4.955,4.995,4.918,0.71%
9/7/2023,4.953,5.023,5.035,4.941,-1.50%
9/6/2023,5.029,4.947,5.037,4.932,1.39%
9/5/2023,4.96,4.904,4.972,4.893,1.10%
9/4/2023,4.906,4.906,4.906,4.906,0.60%
9/1/2023,4.876,4.869,4.891,4.76,0.28%
8/31/2023,4.863,4.888,4.915,4.848,-0.39%
8/30/2023,4.882,4.909,4.931,4.836,-0.25%
8/29/2023,4.894,5.002,5.035,4.871,-3.13%
8/28/2023,5.052,5.097,5.106,5.039,-0.50%
8/25/2023,5.078,5.019,5.095,5.009,1.09%
8/24/2023,5.023,4.977,5.029,4.963,1.04%
8/23/2023,4.971,5.046,5.051,4.935,-1.53%
8/22/2023,5.048,5.013,5.052,4.984,0.82%
8/21/2023,5.007,4.949,5.007,4.936,1.30%
8/18/2023,4.943,4.929,4.951,4.898,0.14%
8/17/2023,4.936,4.967,5.004,4.927,-0.64%
8/16/2023,4.967,4.952,4.991,4.899,0.18%
8/15/2023,4.959,4.971,5.024,4.905,-0.30%
8/14/2023,4.973,4.91,4.975,4.886,1.65%
8/11/2023,4.892,4.852,4.912,4.802,0.87%
8/10/2023,4.85,4.812,4.852,4.73,0.83%
8/9/2023,4.81,4.743,4.816,4.737,1.06%
8/8/2023,4.76,4.77,4.785,4.718,-0.35%
8/7/2023,4.777,4.793,4.854,4.754,0.17%
8/4/2023,4.768,4.881,4.953,4.762,-2.35%
8/3/2023,4.883,4.881,4.925,4.866,-0.04%
8/2/2023,4.885,4.879,4.939,4.85,-0.42%
8/1/2023,4.906,4.879,4.918,4.854,0.43%
7/31/2023,4.885,4.885,4.916,4.843,0.00%
7/28/2023,4.885,4.937,4.949,4.843,-0.84%
7/27/2023,4.926,4.864,4.953,4.812,1.58%
7/26/2023,4.85,4.891,4.928,4.823,-0.60%
7/25/2023,4.879,4.862,4.91,4.839,-0.95%
7/24/2023,4.925,4.852,4.928,4.82,1.64%
7/21/2023,4.846,4.834,4.872,4.818,0.01%
7/20/2023,4.845,4.77,4.884,4.76,1.61%
7/19/2023,4.768,4.772,4.783,4.694,0.09%
7/18/2023,4.764,4.738,4.772,4.66,0.45%
7/17/2023,4.742,4.772,4.785,4.708,-0.53%
7/14/2023,4.768,4.654,4.776,4.622,2.92%
7/13/2023,4.632,4.738,4.74,4.607,-2.44%
7/12/2023,4.748,4.873,4.881,4.715,-2.85%
7/11/2023,4.887,4.866,4.902,4.826,0.48%
7/10/2023,4.864,4.938,4.957,4.853,-1.74%
7/7/2023,4.95,4.991,5.03,4.752,-0.78%
7/6/2023,4.989,4.947,5.12,4.94,0.86%
7/5/2023,4.947,4.9,4.957,4.882,0.95%
7/4/2023,4.9,4.909,4.909,4.9,-0.81%
7/3/2023,4.94,4.918,4.963,4.848,0.74%
6/30/2023,4.904,4.868,4.935,4.835,0.83%
6/29/2023,4.863,4.718,4.892,4.716,3.22%
6/28/2023,4.712,4.755,4.778,4.704,-1.09%
6/27/2023,4.764,4.675,4.772,4.652,0.42%
6/26/2023,4.744,4.73,4.761,4.696,-0.12%
6/23/2023,4.75,4.78,4.81,4.696,-0.86%
6/22/2023,4.791,4.717,4.808,4.692,1.51%
6/21/2023,4.72,4.693,4.752,4.681,0.74%
6/20/2023,4.685,4.759,4.761,4.661,-1.52%
6/19/2023,4.757,4.695,4.763,4.688,1.32%
6/18/2023,4.695,4.716,4.716,4.693,-0.54%
6/16/2023,4.72,4.648,4.78,4.644,1.51%
6/15/2023,4.65,4.694,4.788,4.627,-0.94%
6/14/2023,4.694,4.675,4.803,4.605,0.37%
6/13/2023,4.677,4.577,4.707,4.493,1.99%
6/12/2023,4.585,4.617,4.632,4.558,-0.22%
6/9/2023,4.596,4.517,4.615,4.513,1.74%
6/8/2023,4.517,4.542,4.592,4.473,-0.78%
6/7/2023,4.552,4.489,4.604,4.481,1.22%
6/6/2023,4.497,4.466,4.543,4.435,0.61%
6/5/2023,4.47,4.528,4.575,4.426,-0.92%
6/2/2023,4.511,4.347,4.528,4.331,3.88%
6/1/2023,4.343,4.394,4.463,4.316,-1.50%
5/31/2023,4.409,4.463,4.465,4.363,-1.15%
5/30/2023,4.46,4.599,4.603,4.444,-3.06%
5/29/2023,4.601,4.634,4.641,4.576,-0.71%
5/28/2023,4.634,4.606,4.655,4.606,1.44%
5/26/2023,4.568,4.541,4.639,4.481,0.69%
5/25/2023,4.537,4.378,4.539,4.367,3.64%
5/24/2023,4.378,4.277,4.392,4.248,1.33%
5/23/2023,4.32,4.322,4.408,4.311,0.01%
5/22/2023,4.32,4.249,4.345,4.222,0.96%
5/19/2023,4.279,4.256,4.349,4.196,0.43%
5/18/2023,4.26,4.152,4.281,4.131,2.40%
5/17/2023,4.16,4.088,4.177,4.055,1.86%
5/16/2023,4.084,4.01,4.12,3.962,1.84%
5/15/2023,4.01,3.993,4.031,3.964,0.48%
5/12/2023,3.991,3.889,4.008,3.874,2.36%
5/11/2023,3.899,3.918,3.941,3.81,-0.27%
5/10/2023,3.91,4.026,4.089,3.874,-2.89%
5/9/2023,4.026,4.001,4.07,3.966,0.63%
5/8/2023,4.001,3.935,4.016,3.918,2.12%
5/5/2023,3.918,3.79,3.947,3.79,3.43%
5/4/2023,3.788,3.805,3.943,3.657,-1.97%
5/3/2023,3.865,3.974,4.017,3.807,-3.20%
5/2/2023,3.992,4.135,4.153,3.928,-3.58%
5/1/2023,4.141,4.05,4.163,4.039,2.98%
4/28/2023,4.021,4.07,4.109,4.006,-1.47%
4/27/2023,4.081,3.945,4.111,3.926,3.34%
4/26/2023,3.949,3.932,3.998,3.869,0.02%
4/25/2023,3.948,4.082,4.101,3.904,-3.83%
4/24/2023,4.105,4.186,4.186,4.093,-1.78%
4/21/2023,4.18,4.149,4.203,4.094,0.69%
4/20/2023,4.151,4.252,4.256,4.142,-2.29%
4/19/2023,4.248,4.216,4.286,4.201,1.07%
4/18/2023,4.203,4.186,4.231,4.152,-0.04%
4/17/2023,4.205,4.126,4.207,4.099,2.58%
4/14/2023,4.099,3.97,4.137,3.943,3.29%
4/13/2023,3.968,3.956,3.996,3.893,0.00%
4/12/2023,3.968,4.027,4.075,3.876,-1.60%
4/11/2023,4.033,3.999,4.081,3.964,0.58%
4/10/2023,4.01,3.941,4.024,3.927,0.42%
4/7/2023,3.993,3.829,3.999,3.823,4.29%
4/6/2023,3.829,3.78,3.837,3.674,0.97%
4/5/2023,3.792,3.842,3.897,3.646,-0.76%
4/4/2023,3.821,3.968,4.034,3.819,-3.74%
4/3/2023,3.97,4.104,4.139,3.966,-1.68%
3/31/2023,4.038,4.107,4.172,4.023,-2.04%
3/30/2023,4.122,4.097,4.161,4.035,0.50%
3/29/2023,4.101,4.087,4.14,4.004,0.50%
3/28/2023,4.08,3.959,4.089,3.895,1.81%
3/27/2023,4.008,3.809,4.033,3.777,6.40%
3/24/2023,3.767,3.835,3.86,3.555,-1.51%
3/23/2023,3.825,3.956,4.009,3.758,-3.41%
3/22/2023,3.96,4.16,4.259,3.916,-5.25%
3/21/2023,4.179,3.98,4.188,3.923,5.38%
3/20/2023,3.966,3.963,4.029,3.635,3.12%
3/17/2023,3.846,4.155,4.256,3.804,-7.86%
3/16/2023,4.174,3.885,4.214,3.823,7.26%
3/15/2023,3.892,4.288,4.413,3.72,-8.35%
3/14/2023,4.246,4.03,4.399,3.83,5.74%
3/13/2023,4.016,4.515,4.536,3.939,-12.56%
3/10/2023,4.593,4.834,4.852,4.578,-5.70%
3/9/2023,4.87,5.057,5.064,4.868,-3.95%
3/8/2023,5.07,5.036,5.084,4.971,1.10%
3/7/2023,5.015,4.897,5.021,4.851,2.63%
3/6/2023,4.886,4.871,4.901,4.823,0.52%
3/3/2023,4.861,4.898,4.915,4.835,-0.58%
3/2/2023,4.889,4.885,4.944,4.874,0.22%
3/1/2023,4.878,4.834,4.904,4.818,1.26%
2/28/2023,4.818,4.789,4.834,4.787,0.74%
2/27/2023,4.782,4.805,4.857,4.772,-0.65%
2/24/2023,4.814,4.704,4.84,4.677,2.34%
2/23/2023,4.704,4.693,4.728,4.679,0.13%
2/22/2023,4.697,4.714,4.714,4.654,-0.67%
2/21/2023,4.729,4.666,4.738,4.645,1.39%
2/20/2023,4.664,4.658,4.668,4.658,1.02%
2/17/2023,4.617,4.646,4.718,4.615,-0.59%
2/16/2023,4.644,4.635,4.687,4.581,0.24%
2/15/2023,4.633,4.62,4.703,4.59,0.24%
2/14/2023,4.622,4.524,4.643,4.425,2.21%
2/13/2023,4.522,4.513,4.56,4.504,-0.08%
2/10/2023,4.525,4.495,4.534,4.475,0.92%
2/9/2023,4.484,4.438,4.514,4.409,1.24%
2/8/2023,4.429,4.462,4.482,4.415,-0.84%
2/7/2023,4.466,4.477,4.483,4.385,-0.18%
2/6/2023,4.474,4.349,4.493,4.334,4.38%
2/3/2023,4.286,4.098,4.318,4.069,4.55%
2/2/2023,4.1,4.104,4.121,4.036,0.00%
2/1/2023,4.1,4.209,4.265,4.084,-2.50%
1/31/2023,4.205,4.244,4.251,4.179,-0.83%
1/30/2023,4.24,4.214,4.271,4.197,0.93%
1/27/2023,4.201,4.187,4.23,4.181,0.29%
1/26/2023,4.189,4.125,4.222,4.123,1.35%
1/25/2023,4.133,4.15,4.17,4.111,-1.83%
1/24/2023,4.21,4.225,4.255,4.195,-0.50%
1/23/2023,4.232,4.183,4.242,4.159,1.32%
1/20/2023,4.177,4.131,4.202,4.126,1.17%
1/19/2023,4.128,4.085,4.143,4.041,1.07%
1/18/2023,4.085,4.201,4.217,4.072,-2.86%
1/17/2023,4.205,4.241,4.266,4.177,-0.85%
1/16/2023,4.241,4.236,4.241,4.236,0.40%
1/13/2023,4.224,4.136,4.243,4.11,1.91%
1/12/2023,4.145,4.228,4.329,4.109,-1.78%
1/11/2023,4.22,4.249,4.268,4.207,-0.64%
1/10/2023,4.247,4.212,4.283,4.199,0.94%
1/9/2023,4.208,4.279,4.293,4.185,-1.18%
1/6/2023,4.258,4.462,4.519,4.245,-4.61%
1/5/2023,4.464,4.37,4.497,4.366,2.49%
1/4/2023,4.356,4.382,4.393,4.318,-0.57%
1/3/2023,4.38,4.461,4.461,4.343,-1.03%
1/2/2023,4.426,4.426,4.426,4.426,-0.05%
12/30/2022,4.428,4.376,4.447,4.37,1.43%
12/29/2022,4.366,4.351,4.386,4.339,0.19%
12/28/2022,4.357,4.332,4.366,4.328,-0.58%
12/27/2022,4.383,4.334,4.445,4.33,1.18%
12/26/2022,4.332,4.327,4.332,4.327,0.10%
12/23/2022,4.327,4.28,4.33,4.259,1.11%
12/22/2022,4.28,4.219,4.282,4.191,1.34%
12/21/2022,4.223,4.262,4.281,4.198,-1.00%
12/20/2022,4.266,4.26,4.314,4.245,0.04%
12/19/2022,4.264,4.214,4.268,4.169,1.95%
12/16/2022,4.182,4.247,4.3,4.155,-1.37%
12/15/2022,4.24,4.235,4.278,4.196,0.58%
12/14/2022,4.216,4.222,4.316,4.161,0.04%
12/13/2022,4.214,4.382,4.444,4.139,-3.83%
12/12/2022,4.382,4.363,4.409,4.319,0.91%
12/9/2022,4.342,4.318,4.355,4.253,0.66%
12/8/2022,4.314,4.273,4.326,4.268,1.16%
12/7/2022,4.264,4.373,4.381,4.235,-2.34%
12/6/2022,4.366,4.394,4.412,4.339,-0.67%
12/5/2022,4.396,4.311,4.416,4.292,2.60%
12/2/2022,4.284,4.242,4.41,4.181,1.14%
12/1/2022,4.236,4.325,4.368,4.23,-2.15%
11/30/2022,4.329,4.481,4.549,4.312,-3.41%
11/29/2022,4.481,4.448,4.49,4.409,0.83%
11/28/2022,4.444,4.465,4.486,4.424,-0.51%
11/25/2022,4.467,4.442,4.523,4.424,0.60%
11/24/2022,4.44,4.438,4.444,4.438,-0.74%
11/23/2022,4.473,4.516,4.568,4.469,-1.09%
11/22/2022,4.523,4.533,4.548,4.49,-0.88%
11/21/2022,4.563,4.524,4.567,4.495,0.71%
11/18/2022,4.531,4.465,4.539,4.444,1.58%
11/17/2022,4.46,4.363,4.486,4.348,2.18%
11/16/2022,4.365,4.336,4.401,4.319,0.48%
11/15/2022,4.345,4.401,4.408,4.321,-1.25%
11/14/2022,4.399,4.41,4.439,4.372,1.60%
11/10/2022,4.33,4.58,4.631,4.29,-5.49%
11/9/2022,4.582,4.663,4.697,4.565,-1.62%
11/8/2022,4.657,4.734,4.741,4.651,-1.50%
11/7/2022,4.728,4.675,4.732,4.673,1.49%
11/4/2022,4.658,4.731,4.883,4.644,-1.26%
11/3/2022,4.718,4.63,4.745,4.63,2.31%
11/2/2022,4.611,4.543,4.634,4.439,1.33%
11/1/2022,4.551,4.491,4.559,4.404,1.44%
10/31/2022,4.486,4.443,4.522,4.439,1.64%
10/28/2022,4.414,4.286,4.433,4.266,3.08%
10/27/2022,4.282,4.424,4.464,4.27,-3.08%
10/26/2022,4.418,4.455,4.476,4.383,-1.22%
10/25/2022,4.473,4.496,4.507,4.396,-0.80%
10/24/2022,4.509,4.464,4.528,4.408,0.58%
10/21/2022,4.483,4.608,4.639,4.451,-2.80%
10/20/2022,4.612,4.569,4.623,4.552,1.13%
10/19/2022,4.561,4.439,4.565,4.435,2.93%
10/18/2022,4.431,4.443,4.471,4.403,-0.42%
10/17/2022,4.45,4.483,4.492,4.401,-1.03%
10/14/2022,4.496,4.487,4.517,4.397,0.68%
10/13/2022,4.466,4.299,4.535,4.26,3.96%
10/12/2022,4.295,4.314,4.335,4.262,-0.44%
10/11/2022,4.314,4.314,4.354,4.264,0.00%
10/10/2022,4.314,4.308,4.314,4.308,0.05%
10/7/2022,4.312,4.268,4.35,4.256,1.32%
10/6/2022,4.256,4.148,4.262,4.131,2.65%
10/5/2022,4.146,4.088,4.204,4.074,1.21%
10/4/2022,4.097,4.087,4.115,3.996,-0.41%
10/3/2022,4.113,4.235,4.24,4.031,-3.73%
9/30/2022,4.273,4.203,4.287,4.134,1.91%
9/29/2022,4.192,4.149,4.24,4.129,1.59%
9/28/2022,4.127,4.277,4.316,4.08,-3.74%
9/27/2022,4.287,4.33,4.337,4.203,-1.33%
9/26/2022,4.345,4.251,4.36,4.211,3.37%
9/23/2022,4.203,4.132,4.27,4.113,2.07%
9/22/2022,4.118,4.078,4.163,4.052,1.45%
9/21/2022,4.059,3.96,4.123,3.912,2.23%
9/20/2022,3.971,3.948,3.992,3.931,0.62%
9/19/2022,3.946,3.862,3.97,3.862,1.94%
9/16/2022,3.871,3.869,3.924,3.846,0.23%
9/15/2022,3.862,3.799,3.879,3.78,1.96%
9/14/2022,3.788,3.769,3.834,3.736,1.14%
9/13/2022,3.746,3.559,3.794,3.505,4.75%
9/12/2022,3.576,3.563,3.586,3.515,0.36%
9/9/2022,3.563,3.516,3.575,3.459,1.45%
9/8/2022,3.512,3.439,3.514,3.404,2.11%
9/7/2022,3.439,3.511,3.522,3.431,-1.94%
9/6/2022,3.507,3.437,3.515,3.424,2.11%
9/5/2022,3.435,3.441,3.441,3.435,1.15%
9/2/2022,3.395,3.514,3.52,3.387,-3.48%
9/1/2022,3.518,3.499,3.551,3.469,0.65%
8/31/2022,3.495,3.448,3.503,3.425,1.07%
8/30/2022,3.458,3.415,3.497,3.395,0.77%
8/29/2022,3.431,3.435,3.489,3.399,1.45%
8/26/2022,3.382,3.376,3.45,3.342,0.24%
8/25/2022,3.374,3.397,3.403,3.348,-0.84%
8/24/2022,3.403,3.325,3.407,3.28,3.06%
8/23/2022,3.302,3.312,3.35,3.232,-0.43%
8/22/2022,3.316,3.261,3.348,3.247,2.41%
8/19/2022,3.238,3.202,3.295,3.202,0.94%
8/18/2022,3.208,3.289,3.329,3.2,-2.35%
8/17/2022,3.285,3.272,3.375,3.258,0.52%
8/16/2022,3.268,3.18,3.274,3.17,2.29%
8/15/2022,3.195,3.257,3.278,3.176,-1.72%
8/12/2022,3.25,3.229,3.267,3.171,0.73%
8/11/2022,3.227,3.216,3.243,3.132,0.20%
8/10/2022,3.22,3.272,3.297,3.078,-1.45%
8/9/2022,3.268,3.205,3.288,3.187,1.81%
8/8/2022,3.209,3.25,3.269,3.191,-0.63%
8/5/2022,3.23,3.034,3.331,3.033,5.94%
8/4/2022,3.049,3.086,3.122,3.01,-0.66%
8/3/2022,3.069,3.061,3.2,3.012,0.20%
8/2/2022,3.063,2.874,3.086,2.819,6.12%
8/1/2022,2.886,2.917,2.935,2.874,-0.15%
7/29/2022,2.891,2.878,2.959,2.826,0.77%
7/28/2022,2.868,2.986,3.022,2.816,-3.87%
7/27/2022,2.984,3.055,3.108,2.961,-2.46%
7/26/2022,3.059,3.016,3.065,2.978,1.35%
7/25/2022,3.018,3.01,3.041,2.98,1.55%
7/22/2022,2.972,3.106,3.144,2.905,-3.99%
7/21/2022,3.095,3.231,3.276,3.081,-4.33%
7/20/2022,3.236,3.244,3.257,3.162,-0.19%
7/19/2022,3.242,3.177,3.246,3.137,2.25%
7/18/2022,3.17,3.124,3.193,3.112,1.27%
7/15/2022,3.131,3.132,3.187,3.058,0.08%
7/14/2022,3.128,3.175,3.269,3.109,-0.65%
7/13/2022,3.148,3.051,3.215,3.029,3.19%
7/12/2022,3.051,3.068,3.07,2.981,-0.60%
7/11/2022,3.07,3.125,3.132,3.012,-1.13%
7/8/2022,3.105,3.024,3.148,2.992,2.66%
7/7/2022,3.024,3,3.061,2.957,0.96%
7/6/2022,2.996,2.837,3.006,2.761,6.14%
7/5/2022,2.822,2.91,2.965,2.776,-3.01%
7/4/2022,2.91,2.916,2.924,2.91,2.51%
7/1/2022,2.839,2.984,2.986,2.729,-3.94%
6/30/2022,2.955,3.03,3.055,2.921,-2.87%
6/29/2022,3.043,3.112,3.138,3.04,-2.22%
6/28/2022,3.112,3.116,3.154,3.081,-0.65%
6/27/2022,3.132,3.072,3.155,3.055,2.24%
6/24/2022,3.063,3.017,3.091,2.951,1.69%
6/23/2022,3.012,3.054,3.099,2.876,-1.63%
6/22/2022,3.062,3.207,3.215,3.037,-4.13%
6/21/2022,3.194,3.246,3.257,3.175,-1.60%
6/20/2022,3.246,3.244,3.246,3.244,2.39%
6/17/2022,3.17,3.141,3.219,3.084,2.27%
6/16/2022,3.1,3.207,3.398,3.085,-3.43%
6/15/2022,3.21,3.401,3.441,3.193,-6.68%
6/14/2022,3.439,3.386,3.456,3.23,2.16%
6/13/2022,3.367,3.146,3.417,3.121,9.76%
6/10/2022,3.067,2.828,3.072,2.819,8.95%
6/9/2022,2.815,2.788,2.842,2.768,1.35%
6/8/2022,2.778,2.741,2.782,2.735,1.59%
6/7/2022,2.735,2.74,2.759,2.696,0.08%
6/6/2022,2.732,2.657,2.736,2.655,2.85%
6/3/2022,2.657,2.644,2.689,2.632,0.95%
6/2/2022,2.632,2.65,2.668,2.625,-0.61%
6/1/2022,2.648,2.575,2.676,2.561,3.32%
5/31/2022,2.563,2.566,2.589,2.524,-0.31%
5/30/2022,2.571,2.573,2.573,2.569,3.49%
5/27/2022,2.484,2.484,2.5,2.45,0.25%
5/26/2022,2.478,2.502,2.524,2.438,-0.97%
5/25/2022,2.502,2.514,2.538,2.468,0.86%
5/24/2022,2.481,2.618,2.631,2.464,-5.63%
5/23/2022,2.629,2.612,2.645,2.589,1.62%
5/20/2022,2.587,2.624,2.651,2.556,-0.94%
5/19/2022,2.612,2.659,2.686,2.58,-2.09%
5/18/2022,2.667,2.696,2.734,2.649,-1.60%
5/17/2022,2.711,2.578,2.715,2.568,5.31%
5/16/2022,2.574,2.603,2.619,2.543,-0.56%
5/13/2022,2.588,2.592,2.636,2.561,0.33%
5/12/2022,2.58,2.656,2.672,2.514,-2.56%
5/11/2022,2.647,2.614,2.858,2.573,1.58%
5/10/2022,2.606,2.608,2.643,2.553,0.32%
5/9/2022,2.598,2.743,2.757,2.575,-5.01%
5/6/2022,2.735,2.732,2.761,2.645,0.86%
5/5/2022,2.712,2.65,2.74,2.636,2.16%
5/4/2022,2.654,2.789,2.844,2.603,-4.67%
5/3/2022,2.784,2.731,2.786,2.701,1.95%
5/2/2022,2.731,2.745,2.751,2.691,0.00%
4/29/2022,2.731,2.613,2.757,2.613,3.86%
4/28/2022,2.629,2.591,2.68,2.553,1.48%
4/27/2022,2.591,2.538,2.609,2.506,4.41%
4/26/2022,2.481,2.624,2.672,2.481,-5.57%
4/25/2022,2.628,2.665,2.674,2.525,-1.86%
4/22/2022,2.678,2.722,2.789,2.671,0.14%
4/21/2022,2.674,2.577,2.73,2.575,3.83%
4/20/2022,2.575,2.61,2.629,2.546,-0.86%
4/19/2022,2.598,2.448,2.612,2.431,6.21%
4/18/2022,2.446,2.483,2.514,2.438,-0.41%
4/14/2022,2.456,2.371,2.479,2.301,3.87%
4/13/2022,2.365,2.401,2.447,2.274,-1.70%
4/12/2022,2.405,2.52,2.557,2.368,-3.77%
4/11/2022,2.5,2.542,2.594,2.483,-0.64%
4/8/2022,2.516,2.47,2.549,2.451,1.94%
4/7/2022,2.468,2.459,2.474,2.408,-0.64%
4/6/2022,2.484,2.538,2.602,2.447,-1.60%
4/5/2022,2.524,2.414,2.532,2.402,4.38%
4/4/2022,2.418,2.493,2.495,2.406,-1.80%
4/1/2022,2.463,2.343,2.471,2.343,5.48%
3/31/2022,2.335,2.298,2.339,2.268,0.96%
3/30/2022,2.312,2.365,2.377,2.294,-2.55%
3/29/2022,2.373,2.361,2.453,2.33,1.57%
3/28/2022,2.336,2.28,2.414,2.274,2.27%
3/25/2022,2.284,2.155,2.331,2.135,7.01%
3/24/2022,2.135,2.117,2.17,2.106,1.73%
3/23/2022,2.098,2.174,2.197,2.096,-3.14%
3/22/2022,2.166,2.122,2.202,2.122,2.30%
3/21/2022,2.117,1.96,2.136,1.96,9.02%
3/18/2022,1.942,1.916,1.969,1.893,1.38%
3/17/2022,1.916,1.94,1.965,1.889,-1.66%
3/16/2022,1.948,1.859,2.002,1.833,5.25%
3/15/2022,1.851,1.861,1.894,1.788,-0.75%
3/14/2022,1.865,1.787,1.867,1.779,6.82%
3/11/2022,1.746,1.706,1.762,1.672,2.56%
3/10/2022,1.702,1.682,1.735,1.65,1.59%
3/9/2022,1.676,1.615,1.688,1.593,4.68%
3/8/2022,1.601,1.554,1.641,1.552,2.86%
3/7/2022,1.556,1.426,1.564,1.422,4.46%
3/4/2022,1.49,1.552,1.554,1.412,-2.37%
3/3/2022,1.526,1.472,1.56,1.462,0.80%
3/2/2022,1.514,1.367,1.534,1.275,13.60%
3/1/2022,1.333,1.456,1.48,1.261,-7.21%
2/28/2022,1.436,1.488,1.512,1.414,-8.50%
2/25/2022,1.57,1.57,1.626,1.554,-0.51%
2/24/2022,1.578,1.58,1.59,1.46,-1.74%
2/23/2022,1.606,1.643,1.643,1.568,2.82%
2/22/2022,1.561,1.436,1.566,1.429,8.70%
2/21/2022,1.436,1.432,1.436,1.432,-2.25%
2/18/2022,1.47,1.454,1.507,1.438,-0.05%
2/17/2022,1.47,1.51,1.526,1.465,-3.71%
2/16/2022,1.527,1.573,1.597,1.496,-3.20%
2/15/2022,1.577,1.579,1.612,1.553,0.46%
2/14/2022,1.57,1.52,1.62,1.503,5.56%
2/11/2022,1.487,1.581,1.631,1.467,-7.56%
2/10/2022,1.609,1.364,1.64,1.339,17.77%
2/9/2022,1.366,1.344,1.372,1.316,1.55%
2/8/2022,1.345,1.298,1.347,1.298,3.95%
2/7/2022,1.294,1.322,1.33,1.288,-1.64%
2/4/2022,1.316,1.206,1.328,1.203,9.49%
2/3/2022,1.202,1.135,1.214,1.132,4.56%
2/2/2022,1.15,1.167,1.178,1.138,-1.68%
2/1/2022,1.169,1.185,1.211,1.137,-1.31%
1/31/2022,1.185,1.198,1.217,1.159,1.05%
1/28/2022,1.172,1.19,1.228,1.158,-1.34%
1/27/2022,1.188,1.164,1.208,1.156,2.75%
1/26/2022,1.156,1.027,1.164,1.012,12.57%
1/25/2022,1.027,1.01,1.039,0.986,5.80%
1/24/2022,0.971,1.024,1.04,0.938,-4.41%
1/21/2022,1.016,1.023,1.036,0.989,-1.08%
1/20/2022,1.027,1.063,1.07,1.023,-2.29%
1/19/2022,1.051,1.046,1.076,1.002,0.43%
1/18/2022,1.046,1.003,1.058,1.002,4.30%
1/17/2022,1.003,1.008,1.008,1.003,3.56%
1/14/2022,0.969,0.911,0.973,0.904,8.27%
1/13/2022,0.895,0.921,0.929,0.889,-3.03%
1/12/2022,0.923,0.891,0.925,0.881,3.87%
1/11/2022,0.888,0.904,0.945,0.885,-1.10%
1/10/2022,0.898,0.872,0.91,0.864,3.25%
1/7/2022,0.87,0.866,0.908,0.86,-0.40%
1/6/2022,0.874,0.826,0.886,0.82,5.30%
1/5/2022,0.83,0.764,0.834,0.756,9.17%
1/4/2022,0.76,0.77,0.8,0.752,-2.05%
1/3/2022,0.776,0.766,0.804,0.758,5.68%
12/31/2021,0.734,0.73,0.744,0.72,0.52%
12/30/2021,0.73,0.752,0.754,0.726,-2.89%
12/29/2021,0.752,0.748,0.764,0.736,-0.52%
12/28/2021,0.756,0.758,0.758,0.74,7.25%
12/27/2021,0.705,0.69,0.721,0.69,1.94%
12/23/2021,0.691,0.669,0.693,0.663,4.02%
12/22/2021,0.665,0.654,0.683,0.654,-0.57%
12/21/2021,0.669,0.632,0.679,0.624,5.14%
12/20/2021,0.636,0.623,0.638,0.587,-0.59%
12/17/2021,0.64,0.629,0.66,0.603,3.68%
12/16/2021,0.617,0.675,0.685,0.615,-7.25%
12/15/2021,0.665,0.659,0.722,0.649,1.26%
12/14/2021,0.657,0.645,0.667,0.639,3.86%
12/13/2021,0.632,0.666,0.677,0.632,-3.36%
12/10/2021,0.654,0.698,0.731,0.636,-5.39%
12/9/2021,0.692,0.683,0.697,0.67,0.90%
12/8/2021,0.686,0.689,0.714,0.668,-1.11%
12/7/2021,0.693,0.627,0.695,0.625,9.82%
12/6/2021,0.631,0.613,0.637,0.603,6.41%
12/3/2021,0.593,0.607,0.655,0.585,-3.48%
12/2/2021,0.615,0.567,0.63,0.565,11.48%
12/1/2021,0.551,0.599,0.622,0.547,-2.77%
11/30/2021,0.567,0.504,0.573,0.441,14.29%
11/29/2021,0.496,0.537,0.559,0.486,-2.30%
11/26/2021,0.508,0.618,0.62,0.488,-17.85%
11/25/2021,0.618,0.622,0.626,0.618,-3.98%
11/24/2021,0.644,0.612,0.656,0.587,4.80%
11/23/2021,0.614,0.632,0.687,0.606,3.68%
11/22/2021,0.592,0.525,0.594,0.519,15.52%
11/19/2021,0.513,0.504,0.517,0.446,2.13%
11/18/2021,0.502,0.504,0.512,0.49,0.84%
11/17/2021,0.498,0.528,0.532,0.496,-4.62%
11/16/2021,0.522,0.522,0.542,0.506,0.44%
11/15/2021,0.52,0.524,0.542,0.501,0.43%
11/12/2021,0.517,0.541,0.546,0.503,-4.33%
11/11/2021,0.541,0.545,0.545,0.541,4.24%
11/10/2021,0.519,0.425,0.523,0.425,22.76%
11/9/2021,0.423,0.445,0.449,0.407,-5.35%
11/8/2021,0.447,0.405,0.452,0.405,10.33%
11/5/2021,0.405,0.434,0.458,0.389,-5.07%
11/4/2021,0.426,0.468,0.478,0.391,-10.36%
11/3/2021,0.476,0.456,0.513,0.444,6.18%
11/2/2021,0.448,0.509,0.513,0.444,-10.60%
11/1/2021,0.501,0.525,0.527,0.497,0.00%
10/29/2021,0.501,0.469,0.554,0.468,2.43%
10/28/2021,0.489,0.503,0.564,0.469,-2.74%
10/27/2021,0.503,0.479,0.529,0.471,12.30%
10/26/2021,0.448,0.439,0.46,0.436,2.87%
10/25/2021,0.435,0.46,0.464,0.425,-5.27%
10/22/2021,0.46,0.454,0.492,0.441,1.55%
10/21/2021,0.452,0.393,0.456,0.389,16.80%
10/20/2021,0.387,0.405,0.415,0.373,-3.00%
10/19/2021,0.399,0.421,0.421,0.389,-5.20%
10/18/2021,0.421,0.413,0.448,0.405,6.69%
10/15/2021,0.395,0.364,0.403,0.359,8.43%
10/14/2021,0.364,0.364,0.368,0.342,1.17%
10/13/2021,0.36,0.34,0.394,0.338,5.29%
10/12/2021,0.342,0.356,0.36,0.336,-3.34%
10/11/2021,0.354,0.354,0.354,0.354,10.60%
10/8/2021,0.32,0.312,0.324,0.296,3.33%
10/7/2021,0.31,0.298,0.31,0.296,4.03%
10/6/2021,0.298,0.287,0.301,0.287,4.17%
10/5/2021,0.286,0.28,0.289,0.278,2.15%
10/4/2021,0.28,0.262,0.283,0.26,5.23%
10/1/2021,0.266,0.279,0.283,0.264,-5.58%
9/30/2021,0.281,0.293,0.301,0.278,-3.99%
9/29/2021,0.293,0.307,0.309,0.291,-3.87%
9/28/2021,0.305,0.309,0.321,0.301,8.93%
9/27/2021,0.28,0.276,0.29,0.268,3.09%
9/24/2021,0.271,0.265,0.276,0.253,4.10%
9/23/2021,0.261,0.241,0.263,0.241,8.53%
9/22/2021,0.24,0.218,0.246,0.216,10.28%
9/21/2021,0.218,0.216,0.222,0.208,0.97%
9/20/2021,0.216,0.226,0.234,0.214,-4.39%
9/17/2021,0.226,0.221,0.232,0.219,1.99%
9/16/2021,0.221,0.213,0.223,0.211,3.85%
9/15/2021,0.213,0.211,0.215,0.207,1.96%
9/14/2021,0.209,0.215,0.221,0.203,-1.83%
9/13/2021,0.213,0.219,0.223,0.211,-0.84%
9/10/2021,0.215,0.214,0.223,0.212,0.00%
9/9/2021,0.214,0.216,0.222,0.212,-1.74%
9/8/2021,0.218,0.222,0.222,0.214,-1.71%
9/7/2021,0.222,0.204,0.222,0.204,8.77%
9/6/2021,0.204,0.204,0.204,0.204,-1.92%
9/3/2021,0.208,0.208,0.212,0.196,-0.72%
9/2/2021,0.21,0.213,0.213,0.206,-0.85%
9/1/2021,0.211,0.213,0.217,0.204,0.00%
8/31/2021,0.211,0.201,0.211,0.197,3.94%
8/30/2021,0.203,0.217,0.219,0.201,-7.17%
8/27/2021,0.219,0.243,0.247,0.215,-9.73%
8/26/2021,0.243,0.243,0.248,0.233,0.83%
8/25/2021,0.241,0.248,0.25,0.241,7.27%
8/24/2021,0.224,0.228,0.236,0.224,-0.84%
8/23/2021,0.226,0.228,0.236,0.224,0.00%
8/20/2021,0.226,0.22,0.228,0.214,2.03%
8/19/2021,0.222,0.22,0.224,0.204,1.89%
8/18/2021,0.218,0.215,0.234,0.211,0.00%
8/17/2021,0.217,0.209,0.217,0.199,1.92%
8/16/2021,0.213,0.209,0.213,0.197,1.96%
8/13/2021,0.209,0.227,0.229,0.209,-6.94%
8/12/2021,0.225,0.221,0.229,0.217,1.86%
8/11/2021,0.221,0.242,0.247,0.215,-7.47%
8/10/2021,0.238,0.222,0.24,0.218,7.24%
8/9/2021,0.222,0.208,0.222,0.198,4.76%
8/6/2021,0.212,0.202,0.226,0.202,5.05%
8/5/2021,0.202,0.184,0.208,0.182,10.87%
8/4/2021,0.182,0.174,0.194,0.161,5.81%
8/3/2021,0.172,0.178,0.182,0.168,-1.15%
8/2/2021,0.174,0.184,0.186,0.17,-7.24%
7/30/2021,0.188,0.206,0.206,0.188,-7.71%
7/29/2021,0.204,0.201,0.217,0.2,0.00%
7/28/2021,0.204,0.207,0.229,0.2,-1.93%
7/27/2021,0.207,0.213,0.215,0.2,5.81%
7/26/2021,0.196,0.2,0.204,0.192,-2.00%
7/23/2021,0.2,0.22,0.22,0.194,-0.84%
7/22/2021,0.202,0.216,0.222,0.198,-3.81%
7/21/2021,0.21,0.202,0.21,0.196,4.07%
7/20/2021,0.202,0.218,0.22,0.188,-7.35%
7/19/2021,0.218,0.221,0.224,0.189,-4.35%
7/16/2021,0.228,0.227,0.246,0.221,0.00%
7/15/2021,0.227,0.227,0.233,0.217,0.93%
7/14/2021,0.225,0.255,0.259,0.223,-11.70%
7/13/2021,0.255,0.229,0.267,0.227,12.40%
7/12/2021,0.227,0.215,0.237,0.205,5.64%
7/9/2021,0.215,0.2,0.217,0.198,9.32%
7/8/2021,0.196,0.216,0.22,0.19,-10.00%
7/7/2021,0.218,0.22,0.228,0.214,-0.82%
7/6/2021,0.22,0.234,0.242,0.216,-5.86%
7/5/2021,0.234,0.234,0.234,0.234,-1.68%
7/2/2021,0.238,0.259,0.269,0.236,-6.71%
7/1/2021,0.255,0.252,0.257,0.251,0.87%
6/30/2021,0.252,0.254,0.255,0.245,0.00%
6/29/2021,0.252,0.256,0.262,0.25,-1.52%
6/28/2021,0.256,0.266,0.266,0.254,-4.40%
6/25/2021,0.268,0.272,0.274,0.258,-0.70%
6/24/2021,0.27,0.262,0.274,0.254,2.23%
6/23/2021,0.264,0.244,0.27,0.241,14.78%
6/22/2021,0.23,0.258,0.258,0.228,-10.22%
6/21/2021,0.256,0.266,0.279,0.248,1.67%
6/18/2021,0.252,0.217,0.284,0.208,18.19%
6/17/2021,0.213,0.215,0.217,0.199,2.94%
6/16/2021,0.207,0.167,0.213,0.159,25.58%
6/15/2021,0.165,0.161,0.167,0.157,2.48%
6/14/2021,0.161,0.153,0.163,0.151,8.05%
6/11/2021,0.149,0.149,0.153,0.145,1.43%
6/10/2021,0.147,0.157,0.165,0.145,-6.25%
6/9/2021,0.157,0.157,0.159,0.147,1.29%
6/8/2021,0.155,0.159,0.161,0.151,-1.28%
6/7/2021,0.157,0.153,0.157,0.151,5.38%
6/4/2021,0.149,0.158,0.164,0.145,-6.12%
6/3/2021,0.158,0.149,0.16,0.147,8.05%
6/2/2021,0.147,0.15,0.151,0.143,-1.35%
6/1/2021,0.149,0.143,0.15,0.143,2.77%
5/31/2021,0.145,0.147,0.147,0.145,2.84%
5/28/2021,0.141,0.147,0.152,0.139,-4.09%
5/27/2021,0.147,0.147,0.152,0.145,-1.28%
5/26/2021,0.148,0.148,0.15,0.143,2.20%
5/25/2021,0.145,0.155,0.155,0.143,-3.97%
5/24/2021,0.151,0.153,0.157,0.151,-2.58%
5/21/2021,0.155,0.149,0.157,0.147,5.50%
5/20/2021,0.147,0.157,0.159,0.147,-7.54%
5/19/2021,0.159,0.153,0.161,0.145,5.36%
5/18/2021,0.151,0.155,0.157,0.151,-2.58%
5/17/2021,0.155,0.149,0.157,0.143,4.09%
5/14/2021,0.149,0.159,0.159,0.149,-5.04%
5/13/2021,0.157,0.167,0.167,0.157,-5.94%
5/12/2021,0.167,0.163,0.175,0.155,3.73%
5/11/2021,0.161,0.155,0.163,0.151,3.88%
5/10/2021,0.155,0.149,0.157,0.143,5.45%
5/7/2021,0.147,0.155,0.161,0.135,-6.26%
5/6/2021,0.157,0.159,0.159,0.153,1.29%
5/5/2021,0.155,0.161,0.168,0.153,-4.80%
5/4/2021,0.162,0.164,0.168,0.159,0.00%
5/3/2021,0.162,0.164,0.176,0.158,0.00%
4/30/2021,0.162,0.164,0.168,0.162,-1.10%
4/29/2021,0.164,0.166,0.174,0.164,-1.20%
4/28/2021,0.166,0.178,0.184,0.164,-8.64%
4/27/2021,0.182,0.178,0.182,0.174,7.13%
4/26/2021,0.17,0.157,0.172,0.157,6.39%
4/23/2021,0.16,0.153,0.162,0.149,5.42%
4/22/2021,0.151,0.149,0.155,0.145,1.41%
4/21/2021,0.149,0.153,0.155,0.149,-2.61%
4/20/2021,0.153,0.163,0.165,0.151,-4.96%
4/19/2021,0.161,0.161,0.167,0.159,-1.23%
4/16/2021,0.163,0.161,0.167,0.159,1.37%
4/15/2021,0.161,0.165,0.165,0.155,-1.23%
4/14/2021,0.163,0.161,0.167,0.159,1.31%
4/13/2021,0.161,0.169,0.177,0.159,-4.68%
4/12/2021,0.169,0.163,0.173,0.153,6.30%
4/9/2021,0.159,0.151,0.163,0.151,5.31%
4/8/2021,0.151,0.155,0.155,0.147,-2.52%
4/7/2021,0.155,0.162,0.163,0.147,-4.80%
4/6/2021,0.162,0.168,0.172,0.159,-4.64%
4/5/2021,0.17,0.184,0.194,0.168,5.19%
4/2/2021,0.162,0.161,0.19,0.161,0.00%
4/1/2021,0.162,0.16,0.166,0.155,0.00%
3/31/2021,0.162,0.15,0.164,0.148,9.23%
3/30/2021,0.148,0.145,0.158,0.143,4.14%
3/29/2021,0.143,0.141,0.147,0.135,1.42%
3/26/2021,0.141,0.139,0.143,0.129,1.37%
3/25/2021,0.139,0.148,0.15,0.135,-7.78%
3/24/2021,0.15,0.15,0.152,0.143,2.10%
3/23/2021,0.147,0.149,0.151,0.143,-2.64%
3/22/2021,0.151,0.149,0.153,0.139,-1.24%
3/19/2021,0.153,0.161,0.169,0.137,-2.48%
3/18/2021,0.157,0.137,0.169,0.127,14.67%
3/17/2021,0.137,0.153,0.159,0.125,-9.27%
3/16/2021,0.151,0.151,0.157,0.147,-1.31%
3/15/2021,0.153,0.153,0.157,0.147,2.68%
3/12/2021,0.149,0.143,0.163,0.141,4.27%
3/11/2021,0.143,0.155,0.159,0.139,-7.69%
3/10/2021,0.155,0.159,0.171,0.153,-4.86%
3/9/2021,0.163,0.165,0.169,0.157,-1.15%
3/8/2021,0.165,0.147,0.167,0.145,16.90%
3/5/2021,0.141,0.149,0.155,0.133,-4.02%
3/4/2021,0.147,0.145,0.151,0.135,2.80%
3/3/2021,0.143,0.123,0.147,0.121,16.02%
3/2/2021,0.123,0.123,0.131,0.117,1.57%
3/1/2021,0.121,0.123,0.141,0.119,-6.05%
2/26/2021,0.129,0.176,0.182,0.123,-27.54%
2/25/2021,0.178,0.125,0.194,0.125,42.32%
2/24/2021,0.125,0.115,0.131,0.111,12.71%
2/23/2021,0.111,0.117,0.119,0.109,-3.48%
2/22/2021,0.115,0.111,0.115,0.107,5.61%
2/19/2021,0.109,0.109,0.111,0.107,0.00%
2/18/2021,0.109,0.107,0.113,0.105,0.00%
2/17/2021,0.109,0.121,0.125,0.107,-11.46%
2/16/2021,0.123,0.113,0.123,0.113,6.96%
2/15/2021,0.115,0.115,0.115,0.115,3.60%
2/12/2021,0.111,0.109,0.113,0.107,1.74%
2/11/2021,0.109,0.111,0.139,0.107,-1.80%
2/10/2021,0.111,0.117,0.119,0.109,-5.12%
2/9/2021,0.117,0.113,0.119,0.111,3.54%
2/8/2021,0.113,0.107,0.115,0.105,7.51%
2/5/2021,0.105,0.115,0.115,0.105,-7.07%
2/4/2021,0.113,0.119,0.121,0.113,-4.95%
2/3/2021,0.119,0.113,0.121,0.113,5.21%
2/2/2021,0.113,0.109,0.117,0.109,1.71%
2/1/2021,0.111,0.111,0.113,0.107,0.00%
1/29/2021,0.111,0.121,0.123,0.111,-8.09%
1/28/2021,0.121,0.123,0.123,0.117,1.68%
1/27/2021,0.119,0.123,0.123,0.115,-3.17%
1/26/2021,0.123,0.125,0.125,0.121,1.74%
1/25/2021,0.121,0.123,0.127,0.119,-3.28%
1/22/2021,0.125,0.125,0.127,0.121,0.00%
1/21/2021,0.125,0.129,0.133,0.123,-3.10%
1/20/2021,0.129,0.133,0.137,0.127,-3.01%
1/19/2021,0.133,0.137,0.143,0.131,-2.92%
1/18/2021,0.137,0.137,0.137,0.137,1.48%
1/15/2021,0.135,0.143,0.145,0.135,-6.90%
1/14/2021,0.145,0.147,0.153,0.141,0.00%
1/13/2021,0.145,0.145,0.153,0.143,-1.29%
1/12/2021,0.147,0.147,0.153,0.145,-1.34%
1/11/2021,0.149,0.137,0.149,0.129,8.77%
1/8/2021,0.137,0.141,0.149,0.133,-2.77%
1/7/2021,0.141,0.139,0.145,0.137,1.44%
1/6/2021,0.139,0.125,0.151,0.123,12.85%
1/5/2021,0.123,0.119,0.123,0.113,5.04%
1/4/2021,0.117,0.123,0.129,0.115,-4.80%
12/31/2020,0.123,0.125,0.129,0.121,-1.60%
12/30/2020,0.125,0.127,0.133,0.125,-3.03%
12/29/2020,0.129,0.129,0.131,0.125,4.80%
12/28/2020,0.123,0.123,0.133,0.119,0.00%
12/24/2020,0.123,0.123,0.123,0.119,1.65%
12/23/2020,0.121,0.117,0.127,0.117,1.77%
12/22/2020,0.119,0.123,0.123,0.117,-3.33%
12/21/2020,0.123,0.121,0.125,0.109,0.00%
12/18/2020,0.123,0.123,0.123,0.119,0.00%
12/17/2020,0.123,0.117,0.129,0.115,3.36%
12/16/2020,0.119,0.117,0.129,0.117,0.00%
12/15/2020,0.119,0.119,0.123,0.117,0.00%
12/14/2020,0.119,0.125,0.129,0.115,-1.65%
12/11/2020,0.121,0.139,0.139,0.117,-12.89%
12/10/2020,0.139,0.149,0.149,0.139,-7.89%
12/9/2020,0.151,0.157,0.159,0.151,0.00%
12/8/2020,0.151,0.145,0.153,0.141,4.14%
12/7/2020,0.145,0.153,0.155,0.143,-5.17%
12/4/2020,0.153,0.154,0.161,0.149,0.00%
12/3/2020,0.153,0.162,0.164,0.151,-5.98%
12/2/2020,0.162,0.166,0.168,0.16,-4.59%
12/1/2020,0.17,0.15,0.174,0.147,13.02%
11/30/2020,0.15,0.154,0.158,0.147,-2.53%
11/27/2020,0.154,0.154,0.156,0.154,-1.22%
11/26/2020,0.156,0.156,0.156,0.156,-3.64%
11/25/2020,0.162,0.166,0.166,0.156,-1.16%
11/24/2020,0.164,0.168,0.17,0.16,0.43%
11/23/2020,0.163,0.19,0.19,0.159,1.24%
11/20/2020,0.161,0.163,0.167,0.159,-3.47%
11/19/2020,0.167,0.171,0.175,0.165,-4.62%
11/18/2020,0.175,0.173,0.179,0.171,0.00%
11/17/2020,0.175,0.177,0.181,0.171,-2.18%
11/16/2020,0.179,0.183,0.183,0.173,-1.10%
11/13/2020,0.181,0.181,0.183,0.175,2.43%
11/12/2020,0.177,0.183,0.185,0.173,-5.30%
11/11/2020,0.187,0.187,0.187,0.187,1.08%
11/10/2020,0.185,0.175,0.185,0.171,5.78%
11/9/2020,0.175,0.155,0.189,0.149,12.86%
11/6/2020,0.155,0.147,0.159,0.147,4.03%
11/5/2020,0.149,0.147,0.157,0.143,0.00%
11/4/2020,0.149,0.176,0.178,0.143,-12.63%
11/3/2020,0.17,0.162,0.174,0.16,7.45%
11/2/2020,0.158,0.154,0.158,0.153,1.28%
10/30/2020,0.156,0.15,0.156,0.147,2.56%
10/29/2020,0.153,0.15,0.154,0.143,1.33%
10/28/2020,0.15,0.149,0.153,0.145,0.74%
10/27/2020,0.149,0.154,0.154,0.147,-1.32%
10/26/2020,0.151,0.155,0.155,0.147,-2.57%
10/23/2020,0.155,0.151,0.157,0.149,0.00%
10/22/2020,0.155,0.149,0.157,0.147,4.09%
10/21/2020,0.149,0.147,0.153,0.147,1.36%
10/20/2020,0.147,0.149,0.151,0.145,0.00%
10/19/2020,0.147,0.151,0.153,0.145,0.00%
10/16/2020,0.147,0.139,0.147,0.135,2.87%
10/15/2020,0.143,0.141,0.143,0.135,1.42%
10/14/2020,0.141,0.141,0.145,0.139,0.00%
10/13/2020,0.141,0.149,0.153,0.141,-10.20%
10/9/2020,0.157,0.147,0.157,0.147,5.44%
10/8/2020,0.149,0.153,0.155,0.147,-2.55%
10/7/2020,0.153,0.151,0.159,0.149,4.09%
10/6/2020,0.147,0.149,0.151,0.141,-1.34%
10/5/2020,0.149,0.133,0.151,0.129,11.89%
10/2/2020,0.133,0.129,0.137,0.123,3.10%
10/1/2020,0.129,0.131,0.139,0.127,-1.53%
9/30/2020,0.131,0.127,0.131,0.121,3.07%
9/29/2020,0.127,0.129,0.131,0.125,-1.47%
9/28/2020,0.129,0.133,0.135,0.127,-1.53%
9/25/2020,0.131,0.137,0.137,0.125,-4.24%
9/24/2020,0.137,0.141,0.141,0.135,-2.77%
9/23/2020,0.141,0.137,0.143,0.133,2.55%
9/22/2020,0.137,0.137,0.141,0.133,-1.44%
9/21/2020,0.139,0.149,0.149,0.133,-1.42%
9/18/2020,0.141,0.137,0.143,0.131,1.51%
9/17/2020,0.139,0.137,0.139,0.127,0.00%
9/16/2020,0.139,0.141,0.143,0.133,-1.42%
9/15/2020,0.141,0.139,0.143,0.137,2.92%
9/14/2020,0.137,0.133,0.139,0.129,6.20%
9/11/2020,0.129,0.141,0.143,0.129,-7.13%
9/10/2020,0.139,0.145,0.151,0.139,-5.38%
9/9/2020,0.147,0.141,0.149,0.139,2.73%
9/8/2020,0.143,0.141,0.145,0.135,1.49%
9/7/2020,0.141,0.141,0.141,0.141,-4.09%
9/4/2020,0.147,0.131,0.153,0.129,15.59%
9/3/2020,0.127,0.135,0.141,0.123,-5.79%
9/2/2020,0.135,0.131,0.141,0.131,1.51%
9/1/2020,0.133,0.135,0.141,0.131,0.00%
8/31/2020,0.133,0.131,0.137,0.129,0.00%
8/28/2020,0.133,0.16,0.164,0.129,-17.10%
8/27/2020,0.16,0.15,0.162,0.139,5.12%
8/26/2020,0.152,0.15,0.16,0.15,-0.65%
8/25/2020,0.153,0.157,0.17,0.149,-1.29%
8/24/2020,0.155,0.145,0.157,0.143,5.50%
8/21/2020,0.147,0.147,0.149,0.137,2.94%
8/20/2020,0.143,0.141,0.145,0.133,-1.38%
8/19/2020,0.145,0.141,0.147,0.139,0.00%
8/18/2020,0.145,0.155,0.155,0.143,-5.23%
8/17/2020,0.153,0.147,0.153,0.143,4.15%
8/14/2020,0.147,0.165,0.167,0.145,-10.86%
8/13/2020,0.165,0.159,0.167,0.155,2.49%
8/12/2020,0.161,0.147,0.163,0.147,5.23%
8/11/2020,0.153,0.133,0.161,0.131,16.81%
8/10/2020,0.131,0.127,0.133,0.119,1.47%
8/7/2020,0.129,0.117,0.131,0.113,10.16%
8/6/2020,0.117,0.119,0.119,0.109,-1.68%
8/5/2020,0.119,0.113,0.121,0.109,9.07%
8/4/2020,0.109,0.113,0.115,0.107,-3.53%
8/3/2020,0.113,0.107,0.115,0.107,3.57%
7/31/2020,0.109,0.119,0.121,0.107,-9.74%
7/30/2020,0.121,0.131,0.133,0.117,-8.81%
7/29/2020,0.133,0.143,0.147,0.127,-6.87%
7/28/2020,0.143,0.152,0.154,0.139,-7.10%
7/27/2020,0.154,0.149,0.16,0.141,2.74%
7/24/2020,0.149,0.157,0.166,0.145,-2.54%
7/23/2020,0.153,0.147,0.18,0.145,0.00%
7/22/2020,0.153,0.141,0.153,0.137,7.05%
7/21/2020,0.143,0.149,0.153,0.139,-4.02%
7/20/2020,0.149,0.147,0.151,0.141,4.26%
7/17/2020,0.143,0.147,0.151,0.139,-2.65%
7/16/2020,0.147,0.153,0.157,0.145,-6.37%
7/15/2020,0.157,0.161,0.163,0.149,-1.26%
7/14/2020,0.159,0.159,0.161,0.147,2.65%
7/13/2020,0.155,0.151,0.165,0.147,-1.27%
7/10/2020,0.157,0.155,0.157,0.135,2.68%
7/9/2020,0.153,0.161,0.165,0.145,-6.03%
7/8/2020,0.163,0.159,0.167,0.155,1.25%
7/7/2020,0.161,0.159,0.165,0.155,1.26%
7/6/2020,0.159,0.155,0.167,0.155,2.59%
7/2/2020,0.155,0.162,0.174,0.153,-5.85%
7/1/2020,0.164,0.152,0.168,0.15,6.35%
6/30/2020,0.154,0.15,0.156,0.145,1.31%
6/29/2020,0.152,0.164,0.17,0.15,-9.29%
6/26/2020,0.168,0.186,0.188,0.164,-10.45%
6/25/2020,0.188,0.19,0.19,0.178,0.00%
6/24/2020,0.188,0.192,0.197,0.186,-1.16%
6/23/2020,0.19,0.194,0.198,0.188,-3.01%
6/22/2020,0.196,0.188,0.196,0.182,3.22%
6/19/2020,0.19,0.195,0.2,0.182,-2.92%
6/18/2020,0.195,0.195,0.199,0.189,0.00%
6/17/2020,0.195,0.205,0.205,0.193,-0.96%
6/16/2020,0.197,0.199,0.205,0.187,2.12%
6/15/2020,0.193,0.183,0.197,0.177,-0.97%
6/12/2020,0.195,0.209,0.209,0.183,-2.84%
6/11/2020,0.201,0.173,0.207,0.169,16.16%
6/10/2020,0.173,0.208,0.21,0.171,-15.51%
6/9/2020,0.204,0.228,0.228,0.202,-11.17%
6/8/2020,0.23,0.21,0.232,0.204,9.52%
6/5/2020,0.21,0.194,0.238,0.188,6.16%
6/4/2020,0.198,0.198,0.204,0.184,3.13%
6/3/2020,0.192,0.168,0.202,0.166,15.39%
6/2/2020,0.166,0.158,0.172,0.156,3.74%
6/1/2020,0.16,0.156,0.172,0.154,-2.38%
5/29/2020,0.164,0.166,0.17,0.154,-5.63%
5/28/2020,0.174,0.186,0.188,0.17,-5.33%
5/27/2020,0.184,0.17,0.188,0.16,5.81%
5/26/2020,0.174,0.17,0.19,0.168,1.22%
5/25/2020,0.172,0.174,0.174,0.172,1.18%
5/22/2020,0.17,0.167,0.172,0.16,1.37%
5/21/2020,0.167,0.165,0.173,0.159,-1.18%
5/20/2020,0.169,0.167,0.177,0.155,1.26%
5/19/2020,0.167,0.175,0.183,0.165,-7.78%
5/18/2020,0.181,0.143,0.185,0.139,19.99%
5/15/2020,0.151,0.155,0.157,0.135,1.41%
5/14/2020,0.149,0.159,0.167,0.145,-9.64%
5/13/2020,0.165,0.163,0.171,0.143,-1.14%
5/12/2020,0.167,0.175,0.187,0.161,-5.66%
5/11/2020,0.177,0.163,0.183,0.141,9.95%
5/8/2020,0.161,0.135,0.163,0.105,15.85%
5/7/2020,0.139,0.176,0.186,0.129,-23.02%
5/6/2020,0.18,0.19,0.202,0.176,-5.16%
5/5/2020,0.19,0.186,0.21,0.18,3.26%
5/4/2020,0.184,0.204,0.204,0.178,-6.93%
5/1/2020,0.198,0.198,0.206,0.182,-1.79%
4/30/2020,0.201,0.196,0.203,0.176,-1.90%
4/29/2020,0.205,0.223,0.223,0.192,-4.56%
4/28/2020,0.215,0.227,0.229,0.197,-4.10%
4/27/2020,0.224,0.225,0.243,0.216,0.81%
4/24/2020,0.222,0.231,0.233,0.21,0.63%
4/23/2020,0.221,0.211,0.227,0.209,2.69%
4/22/2020,0.215,0.207,0.221,0.195,6.90%
4/21/2020,0.201,0.206,0.212,0.185,-2.09%
4/20/2020,0.206,0.206,0.212,0.194,1.88%
4/17/2020,0.202,0.229,0.239,0.192,-4.13%
4/16/2020,0.211,0.201,0.215,0.187,4.83%
4/15/2020,0.201,0.219,0.223,0.191,-9.10%
4/14/2020,0.221,0.249,0.259,0.219,-11.32%
4/13/2020,0.249,0.229,0.253,0.225,7.69%
4/9/2020,0.231,0.26,0.26,0.209,-9.61%
4/8/2020,0.256,0.266,0.288,0.24,-4.48%
4/7/2020,0.268,0.274,0.304,0.262,0.00%
4/6/2020,0.268,0.239,0.27,0.237,18.20%
4/3/2020,0.227,0.231,0.245,0.205,-0.26%
4/2/2020,0.228,0.202,0.235,0.202,-6.53%
4/1/2020,0.243,0.242,0.255,0.21,-3.95%
3/31/2020,0.253,0.226,0.259,0.206,10.17%
3/30/2020,0.23,0.244,0.275,0.22,-7.15%
3/27/2020,0.248,0.299,0.299,0.234,-17.05%
3/26/2020,0.299,0.326,0.332,0.261,-12.10%
3/25/2020,0.34,0.371,0.389,0.312,-10.96%
3/24/2020,0.382,0.32,0.412,0.293,19.11%
3/23/2020,0.32,0.297,0.338,0.234,-1.57%
3/20/2020,0.325,0.446,0.448,0.293,-29.06%
3/19/2020,0.459,0.498,0.557,0.339,-15.01%
3/18/2020,0.54,0.463,0.562,0.416,8.26%
3/17/2020,0.498,0.408,0.525,0.351,33.36%
3/16/2020,0.374,0.319,0.398,0.272,-26.45%
3/13/2020,0.508,0.495,0.544,0.428,7.88%
3/12/2020,0.471,0.535,0.535,0.36,-9.66%
3/11/2020,0.521,0.495,0.539,0.417,-4.50%
3/10/2020,0.546,0.456,0.55,0.393,33.68%
3/9/2020,0.408,0.301,0.432,0.251,-19.92%
3/6/2020,0.51,0.593,0.601,0.394,-15.15%
3/5/2020,0.601,0.697,0.697,0.554,-12.95%
3/4/2020,0.691,0.689,0.704,0.614,-1.50%
3/3/2020,0.701,0.907,0.911,0.628,-21.66%
3/2/2020,0.895,0.834,0.919,0.71,-3.85%
2/28/2020,0.931,1.079,1.081,0.852,-13.12%
2/27/2020,1.071,1.153,1.155,1.034,-8.01%
2/26/2020,1.165,1.214,1.222,1.135,-5.22%
2/25/2020,1.229,1.272,1.297,1.18,-1.66%
2/24/2020,1.25,1.356,1.356,1.243,-7.73%
2/21/2020,1.354,1.389,1.397,1.321,-2.65%
2/20/2020,1.391,1.434,1.438,1.379,-2.44%
2/19/2020,1.426,1.426,1.436,1.41,0.88%
2/18/2020,1.414,1.424,1.428,1.393,-0.86%
2/17/2020,1.426,1.426,1.426,1.426,-0.28%
2/14/2020,1.43,1.44,1.448,1.414,-1.10%
2/13/2020,1.446,1.423,1.448,1.393,0.00%
2/12/2020,1.446,1.434,1.45,1.426,1.42%
2/11/2020,1.426,1.395,1.426,1.395,2.92%
2/10/2020,1.385,1.385,1.417,1.369,-1.15%
2/7/2020,1.401,1.445,1.474,1.395,-3.32%
2/6/2020,1.449,1.441,1.471,1.431,0.42%
2/5/2020,1.443,1.417,1.463,1.385,1.99%
2/4/2020,1.415,1.351,1.427,1.351,4.27%
2/3/2020,1.357,1.321,1.383,1.319,2.87%
1/31/2020,1.319,1.409,1.423,1.317,-6.76%
1/30/2020,1.415,1.419,1.421,1.367,0.13%
1/29/2020,1.413,1.461,1.47,1.411,-3.79%
1/28/2020,1.469,1.433,1.469,1.401,1.48%
1/27/2020,1.447,1.449,1.464,1.429,-3.18%
1/24/2020,1.495,1.522,1.538,1.478,-1.26%
1/23/2020,1.514,1.526,1.526,1.487,-0.95%
1/22/2020,1.528,1.543,1.549,1.522,-0.27%
1/21/2020,1.533,1.559,1.563,1.524,-1.84%
1/20/2020,1.561,1.561,1.561,1.561,-0.26%
1/17/2020,1.565,1.564,1.58,1.551,0.00%
1/16/2020,1.566,1.564,1.578,1.554,0.38%
1/15/2020,1.56,1.568,1.578,1.554,-0.66%
1/14/2020,1.57,1.588,1.599,1.566,-1.15%
1/13/2020,1.588,1.564,1.592,1.564,1.16%
1/10/2020,1.57,1.581,1.592,1.56,-0.66%
1/9/2020,1.581,1.585,1.605,1.572,-0.26%
1/8/2020,1.585,1.49,1.587,1.452,3.00%
1/7/2020,1.538,1.547,1.556,1.532,-0.53%
1/6/2020,1.547,1.515,1.561,1.511,0.91%
1/3/2020,1.533,1.573,1.581,1.509,-2.44%
1/2/2020,1.571,1.575,1.611,1.545,0.00%
1/1/2020,1.571,1.571,1.571,1.571,0.00%
12/31/2019,1.571,1.593,1.593,1.559,0.00%
12/30/2019,1.571,1.583,1.609,1.569,-1.01%
12/27/2019,1.587,1.631,1.635,1.585,-2.92%
12/26/2019,1.635,1.633,1.649,1.625,0.25%
12/25/2019,1.631,1.633,1.633,1.631,0.12%
12/24/2019,1.629,1.663,1.671,1.623,-1.28%
12/23/2019,1.65,1.633,1.661,1.629,1.15%
12/20/2019,1.632,1.627,1.646,1.623,0.04%
12/19/2019,1.631,1.633,1.651,1.608,-0.24%
12/18/2019,1.635,1.628,1.649,1.618,0.63%
12/17/2019,1.625,1.628,1.635,1.62,-0.36%
12/16/2019,1.63,1.614,1.647,1.612,1.41%
12/13/2019,1.608,1.691,1.691,1.598,-3.39%
12/12/2019,1.664,1.617,1.697,1.585,3.03%
12/11/2019,1.615,1.652,1.658,1.607,-2.32%
12/10/2019,1.654,1.619,1.656,1.599,2.14%
12/9/2019,1.619,1.623,1.629,1.607,0.00%
12/6/2019,1.619,1.592,1.649,1.581,1.68%
12/5/2019,1.592,1.578,1.604,1.568,0.90%
12/4/2019,1.578,1.546,1.586,1.526,2.34%
12/3/2019,1.542,1.602,1.622,1.512,-3.87%
12/2/2019,1.604,1.622,1.648,1.602,-0.48%
11/29/2019,1.612,1.632,1.636,1.602,-0.99%
11/28/2019,1.628,1.628,1.628,1.628,0.12%
11/27/2019,1.626,1.592,1.63,1.584,2.26%
11/26/2019,1.59,1.604,1.616,1.576,-1.33%
11/25/2019,1.611,1.63,1.648,1.611,-0.88%
11/22/2019,1.626,1.602,1.634,1.589,1.05%
11/21/2019,1.609,1.569,1.611,1.547,1.70%
11/20/2019,1.582,1.586,1.594,1.565,-1.15%
11/19/2019,1.6,1.6,1.621,1.588,0.00%
11/18/2019,1.6,1.608,1.631,1.584,-0.87%
11/15/2019,1.614,1.604,1.625,1.592,1.43%
11/14/2019,1.591,1.642,1.648,1.577,-3.33%
11/13/2019,1.646,1.66,1.671,1.622,-0.97%
11/12/2019,1.662,1.672,1.695,1.648,-0.83%
11/11/2019,1.676,1.674,1.676,1.674,-0.24%
11/8/2019,1.68,1.675,1.699,1.638,0.05%
11/7/2019,1.679,1.605,1.71,1.599,4.14%
11/6/2019,1.613,1.627,1.629,1.592,-0.61%
11/5/2019,1.622,1.602,1.651,1.586,2.16%
11/4/2019,1.588,1.552,1.6,1.552,2.20%
11/1/2019,1.554,1.526,1.582,1.514,1.84%
10/31/2019,1.526,1.606,1.628,1.518,-4.73%
10/30/2019,1.602,1.645,1.673,1.598,-2.43%
10/29/2019,1.641,1.651,1.666,1.626,-0.36%
10/28/2019,1.648,1.63,1.668,1.624,1.47%
10/25/2019,1.624,1.574,1.643,1.57,2.65%
10/24/2019,1.582,1.576,1.602,1.556,-0.38%
10/23/2019,1.588,1.58,1.59,1.55,-0.81%
10/22/2019,1.601,1.623,1.633,1.59,-1.51%
10/21/2019,1.625,1.563,1.627,1.563,3.00%
10/18/2019,1.578,1.6,1.615,1.555,-1.26%
10/17/2019,1.598,1.575,1.643,1.565,0.52%
10/16/2019,1.59,1.616,1.62,1.567,-2.12%
10/15/2019,1.624,1.593,1.63,1.535,1.80%
10/14/2019,1.595,1.595,1.595,1.595,-0.13%
10/11/2019,1.597,1.544,1.636,1.518,3.30%
10/10/2019,1.546,1.433,1.548,1.425,5.22%
10/9/2019,1.47,1.413,1.48,1.409,2.96%
10/8/2019,1.428,1.466,1.496,1.409,-2.75%
10/7/2019,1.468,1.384,1.472,1.378,4.43%
10/4/2019,1.406,1.392,1.434,1.376,0.97%
10/3/2019,1.392,1.472,1.48,1.368,-6.19%
10/2/2019,1.484,1.542,1.564,1.468,-3.76%
10/1/2019,1.542,1.624,1.68,1.534,-5.15%
9/30/2019,1.626,1.628,1.658,1.618,-0.72%
9/27/2019,1.638,1.658,1.684,1.622,-1.33%
9/26/2019,1.66,1.671,1.688,1.633,-1.31%
9/25/2019,1.681,1.616,1.689,1.604,3.31%
9/24/2019,1.628,1.677,1.688,1.603,-3.30%
9/23/2019,1.683,1.706,1.722,1.632,-0.23%
9/20/2019,1.687,1.74,1.755,1.681,-3.25%
9/19/2019,1.744,1.76,1.776,1.721,-1.15%
9/18/2019,1.764,1.727,1.778,1.67,1.91%
9/17/2019,1.731,1.763,1.765,1.721,-1.50%
9/16/2019,1.757,1.809,1.809,1.745,-2.59%
9/13/2019,1.804,1.721,1.808,1.713,4.56%
9/12/2019,1.725,1.697,1.729,1.63,2.93%
9/11/2019,1.676,1.676,1.686,1.654,-0.71%
9/10/2019,1.688,1.599,1.688,1.583,5.86%
9/9/2019,1.595,1.54,1.597,1.532,3.54%
9/6/2019,1.54,1.536,1.589,1.512,0.40%
9/5/2019,1.534,1.436,1.576,1.436,6.84%
9/4/2019,1.436,1.446,1.474,1.428,-1.24%
9/3/2019,1.454,1.51,1.528,1.436,-3.58%
9/2/2019,1.508,1.514,1.514,1.508,-0.13%
8/30/2019,1.51,1.524,1.55,1.502,-1.05%
8/29/2019,1.526,1.494,1.54,1.488,1.73%
8/28/2019,1.5,1.52,1.528,1.49,-1.60%
8/27/2019,1.524,1.533,1.555,1.514,-1.22%
8/26/2019,1.543,1.465,1.56,1.449,0.79%
8/23/2019,1.531,1.608,1.642,1.505,-5.02%
8/22/2019,1.612,1.573,1.618,1.542,2.33%
8/21/2019,1.575,1.516,1.577,1.516,4.31%
8/20/2019,1.51,1.531,1.535,1.488,-2.77%
8/19/2019,1.553,1.488,1.553,1.485,4.50%
8/16/2019,1.487,1.502,1.531,1.474,0.89%
8/15/2019,1.473,1.583,1.591,1.467,-6.82%
8/14/2019,1.581,1.663,1.664,1.563,-5.35%
8/13/2019,1.671,1.59,1.677,1.561,5.90%
8/12/2019,1.578,1.685,1.685,1.571,-4.31%
8/9/2019,1.649,1.595,1.653,1.588,1.97%
8/8/2019,1.617,1.591,1.651,1.587,0.87%
8/7/2019,1.603,1.579,1.613,1.505,0.36%
8/6/2019,1.597,1.531,1.627,1.529,1.13%
8/5/2019,1.579,1.716,1.72,1.571,-7.63%
8/2/2019,1.71,1.732,1.766,1.694,-2.30%
8/1/2019,1.75,1.882,1.904,1.694,-6.32%
7/31/2019,1.868,1.844,1.968,1.808,1.09%
7/30/2019,1.848,1.854,1.864,1.836,-0.43%
7/29/2019,1.856,1.852,1.862,1.838,-0.22%
7/26/2019,1.86,1.866,1.892,1.852,-0.43%
7/25/2019,1.868,1.814,1.872,1.8,2.53%
7/24/2019,1.822,1.832,1.834,1.798,-0.84%
7/23/2019,1.837,1.819,1.846,1.816,1.15%
7/22/2019,1.816,1.833,1.841,1.802,-0.43%
7/19/2019,1.824,1.791,1.837,1.781,3.90%
7/18/2019,1.756,1.819,1.844,1.752,-3.05%
7/17/2019,1.811,1.854,1.862,1.811,-2.31%
7/16/2019,1.854,1.833,1.877,1.825,1.02%
7/15/2019,1.835,1.874,1.874,1.829,-0.54%
7/12/2019,1.845,1.859,1.876,1.837,-1.26%
7/11/2019,1.869,1.822,1.873,1.795,2.24%
7/10/2019,1.828,1.907,1.934,1.822,-4.75%
7/9/2019,1.919,1.882,1.923,1.872,1.63%
7/8/2019,1.888,1.875,1.894,1.835,1.10%
7/5/2019,1.867,1.756,1.888,1.747,6.01%
7/4/2019,1.762,1.758,1.762,1.758,-0.11%
7/3/2019,1.764,1.757,1.768,1.729,0.00%
7/2/2019,1.763,1.775,1.783,1.751,-1.56%
7/1/2019,1.791,1.803,1.805,1.753,1.95%
6/28/2019,1.757,1.747,1.763,1.735,0.57%
6/27/2019,1.747,1.771,1.809,1.739,-1.58%
6/26/2019,1.775,1.723,1.783,1.723,2.25%
6/25/2019,1.736,1.732,1.761,1.703,0.09%
6/24/2019,1.734,1.776,1.782,1.722,-2.12%
6/21/2019,1.772,1.765,1.813,1.751,-0.20%
6/20/2019,1.775,1.735,1.8,1.696,1.96%
6/19/2019,1.741,1.872,1.905,1.737,-6.60%
6/18/2019,1.864,1.869,1.877,1.805,-0.34%
6/17/2019,1.871,1.855,1.883,1.848,1.41%
6/14/2019,1.845,1.826,1.879,1.798,0.60%
6/13/2019,1.834,1.889,1.891,1.817,-2.61%
6/12/2019,1.883,1.919,1.928,1.87,-2.44%
6/11/2019,1.93,1.895,1.942,1.891,1.16%
6/10/2019,1.908,1.9,1.908,1.867,3.04%
6/7/2019,1.851,1.883,1.894,1.775,-1.45%
6/6/2019,1.879,1.849,1.897,1.816,1.39%
6/5/2019,1.853,1.889,1.889,1.773,-1.41%
6/4/2019,1.879,1.834,1.926,1.834,2.16%
6/3/2019,1.84,1.916,1.922,1.812,-4.39%
5/31/2019,1.924,2.027,2.033,1.916,-6.91%
5/30/2019,2.067,2.109,2.129,2.057,-1.99%
5/29/2019,2.109,2.119,2.119,2.055,-0.93%
5/28/2019,2.129,2.17,2.179,2.124,-2.02%
5/27/2019,2.172,2.172,2.172,2.172,0.19%
5/24/2019,2.168,2.154,2.175,2.148,0.84%
5/23/2019,2.15,2.227,2.227,2.121,-3.44%
5/22/2019,2.227,2.252,2.254,2.221,-1.38%
5/21/2019,2.258,2.221,2.262,2.219,1.58%
5/20/2019,2.223,2.213,2.233,2.196,1.03%
5/17/2019,2.2,2.196,2.217,2.161,0.27%
5/16/2019,2.194,2.162,2.211,2.149,1.42%
5/15/2019,2.164,2.197,2.209,2.139,-1.59%
5/14/2019,2.198,2.182,2.209,2.176,0.37%
5/13/2019,2.191,2.231,2.237,2.174,-3.60%
5/10/2019,2.272,2.266,2.282,2.229,0.27%
5/9/2019,2.266,2.293,2.295,2.231,-1.50%
5/8/2019,2.301,2.288,2.307,2.254,0.80%
5/7/2019,2.282,2.288,2.315,2.272,-1.14%
5/6/2019,2.309,2.295,2.313,2.286,-1.13%
5/3/2019,2.335,2.365,2.382,2.317,-0.50%
5/2/2019,2.347,2.335,2.349,2.319,1.66%
5/1/2019,2.308,2.268,2.316,2.206,1.87%
4/30/2019,2.266,2.28,2.31,2.262,-1.23%
4/29/2019,2.294,2.282,2.31,2.282,0.35%
4/26/2019,2.286,2.324,2.34,2.276,-1.96%
4/25/2019,2.332,2.32,2.334,2.308,0.52%
4/24/2019,2.32,2.366,2.366,2.31,-1.87%
4/23/2019,2.364,2.389,2.395,2.358,-0.95%
4/22/2019,2.387,2.374,2.391,2.372,0.27%
4/18/2019,2.38,2.398,2.403,2.37,-1.00%
4/17/2019,2.404,2.412,2.429,2.394,-0.42%
4/16/2019,2.414,2.394,2.417,2.386,0.87%
4/15/2019,2.394,2.393,2.408,2.387,0.00%
4/12/2019,2.393,2.356,2.4,2.35,1.50%
4/11/2019,2.358,2.327,2.36,2.321,1.59%
4/10/2019,2.321,2.348,2.35,2.311,-1.21%
4/9/2019,2.35,2.356,2.364,2.329,-0.42%
4/8/2019,2.36,2.343,2.364,2.325,0.70%
4/5/2019,2.343,2.339,2.39,2.333,0.19%
4/4/2019,2.339,2.333,2.343,2.311,-0.08%
4/3/2019,2.341,2.3,2.343,2.298,1.67%
4/2/2019,2.302,2.326,2.326,2.294,-1.47%
4/1/2019,2.337,2.288,2.339,2.274,3.12%
3/29/2019,2.266,2.242,2.29,2.234,1.53%
3/28/2019,2.232,2.2,2.252,2.18,0.99%
3/27/2019,2.21,2.242,2.25,2.162,-2.66%
3/26/2019,2.27,2.258,2.302,2.247,0.91%
3/25/2019,2.25,2.325,2.339,2.223,-2.97%
3/22/2019,2.319,2.406,2.408,2.302,-3.80%
3/21/2019,2.41,2.398,2.415,2.375,0.51%
3/20/2019,2.398,2.473,2.473,2.384,-3.10%
3/19/2019,2.475,2.454,2.475,2.442,0.84%
3/18/2019,2.454,2.442,2.46,2.431,0.50%
3/15/2019,2.442,2.465,2.471,2.43,-0.84%
3/14/2019,2.463,2.467,2.477,2.45,-0.17%
3/13/2019,2.467,2.461,2.471,2.448,0.58%
3/12/2019,2.453,2.494,2.506,2.447,-1.08%
3/11/2019,2.479,2.465,2.485,2.459,0.49%
3/8/2019,2.467,2.48,2.481,2.438,-0.34%
3/7/2019,2.475,2.514,2.518,2.469,-1.62%
3/6/2019,2.516,2.545,2.549,2.508,-1.20%
3/5/2019,2.547,2.545,2.567,2.543,0.16%
3/4/2019,2.543,2.567,2.567,2.534,-0.56%
3/1/2019,2.557,2.516,2.563,2.514,1.53%
2/28/2019,2.518,2.49,2.534,2.478,0.73%
2/27/2019,2.5,2.482,2.516,2.474,0.65%
2/26/2019,2.484,2.498,2.5,2.48,-1.04%
2/25/2019,2.51,2.506,2.518,2.497,0.50%
2/22/2019,2.497,2.529,2.529,2.479,-1.32%
2/21/2019,2.531,2.497,2.535,2.497,1.16%
2/20/2019,2.502,2.493,2.506,2.481,0.41%
2/19/2019,2.491,2.518,2.522,2.489,-1.07%
2/18/2019,2.518,2.516,2.518,2.516,0.00%
2/15/2019,2.518,2.502,2.522,2.491,0.91%
2/14/2019,2.496,2.53,2.541,2.481,-1.62%
2/13/2019,2.537,2.514,2.543,2.51,1.31%
2/12/2019,2.504,2.485,2.514,2.485,0.66%
2/11/2019,2.487,2.457,2.5,2.457,0.83%
2/8/2019,2.467,2.486,2.486,2.449,-0.66%
2/7/2019,2.484,2.526,2.526,2.477,-1.77%
2/6/2019,2.528,2.528,2.53,2.502,0.00%
2/5/2019,2.528,2.536,2.549,2.514,-0.40%
2/4/2019,2.538,2.516,2.54,2.506,1.29%
2/1/2019,2.506,2.468,2.524,2.459,1.72%
1/31/2019,2.464,2.512,2.516,2.452,-1.85%
1/30/2019,2.51,2.579,2.591,2.504,-2.43%
1/29/2019,2.573,2.603,2.603,2.565,-0.74%
1/28/2019,2.592,2.608,2.617,2.581,-0.72%
1/25/2019,2.611,2.572,2.611,2.57,1.72%
1/24/2019,2.566,2.583,2.589,2.552,-0.88%
1/23/2019,2.589,2.585,2.61,2.57,0.00%
1/22/2019,2.589,2.601,2.603,2.568,-0.48%
1/21/2019,2.601,2.601,2.601,2.601,-0.55%
1/18/2019,2.616,2.564,2.622,2.562,1.79%
1/17/2019,2.57,2.541,2.58,2.52,0.98%
1/16/2019,2.545,2.537,2.566,2.531,0.41%
1/15/2019,2.535,2.535,2.551,2.512,-0.16%
1/14/2019,2.539,2.543,2.543,2.508,-0.16%
1/11/2019,2.543,2.567,2.573,2.529,-1.27%
1/10/2019,2.576,2.553,2.58,2.512,0.80%
1/9/2019,2.555,2.59,2.6,2.545,-1.26%
1/8/2019,2.588,2.541,2.594,2.532,1.85%
1/7/2019,2.541,2.502,2.545,2.471,1.71%
1/4/2019,2.498,2.391,2.504,2.379,5.01%
1/3/2019,2.379,2.464,2.508,2.372,-4.00%
1/2/2019,2.478,2.53,2.53,2.472,-0.73%
1/1/2019,2.496,2.496,2.496,2.496,0.00%
12/31/2018,2.496,2.587,2.587,2.488,-0.89%
12/28/2018,2.518,2.569,2.585,2.516,-1.88%
12/27/2018,2.566,2.619,2.619,2.544,-2.08%
12/26/2018,2.621,2.575,2.627,2.54,1.65%
12/25/2018,2.579,2.583,2.583,2.579,0.67%
12/24/2018,2.561,2.645,2.645,2.547,-2.79%
12/21/2018,2.635,2.668,2.685,2.633,-1.34%
12/20/2018,2.671,2.656,2.677,2.646,0.93%
12/19/2018,2.646,2.642,2.694,2.621,-0.16%
12/18/2018,2.65,2.698,2.698,2.646,-1.69%
12/17/2018,2.696,2.739,2.743,2.685,-1.52%
12/14/2018,2.737,2.764,2.764,2.717,-0.90%
12/13/2018,2.762,2.774,2.774,2.754,-0.45%
12/12/2018,2.774,2.77,2.789,2.76,0.30%
12/11/2018,2.766,2.725,2.78,2.719,1.20%
12/10/2018,2.733,2.699,2.735,2.684,0.53%
12/7/2018,2.719,2.77,2.778,2.709,-1.56%
12/6/2018,2.762,2.807,2.813,2.693,-1.60%
12/5/2018,2.807,2.803,2.807,2.803,0.29%
12/4/2018,2.799,2.825,2.839,2.789,-0.79%
12/3/2018,2.821,2.831,2.845,2.813,0.87%
11/30/2018,2.797,2.809,2.821,2.789,-0.43%
11/29/2018,2.809,2.803,2.815,2.772,-0.14%
11/28/2018,2.813,2.835,2.843,2.796,-0.79%
11/27/2018,2.835,2.831,2.843,2.819,-0.05%
11/26/2018,2.836,2.812,2.845,2.812,0.74%
11/23/2018,2.816,2.816,2.824,2.799,0.00%
11/22/2018,2.816,2.816,2.816,2.816,0.00%
11/21/2018,2.816,2.812,2.829,2.803,0.29%
11/20/2018,2.808,2.796,2.808,2.779,0.59%
11/19/2018,2.791,2.8,2.829,2.775,-0.60%
11/16/2018,2.808,2.862,2.87,2.804,-1.75%
11/15/2018,2.858,2.871,2.879,2.829,-0.29%
11/14/2018,2.866,2.899,2.908,2.837,-1.00%
11/13/2018,2.895,2.891,2.912,2.887,0.00%
11/12/2018,2.895,2.895,2.895,2.895,-1.12%
11/9/2018,2.928,2.965,2.97,2.924,-1.51%
11/8/2018,2.973,2.957,2.977,2.944,0.28%
11/7/2018,2.965,2.928,2.969,2.912,0.98%
11/6/2018,2.936,2.92,2.936,2.899,0.84%
11/5/2018,2.912,2.908,2.916,2.891,0.00%
11/2/2018,2.911,2.859,2.92,2.851,2.28%
11/1/2018,2.846,2.875,2.879,2.846,-0.85%
10/31/2018,2.871,2.863,2.887,2.859,0.71%
10/30/2018,2.851,2.822,2.859,2.822,1.00%
10/29/2018,2.822,2.818,2.839,2.798,0.43%
10/26/2018,2.81,2.839,2.843,2.782,-1.56%
10/25/2018,2.855,2.835,2.871,2.83,0.43%
10/24/2018,2.843,2.895,2.895,2.826,-1.41%
10/23/2018,2.883,2.908,2.908,2.854,-1.00%
10/22/2018,2.912,2.904,2.917,2.9,0.15%
10/19/2018,2.908,2.882,2.916,2.875,1.18%
10/18/2018,2.874,2.891,2.912,2.862,-0.71%
10/17/2018,2.895,2.874,2.899,2.862,0.87%
10/16/2018,2.87,2.857,2.874,2.857,0.44%
10/15/2018,2.857,2.861,2.861,2.841,-0.14%
10/12/2018,2.861,2.857,2.878,2.832,0.45%
10/11/2018,2.848,2.836,2.873,2.828,-0.14%
10/10/2018,2.852,2.889,2.906,2.844,-1.27%
10/9/2018,2.889,2.877,2.893,2.873,0.57%
10/8/2018,2.873,2.881,2.881,2.873,-0.57%
10/5/2018,2.889,2.872,2.901,2.872,0.59%
10/4/2018,2.872,2.88,2.905,2.872,-0.14%
10/3/2018,2.876,2.811,2.876,2.807,2.17%
10/2/2018,2.815,2.823,2.827,2.799,-0.28%
10/1/2018,2.823,2.827,2.839,2.819,0.00%
9/28/2018,2.823,2.827,2.831,2.811,-0.29%
9/27/2018,2.831,2.823,2.839,2.807,0.43%
9/26/2018,2.819,2.835,2.843,2.819,-0.86%
9/25/2018,2.843,2.831,2.847,2.831,0.78%
9/24/2018,2.821,2.842,2.842,2.8,0.61%
9/21/2018,2.804,2.808,2.825,2.804,-0.12%
9/20/2018,2.808,2.791,2.82,2.791,0.45%
9/19/2018,2.795,2.803,2.816,2.795,-0.43%
9/18/2018,2.807,2.77,2.811,2.77,0.90%
9/17/2018,2.782,2.799,2.799,2.774,-0.14%
9/14/2018,2.786,2.752,2.786,2.752,0.92%
9/13/2018,2.761,2.756,2.773,2.736,0.31%
9/12/2018,2.752,2.748,2.752,2.736,0.15%
9/11/2018,2.748,2.719,2.752,2.715,1.22%
9/10/2018,2.715,2.707,2.715,2.698,0.31%
9/7/2018,2.707,2.645,2.711,2.641,2.48%
9/6/2018,2.641,2.653,2.657,2.633,-0.46%
9/5/2018,2.653,2.657,2.665,2.645,0.00%
9/4/2018,2.653,2.629,2.661,2.629,0.77%
9/3/2018,2.633,2.637,2.637,2.633,0.15%
8/31/2018,2.629,2.653,2.657,2.629,-0.92%
8/30/2018,2.653,2.673,2.678,2.649,-1.05%
8/29/2018,2.681,2.665,2.681,2.657,0.45%
8/28/2018,2.669,2.661,2.673,2.649,0.91%
8/27/2018,2.645,2.629,2.65,2.624,0.80%
8/24/2018,2.624,2.625,2.641,2.62,0.16%
8/23/2018,2.62,2.599,2.62,2.595,0.96%
8/22/2018,2.595,2.591,2.608,2.587,-0.48%
8/21/2018,2.608,2.591,2.612,2.587,0.80%
8/20/2018,2.587,2.612,2.616,2.587,-0.95%
8/17/2018,2.612,2.621,2.625,2.604,-0.32%
8/16/2018,2.621,2.612,2.633,2.608,0.31%
8/15/2018,2.612,2.637,2.637,2.592,-1.09%
8/14/2018,2.641,2.621,2.641,2.621,1.10%
8/13/2018,2.612,2.604,2.625,2.588,0.16%
8/10/2018,2.608,2.649,2.658,2.596,-1.55%
8/9/2018,2.649,2.67,2.674,2.649,-0.92%
8/8/2018,2.674,2.678,2.678,2.662,0.00%
8/7/2018,2.674,2.657,2.678,2.653,0.92%
8/6/2018,2.649,2.657,2.657,2.641,0.16%
8/3/2018,2.645,2.678,2.678,2.645,-0.76%
8/2/2018,2.665,2.678,2.682,2.661,-0.60%
8/1/2018,2.682,2.669,2.686,2.669,0.30%
7/31/2018,2.674,2.669,2.678,2.649,0.30%
7/30/2018,2.665,2.673,2.686,2.665,-0.45%
7/27/2018,2.678,2.686,2.69,2.673,-0.45%
7/26/2018,2.69,2.669,2.69,2.661,0.61%
7/25/2018,2.673,2.645,2.678,2.645,1.37%
7/24/2018,2.637,2.629,2.646,2.621,0.16%
7/23/2018,2.633,2.595,2.637,2.587,1.45%
7/20/2018,2.595,2.607,2.607,2.587,0.17%
7/19/2018,2.591,2.62,2.632,2.582,-0.94%
7/18/2018,2.615,2.624,2.624,2.607,0.00%
7/17/2018,2.615,2.599,2.619,2.595,0.64%
7/16/2018,2.599,2.59,2.611,2.586,0.65%
7/13/2018,2.582,2.594,2.599,2.578,-0.31%
7/12/2018,2.59,2.586,2.602,2.582,0.64%
7/11/2018,2.573,2.565,2.594,2.549,-0.47%
7/10/2018,2.586,2.565,2.594,2.561,0.96%
7/9/2018,2.561,2.545,2.569,2.545,0.81%
7/6/2018,2.541,2.545,2.561,2.528,-0.63%
7/5/2018,2.557,2.536,2.565,2.536,0.64%
7/4/2018,2.54,2.54,2.54,2.54,0.32%
7/3/2018,2.532,2.557,2.561,2.528,-0.79%
7/2/2018,2.553,2.524,2.557,2.508,0.80%
6/29/2018,2.532,2.512,2.536,2.512,0.64%
6/28/2018,2.516,2.5,2.524,2.496,0.32%
6/27/2018,2.508,2.544,2.544,2.504,-0.98%
6/26/2018,2.533,2.533,2.55,2.525,-0.17%
6/25/2018,2.537,2.545,2.55,2.525,-0.33%
6/22/2018,2.545,2.554,2.562,2.537,0.17%
6/21/2018,2.541,2.57,2.574,2.537,-0.97%
6/20/2018,2.566,2.553,2.57,2.533,0.65%
6/19/2018,2.549,2.529,2.549,2.496,-0.16%
6/18/2018,2.553,2.545,2.557,2.537,0.00%
6/15/2018,2.553,2.566,2.57,2.541,-0.63%
6/14/2018,2.57,2.578,2.582,2.549,-0.16%
6/13/2018,2.574,2.545,2.602,2.537,1.14%
6/12/2018,2.545,2.52,2.549,2.516,0.81%
6/11/2018,2.524,2.512,2.533,2.508,0.98%
6/8/2018,2.5,2.5,2.512,2.463,0.33%
6/7/2018,2.492,2.524,2.532,2.451,-1.13%
6/6/2018,2.52,2.5,2.524,2.496,0.98%
6/5/2018,2.496,2.512,2.516,2.476,-0.97%
6/4/2018,2.52,2.484,2.52,2.48,1.97%
6/1/2018,2.472,2.431,2.492,2.427,1.48%
5/31/2018,2.435,2.407,2.447,2.403,0.83%
5/30/2018,2.415,2.299,2.424,2.299,3.44%
5/29/2018,2.335,2.464,2.464,2.311,-5.07%
5/28/2018,2.46,2.48,2.48,2.456,-0.81%
5/25/2018,2.48,2.512,2.524,2.476,-1.29%
5/24/2018,2.512,2.524,2.528,2.488,-0.79%
5/23/2018,2.532,2.593,2.597,2.528,-1.47%
5/22/2018,2.57,2.566,2.582,2.566,0.00%
5/21/2018,2.57,2.57,2.578,2.557,0.82%
5/18/2018,2.549,2.577,2.577,2.54,-0.94%
5/17/2018,2.573,2.585,2.598,2.569,-0.79%
5/16/2018,2.593,2.572,2.593,2.572,0.65%
5/15/2018,2.577,2.547,2.589,2.547,0.98%
5/14/2018,2.552,2.543,2.552,2.531,0.50%
5/11/2018,2.539,2.534,2.543,2.531,0.19%
5/10/2018,2.534,2.534,2.543,2.501,0.00%
5/9/2018,2.534,2.518,2.534,2.518,0.82%
5/8/2018,2.513,2.505,2.518,2.497,0.50%
5/7/2018,2.501,2.497,2.505,2.493,-0.16%
5/4/2018,2.505,2.485,2.505,2.46,1.00%
5/3/2018,2.48,2.484,2.488,2.468,-0.49%
5/2/2018,2.492,2.508,2.521,2.488,-0.64%
5/1/2018,2.508,2.492,2.516,2.492,0.65%
4/30/2018,2.492,2.488,2.496,2.484,0.33%
4/27/2018,2.484,2.488,2.5,2.476,-0.16%
4/26/2018,2.488,2.484,2.496,2.472,-0.16%
4/25/2018,2.492,2.484,2.508,2.484,0.70%
4/24/2018,2.475,2.478,2.5,2.462,-0.16%
4/23/2018,2.478,2.47,2.483,2.458,0.69%
4/20/2018,2.461,2.432,2.461,2.428,1.23%
4/19/2018,2.432,2.427,2.44,2.423,0.00%
4/18/2018,2.431,2.398,2.436,2.398,1.56%
4/17/2018,2.394,2.386,2.402,2.377,0.53%
4/16/2018,2.381,2.369,2.394,2.369,0.88%
4/13/2018,2.361,2.34,2.373,2.34,0.19%
4/12/2018,2.356,2.307,2.356,2.303,2.13%
4/11/2018,2.307,2.303,2.319,2.283,0.00%
4/10/2018,2.307,2.286,2.323,2.282,1.07%
4/9/2018,2.282,2.282,2.299,2.27,0.54%
4/6/2018,2.27,2.29,2.311,2.266,-1.58%
4/5/2018,2.307,2.307,2.311,2.299,0.18%
4/4/2018,2.303,2.274,2.303,2.254,0.89%
4/3/2018,2.282,2.258,2.29,2.258,1.44%
4/2/2018,2.25,2.278,2.29,2.234,-0.89%
3/29/2018,2.27,2.286,2.294,2.266,-0.70%
3/28/2018,2.286,2.278,2.302,2.246,0.71%
3/27/2018,2.27,2.315,2.319,2.262,-0.20%
3/26/2018,2.275,2.262,2.295,2.262,0.74%
3/23/2018,2.258,2.274,2.291,2.254,-1.09%
3/22/2018,2.283,2.312,2.32,2.258,-1.07%
3/21/2018,2.308,2.337,2.366,2.299,-1.76%
3/20/2018,2.349,2.312,2.349,2.307,1.61%
3/19/2018,2.312,2.307,2.32,2.287,0.72%
3/16/2018,2.295,2.291,2.295,2.279,0.36%
3/15/2018,2.287,2.27,2.291,2.25,1.09%
3/14/2018,2.262,2.262,2.291,2.246,0.18%
3/13/2018,2.258,2.27,2.274,2.242,-0.18%
3/12/2018,2.262,2.272,2.278,2.262,0.00%
3/9/2018,2.262,2.27,2.286,2.262,0.54%
3/8/2018,2.25,2.25,2.266,2.242,-0.18%
3/7/2018,2.254,2.23,2.262,2.226,0.00%
3/6/2018,2.254,2.238,2.258,2.226,0.54%
3/5/2018,2.242,2.234,2.254,2.205,-0.18%
3/2/2018,2.246,2.222,2.246,2.197,1.27%
3/1/2018,2.218,2.254,2.27,2.202,-1.78%
2/28/2018,2.258,2.262,2.286,2.254,-0.35%
2/27/2018,2.266,2.222,2.278,2.218,1.62%
2/26/2018,2.23,2.25,2.25,2.214,-0.54%
2/23/2018,2.242,2.254,2.258,2.226,-0.53%
2/22/2018,2.254,2.27,2.274,2.25,-0.71%
2/21/2018,2.27,2.266,2.282,2.25,2.12%
2/20/2018,2.223,2.223,2.248,2.218,0.39%
2/19/2018,2.214,2.218,2.218,2.214,0.94%
2/16/2018,2.194,2.193,2.21,2.185,0.23%
2/15/2018,2.188,2.18,2.213,2.172,0.77%
2/14/2018,2.172,2.114,2.176,2.094,2.92%
2/13/2018,2.11,2.086,2.114,2.065,1.58%
2/12/2018,2.077,2.049,2.139,2.049,0.20%
2/9/2018,2.073,2.109,2.138,2.004,-1.72%
2/8/2018,2.109,2.113,2.15,2.105,-0.76%
2/7/2018,2.126,2.113,2.15,2.073,0.78%
2/6/2018,2.109,2.036,2.113,1.947,3.38%
2/5/2018,2.04,2.149,2.154,2.024,-4.89%
2/2/2018,2.145,2.173,2.186,2.137,-0.72%
2/1/2018,2.161,2.157,2.173,2.141,0.57%
1/31/2018,2.149,2.12,2.165,2.104,0.95%
1/30/2018,2.128,2.128,2.136,2.108,0.38%
1/29/2018,2.12,2.116,2.161,2.116,0.00%
1/26/2018,2.12,2.092,2.132,2.088,1.34%
1/25/2018,2.092,2.08,2.104,2.068,0.58%
1/24/2018,2.08,2.056,2.084,2.056,1.95%
1/23/2018,2.04,2.065,2.065,2.04,-1.39%
1/22/2018,2.069,2.077,2.082,2.061,0.00%
1/19/2018,2.069,2.052,2.073,2.044,1.25%
1/18/2018,2.043,2.047,2.06,2.043,-0.19%
1/17/2018,2.047,2.014,2.051,2.014,1.43%
1/16/2018,2.018,2.01,2.026,1.994,0.21%
1/15/2018,2.014,2.01,2.014,2.01,0.61%
1/12/2018,2.002,1.993,2.026,1.985,1.07%
1/11/2018,1.981,1.972,1.989,1.968,0.21%
1/10/2018,1.977,1.972,1.985,1.964,0.21%
1/9/2018,1.972,1.96,1.976,1.948,0.63%
1/8/2018,1.96,1.972,1.972,1.952,-0.20%
1/5/2018,1.964,1.96,1.968,1.94,0.43%
1/4/2018,1.956,1.947,1.976,1.947,1.25%
1/3/2018,1.931,1.923,1.939,1.915,0.43%
1/2/2018,1.923,1.907,1.927,1.891,1.91%
1/1/2018,1.887,1.887,1.887,1.887,0.00%
12/29/2017,1.887,1.907,1.911,1.883,-1.26%
12/28/2017,1.911,1.903,1.911,1.895,0.85%
12/27/2017,1.895,1.927,1.927,1.895,-0.44%
12/26/2017,1.903,1.903,1.916,1.899,0.23%
12/25/2017,1.899,1.903,1.903,1.899,0.22%
12/22/2017,1.895,1.886,1.899,1.874,0.92%
12/21/2017,1.878,1.857,1.882,1.849,1.12%
12/20/2017,1.857,1.848,1.873,1.848,0.23%
12/19/2017,1.852,1.84,1.861,1.832,1.13%
12/18/2017,1.832,1.852,1.857,1.828,-0.44%
12/16/2017,1.84,1.84,1.84,1.84,0.00%
12/15/2017,1.84,1.823,1.852,1.819,1.37%
12/14/2017,1.815,1.786,1.827,1.782,2.06%
12/13/2017,1.778,1.831,1.852,1.778,-2.88%
12/12/2017,1.831,1.823,1.847,1.819,0.45%
12/11/2017,1.823,1.798,1.827,1.782,1.36%
12/8/2017,1.798,1.811,1.823,1.786,-0.22%
12/7/2017,1.802,1.81,1.819,1.798,-0.44%
12/6/2017,1.81,1.818,1.827,1.794,-0.66%
12/5/2017,1.822,1.814,1.839,1.81,0.67%
12/4/2017,1.81,1.806,1.814,1.79,1.81%
12/1/2017,1.778,1.79,1.814,1.746,-0.66%
11/30/2017,1.79,1.762,1.798,1.762,1.36%
11/29/2017,1.766,1.75,1.778,1.75,0.91%
11/28/2017,1.75,1.746,1.762,1.738,0.31%
11/27/2017,1.745,1.757,1.765,1.74,-0.22%
11/24/2017,1.748,1.739,1.753,1.739,0.77%
11/23/2017,1.735,1.731,1.756,1.731,0.48%
11/22/2017,1.727,1.767,1.772,1.727,-2.53%
11/21/2017,1.771,1.755,1.78,1.75,0.96%
11/20/2017,1.755,1.725,1.755,1.713,1.69%
11/17/2017,1.725,1.72,1.73,1.708,0.78%
11/16/2017,1.712,1.691,1.716,1.688,1.46%
11/15/2017,1.688,1.691,1.7,1.663,-0.22%
11/14/2017,1.691,1.683,1.699,1.683,0.26%
11/13/2017,1.687,1.658,1.687,1.65,1.73%
11/10/2017,1.658,1.633,1.662,1.633,1.28%
11/9/2017,1.637,1.653,1.658,1.633,-0.73%
11/8/2017,1.649,1.633,1.649,1.629,1.00%
11/7/2017,1.633,1.625,1.633,1.621,0.75%
11/6/2017,1.621,1.625,1.629,1.609,0.26%
11/3/2017,1.617,1.617,1.637,1.592,0.28%
11/2/2017,1.612,1.612,1.62,1.6,-0.24%
11/1/2017,1.616,1.604,1.628,1.6,1.01%
10/31/2017,1.6,1.576,1.604,1.572,1.52%
10/30/2017,1.576,1.592,1.6,1.576,-1.24%
10/27/2017,1.595,1.615,1.639,1.587,-1.45%
10/26/2017,1.619,1.599,1.623,1.587,1.25%
10/25/2017,1.599,1.599,1.623,1.591,0.61%
10/24/2017,1.589,1.564,1.589,1.564,1.33%
10/23/2017,1.568,1.58,1.589,1.56,-0.51%
10/20/2017,1.576,1.535,1.584,1.535,2.45%
10/19/2017,1.539,1.567,1.567,1.535,-1.81%
10/18/2017,1.567,1.555,1.571,1.551,1.07%
10/17/2017,1.55,1.542,1.559,1.534,0.54%
10/16/2017,1.542,1.505,1.546,1.505,3.01%
10/13/2017,1.497,1.521,1.534,1.489,-1.31%
10/12/2017,1.517,1.521,1.525,1.509,-0.52%
10/11/2017,1.525,1.52,1.525,1.508,0.82%
10/10/2017,1.512,1.516,1.516,1.5,0.00%
10/9/2017,1.512,1.512,1.516,1.508,0.27%
10/6/2017,1.508,1.499,1.528,1.495,1.13%
10/5/2017,1.491,1.479,1.499,1.475,1.10%
10/4/2017,1.475,1.479,1.487,1.459,0.00%
10/3/2017,1.475,1.491,1.495,1.471,-0.79%
10/2/2017,1.487,1.495,1.507,1.483,-0.26%
9/29/2017,1.491,1.455,1.491,1.451,2.47%
9/28/2017,1.455,1.475,1.499,1.455,-1.62%
9/27/2017,1.479,1.455,1.483,1.451,2.70%
9/26/2017,1.44,1.427,1.456,1.423,0.89%
9/25/2017,1.427,1.443,1.447,1.419,-0.56%
9/22/2017,1.435,1.439,1.443,1.426,-0.52%
9/21/2017,1.443,1.442,1.447,1.43,0.00%
9/20/2017,1.442,1.393,1.451,1.385,2.64%
9/19/2017,1.405,1.393,1.405,1.385,0.60%
9/18/2017,1.397,1.389,1.405,1.389,0.90%
9/15/2017,1.384,1.355,1.388,1.355,1.22%
9/14/2017,1.368,1.351,1.388,1.347,1.21%
9/13/2017,1.351,1.331,1.355,1.331,0.92%
9/12/2017,1.339,1.314,1.343,1.314,1.23%
9/11/2017,1.323,1.29,1.323,1.282,4.47%
9/8/2017,1.266,1.27,1.282,1.254,0.00%
9/7/2017,1.266,1.298,1.302,1.262,-3.07%
9/6/2017,1.306,1.29,1.314,1.286,0.94%
9/5/2017,1.294,1.326,1.33,1.29,-3.86%
9/1/2017,1.346,1.329,1.35,1.306,1.24%
8/31/2017,1.329,1.337,1.337,1.322,0.00%
8/30/2017,1.329,1.329,1.345,1.325,0.60%
8/29/2017,1.321,1.325,1.329,1.302,-0.59%
8/28/2017,1.329,1.338,1.342,1.329,-0.62%
8/25/2017,1.338,1.338,1.346,1.329,0.29%
8/24/2017,1.334,1.317,1.334,1.313,1.88%
8/23/2017,1.309,1.326,1.33,1.309,-1.24%
8/22/2017,1.326,1.314,1.326,1.309,1.56%
8/21/2017,1.305,1.318,1.322,1.301,-0.63%
8/18/2017,1.314,1.31,1.322,1.293,0.91%
8/17/2017,1.302,1.338,1.342,1.302,-2.14%
8/16/2017,1.33,1.355,1.359,1.326,-1.50%
8/15/2017,1.35,1.33,1.355,1.326,1.82%
8/14/2017,1.326,1.298,1.326,1.298,2.50%
8/11/2017,1.294,1.326,1.339,1.286,-2.75%
8/10/2017,1.331,1.339,1.343,1.327,-0.90%
8/9/2017,1.343,1.347,1.351,1.323,-0.89%
8/8/2017,1.355,1.355,1.367,1.355,0.00%
8/7/2017,1.355,1.363,1.367,1.355,0.00%
8/4/2017,1.355,1.347,1.371,1.339,0.89%
8/3/2017,1.343,1.359,1.363,1.335,-1.47%
8/2/2017,1.363,1.351,1.363,1.347,1.18%
8/1/2017,1.347,1.359,1.363,1.343,-0.59%
7/31/2017,1.355,1.351,1.359,1.343,0.29%
7/28/2017,1.351,1.359,1.375,1.347,-1.44%
7/27/2017,1.371,1.355,1.371,1.355,0.58%
7/26/2017,1.363,1.403,1.403,1.351,-1.93%
7/25/2017,1.39,1.365,1.398,1.361,1.83%
7/24/2017,1.365,1.344,1.369,1.34,1.53%
7/21/2017,1.344,1.36,1.36,1.344,-0.58%
7/20/2017,1.352,1.36,1.364,1.344,-0.59%
7/19/2017,1.36,1.356,1.364,1.348,0.61%
7/18/2017,1.352,1.36,1.364,1.348,-0.59%
7/17/2017,1.36,1.36,1.368,1.344,0.00%
7/14/2017,1.36,1.371,1.375,1.323,-0.56%
7/13/2017,1.367,1.351,1.371,1.343,1.51%
7/12/2017,1.347,1.375,1.375,1.331,-2.04%
7/11/2017,1.375,1.387,1.399,1.375,-0.87%
7/10/2017,1.387,1.407,1.407,1.383,-1.14%
7/7/2017,1.403,1.406,1.419,1.383,0.04%
7/6/2017,1.403,1.406,1.435,1.398,-0.55%
7/5/2017,1.41,1.414,1.426,1.402,0.00%
7/4/2017,1.41,1.414,1.414,1.41,-0.28%
7/3/2017,1.414,1.398,1.426,1.382,2.06%
7/1/2017,1.386,1.386,1.386,1.386,0.00%
6/30/2017,1.386,1.373,1.39,1.358,0.90%
6/29/2017,1.373,1.357,1.385,1.353,1.47%
6/28/2017,1.353,1.373,1.385,1.349,-1.45%
6/27/2017,1.373,1.361,1.381,1.353,2.75%
6/26/2017,1.336,1.349,1.357,1.336,-0.61%
6/23/2017,1.345,1.352,1.353,1.34,0.00%
6/22/2017,1.344,1.356,1.356,1.336,-0.59%
6/21/2017,1.352,1.356,1.365,1.344,0.31%
6/20/2017,1.348,1.368,1.373,1.348,-1.19%
6/19/2017,1.364,1.323,1.364,1.315,3.73%
6/16/2017,1.315,1.364,1.368,1.315,-2.98%
6/15/2017,1.355,1.339,1.368,1.339,1.53%
6/14/2017,1.335,1.363,1.363,1.29,-2.36%
6/13/2017,1.367,1.359,1.367,1.351,0.61%
6/12/2017,1.359,1.339,1.359,1.339,1.52%
6/9/2017,1.339,1.314,1.351,1.306,1.25%
6/8/2017,1.322,1.322,1.338,1.31,0.92%
6/7/2017,1.31,1.298,1.322,1.298,0.94%
6/6/2017,1.298,1.302,1.306,1.278,-0.61%
6/5/2017,1.306,1.294,1.31,1.29,1.25%
6/2/2017,1.29,1.306,1.306,1.266,-0.60%
6/1/2017,1.298,1.294,1.314,1.286,0.93%
5/31/2017,1.286,1.29,1.302,1.278,0.00%
5/30/2017,1.286,1.298,1.302,1.286,-1.22%
5/29/2017,1.302,1.298,1.302,1.298,0.31%
5/26/2017,1.298,1.294,1.306,1.286,0.00%
5/25/2017,1.298,1.294,1.298,1.282,1.23%
5/24/2017,1.282,1.314,1.333,1.282,-1.95%
5/23/2017,1.307,1.279,1.311,1.275,1.93%
5/22/2017,1.283,1.291,1.295,1.279,0.64%
5/19/2017,1.274,1.283,1.295,1.27,0.32%
5/18/2017,1.27,1.262,1.283,1.225,1.96%
5/17/2017,1.246,1.278,1.286,1.242,-4.36%
5/16/2017,1.303,1.303,1.315,1.291,0.00%
5/15/2017,1.303,1.294,1.307,1.29,0.95%
5/12/2017,1.29,1.343,1.343,1.29,-3.62%
5/11/2017,1.339,1.359,1.367,1.339,-1.47%
5/10/2017,1.359,1.342,1.359,1.331,0.91%
5/9/2017,1.347,1.334,1.359,1.326,0.91%
5/8/2017,1.334,1.33,1.342,1.31,1.54%
5/5/2017,1.314,1.302,1.342,1.302,0.33%
5/4/2017,1.31,1.31,1.33,1.302,0.93%
5/3/2017,1.298,1.27,1.302,1.266,2.84%
5/2/2017,1.262,1.274,1.294,1.258,-1.25%
5/1/2017,1.278,1.27,1.298,1.266,0.63%
4/28/2017,1.27,1.254,1.294,1.254,0.64%
4/27/2017,1.262,1.282,1.282,1.254,-0.93%
4/26/2017,1.274,1.291,1.301,1.274,-0.07%
4/25/2017,1.275,1.233,1.279,1.229,3.69%
4/24/2017,1.229,1.258,1.262,1.225,3.44%
4/22/2017,1.188,1.188,1.188,1.188,0.00%
4/21/2017,1.188,1.193,1.201,1.168,-0.37%
4/20/2017,1.193,1.181,1.209,1.176,1.02%
4/19/2017,1.181,1.173,1.193,1.168,1.39%
4/18/2017,1.164,1.209,1.209,1.16,-3.05%
4/17/2017,1.201,1.181,1.209,1.177,-0.35%
4/13/2017,1.205,1.214,1.225,1.197,0.32%
4/12/2017,1.202,1.242,1.254,1.202,-2.94%
4/11/2017,1.238,1.266,1.27,1.226,-3.15%
4/10/2017,1.278,1.29,1.298,1.266,-0.94%
4/7/2017,1.29,1.254,1.294,1.198,3.88%
4/6/2017,1.242,1.23,1.258,1.23,0.32%
4/5/2017,1.238,1.254,1.27,1.226,-1.59%
4/4/2017,1.258,1.23,1.258,1.23,2.61%
4/3/2017,1.226,1.262,1.282,1.226,-2.84%
3/31/2017,1.262,1.282,1.29,1.258,-1.85%
3/30/2017,1.286,1.282,1.29,1.266,0.93%
3/29/2017,1.274,1.306,1.306,1.27,-2.44%
3/28/2017,1.306,1.274,1.306,1.258,3.88%
3/27/2017,1.257,1.24,1.257,1.228,-0.31%
3/24/2017,1.261,1.26,1.277,1.244,0.37%
3/23/2017,1.256,1.252,1.268,1.24,0.34%
3/22/2017,1.252,1.264,1.272,1.24,-0.96%
3/21/2017,1.264,1.296,1.309,1.26,-2.21%
3/20/2017,1.292,1.321,1.321,1.292,-2.15%
3/18/2017,1.321,1.321,1.321,1.321,0.00%
3/17/2017,1.321,1.336,1.341,1.304,-1.15%
3/16/2017,1.336,1.299,1.34,1.299,2.52%
3/15/2017,1.303,1.38,1.401,1.303,-5.58%
3/14/2017,1.38,1.38,1.385,1.368,0.32%
3/13/2017,1.376,1.367,1.38,1.344,1.52%
3/10/2017,1.355,1.375,1.388,1.355,-1.69%
3/9/2017,1.379,1.362,1.379,1.35,1.51%
3/8/2017,1.358,1.334,1.378,1.33,2.14%
3/7/2017,1.33,1.301,1.334,1.301,1.87%
3/6/2017,1.305,1.301,1.317,1.289,-0.29%
3/3/2017,1.309,1.316,1.345,1.305,-0.25%
3/2/2017,1.312,1.3,1.34,1.284,1.88%
3/1/2017,1.288,1.288,1.308,1.272,1.91%
2/28/2017,1.264,1.2,1.28,1.188,5.31%
2/27/2017,1.2,1.153,1.208,1.149,4.48%
2/24/2017,1.149,1.188,1.188,1.145,-3.01%
2/23/2017,1.184,1.216,1.224,1.184,-2.93%
2/22/2017,1.22,1.232,1.252,1.208,0.78%
2/21/2017,1.211,1.207,1.223,1.202,0.69%
2/20/2017,1.202,1.202,1.207,1.202,0.69%
2/17/2017,1.194,1.218,1.226,1.182,-0.98%
2/16/2017,1.206,1.251,1.255,1.206,-3.57%
2/15/2017,1.251,1.238,1.267,1.23,1.00%
2/14/2017,1.238,1.206,1.25,1.202,2.70%
2/13/2017,1.206,1.206,1.214,1.202,1.02%
2/10/2017,1.194,1.193,1.202,1.186,1.05%
2/9/2017,1.181,1.149,1.185,1.145,3.16%
2/8/2017,1.145,1.173,1.177,1.141,-2.05%
2/7/2017,1.169,1.157,1.173,1.141,1.04%
2/6/2017,1.157,1.201,1.201,1.153,-3.66%
2/3/2017,1.201,1.213,1.245,1.173,-0.64%
2/2/2017,1.209,1.217,1.217,1.193,-0.97%
2/1/2017,1.22,1.216,1.264,1.209,0.66%
1/31/2017,1.212,1.216,1.216,1.189,-0.31%
1/30/2017,1.216,1.216,1.224,1.2,-0.33%
1/27/2017,1.22,1.232,1.24,1.212,-0.64%
1/26/2017,1.228,1.236,1.252,1.22,-0.97%
1/25/2017,1.24,1.22,1.256,1.212,3.64%
1/24/2017,1.196,1.156,1.201,1.151,4.27%
1/23/2017,1.148,1.184,1.197,1.143,-4.11%
1/20/2017,1.197,1.23,1.242,1.184,-2.34%
1/19/2017,1.225,1.221,1.25,1.213,0.33%
1/18/2017,1.221,1.156,1.225,1.156,5.99%
1/17/2017,1.152,1.185,1.189,1.136,-2.75%
1/16/2017,1.185,1.197,1.197,1.185,-1.01%
1/13/2017,1.197,1.181,1.225,1.157,1.68%
1/12/2017,1.177,1.181,1.181,1.145,-1.03%
1/11/2017,1.189,1.19,1.206,1.157,-0.34%
1/10/2017,1.194,1.19,1.206,1.182,0.67%
1/9/2017,1.186,1.214,1.242,1.186,-2.32%
1/6/2017,1.214,1.174,1.222,1.162,3.74%
1/5/2017,1.17,1.214,1.226,1.166,-3.94%
1/4/2017,1.218,1.226,1.242,1.218,0.00%
1/3/2017,1.218,1.186,1.25,1.186,1.66%
1/2/2017,1.198,1.198,1.198,1.198,0.00%
12/30/2016,1.198,1.218,1.226,1.19,-1.63%
12/29/2016,1.218,1.258,1.262,1.218,-3.16%
12/28/2016,1.258,1.278,1.29,1.258,2.20%
12/27/2016,1.231,1.214,1.239,1.21,2.08%
12/26/2016,1.206,1.206,1.206,1.206,0.00%
12/23/2016,1.206,1.21,1.21,1.197,0.78%
12/22/2016,1.196,1.196,1.213,1.192,0.00%
12/21/2016,1.196,1.224,1.229,1.192,-1.99%
12/20/2016,1.22,1.224,1.253,1.22,-0.64%
12/19/2016,1.228,1.248,1.252,1.22,-2.57%
12/16/2016,1.261,1.28,1.28,1.232,-1.19%
12/15/2016,1.276,1.284,1.304,1.255,0.67%
12/14/2016,1.267,1.161,1.28,1.154,8.73%
12/13/2016,1.166,1.141,1.174,1.133,1.79%
12/12/2016,1.145,1.149,1.161,1.133,0.72%
12/9/2016,1.137,1.112,1.137,1.109,2.22%
12/8/2016,1.112,1.104,1.132,1.096,1.47%
12/7/2016,1.096,1.124,1.128,1.096,-1.78%
12/6/2016,1.116,1.128,1.128,1.116,-0.69%
12/5/2016,1.124,1.092,1.144,1.08,1.46%
12/2/2016,1.108,1.143,1.156,1.1,-3.77%
12/1/2016,1.151,1.131,1.167,1.119,2.86%
11/30/2016,1.119,1.095,1.135,1.095,2.56%
11/29/2016,1.091,1.107,1.127,1.091,-1.08%
11/28/2016,1.103,1.123,1.131,1.103,-2.11%
11/25/2016,1.127,1.143,1.17,1.123,-1.73%
11/24/2016,1.147,1.178,1.182,1.147,1.41%
11/23/2016,1.131,1.091,1.151,1.087,3.26%
11/22/2016,1.095,1.091,1.107,1.075,2.11%
11/21/2016,1.072,1.072,1.093,1.048,0.42%
11/18/2016,1.068,1.054,1.076,1.023,2.48%
11/17/2016,1.042,1.001,1.05,0.989,3.68%
11/16/2016,1.005,1.005,1.03,0.984,0.44%
11/15/2016,1.001,1.004,1.029,0.972,-0.37%
11/14/2016,1.004,0.968,1.016,0.956,9.28%
11/10/2016,0.919,0.894,0.927,0.854,1.42%
11/9/2016,0.906,0.866,0.914,0.714,5.63%
11/8/2016,0.858,0.822,0.874,0.818,4.90%
11/7/2016,0.818,0.838,0.842,0.81,3.55%
11/4/2016,0.79,0.813,0.83,0.786,-2.43%
11/3/2016,0.809,0.817,0.829,0.778,-1.91%
11/2/2016,0.825,0.833,0.837,0.805,-1.41%
11/1/2016,0.837,0.849,0.873,0.825,-0.92%
10/31/2016,0.845,0.857,0.861,0.845,-1.37%
10/28/2016,0.857,0.892,0.9,0.853,-3.56%
10/27/2016,0.888,0.872,0.896,0.868,1.81%
10/26/2016,0.872,0.86,0.876,0.86,1.87%
10/25/2016,0.856,0.844,0.86,0.844,1.47%
10/24/2016,0.844,0.827,0.848,0.819,1.99%
10/21/2016,0.827,0.823,0.84,0.823,0.53%
10/20/2016,0.823,0.807,0.827,0.803,2.54%
10/19/2016,0.803,0.807,0.823,0.795,0.00%
10/18/2016,0.803,0.819,0.831,0.799,-1.97%
10/17/2016,0.819,0.839,0.847,0.815,-2.87%
10/15/2016,0.843,0.843,0.843,0.843,0.00%
10/14/2016,0.843,0.851,0.863,0.819,0.52%
10/13/2016,0.839,0.863,0.863,0.834,-2.78%
10/12/2016,0.863,0.874,0.891,0.863,-0.91%
10/11/2016,0.87,0.874,0.874,0.858,0.00%
10/10/2016,0.87,0.87,0.87,0.87,3.83%
10/7/2016,0.838,0.85,0.878,0.834,-1.80%
10/6/2016,0.854,0.842,0.858,0.834,1.91%
10/5/2016,0.838,0.826,0.857,0.814,1.47%
10/4/2016,0.826,0.802,0.834,0.794,3.50%
10/3/2016,0.798,0.778,0.802,0.774,4.15%
9/30/2016,0.766,0.73,0.766,0.718,3.74%
9/29/2016,0.738,0.766,0.778,0.734,-2.60%
9/28/2016,0.758,0.754,0.762,0.734,1.58%
9/27/2016,0.746,0.754,0.77,0.73,1.14%
9/26/2016,0.738,0.758,0.758,0.729,-2.69%
9/24/2016,0.758,0.758,0.758,0.758,0.00%
9/23/2016,0.758,0.783,0.787,0.754,-2.10%
9/22/2016,0.774,0.779,0.787,0.762,-0.51%
9/21/2016,0.778,0.778,0.848,0.766,0.00%
9/20/2016,0.778,0.782,0.783,0.77,0.00%
9/19/2016,0.778,0.766,0.782,0.758,1.06%
9/17/2016,0.77,0.77,0.77,0.77,0.00%
9/16/2016,0.77,0.734,0.778,0.726,4.96%
9/15/2016,0.734,0.762,0.77,0.722,-3.70%
9/14/2016,0.762,0.794,0.802,0.754,-5.02%
9/13/2016,0.802,0.762,0.814,0.75,3.64%
9/12/2016,0.774,0.778,0.806,0.77,-1.02%
9/9/2016,0.782,0.77,0.802,0.77,1.05%
9/8/2016,0.774,0.742,0.782,0.738,4.88%
9/7/2016,0.738,0.738,0.742,0.722,1.08%
9/6/2016,0.73,0.806,0.806,0.73,-8.93%
9/5/2016,0.802,0.794,0.802,0.794,1.01%
9/2/2016,0.794,0.786,0.806,0.746,1.03%
9/1/2016,0.786,0.809,0.821,0.782,-2.93%
8/31/2016,0.809,0.805,0.817,0.782,0.50%
8/30/2016,0.805,0.821,0.829,0.797,-0.48%
8/29/2016,0.809,0.845,0.853,0.805,-4.20%
8/26/2016,0.845,0.793,0.849,0.766,6.47%
8/25/2016,0.793,0.766,0.793,0.758,3.62%
8/24/2016,0.766,0.766,0.77,0.75,2.65%
8/23/2016,0.746,0.75,0.762,0.738,0.55%
8/22/2016,0.742,0.77,0.783,0.738,-1.09%
8/19/2016,0.75,0.714,0.754,0.713,5.71%
8/18/2016,0.71,0.718,0.734,0.706,-2.77%
8/17/2016,0.73,0.746,0.774,0.71,-2.71%
8/16/2016,0.75,0.726,0.758,0.686,2.77%
8/15/2016,0.73,0.706,0.73,0.69,3.42%
8/13/2016,0.706,0.706,0.706,0.706,0.00%
8/12/2016,0.706,0.75,0.75,0.678,-5.40%
8/11/2016,0.746,0.694,0.754,0.686,8.12%
8/10/2016,0.69,0.702,0.714,0.686,-3.36%
8/9/2016,0.714,0.73,0.738,0.71,-1.65%
8/8/2016,0.726,0.738,0.746,0.714,0.00%
8/6/2016,0.726,0.726,0.726,0.726,0.00%
8/5/2016,0.726,0.643,0.726,0.643,12.24%
8/4/2016,0.647,0.675,0.683,0.643,-3.56%
8/3/2016,0.671,0.687,0.691,0.667,-1.76%
8/2/2016,0.683,0.683,0.706,0.671,-0.58%
8/1/2016,0.687,0.663,0.691,0.663,4.17%
7/29/2016,0.659,0.703,0.75,0.659,-7.73%
7/28/2016,0.715,0.726,0.738,0.711,-1.09%
7/27/2016,0.722,0.762,0.778,0.722,-4.68%
7/26/2016,0.758,0.762,0.778,0.746,2.52%
7/25/2016,0.739,0.711,0.743,0.711,4.64%
7/22/2016,0.706,0.686,0.719,0.674,3.62%
7/21/2016,0.682,0.714,0.731,0.682,-4.54%
7/20/2016,0.714,0.698,0.722,0.69,2.94%
7/19/2016,0.694,0.686,0.702,0.661,0.59%
7/18/2016,0.69,0.69,0.702,0.678,1.20%
7/15/2016,0.682,0.673,0.714,0.665,0.62%
7/14/2016,0.677,0.661,0.701,0.661,1.83%
7/13/2016,0.665,0.693,0.693,0.661,-3.48%
7/12/2016,0.689,0.653,0.697,0.649,4.89%
7/11/2016,0.657,0.621,0.661,0.617,7.18%
7/8/2016,0.613,0.601,0.657,0.581,3.34%
7/7/2016,0.593,0.581,0.617,0.573,2.05%
7/6/2016,0.581,0.558,0.589,0.538,5.00%
7/5/2016,0.554,0.589,0.593,0.55,-6.06%
7/4/2016,0.589,0.597,0.597,0.589,-1.34%
7/1/2016,0.597,0.586,0.601,0.554,2.00%
6/30/2016,0.586,0.633,0.649,0.582,-8.60%
6/29/2016,0.641,0.613,0.641,0.609,4.48%
6/28/2016,0.613,0.594,0.633,0.586,2.64%
6/27/2016,0.597,0.597,0.605,0.55,-6.19%
6/24/2016,0.637,0.743,0.755,0.499,-18.65%
6/23/2016,0.783,0.759,0.787,0.751,4.76%
6/22/2016,0.747,0.763,0.767,0.743,-2.58%
6/21/2016,0.767,0.743,0.771,0.731,3.51%
6/20/2016,0.741,0.729,0.749,0.713,6.36%
6/17/2016,0.697,0.697,0.71,0.681,1.06%
6/16/2016,0.689,0.662,0.693,0.653,2.96%
6/15/2016,0.67,0.73,0.746,0.666,-7.78%
6/14/2016,0.726,0.722,0.734,0.682,1.09%
6/13/2016,0.718,0.723,0.734,0.71,-2.21%
6/10/2016,0.734,0.771,0.771,0.73,-4.73%
6/9/2016,0.771,0.779,0.783,0.759,-1.04%
6/8/2016,0.779,0.787,0.795,0.775,-0.54%
6/7/2016,0.783,0.791,0.807,0.775,-2.00%
6/6/2016,0.799,0.788,0.827,0.779,3.06%
6/3/2016,0.776,0.899,0.899,0.768,-12.15%
6/2/2016,0.883,0.903,0.911,0.879,-2.19%
6/1/2016,0.903,0.879,0.907,0.863,2.24%
5/31/2016,0.883,0.938,0.938,0.875,-5.50%
5/30/2016,0.934,0.97,0.97,0.93,2.60%
5/27/2016,0.911,0.875,0.914,0.875,4.07%
5/26/2016,0.875,0.922,0.922,0.867,-5.55%
5/25/2016,0.926,0.918,0.938,0.914,1.41%
5/24/2016,0.914,0.905,0.93,0.897,1.39%
5/23/2016,0.901,0.876,0.913,0.876,1.88%
5/20/2016,0.884,0.888,0.901,0.876,0.06%
5/19/2016,0.884,0.9,0.92,0.868,-1.79%
5/18/2016,0.9,0.839,0.912,0.831,8.33%
5/17/2016,0.831,0.79,0.835,0.782,5.66%
5/16/2016,0.786,0.754,0.79,0.75,4.84%
5/13/2016,0.75,0.758,0.786,0.746,-1.06%
5/12/2016,0.758,0.734,0.766,0.726,3.28%
5/11/2016,0.734,0.726,0.738,0.714,1.65%
5/10/2016,0.722,0.718,0.738,0.718,1.69%
5/9/2016,0.71,0.742,0.742,0.71,-3.27%
5/6/2016,0.734,0.73,0.754,0.686,2.20%
5/5/2016,0.718,0.75,0.762,0.718,-3.22%
5/4/2016,0.742,0.762,0.77,0.738,-1.58%
5/3/2016,0.754,0.782,0.782,0.742,-4.98%
5/2/2016,0.794,0.778,0.802,0.77,1.52%
4/29/2016,0.782,0.794,0.809,0.77,-1.00%
4/28/2016,0.789,0.813,0.829,0.782,-3.86%
4/27/2016,0.821,0.861,0.881,0.817,-5.04%
4/26/2016,0.865,0.837,0.873,0.837,3.69%
4/25/2016,0.834,0.826,0.834,0.805,1.48%
4/22/2016,0.822,0.814,0.83,0.797,1.99%
4/21/2016,0.806,0.798,0.818,0.794,1.00%
4/20/2016,0.798,0.757,0.81,0.745,4.78%
4/19/2016,0.761,0.758,0.774,0.745,2.13%
4/18/2016,0.746,0.721,0.753,0.717,1.07%
4/15/2016,0.738,0.77,0.774,0.729,-4.25%
4/14/2016,0.77,0.758,0.774,0.75,2.65%
4/13/2016,0.75,0.743,0.766,0.73,1.61%
4/12/2016,0.738,0.703,0.743,0.699,5.70%
4/11/2016,0.699,0.707,0.719,0.691,0.00%
4/8/2016,0.699,0.708,0.723,0.695,0.46%
4/7/2016,0.696,0.74,0.744,0.688,-5.95%
4/6/2016,0.74,0.732,0.763,0.724,2.74%
4/5/2016,0.72,0.74,0.74,0.716,-2.19%
4/4/2016,0.736,0.736,0.764,0.732,-1.60%
4/1/2016,0.748,0.733,0.776,0.724,3.19%
3/31/2016,0.725,0.753,0.764,0.725,-4.68%
3/30/2016,0.761,0.792,0.8,0.757,-3.50%
3/29/2016,0.788,0.879,0.883,0.788,-9.31%
3/28/2016,0.869,0.885,0.89,0.861,-0.46%
3/24/2016,0.873,0.86,0.877,0.852,2.00%
3/23/2016,0.856,0.897,0.901,0.852,-4.10%
3/22/2016,0.893,0.876,0.893,0.84,1.88%
3/21/2016,0.876,0.839,0.876,0.831,4.38%
3/18/2016,0.839,0.867,0.867,0.831,-3.23%
3/17/2016,0.867,0.855,0.883,0.815,0.49%
3/16/2016,0.863,0.972,1.001,0.859,-10.86%
3/15/2016,0.968,0.96,0.972,0.936,0.89%
3/14/2016,0.96,0.964,0.968,0.948,0.00%
3/11/2016,0.96,0.926,0.968,0.918,3.12%
3/10/2016,0.93,0.89,0.938,0.878,4.07%
3/9/2016,0.894,0.874,0.906,0.87,2.78%
3/8/2016,0.87,0.914,0.914,0.858,-4.38%
3/7/2016,0.91,0.878,0.91,0.874,5.09%
3/4/2016,0.866,0.849,0.893,0.83,2.41%
3/3/2016,0.845,0.845,0.869,0.837,0.00%
3/2/2016,0.845,0.837,0.905,0.825,-0.46%
3/1/2016,0.849,0.782,0.849,0.766,8.08%
2/29/2016,0.785,0.801,0.821,0.778,-1.48%
2/26/2016,0.797,0.738,0.817,0.73,9.17%
2/25/2016,0.73,0.762,0.766,0.715,-4.12%
2/24/2016,0.762,0.75,0.762,0.691,3.83%
2/23/2016,0.734,0.758,0.783,0.734,-2.71%
2/22/2016,0.754,0.746,0.787,0.746,1.07%
2/19/2016,0.746,0.701,0.758,0.689,7.03%
2/18/2016,0.697,0.746,0.754,0.697,-6.57%
2/17/2016,0.746,0.726,0.762,0.697,3.32%
2/16/2016,0.722,0.726,0.738,0.697,-0.52%
2/15/2016,0.726,0.714,0.734,0.714,1.65%
2/12/2016,0.714,0.658,0.718,0.641,8.51%
2/11/2016,0.658,0.686,0.694,0.582,-5.19%
2/10/2016,0.694,0.702,0.75,0.686,0.00%
2/9/2016,0.694,0.658,0.698,0.638,2.97%
2/8/2016,0.674,0.734,0.746,0.658,-7.67%
2/5/2016,0.73,0.702,0.766,0.694,3.40%
2/4/2016,0.706,0.726,0.738,0.702,-2.75%
2/3/2016,0.726,0.742,0.766,0.679,-2.16%
2/2/2016,0.742,0.801,0.801,0.722,-7.37%
2/1/2016,0.801,0.785,0.813,0.766,2.96%
1/29/2016,0.778,0.829,0.829,0.766,-5.70%
1/28/2016,0.825,0.833,0.853,0.813,-1.43%
1/27/2016,0.837,0.849,0.896,0.833,-0.83%
1/26/2016,0.844,0.861,0.869,0.828,-1.97%
1/25/2016,0.861,0.885,0.885,0.861,-1.37%
1/22/2016,0.873,0.849,0.885,0.833,4.30%
1/21/2016,0.837,0.837,0.85,0.805,0.97%
1/20/2016,0.829,0.87,0.87,0.797,-4.71%
1/19/2016,0.87,0.854,0.89,0.85,2.35%
1/18/2016,0.85,0.854,0.854,0.85,0.00%
1/15/2016,0.85,0.899,0.903,0.802,-5.45%
1/14/2016,0.899,0.907,0.931,0.883,-1.75%
1/13/2016,0.915,0.936,0.956,0.899,-1.40%
1/12/2016,0.928,0.936,0.968,0.908,-0.85%
1/11/2016,0.936,0.936,0.964,0.92,0.00%
1/8/2016,0.936,0.956,1.016,0.932,-1.68%
1/7/2016,0.952,0.992,0.996,0.936,-2.86%
1/6/2016,0.98,1.024,1.024,0.976,-3.92%
1/5/2016,1.02,1.04,1.056,1.016,-1.54%
1/4/2016,1.036,1.068,1.072,1.008,-1.52%
12/31/2015,1.052,1.08,1.08,1.044,-2.14%
12/30/2015,1.075,1.091,1.103,1.071,-1.83%
12/29/2015,1.095,1.059,1.103,1.043,8.31%
12/28/2015,1.011,1.019,1.04,1.011,0.50%
12/24/2015,1.006,0.998,1.011,0.993,1.72%
12/23/2015,0.989,0.977,0.993,0.973,1.23%
12/22/2015,0.977,0.952,0.977,0.944,2.63%
12/21/2015,0.952,0.965,0.973,0.948,0.00%
12/18/2015,0.952,0.997,0.997,0.948,-3.64%
12/17/2015,0.988,1.005,1.017,0.988,-2.08%
12/16/2015,1.009,0.976,1.021,0.964,4.24%
12/15/2015,0.968,0.956,0.988,0.94,2.11%
12/14/2015,0.948,0.903,0.96,0.891,7.85%
12/11/2015,0.879,0.951,0.959,0.879,-7.18%
12/10/2015,0.947,0.927,0.955,0.927,2.60%
12/9/2015,0.923,0.939,0.955,0.915,-1.28%
12/8/2015,0.935,0.935,0.947,0.923,0.00%
12/7/2015,0.935,0.951,0.967,0.923,-1.27%
12/4/2015,0.947,0.951,0.991,0.919,-1.25%
12/3/2015,0.959,0.942,0.994,0.935,2.13%
12/2/2015,0.939,0.923,0.954,0.919,3.07%
12/1/2015,0.911,0.942,0.95,0.895,-2.46%
11/30/2015,0.934,0.922,0.954,0.922,0.86%
11/27/2015,0.926,0.934,0.942,0.918,-0.89%
11/26/2015,0.934,0.938,0.938,0.934,0.00%
11/25/2015,0.934,0.934,0.946,0.93,0.43%
11/24/2015,0.93,0.95,0.95,0.911,0.43%
11/23/2015,0.926,0.926,0.946,0.917,0.54%
11/20/2015,0.921,0.904,0.921,0.889,3.25%
11/19/2015,0.892,0.884,0.896,0.872,1.36%
11/18/2015,0.88,0.863,0.908,0.859,2.44%
11/17/2015,0.859,0.859,0.888,0.847,0.47%
11/16/2015,0.855,0.823,0.863,0.823,0.47%
11/13/2015,0.851,0.879,0.883,0.839,-2.74%
11/12/2015,0.875,0.878,0.887,0.863,-0.39%
11/11/2015,0.878,0.874,0.882,0.874,0.50%
11/10/2015,0.874,0.886,0.891,0.858,-1.80%
11/9/2015,0.89,0.894,0.91,0.882,0.00%
11/6/2015,0.89,0.834,0.958,0.826,7.23%
11/5/2015,0.83,0.845,0.861,0.826,1.72%
11/4/2015,0.816,0.77,0.82,0.766,5.97%
11/3/2015,0.77,0.757,0.778,0.753,1.72%
11/2/2015,0.757,0.732,0.757,0.728,3.98%
10/30/2015,0.728,0.724,0.753,0.716,0.00%
10/29/2015,0.728,0.715,0.736,0.699,2.97%
10/28/2015,0.707,0.629,0.723,0.625,13.85%
10/27/2015,0.621,0.641,0.641,0.613,-2.51%
10/26/2015,0.637,0.641,0.65,0.625,-1.24%
10/23/2015,0.645,0.613,0.645,0.609,6.61%
10/22/2015,0.605,0.629,0.641,0.592,-3.20%
10/21/2015,0.625,0.629,0.641,0.613,-1.26%
10/20/2015,0.633,0.593,0.637,0.589,6.03%
10/19/2015,0.597,0.605,0.621,0.593,-2.61%
10/16/2015,0.613,0.605,0.617,0.593,2.00%
10/15/2015,0.601,0.561,0.605,0.557,8.68%
10/14/2015,0.553,0.617,0.625,0.553,-10.37%
10/13/2015,0.617,0.633,0.637,0.617,-3.14%
10/12/2015,0.637,0.641,0.641,0.633,-0.62%
10/9/2015,0.641,0.633,0.657,0.625,0.63%
10/8/2015,0.637,0.625,0.657,0.605,1.27%
10/7/2015,0.629,0.605,0.641,0.601,3.28%
10/6/2015,0.609,0.601,0.613,0.593,0.00%
10/5/2015,0.609,0.577,0.617,0.573,4.75%
10/3/2015,0.581,0.581,0.581,0.581,0.00%
10/2/2015,0.581,0.657,0.68,0.542,-10.48%
10/1/2015,0.649,0.641,0.657,0.633,3.18%
9/30/2015,0.629,0.653,0.676,0.629,-3.68%
9/29/2015,0.653,0.676,0.684,0.641,-2.83%
9/28/2015,0.672,0.7,0.715,0.672,-4.00%
9/25/2015,0.7,0.672,0.743,0.672,1.74%
9/24/2015,0.688,0.711,0.715,0.633,-2.13%
9/23/2015,0.703,0.707,0.711,0.695,3.69%
9/22/2015,0.678,0.719,0.719,0.67,-4.51%
9/21/2015,0.71,0.698,0.718,0.698,4.72%
9/18/2015,0.678,0.69,0.69,0.661,-1.17%
9/17/2015,0.686,0.815,0.815,0.682,-15.41%
9/16/2015,0.811,0.802,0.819,0.778,0.12%
9/15/2015,0.81,0.726,0.815,0.722,10.96%
9/14/2015,0.73,0.721,0.734,0.705,2.96%
9/11/2015,0.709,0.733,0.742,0.709,-3.80%
9/10/2015,0.737,0.733,0.749,0.729,-0.54%
9/9/2015,0.741,0.741,0.765,0.737,0.54%
9/8/2015,0.737,0.721,0.741,0.701,2.85%
9/7/2015,0.717,0.713,0.717,0.713,1.07%
9/4/2015,0.709,0.704,0.733,0.669,1.87%
9/3/2015,0.696,0.708,0.716,0.684,-2.25%
9/2/2015,0.712,0.712,0.728,0.7,0.00%
9/1/2015,0.712,0.735,0.735,0.704,-3.78%
8/31/2015,0.74,0.743,0.743,0.708,2.21%
8/28/2015,0.724,0.7,0.735,0.672,3.43%
8/27/2015,0.7,0.68,0.715,0.664,2.94%
8/26/2015,0.68,0.645,0.696,0.629,11.66%
8/25/2015,0.609,0.584,0.645,0.58,5.00%
8/24/2015,0.58,0.613,0.613,0.544,-6.60%
8/21/2015,0.621,0.661,0.662,0.617,-5.48%
8/20/2015,0.657,0.661,0.682,0.653,-0.61%
8/19/2015,0.661,0.718,0.738,0.653,-8.45%
8/18/2015,0.722,0.71,0.73,0.694,1.69%
8/17/2015,0.71,0.726,0.73,0.698,-2.20%
8/14/2015,0.726,0.713,0.738,0.701,2.40%
8/13/2015,0.709,0.661,0.713,0.649,5.98%
8/12/2015,0.669,0.681,0.681,0.621,-1.18%
8/11/2015,0.677,0.725,0.729,0.661,-7.13%
8/10/2015,0.729,0.729,0.741,0.721,1.11%
8/7/2015,0.721,0.709,0.749,0.697,1.69%
8/6/2015,0.709,0.732,0.732,0.697,-3.14%
8/5/2015,0.732,0.744,0.76,0.712,-0.54%
8/4/2015,0.736,0.673,0.736,0.669,10.68%
8/3/2015,0.665,0.676,0.692,0.653,-0.45%
7/31/2015,0.668,0.731,0.751,0.661,-8.24%
7/30/2015,0.728,0.716,0.751,0.716,2.82%
7/29/2015,0.708,0.688,0.724,0.688,5.67%
7/28/2015,0.67,0.662,0.682,0.658,2.45%
7/27/2015,0.654,0.678,0.682,0.645,-4.11%
7/24/2015,0.682,0.702,0.707,0.666,-2.29%
7/23/2015,0.698,0.719,0.727,0.694,-1.69%
7/22/2015,0.71,0.682,0.715,0.682,4.11%
7/21/2015,0.682,0.702,0.714,0.678,-3.94%
7/20/2015,0.71,0.686,0.71,0.682,6.05%
7/18/2015,0.669,0.669,0.669,0.669,0.00%
7/17/2015,0.669,0.665,0.686,0.657,1.21%
7/16/2015,0.661,0.649,0.677,0.641,4.42%
7/15/2015,0.633,0.641,0.677,0.621,-1.25%
7/14/2015,0.641,0.677,0.681,0.633,-5.32%
7/13/2015,0.677,0.637,0.685,0.633,4.96%
7/10/2015,0.645,0.617,0.657,0.601,10.26%
7/9/2015,0.585,0.549,0.589,0.545,6.56%
7/8/2015,0.549,0.589,0.589,0.541,-6.79%
7/7/2015,0.589,0.605,0.605,0.549,-0.67%
7/6/2015,0.593,0.57,0.621,0.566,-6.32%
7/2/2015,0.633,0.688,0.716,0.625,-8.53%
7/1/2015,0.692,0.653,0.696,0.637,7.29%
6/30/2015,0.645,0.637,0.664,0.621,1.26%
6/29/2015,0.637,0.625,0.672,0.617,-11.03%
6/26/2015,0.716,0.688,0.716,0.688,4.07%
6/25/2015,0.688,0.684,0.712,0.68,0.58%
6/24/2015,0.684,0.696,0.712,0.68,0.29%
6/23/2015,0.682,0.666,0.686,0.662,3.02%
6/22/2015,0.662,0.637,0.662,0.633,6.60%
6/19/2015,0.621,0.633,0.645,0.609,-2.51%
6/18/2015,0.637,0.649,0.665,0.629,-3.04%
6/17/2015,0.657,0.693,0.766,0.649,-5.33%
6/16/2015,0.694,0.706,0.71,0.686,-1.70%
6/15/2015,0.706,0.71,0.718,0.681,-2.75%
6/12/2015,0.726,0.725,0.738,0.709,1.26%
6/11/2015,0.717,0.729,0.753,0.717,-1.65%
6/10/2015,0.729,0.725,0.737,0.721,1.11%
6/9/2015,0.721,0.689,0.721,0.681,5.26%
6/8/2015,0.685,0.729,0.729,0.685,-4.46%
6/5/2015,0.717,0.669,0.752,0.665,7.82%
6/4/2015,0.665,0.669,0.688,0.653,-1.04%
6/3/2015,0.672,0.657,0.684,0.653,2.28%
6/2/2015,0.657,0.649,0.669,0.645,1.23%
6/1/2015,0.649,0.613,0.657,0.601,6.53%
5/30/2015,0.609,0.609,0.609,0.609,0.00%
5/29/2015,0.609,0.637,0.637,0.605,-3.18%
5/28/2015,0.629,0.656,0.656,0.625,-2.93%
5/27/2015,0.648,0.649,0.668,0.645,5.54%
5/26/2015,0.614,0.618,0.647,0.614,-1.35%
5/25/2015,0.622,0.618,0.622,0.618,0.71%
5/22/2015,0.618,0.577,0.631,0.569,7.11%
5/21/2015,0.577,0.589,0.597,0.573,-2.70%
5/20/2015,0.593,0.613,0.613,0.581,-3.89%
5/19/2015,0.617,0.577,0.617,0.557,6.93%
5/18/2015,0.577,0.532,0.581,0.532,6.85%
5/15/2015,0.54,0.548,0.561,0.532,-0.74%
5/14/2015,0.544,0.576,0.584,0.544,-6.21%
5/13/2015,0.58,0.604,0.604,0.56,-2.68%
5/12/2015,0.596,0.612,0.648,0.592,-3.87%
5/11/2015,0.62,0.572,0.62,0.568,8.39%
5/8/2015,0.572,0.635,0.672,0.56,-9.92%
5/7/2015,0.635,0.635,0.663,0.619,-0.63%
5/6/2015,0.639,0.627,0.647,0.615,1.91%
5/5/2015,0.627,0.607,0.635,0.583,3.98%
5/4/2015,0.603,0.615,0.615,0.587,0.67%
5/1/2015,0.599,0.583,0.611,0.575,4.17%
4/30/2015,0.575,0.563,0.614,0.559,2.13%
4/29/2015,0.563,0.555,0.602,0.547,0.00%
4/28/2015,0.563,0.539,0.567,0.539,7.44%
4/27/2015,0.524,0.512,0.533,0.508,3.15%
4/24/2015,0.508,0.541,0.545,0.508,-4.51%
4/23/2015,0.532,0.549,0.553,0.524,-3.80%
4/22/2015,0.553,0.52,0.557,0.52,6.35%
4/21/2015,0.52,0.524,0.545,0.52,-0.76%
4/20/2015,0.524,0.516,0.532,0.504,2.34%
4/17/2015,0.512,0.488,0.52,0.464,4.92%
4/16/2015,0.488,0.508,0.516,0.48,-2.40%
4/15/2015,0.5,0.516,0.516,0.496,-3.10%
4/14/2015,0.516,0.536,0.548,0.5,-3.73%
4/13/2015,0.536,0.564,0.576,0.532,-4.29%
4/10/2015,0.56,0.552,0.564,0.54,1.45%
4/9/2015,0.552,0.536,0.56,0.528,2.99%
4/8/2015,0.536,0.524,0.552,0.516,3.08%
4/7/2015,0.52,0.496,0.532,0.496,4.00%
4/6/2015,0.5,0.536,0.544,0.472,3.31%
4/3/2015,0.484,0.536,0.544,0.472,-11.03%
4/2/2015,0.544,0.539,0.552,0.52,0.93%
4/1/2015,0.539,0.563,0.579,0.531,-3.58%
3/31/2015,0.559,0.579,0.579,0.551,-4.12%
3/30/2015,0.583,0.59,0.598,0.571,-2.51%
3/27/2015,0.598,0.61,0.614,0.579,-3.24%
3/26/2015,0.618,0.602,0.63,0.59,1.98%
3/25/2015,0.606,0.587,0.606,0.563,8.02%
3/24/2015,0.561,0.573,0.59,0.561,-2.77%
3/23/2015,0.577,0.585,0.594,0.565,-1.37%
3/20/2015,0.585,0.609,0.613,0.573,-4.57%
3/19/2015,0.613,0.553,0.625,0.532,10.25%
3/18/2015,0.556,0.674,0.682,0.532,-17.51%
3/17/2015,0.674,0.653,0.674,0.637,3.22%
3/16/2015,0.653,0.657,0.665,0.637,-1.21%
3/13/2015,0.661,0.668,0.689,0.641,-0.45%
3/12/2015,0.664,0.68,0.692,0.64,-2.92%
3/11/2015,0.684,0.684,0.712,0.676,0.59%
3/10/2015,0.68,0.708,0.708,0.672,-2.30%
3/9/2015,0.696,0.735,0.735,0.696,-4.26%
3/6/2015,0.727,0.647,0.735,0.616,13.06%
3/5/2015,0.643,0.659,0.671,0.639,-2.43%
3/4/2015,0.659,0.678,0.69,0.655,-3.37%
3/3/2015,0.682,0.662,0.682,0.654,3.02%
3/2/2015,0.662,0.634,0.666,0.627,6.43%
2/27/2015,0.622,0.646,0.666,0.622,-4.89%
2/26/2015,0.654,0.61,0.658,0.595,7.74%
2/25/2015,0.607,0.603,0.622,0.587,9.76%
2/24/2015,0.553,0.614,0.643,0.553,-8.75%
2/23/2015,0.606,0.642,0.655,0.606,-5.61%
2/20/2015,0.642,0.626,0.65,0.589,3.38%
2/19/2015,0.621,0.597,0.629,0.581,2.64%
2/18/2015,0.605,0.666,0.69,0.589,-9.16%
2/17/2015,0.666,0.625,0.69,0.621,5.88%
2/16/2015,0.629,0.645,0.645,0.625,-2.48%
2/13/2015,0.645,0.628,0.649,0.625,2.06%
2/12/2015,0.632,0.66,0.68,0.628,-5.95%
2/11/2015,0.672,0.644,0.676,0.64,2.44%
2/10/2015,0.656,0.648,0.672,0.644,0.61%
2/9/2015,0.652,0.643,0.66,0.604,0.77%
2/6/2015,0.647,0.524,0.651,0.516,23.47%
2/5/2015,0.524,0.476,0.532,0.476,8.26%
2/4/2015,0.484,0.512,0.54,0.48,-6.20%
2/3/2015,0.516,0.465,0.516,0.457,10.26%
2/2/2015,0.468,0.465,0.484,0.453,3.31%
1/30/2015,0.453,0.528,0.528,0.453,-12.88%
1/29/2015,0.52,0.5,0.535,0.492,11.83%
1/28/2015,0.465,0.511,0.523,0.465,-9.71%
1/27/2015,0.515,0.519,0.523,0.482,0.00%
1/26/2015,0.515,0.478,0.527,0.478,5.10%
1/23/2015,0.49,0.524,0.524,0.471,-6.31%
1/22/2015,0.523,0.511,0.532,0.479,2.35%
1/21/2015,0.511,0.5,0.516,0.475,2.40%
1/20/2015,0.499,0.467,0.508,0.463,7.68%
1/19/2015,0.463,0.467,0.467,0.463,-5.04%
1/16/2015,0.488,0.416,0.492,0.408,16.19%
1/15/2015,0.42,0.505,0.537,0.404,-16.17%
1/14/2015,0.501,0.541,0.545,0.452,-7.39%
1/13/2015,0.541,0.549,0.565,0.525,-1.46%
1/12/2015,0.549,0.569,0.573,0.549,-2.83%
1/9/2015,0.565,0.609,0.633,0.549,-7.22%
1/8/2015,0.609,0.621,0.641,0.601,-1.30%
1/7/2015,0.617,0.629,0.657,0.605,-1.91%
1/6/2015,0.629,0.657,0.657,0.581,-5.41%
1/5/2015,0.665,0.665,0.697,0.661,-0.60%
1/2/2015,0.669,0.704,0.712,0.661,-0.51%
1/1/2015,0.672,0.672,0.672,0.672,0.00%
12/31/2014,0.672,0.684,0.688,0.668,-2.33%
12/30/2014,0.688,0.708,0.712,0.676,-3.37%
12/29/2014,0.712,0.739,0.743,0.704,-4.17%
12/26/2014,0.743,0.743,0.751,0.724,0.50%
12/25/2014,0.739,0.747,0.747,0.739,-0.50%
12/24/2014,0.743,0.739,0.747,0.724,0.00%
12/23/2014,0.743,0.712,0.747,0.704,12.07%
12/22/2014,0.663,0.646,0.663,0.634,3.27%
12/19/2014,0.642,0.637,0.654,0.618,1.42%
12/18/2014,0.633,0.629,0.646,0.593,2.59%
12/17/2014,0.617,0.548,0.629,0.516,10.97%
12/16/2014,0.556,0.58,0.585,0.48,-4.14%
12/15/2014,0.58,0.544,0.592,0.544,6.62%
12/12/2014,0.544,0.608,0.608,0.528,-10.53%
12/11/2014,0.608,0.568,0.62,0.56,6.29%
12/10/2014,0.572,0.616,0.628,0.568,-7.14%
12/9/2014,0.616,0.636,0.64,0.584,-2.38%
12/8/2014,0.631,0.651,0.675,0.627,-1.87%
12/5/2014,0.643,0.548,0.651,0.544,18.42%
12/4/2014,0.543,0.559,0.559,0.54,-2.86%
12/3/2014,0.559,0.543,0.563,0.539,3.71%
12/2/2014,0.539,0.496,0.543,0.496,6.94%
12/1/2014,0.504,0.484,0.504,0.457,5.88%
11/28/2014,0.476,0.508,0.512,0.472,-5.54%
11/27/2014,0.504,0.52,0.528,0.504,-3.10%
11/26/2014,0.52,0.52,0.528,0.508,-0.76%
11/25/2014,0.524,0.531,0.543,0.52,5.43%
11/24/2014,0.497,0.513,0.521,0.497,-1.58%
11/21/2014,0.505,0.513,0.521,0.501,-0.79%
11/20/2014,0.509,0.525,0.525,0.496,-3.05%
11/19/2014,0.525,0.512,0.541,0.508,4.17%
11/18/2014,0.504,0.508,0.512,0.5,-1.56%
11/17/2014,0.512,0.508,0.52,0.496,-0.78%
11/14/2014,0.516,0.523,0.548,0.508,-0.58%
11/13/2014,0.519,0.539,0.547,0.515,-4.42%
11/12/2014,0.543,0.551,0.551,0.523,-1.43%
11/11/2014,0.551,0.551,0.551,0.551,2.21%
11/10/2014,0.539,0.502,0.543,0.486,7.37%
11/7/2014,0.502,0.558,0.567,0.502,-8.73%
11/6/2014,0.55,0.526,0.554,0.522,4.56%
11/5/2014,0.526,0.517,0.538,0.517,1.74%
11/4/2014,0.517,0.517,0.521,0.505,0.00%
11/3/2014,0.517,0.497,0.529,0.489,4.02%
10/31/2014,0.497,0.473,0.509,0.473,4.19%
10/30/2014,0.477,0.497,0.501,0.469,-2.45%
10/29/2014,0.489,0.426,0.497,0.426,22.86%
10/28/2014,0.398,0.386,0.398,0.381,4.19%
10/27/2014,0.382,0.402,0.402,0.373,-1.04%
10/24/2014,0.386,0.39,0.398,0.37,-2.28%
10/23/2014,0.395,0.362,0.403,0.354,9.12%
10/22/2014,0.362,0.37,0.387,0.354,-1.09%
10/21/2014,0.366,0.354,0.37,0.334,3.39%
10/20/2014,0.354,0.379,0.379,0.347,-5.60%
10/17/2014,0.375,0.351,0.379,0.327,10.62%
10/16/2014,0.339,0.308,0.355,0.267,10.06%
10/15/2014,0.308,0.372,0.384,0.244,-18.09%
10/14/2014,0.376,0.396,0.412,0.364,-5.98%
10/13/2014,0.4,0.396,0.4,0.396,-6.57%
10/10/2014,0.428,0.448,0.472,0.428,-4.46%
10/9/2014,0.448,0.456,0.46,0.424,-0.88%
10/8/2014,0.452,0.512,0.52,0.444,-11.02%
10/7/2014,0.508,0.544,0.548,0.496,-5.22%
10/6/2014,0.536,0.563,0.567,0.528,-4.96%
10/3/2014,0.564,0.528,0.579,0.528,5.42%
10/2/2014,0.535,0.52,0.539,0.508,2.88%
10/1/2014,0.52,0.579,0.579,0.512,-9.57%
9/30/2014,0.575,0.579,0.595,0.567,0.00%
9/29/2014,0.575,0.587,0.59,0.563,-0.64%
9/27/2014,0.579,0.579,0.579,0.579,0.00%
9/26/2014,0.579,0.563,0.594,0.551,4.32%
9/25/2014,0.555,0.587,0.59,0.555,-6.09%
9/24/2014,0.591,0.575,0.59,0.575,9.24%
9/23/2014,0.541,0.557,0.557,0.537,-2.17%
9/22/2014,0.553,0.561,0.565,0.545,-2.81%
9/19/2014,0.569,0.573,0.593,0.569,0.71%
9/18/2014,0.565,0.577,0.597,0.565,-0.70%
9/17/2014,0.569,0.536,0.581,0.512,5.37%
9/16/2014,0.54,0.548,0.548,0.528,-0.74%
9/15/2014,0.544,0.56,0.568,0.544,-3.60%
9/13/2014,0.564,0.564,0.564,0.564,0.00%
9/12/2014,0.564,0.568,0.58,0.56,0.00%
9/11/2014,0.564,0.568,0.568,0.544,-1.40%
9/10/2014,0.572,0.564,0.576,0.56,2.14%
9/9/2014,0.56,0.544,0.568,0.544,5.26%
9/8/2014,0.532,0.504,0.536,0.5,4.72%
9/5/2014,0.508,0.544,0.564,0.492,-5.22%
9/4/2014,0.536,0.516,0.544,0.5,3.08%
9/3/2014,0.52,0.524,0.547,0.52,-1.52%
9/2/2014,0.528,0.496,0.528,0.496,7.30%
9/1/2014,0.492,0.492,0.496,0.492,0.00%
8/29/2014,0.492,0.504,0.512,0.484,-2.38%
8/28/2014,0.504,0.516,0.516,0.5,-2.33%
8/27/2014,0.516,0.52,0.524,0.512,4.03%
8/26/2014,0.496,0.508,0.508,0.496,-1.59%
8/25/2014,0.504,0.5,0.508,0.488,2.44%
8/22/2014,0.492,0.472,0.504,0.463,4.24%
8/21/2014,0.472,0.476,0.48,0.456,-0.84%
8/20/2014,0.476,0.431,0.484,0.431,10.44%
8/19/2014,0.431,0.423,0.431,0.411,2.86%
8/18/2014,0.419,0.424,0.427,0.415,1.95%
8/15/2014,0.411,0.428,0.436,0.391,-1.20%
8/14/2014,0.416,0.42,0.42,0.4,0.00%
8/13/2014,0.416,0.436,0.444,0.416,-4.59%
8/12/2014,0.436,0.448,0.448,0.432,-1.80%
8/11/2014,0.444,0.448,0.456,0.44,-0.89%
8/8/2014,0.448,0.437,0.448,0.413,3.70%
8/7/2014,0.432,0.456,0.468,0.433,-6.09%
8/6/2014,0.46,0.464,0.472,0.448,-1.71%
8/5/2014,0.468,0.468,0.484,0.46,0.00%
8/4/2014,0.468,0.48,0.484,0.468,-1.74%
8/2/2014,0.476,0.476,0.476,0.476,0.00%
8/1/2014,0.476,0.535,0.544,0.468,-10.36%
7/31/2014,0.531,0.555,0.571,0.531,-5.01%
7/30/2014,0.559,0.543,0.59,0.543,2.95%
7/29/2014,0.543,0.547,0.551,0.543,7.74%
7/28/2014,0.504,0.496,0.508,0.492,2.44%
7/25/2014,0.492,0.496,0.504,0.492,0.00%
7/24/2014,0.492,0.476,0.5,0.472,4.46%
7/23/2014,0.471,0.48,0.48,0.468,-1.05%
7/22/2014,0.476,0.496,0.5,0.476,-3.25%
7/21/2014,0.492,0.488,0.5,0.484,1.65%
7/18/2014,0.484,0.452,0.484,0.452,8.04%
7/17/2014,0.448,0.484,0.488,0.448,-8.20%
7/16/2014,0.488,0.476,0.492,0.476,1.67%
7/15/2014,0.48,0.468,0.48,0.448,3.45%
7/14/2014,0.464,0.452,0.468,0.452,2.68%
7/12/2014,0.452,0.452,0.452,0.452,0.00%
7/11/2014,0.452,0.456,0.46,0.444,-0.88%
7/10/2014,0.456,0.488,0.488,0.444,-5.00%
7/9/2014,0.48,0.508,0.536,0.48,-5.51%
7/8/2014,0.508,0.52,0.52,0.5,-1.55%
7/7/2014,0.516,0.532,0.532,0.516,0.78%
7/3/2014,0.512,0.488,0.532,0.484,4.92%
7/2/2014,0.488,0.465,0.492,0.465,4.05%
7/1/2014,0.469,0.465,0.472,0.461,2.63%
6/30/2014,0.457,0.461,0.468,0.457,-1.72%
6/27/2014,0.465,0.465,0.465,0.453,-0.85%
6/26/2014,0.469,0.488,0.496,0.465,-3.10%
6/25/2014,0.484,0.496,0.5,0.472,5.22%
6/24/2014,0.46,0.468,0.477,0.46,-1.71%
6/23/2014,0.468,0.46,0.468,0.456,2.63%
6/20/2014,0.456,0.456,0.476,0.448,0.88%
6/19/2014,0.452,0.44,0.464,0.431,0.00%
6/18/2014,0.452,0.484,0.492,0.44,-6.61%
6/17/2014,0.484,0.475,0.488,0.468,3.42%
6/16/2014,0.468,0.463,0.475,0.455,2.86%
6/13/2014,0.455,0.451,0.471,0.447,3.64%
6/12/2014,0.439,0.435,0.447,0.407,0.92%
6/11/2014,0.435,0.447,0.447,0.427,-1.81%
6/10/2014,0.443,0.427,0.443,0.423,3.75%
6/9/2014,0.427,0.411,0.427,0.411,4.91%
6/6/2014,0.407,0.379,0.407,0.371,6.27%
6/5/2014,0.383,0.395,0.403,0.379,-4.01%
6/4/2014,0.399,0.403,0.403,0.387,-0.99%
6/3/2014,0.403,0.387,0.407,0.387,3.07%
6/2/2014,0.391,0.383,0.403,0.379,4.27%
5/30/2014,0.375,0.379,0.387,0.367,-1.06%
5/29/2014,0.379,0.367,0.379,0.359,2.16%
5/28/2014,0.371,0.387,0.387,0.367,6.00%
5/27/2014,0.35,0.347,0.359,0.342,0.00%
5/26/2014,0.35,0.35,0.35,0.35,1.30%
5/23/2014,0.346,0.351,0.355,0.338,-0.29%
5/22/2014,0.347,0.351,0.355,0.343,1.17%
5/21/2014,0.343,0.339,0.347,0.335,1.18%
5/20/2014,0.339,0.351,0.351,0.326,-2.31%
5/19/2014,0.347,0.367,0.367,0.339,-4.41%
5/16/2014,0.363,0.359,0.367,0.351,2.25%
5/15/2014,0.355,0.367,0.387,0.351,-4.31%
5/14/2014,0.371,0.379,0.383,0.355,-3.13%
5/13/2014,0.383,0.403,0.407,0.383,-4.01%
5/12/2014,0.399,0.391,0.403,0.391,3.10%
5/9/2014,0.387,0.391,0.395,0.379,0.00%
5/8/2014,0.387,0.407,0.411,0.387,-3.97%
5/7/2014,0.403,0.427,0.431,0.399,-5.62%
5/6/2014,0.427,0.419,0.431,0.419,1.18%
5/5/2014,0.422,0.423,0.423,0.411,0.00%
5/2/2014,0.422,0.414,0.482,0.407,2.93%
5/1/2014,0.41,0.41,0.422,0.407,-0.97%
4/30/2014,0.414,0.438,0.446,0.414,-5.48%
4/29/2014,0.438,0.442,0.45,0.438,0.00%
4/28/2014,0.438,0.438,0.442,0.426,0.92%
4/25/2014,0.434,0.438,0.442,0.426,-1.81%
4/24/2014,0.442,0.45,0.458,0.438,-0.90%
4/23/2014,0.446,0.442,0.446,0.434,10.67%
4/22/2014,0.403,0.391,0.412,0.391,2.03%
4/21/2014,0.395,0.403,0.411,0.391,-1.00%
4/17/2014,0.399,0.375,0.399,0.367,7.55%
4/16/2014,0.371,0.371,0.383,0.367,0.00%
4/15/2014,0.371,0.371,0.387,0.363,0.00%
4/14/2014,0.371,0.355,0.375,0.351,3.34%
4/11/2014,0.359,0.355,0.363,0.343,1.13%
4/10/2014,0.355,0.363,0.375,0.347,-2.20%
4/9/2014,0.363,0.403,0.415,0.363,-9.02%
4/8/2014,0.399,0.403,0.411,0.399,0.00%
4/7/2014,0.399,0.411,0.419,0.395,-3.86%
4/4/2014,0.415,0.462,0.498,0.411,-9.39%
4/3/2014,0.458,0.454,0.458,0.446,0.00%
4/2/2014,0.458,0.438,0.462,0.438,5.53%
4/1/2014,0.434,0.434,0.442,0.426,2.84%
3/31/2014,0.422,0.465,0.465,0.422,-7.05%
3/28/2014,0.454,0.454,0.458,0.446,0.89%
3/27/2014,0.45,0.446,0.465,0.442,0.90%
3/26/2014,0.446,0.465,0.477,0.438,3.96%
3/25/2014,0.429,0.441,0.441,0.421,-1.83%
3/24/2014,0.437,0.445,0.465,0.437,1.86%
3/21/2014,0.429,0.432,0.445,0.42,1.18%
3/20/2014,0.424,0.432,0.444,0.415,0.24%
3/19/2014,0.423,0.351,0.448,0.343,20.51%
3/18/2014,0.351,0.359,0.363,0.347,-3.31%
3/17/2014,0.363,0.346,0.367,0.346,4.91%
3/14/2014,0.346,0.346,0.35,0.322,1.17%
3/13/2014,0.342,0.374,0.39,0.334,-7.57%
3/12/2014,0.37,0.374,0.374,0.358,-1.07%
3/11/2014,0.374,0.373,0.382,0.37,1.36%
3/10/2014,0.369,0.373,0.382,0.365,-1.07%
3/7/2014,0.373,0.341,0.385,0.341,8.12%
3/6/2014,0.345,0.337,0.353,0.333,2.37%
3/5/2014,0.337,0.333,0.345,0.329,1.20%
3/4/2014,0.333,0.305,0.337,0.305,9.18%
3/3/2014,0.305,0.309,0.321,0.301,-6.15%
2/28/2014,0.325,0.329,0.345,0.321,0.00%
2/27/2014,0.325,0.324,0.328,0.317,-0.91%
2/26/2014,0.328,0.34,0.348,0.328,3.14%
2/25/2014,0.318,0.326,0.326,0.314,-1.24%
2/24/2014,0.322,0.322,0.33,0.314,1.26%
2/21/2014,0.318,0.322,0.33,0.314,-1.55%
2/20/2014,0.323,0.319,0.331,0.306,1.25%
2/19/2014,0.319,0.306,0.322,0.294,5.63%
2/18/2014,0.302,0.319,0.319,0.299,-5.24%
2/17/2014,0.319,0.315,0.319,0.315,1.17%
2/14/2014,0.315,0.315,0.323,0.311,0.00%
2/13/2014,0.315,0.339,0.343,0.311,-8.16%
2/12/2014,0.343,0.335,0.347,0.331,2.39%
2/11/2014,0.335,0.319,0.335,0.315,7.72%
2/10/2014,0.311,0.307,0.315,0.303,1.30%
2/7/2014,0.307,0.327,0.331,0.296,-5.25%
2/6/2014,0.324,0.308,0.327,0.308,2.53%
2/5/2014,0.316,0.316,0.32,0.296,0.00%
2/4/2014,0.316,0.304,0.316,0.3,5.33%
2/3/2014,0.3,0.34,0.34,0.296,-9.64%
1/31/2014,0.332,0.344,0.347,0.328,-4.32%
1/30/2014,0.347,0.355,0.367,0.347,-2.25%
1/29/2014,0.355,0.391,0.391,0.344,3.20%
1/28/2014,0.344,0.356,0.36,0.344,0.00%
1/27/2014,0.344,0.344,0.36,0.34,1.18%
1/24/2014,0.34,0.364,0.368,0.311,-6.59%
1/23/2014,0.364,0.404,0.404,0.351,-9.90%
1/22/2014,0.404,0.384,0.404,0.384,6.32%
1/21/2014,0.38,0.379,0.388,0.375,1.25%
1/20/2014,0.375,0.375,0.375,0.375,0.00%
1/17/2014,0.375,0.391,0.391,0.375,-3.10%
1/16/2014,0.387,0.391,0.395,0.379,-2.03%
1/15/2014,0.395,0.386,0.398,0.378,3.40%
1/14/2014,0.382,0.366,0.386,0.362,5.52%
1/13/2014,0.362,0.374,0.378,0.358,-3.21%
1/10/2014,0.374,0.433,0.433,0.374,-13.63%
1/9/2014,0.433,0.421,0.437,0.421,0.93%
1/8/2014,0.429,0.393,0.433,0.393,9.16%
1/7/2014,0.393,0.397,0.397,0.389,-1.01%
1/6/2014,0.397,0.4,0.401,0.393,-1.73%
1/3/2014,0.404,0.388,0.404,0.388,5.21%
1/2/2014,0.384,0.396,0.396,0.38,0.00%
1/1/2014,0.384,0.384,0.384,0.384,0.00%
12/31/2013,0.384,0.387,0.392,0.38,0.26%
12/30/2013,0.383,0.395,0.395,0.38,-2.05%
12/27/2013,0.391,0.407,0.411,0.391,-4.87%
12/26/2013,0.411,0.407,0.415,0.395,0.98%
12/25/2013,0.407,0.399,0.407,0.399,2.01%
12/24/2013,0.399,0.387,0.403,0.383,3.10%
12/23/2013,0.387,0.391,0.391,0.38,1.84%
12/20/2013,0.38,0.376,0.399,0.368,3.26%
12/19/2013,0.368,0.34,0.376,0.336,9.52%
12/18/2013,0.336,0.34,0.364,0.321,4.35%
12/17/2013,0.322,0.33,0.335,0.318,-3.59%
12/16/2013,0.334,0.334,0.334,0.326,1.21%
12/13/2013,0.33,0.33,0.338,0.326,1.23%
12/12/2013,0.326,0.314,0.342,0.31,5.16%
12/11/2013,0.31,0.306,0.31,0.302,2.65%
12/10/2013,0.302,0.306,0.306,0.298,0.00%
12/9/2013,0.302,0.302,0.306,0.294,-1.31%
12/6/2013,0.306,0.305,0.322,0.298,0.33%
12/5/2013,0.305,0.293,0.305,0.293,4.10%
12/4/2013,0.293,0.293,0.309,0.289,1.38%
12/3/2013,0.289,0.289,0.289,0.282,0.00%
12/2/2013,0.289,0.289,0.297,0.285,1.40%
11/29/2013,0.285,0.293,0.297,0.281,-1.49%
11/28/2013,0.289,0.289,0.289,0.289,0.00%
11/27/2013,0.289,0.289,0.293,0.285,-1.37%
11/26/2013,0.293,0.303,0.303,0.293,3.90%
11/25/2013,0.282,0.282,0.287,0.282,0.00%
11/22/2013,0.282,0.274,0.287,0.274,2.92%
11/21/2013,0.274,0.278,0.282,0.266,-1.44%
11/20/2013,0.278,0.294,0.294,0.262,-5.44%
11/19/2013,0.294,0.286,0.294,0.282,4.26%
11/18/2013,0.282,0.29,0.294,0.282,-4.08%
11/15/2013,0.294,0.294,0.298,0.29,0.00%
11/14/2013,0.294,0.298,0.306,0.29,-3.92%
11/13/2013,0.306,0.326,0.326,0.298,-7.27%
11/12/2013,0.33,0.318,0.33,0.314,5.16%
11/11/2013,0.314,0.314,0.318,0.314,0.00%
11/8/2013,0.314,0.29,0.322,0.286,9.79%
11/7/2013,0.286,0.298,0.298,0.27,-2.39%
11/6/2013,0.293,0.297,0.301,0.29,-2.66%
11/5/2013,0.301,0.301,0.313,0.301,-1.31%
11/4/2013,0.305,0.305,0.309,0.305,-2.56%
11/1/2013,0.313,0.309,0.313,0.305,1.29%
10/31/2013,0.309,0.317,0.317,0.305,-1.28%
10/30/2013,0.313,0.313,0.317,0.305,-1.26%
10/29/2013,0.317,0.317,0.324,0.317,3.26%
10/28/2013,0.307,0.311,0.311,0.303,1.32%
10/25/2013,0.303,0.311,0.311,0.303,-1.30%
10/24/2013,0.307,0.311,0.315,0.307,-1.29%
10/23/2013,0.311,0.299,0.315,0.29,5.78%
10/22/2013,0.294,0.315,0.319,0.294,-6.67%
10/21/2013,0.315,0.319,0.319,0.311,-1.25%
10/18/2013,0.319,0.318,0.319,0.306,1.59%
10/17/2013,0.314,0.326,0.326,0.31,-5.99%
10/16/2013,0.334,0.354,0.366,0.33,-5.65%
10/15/2013,0.354,0.358,0.358,0.346,-2.24%
10/14/2013,0.362,0.362,0.362,0.362,3.46%
10/11/2013,0.35,0.35,0.354,0.338,1.16%
10/10/2013,0.346,0.361,0.369,0.342,-4.16%
10/9/2013,0.361,0.369,0.377,0.361,-6.23%
10/8/2013,0.385,0.345,0.393,0.341,11.59%
10/7/2013,0.345,0.325,0.345,0.325,3.60%
10/4/2013,0.333,0.317,0.333,0.313,6.39%
10/3/2013,0.313,0.317,0.329,0.313,-2.49%
10/2/2013,0.321,0.336,0.337,0.309,-3.60%
10/1/2013,0.333,0.321,0.336,0.321,3.74%
9/30/2013,0.321,0.321,0.34,0.321,-4.46%
9/27/2013,0.336,0.34,0.344,0.332,-1.18%
9/26/2013,0.34,0.344,0.352,0.34,0.00%
9/25/2013,0.34,0.352,0.356,0.34,3.03%
9/24/2013,0.33,0.334,0.338,0.326,-1.20%
9/23/2013,0.334,0.335,0.351,0.33,-0.30%
9/20/2013,0.335,0.343,0.347,0.326,-1.18%
9/19/2013,0.339,0.327,0.343,0.311,3.67%
9/18/2013,0.327,0.375,0.395,0.323,-12.80%
9/17/2013,0.375,0.395,0.395,0.371,-5.06%
9/16/2013,0.395,0.435,0.435,0.375,-9.20%
9/13/2013,0.435,0.447,0.467,0.435,-1.81%
9/12/2013,0.443,0.447,0.451,0.431,-0.89%
9/11/2013,0.447,0.475,0.475,0.447,-5.10%
9/10/2013,0.471,0.451,0.475,0.447,5.37%
9/9/2013,0.447,0.463,0.467,0.435,-2.51%
9/7/2013,0.458,0.458,0.458,0.458,0.00%
9/6/2013,0.459,0.518,0.538,0.439,-11.39%
9/5/2013,0.518,0.474,0.526,0.47,10.21%
9/4/2013,0.47,0.418,0.474,0.414,12.44%
9/3/2013,0.418,0.43,0.434,0.41,-1.95%
9/2/2013,0.426,0.43,0.43,0.426,5.78%
8/30/2013,0.403,0.403,0.403,0.387,1.00%
8/29/2013,0.399,0.399,0.41,0.395,0.00%
8/28/2013,0.399,0.383,0.403,0.379,12.08%
8/27/2013,0.356,0.372,0.377,0.356,-3.26%
8/26/2013,0.368,0.38,0.389,0.368,-3.16%
8/23/2013,0.38,0.396,0.409,0.372,-3.06%
8/22/2013,0.392,0.375,0.396,0.371,6.81%
8/21/2013,0.367,0.347,0.371,0.343,7.00%
8/20/2013,0.343,0.351,0.355,0.339,-3.38%
8/19/2013,0.355,0.347,0.359,0.347,3.50%
8/16/2013,0.343,0.35,0.355,0.343,-0.87%
8/15/2013,0.346,0.326,0.362,0.326,4.85%
8/14/2013,0.33,0.334,0.334,0.326,-1.20%
8/13/2013,0.334,0.314,0.338,0.31,7.74%
8/12/2013,0.31,0.31,0.31,0.302,1.37%
8/10/2013,0.306,0.306,0.306,0.306,0.00%
8/9/2013,0.306,0.306,0.31,0.302,0.00%
8/8/2013,0.306,0.306,0.31,0.301,0.33%
8/7/2013,0.305,0.309,0.31,0.301,-1.29%
8/6/2013,0.309,0.305,0.313,0.301,1.31%
8/5/2013,0.305,0.301,0.313,0.297,1.23%
8/3/2013,0.301,0.301,0.301,0.301,0.00%
8/2/2013,0.301,0.329,0.349,0.297,-8.51%
8/1/2013,0.329,0.313,0.333,0.309,5.11%
7/31/2013,0.313,0.317,0.34,0.309,0.00%
7/30/2013,0.313,0.321,0.321,0.313,-1.26%
7/29/2013,0.317,0.313,0.321,0.309,0.00%
7/27/2013,0.317,0.317,0.317,0.317,0.00%
7/26/2013,0.317,0.324,0.328,0.313,-2.46%
7/25/2013,0.325,0.348,0.352,0.324,-7.67%
7/24/2013,0.352,0.328,0.36,0.328,12.10%
7/23/2013,0.314,0.302,0.318,0.302,2.61%
7/22/2013,0.306,0.298,0.306,0.29,1.22%
7/20/2013,0.302,0.302,0.302,0.302,0.00%
7/19/2013,0.302,0.307,0.314,0.298,-2.89%
7/18/2013,0.311,0.303,0.315,0.294,2.64%
7/17/2013,0.303,0.327,0.327,0.295,-7.34%
7/16/2013,0.327,0.331,0.335,0.323,-1.21%
7/15/2013,0.331,0.347,0.359,0.327,-4.61%
7/13/2013,0.347,0.347,0.347,0.347,0.00%
7/12/2013,0.347,0.331,0.351,0.315,4.83%
7/11/2013,0.331,0.335,0.347,0.327,-10.78%
7/10/2013,0.371,0.375,0.375,0.355,0.00%
7/9/2013,0.371,0.367,0.375,0.359,2.20%
7/8/2013,0.363,0.399,0.407,0.363,-8.98%
7/6/2013,0.399,0.399,0.399,0.399,0.00%
7/5/2013,0.399,0.359,0.407,0.351,9.86%
7/4/2013,0.363,0.363,0.363,0.363,0.00%
7/3/2013,0.363,0.351,0.367,0.336,3.42%
7/2/2013,0.351,0.355,0.359,0.343,-1.13%
7/1/2013,0.355,0.359,0.371,0.347,-1.20%
6/29/2013,0.359,0.359,0.359,0.359,0.00%
6/28/2013,0.359,0.355,0.383,0.344,0.00%
6/27/2013,0.359,0.383,0.387,0.355,-6.27%
6/26/2013,0.383,0.442,0.442,0.379,-6.36%
6/25/2013,0.409,0.384,0.413,0.368,3.28%
6/24/2013,0.396,0.376,0.433,0.372,6.54%
6/22/2013,0.372,0.372,0.372,0.372,0.00%
6/21/2013,0.372,0.327,0.376,0.323,12.39%
6/20/2013,0.331,0.319,0.347,0.31,6.77%
6/19/2013,0.31,0.266,0.315,0.254,16.54%
6/18/2013,0.266,0.266,0.278,0.262,-1.48%
6/17/2013,0.27,0.286,0.286,0.258,-1.50%
6/15/2013,0.274,0.274,0.274,0.274,0.00%
6/14/2013,0.274,0.286,0.29,0.27,-4.20%
6/13/2013,0.286,0.33,0.33,0.286,-12.27%
6/12/2013,0.326,0.326,0.33,0.318,0.00%
6/11/2013,0.326,0.318,0.342,0.31,3.82%
6/10/2013,0.314,0.31,0.322,0.306,2.72%
6/8/2013,0.306,0.306,0.306,0.306,0.00%
6/7/2013,0.306,0.294,0.31,0.286,5.52%
6/6/2013,0.29,0.289,0.294,0.282,0.35%
6/5/2013,0.289,0.301,0.301,0.286,-3.99%
6/4/2013,0.301,0.297,0.301,0.293,2.73%
6/3/2013,0.293,0.301,0.305,0.285,-1.41%
6/1/2013,0.297,0.297,0.297,0.297,0.00%
5/31/2013,0.297,0.297,0.313,0.289,0.00%
5/30/2013,0.297,0.297,0.305,0.289,0.00%
5/29/2013,0.297,0.309,0.313,0.293,1.71%
5/28/2013,0.292,0.251,0.296,0.251,16.20%
5/25/2013,0.251,0.251,0.251,0.251,0.00%
5/24/2013,0.251,0.251,0.259,0.247,0.00%
5/23/2013,0.251,0.25,0.259,0.242,0.40%
5/22/2013,0.25,0.238,0.25,0.23,5.04%
5/21/2013,0.238,0.242,0.246,0.238,-1.65%
5/20/2013,0.242,0.246,0.25,0.238,-1.55%
5/18/2013,0.246,0.246,0.246,0.246,0.00%
5/17/2013,0.246,0.233,0.246,0.233,5.58%
5/16/2013,0.233,0.241,0.241,0.229,-3.32%
5/15/2013,0.241,0.253,0.253,0.237,-3.21%
5/14/2013,0.249,0.237,0.253,0.237,3.32%
5/13/2013,0.241,0.245,0.245,0.241,0.00%
5/11/2013,0.241,0.241,0.241,0.241,0.00%
5/10/2013,0.241,0.224,0.245,0.224,7.59%
5/9/2013,0.224,0.224,0.224,0.22,0.00%
5/8/2013,0.224,0.228,0.228,0.224,0.00%
5/7/2013,0.224,0.216,0.224,0.216,3.70%
5/6/2013,0.216,0.22,0.224,0.216,-1.73%
5/4/2013,0.22,0.22,0.22,0.22,0.00%
5/3/2013,0.22,0.2,0.22,0.2,10.00%
5/2/2013,0.2,0.204,0.208,0.2,-1.48%
5/1/2013,0.203,0.211,0.215,0.204,-3.79%
4/30/2013,0.211,0.211,0.211,0.207,0.00%
4/29/2013,0.211,0.215,0.215,0.211,-1.91%
4/27/2013,0.215,0.215,0.215,0.215,0.00%
4/26/2013,0.215,0.231,0.231,0.215,-6.93%
4/25/2013,0.231,0.231,0.235,0.227,0.00%
4/24/2013,0.231,0.231,0.235,0.227,0.43%
4/23/2013,0.23,0.226,0.23,0.222,1.77%
4/22/2013,0.226,0.234,0.238,0.226,-3.34%
4/20/2013,0.234,0.234,0.234,0.234,0.00%
4/19/2013,0.234,0.23,0.234,0.226,1.74%
4/18/2013,0.23,0.23,0.234,0.226,0.00%
4/17/2013,0.23,0.23,0.23,0.226,0.00%
4/16/2013,0.23,0.222,0.23,0.222,3.60%
4/15/2013,0.222,0.23,0.234,0.222,-3.48%
4/13/2013,0.23,0.23,0.23,0.23,0.00%
4/12/2013,0.23,0.234,0.234,0.226,-1.71%
4/11/2013,0.234,0.234,0.234,0.23,0.00%
4/10/2013,0.234,0.234,0.234,0.23,0.00%
4/9/2013,0.234,0.234,0.238,0.23,1.74%
4/8/2013,0.23,0.23,0.234,0.23,0.00%
4/5/2013,0.23,0.23,0.234,0.218,0.00%
4/4/2013,0.23,0.23,0.234,0.222,0.00%
4/3/2013,0.23,0.242,0.246,0.23,-4.96%
4/2/2013,0.242,0.242,0.25,0.242,0.00%
4/1/2013,0.242,0.25,0.254,0.242,-3.20%
3/29/2013,0.25,0.25,0.25,0.25,0.00%
3/28/2013,0.25,0.246,0.25,0.242,1.63%
3/27/2013,0.246,0.258,0.262,0.246,-1.60%
3/26/2013,0.25,0.25,0.254,0.246,1.63%
3/25/2013,0.246,0.254,0.262,0.246,-3.15%
3/23/2013,0.254,0.254,0.254,0.254,0.00%
3/22/2013,0.254,0.25,0.254,0.242,1.60%
3/21/2013,0.25,0.25,0.25,0.246,0.00%
3/20/2013,0.25,0.242,0.25,0.242,3.31%
3/19/2013,0.242,0.246,0.25,0.234,-1.63%
3/18/2013,0.246,0.242,0.254,0.242,-3.15%
3/16/2013,0.254,0.254,0.254,0.254,0.00%
3/15/2013,0.254,0.266,0.266,0.254,-4.51%
3/14/2013,0.266,0.262,0.274,0.262,1.53%
3/13/2013,0.262,0.262,0.266,0.258,1.55%
3/12/2013,0.258,0.258,0.262,0.254,0.00%
3/11/2013,0.258,0.258,0.258,0.254,1.57%
3/9/2013,0.254,0.254,0.254,0.254,0.00%
3/8/2013,0.254,0.254,0.27,0.254,0.00%
3/7/2013,0.254,0.25,0.258,0.246,1.60%
3/6/2013,0.25,0.242,0.25,0.238,3.31%
3/5/2013,0.242,0.238,0.246,0.238,1.68%
3/4/2013,0.238,0.238,0.238,0.234,0.00%
3/2/2013,0.238,0.238,0.238,0.238,0.00%
3/1/2013,0.238,0.238,0.246,0.234,0.00%
2/28/2013,0.238,0.246,0.246,0.238,-3.25%
2/27/2013,0.246,0.246,0.246,0.242,0.00%
2/26/2013,0.246,0.25,0.25,0.242,1.65%
2/25/2013,0.242,0.254,0.258,0.242,-3.20%
2/23/2013,0.25,0.25,0.25,0.25,0.00%
2/22/2013,0.25,0.258,0.258,0.25,-1.57%
2/21/2013,0.254,0.262,0.262,0.246,-3.05%
2/20/2013,0.262,0.274,0.278,0.262,-4.38%
2/19/2013,0.274,0.274,0.278,0.27,1.44%
2/16/2013,0.27,0.27,0.27,0.27,0.00%
2/15/2013,0.27,0.266,0.274,0.266,1.50%
2/14/2013,0.266,0.278,0.282,0.266,-4.32%
2/13/2013,0.278,0.27,0.282,0.266,2.96%
2/12/2013,0.27,0.258,0.27,0.258,4.65%
2/11/2013,0.258,0.25,0.262,0.25,3.20%
2/9/2013,0.25,0.254,0.254,0.25,0.00%
2/8/2013,0.25,0.254,0.258,0.25,0.00%
2/7/2013,0.25,0.25,0.262,0.242,0.00%
2/6/2013,0.25,0.258,0.262,0.25,-4.58%
2/5/2013,0.262,0.254,0.266,0.254,3.15%
2/4/2013,0.254,0.266,0.274,0.25,-4.40%
2/2/2013,0.266,0.266,0.266,0.266,0.00%
2/1/2013,0.266,0.27,0.282,0.246,0.00%
1/31/2013,0.266,0.27,0.27,0.262,-1.48%
1/30/2013,0.27,0.281,0.285,0.27,-3.91%
1/29/2013,0.281,0.281,0.293,0.277,0.36%
1/28/2013,0.28,0.28,0.292,0.276,1.49%
1/26/2013,0.276,0.276,0.276,0.276,0.00%
1/25/2013,0.276,0.247,0.28,0.247,13.58%
1/24/2013,0.243,0.238,0.247,0.234,2.10%
1/23/2013,0.238,0.246,0.251,0.238,-3.25%
1/22/2013,0.246,0.262,0.262,0.242,-3.26%
1/19/2013,0.254,0.254,0.254,0.254,0.00%
1/18/2013,0.254,0.266,0.274,0.254,-4.51%
1/17/2013,0.266,0.249,0.266,0.245,6.83%
1/16/2013,0.249,0.253,0.253,0.245,0.00%
1/15/2013,0.249,0.253,0.253,0.245,0.00%
1/14/2013,0.249,0.249,0.253,0.245,0.00%
1/12/2013,0.249,0.253,0.253,0.249,0.00%
1/11/2013,0.249,0.256,0.261,0.245,-1.19%
1/10/2013,0.252,0.248,0.252,0.24,3.28%
1/9/2013,0.244,0.26,0.26,0.244,-4.69%
1/8/2013,0.256,0.268,0.268,0.256,-4.48%
1/7/2013,0.268,0.271,0.272,0.268,0.00%
1/5/2013,0.268,0.268,0.268,0.268,0.00%
1/4/2013,0.268,0.271,0.299,0.264,-1.11%
1/3/2013,0.271,0.259,0.275,0.255,4.63%
1/2/2013,0.259,0.251,0.271,0.251,3.31%
1/1/2013,0.251,0.251,0.251,0.251,0.00%
12/31/2012,0.251,0.25,0.255,0.243,0.24%
12/29/2012,0.25,0.25,0.25,0.25,0.00%
12/28/2012,0.25,0.266,0.266,0.25,-4.58%
12/27/2012,0.262,0.27,0.278,0.262,-2.96%
12/26/2012,0.27,0.274,0.282,0.266,0.00%
12/25/2012,0.27,0.27,0.27,0.27,0.00%
12/24/2012,0.27,0.27,0.274,0.258,0.00%
12/22/2012,0.27,0.27,0.27,0.27,0.00%
12/21/2012,0.27,0.274,0.274,0.262,-1.46%
12/20/2012,0.274,0.278,0.282,0.266,-1.44%
12/19/2012,0.278,0.282,0.286,0.27,-1.42%
12/18/2012,0.282,0.258,0.282,0.258,11.02%
12/17/2012,0.254,0.234,0.254,0.234,6.72%
12/15/2012,0.238,0.238,0.238,0.238,0.00%
12/14/2012,0.238,0.25,0.254,0.234,-4.80%
12/13/2012,0.25,0.25,0.254,0.238,1.63%
12/12/2012,0.246,0.242,0.246,0.238,1.65%
12/11/2012,0.242,0.238,0.246,0.238,1.68%
12/10/2012,0.238,0.242,0.242,0.238,-1.69%
12/8/2012,0.242,0.242,0.242,0.242,0.00%
12/7/2012,0.242,0.242,0.254,0.242,0.00%
12/6/2012,0.242,0.242,0.242,0.234,0.00%
12/5/2012,0.242,0.25,0.25,0.238,-1.63%
12/4/2012,0.246,0.254,0.254,0.246,-3.15%
12/3/2012,0.254,0.254,0.262,0.25,1.60%
12/1/2012,0.25,0.25,0.25,0.25,0.00%
11/30/2012,0.25,0.258,0.262,0.25,-3.10%
11/29/2012,0.258,0.266,0.266,0.258,-3.01%
11/28/2012,0.266,0.27,0.27,0.262,0.00%
11/27/2012,0.266,0.27,0.275,0.262,-1.48%
11/26/2012,0.27,0.274,0.274,0.266,-1.60%
11/24/2012,0.274,0.274,0.274,0.274,0.00%
11/23/2012,0.274,0.274,0.274,0.266,0.00%
11/22/2012,0.274,0.274,0.274,0.274,0.00%
11/21/2012,0.274,0.258,0.274,0.258,6.20%
11/20/2012,0.258,0.246,0.262,0.246,4.88%
11/19/2012,0.246,0.242,0.25,0.242,1.69%
11/17/2012,0.242,0.242,0.242,0.242,0.00%
11/16/2012,0.242,0.246,0.246,0.238,-1.63%
11/15/2012,0.246,0.25,0.254,0.242,-1.60%
11/14/2012,0.25,0.254,0.258,0.25,-1.57%
11/13/2012,0.254,0.262,0.262,0.254,-3.05%
11/10/2012,0.262,0.262,0.262,0.262,0.00%
11/9/2012,0.262,0.262,0.266,0.254,0.00%
11/8/2012,0.262,0.274,0.278,0.258,-4.38%
11/7/2012,0.274,0.305,0.305,0.262,-10.16%
11/6/2012,0.305,0.282,0.305,0.278,9.71%
11/5/2012,0.278,0.285,0.285,0.278,-2.63%
11/3/2012,0.285,0.285,0.285,0.285,0.00%
11/2/2012,0.285,0.285,0.301,0.282,0.00%
11/1/2012,0.285,0.285,0.293,0.285,0.00%
10/31/2012,0.285,0.301,0.309,0.285,-2.76%
10/30/2012,0.293,0.293,0.293,0.293,0.00%
10/29/2012,0.293,0.293,0.301,0.289,-2.66%
10/27/2012,0.301,0.301,0.301,0.301,0.00%
10/26/2012,0.301,0.317,0.317,0.297,-3.83%
10/25/2012,0.313,0.313,0.313,0.313,6.83%
10/24/2012,0.293,0.293,0.293,0.293,1.03%
10/23/2012,0.29,0.29,0.29,0.29,-6.75%
10/22/2012,0.311,0.311,0.311,0.311,4.19%
10/20/2012,0.299,0.299,0.299,0.299,0.00%
10/19/2012,0.299,0.299,0.299,0.299,-0.99%
10/18/2012,0.302,0.302,0.302,0.302,1.34%
10/17/2012,0.298,0.298,0.298,0.298,10.37%
10/16/2012,0.27,0.27,0.27,0.27,3.05%
10/15/2012,0.262,0.262,0.262,0.262,0.00%
10/13/2012,0.262,0.262,0.262,0.262,0.00%
10/12/2012,0.262,0.262,0.262,0.262,-1.50%
10/11/2012,0.266,0.266,0.266,0.266,0.00%
10/10/2012,0.266,0.266,0.266,0.266,1.53%
10/9/2012,0.262,0.262,0.262,0.262,0.00%
10/6/2012,0.262,0.262,0.262,0.262,0.00%
10/5/2012,0.262,0.262,0.262,0.262,6.50%
10/4/2012,0.246,0.246,0.246,0.246,5.13%
10/3/2012,0.234,0.234,0.234,0.234,-1.68%
10/2/2012,0.238,0.238,0.238,0.238,0.00%
10/1/2012,0.238,0.238,0.238,0.238,1.58%
9/29/2012,0.234,0.234,0.234,0.234,0.00%
9/28/2012,0.234,0.234,0.234,0.234,-7.87%
9/27/2012,0.254,0.254,0.254,0.254,-3.05%
9/26/2012,0.262,0.262,0.262,0.262,-1.50%
9/25/2012,0.266,0.266,0.266,0.266,0.00%
9/24/2012,0.266,0.266,0.266,0.266,1.45%
9/22/2012,0.262,0.262,0.262,0.262,0.00%
9/21/2012,0.262,0.262,0.262,0.262,0.00%
9/20/2012,0.262,0.262,0.262,0.262,0.00%
9/19/2012,0.262,0.262,0.262,0.262,1.55%
9/18/2012,0.258,0.258,0.258,0.258,1.57%
9/17/2012,0.254,0.254,0.254,0.254,0.00%
9/15/2012,0.254,0.254,0.254,0.254,0.00%
9/14/2012,0.254,0.254,0.254,0.254,6.72%
9/13/2012,0.238,0.238,0.238,0.238,-3.25%
9/12/2012,0.246,0.246,0.246,0.246,-1.60%
9/11/2012,0.25,0.25,0.25,0.25,0.00%
9/10/2012,0.25,0.25,0.25,0.25,-1.57%
9/8/2012,0.254,0.254,0.254,0.254,0.00%
9/7/2012,0.254,0.254,0.254,0.254,-3.05%
9/6/2012,0.262,0.262,0.262,0.262,10.08%
9/5/2012,0.238,0.238,0.238,0.238,1.71%
9/4/2012,0.234,0.234,0.234,0.234,3.36%
9/1/2012,0.226,0.226,0.226,0.226,0.00%
8/31/2012,0.226,0.226,0.226,0.226,-12.40%
8/30/2012,0.258,0.258,0.258,0.258,-5.49%
8/29/2012,0.273,0.273,0.273,0.273,1.87%
8/28/2012,0.268,0.268,0.268,0.268,0.00%
8/27/2012,0.268,0.268,0.268,0.268,-1.29%
8/25/2012,0.271,0.271,0.271,0.271,0.00%
8/24/2012,0.271,0.271,0.271,0.271,3.04%
8/23/2012,0.263,0.263,0.263,0.263,0.38%
8/22/2012,0.262,0.262,0.262,0.262,-9.97%
8/21/2012,0.291,0.291,0.291,0.291,1.75%
8/20/2012,0.286,0.286,0.286,0.286,-1.45%
8/18/2012,0.29,0.29,0.29,0.29,0.00%
8/17/2012,0.29,0.29,0.29,0.29,-1.36%
8/16/2012,0.294,0.294,0.294,0.294,1.73%
8/15/2012,0.289,0.289,0.289,0.289,4.33%
8/14/2012,0.277,0.277,0.277,0.277,2.97%
8/13/2012,0.269,0.269,0.269,0.269,1.66%
8/11/2012,0.265,0.265,0.265,0.265,0.00%
8/10/2012,0.265,0.265,0.265,0.265,-3.99%
8/9/2012,0.276,0.276,0.276,0.276,0.00%
8/8/2012,0.276,0.276,0.276,0.276,2.99%
8/7/2012,0.268,0.268,0.268,0.268,11.67%
8/6/2012,0.24,0.24,0.24,0.24,0.00%
8/4/2012,0.24,0.24,0.24,0.24,0.00%
8/3/2012,0.24,0.24,0.24,0.24,5.73%
8/2/2012,0.227,0.227,0.227,0.227,-3.40%
8/1/2012,0.235,0.235,0.235,0.235,9.30%
7/31/2012,0.215,0.215,0.215,0.215,-5.29%
7/30/2012,0.227,0.227,0.227,0.227,-6.39%
7/28/2012,0.243,0.243,0.243,0.243,0.00%
7/27/2012,0.243,0.243,0.243,0.243,5.19%
7/26/2012,0.231,0.231,0.231,0.231,5.48%
7/25/2012,0.219,0.219,0.219,0.219,0.46%
7/24/2012,0.218,0.218,0.218,0.218,1.87%
7/23/2012,0.214,0.214,0.214,0.214,4.14%
7/21/2012,0.206,0.206,0.206,0.206,0.00%
7/20/2012,0.206,0.206,0.206,0.206,-5.50%
7/19/2012,0.218,0.218,0.218,0.218,-3.54%
7/18/2012,0.226,0.226,0.226,0.226,-6.61%
7/17/2012,0.242,0.242,0.242,0.242,5.22%
7/16/2012,0.23,0.23,0.23,0.23,-4.96%
7/14/2012,0.242,0.242,0.242,0.242,0.00%
7/13/2012,0.242,0.242,0.242,0.242,-6.20%
7/12/2012,0.258,0.258,0.258,0.258,-3.01%
7/11/2012,0.266,0.266,0.266,0.266,-1.48%
7/10/2012,0.27,0.27,0.27,0.27,1.50%
7/9/2012,0.266,0.266,0.266,0.266,-2.85%
7/7/2012,0.274,0.274,0.274,0.274,0.00%
7/6/2012,0.274,0.274,0.274,0.274,-5.19%
7/5/2012,0.289,0.289,0.289,0.289,-5.34%
7/4/2012,0.305,0.305,0.305,0.305,0.00%
7/3/2012,0.305,0.305,0.305,0.305,2.69%
7/2/2012,0.297,0.297,0.297,0.297,-2.62%
6/30/2012,0.305,0.305,0.305,0.305,0.00%
6/29/2012,0.305,0.305,0.305,0.305,-1.29%
6/28/2012,0.309,0.309,0.309,0.309,0.00%
6/27/2012,0.309,0.309,0.309,0.309,-0.64%
6/26/2012,0.311,0.311,0.311,0.311,4.01%
6/25/2012,0.299,0.299,0.299,0.299,-1.25%
6/23/2012,0.303,0.303,0.303,0.303,0.00%
6/22/2012,0.303,0.303,0.303,0.303,0.00%
6/21/2012,0.303,0.303,0.303,0.303,-3.81%
6/20/2012,0.315,0.315,0.315,0.315,8.62%
6/19/2012,0.29,0.29,0.29,0.29,1.40%
6/18/2012,0.286,0.286,0.286,0.286,4.34%
6/16/2012,0.274,0.274,0.274,0.274,0.00%
6/15/2012,0.274,0.274,0.274,0.274,-8.05%
6/14/2012,0.298,0.298,0.298,0.298,1.36%
6/13/2012,0.294,0.294,0.294,0.294,0.00%
6/12/2012,0.294,0.294,0.294,0.294,8.89%
6/11/2012,0.27,0.27,0.27,0.27,0.00%
6/9/2012,0.27,0.27,0.27,0.27,0.00%
6/8/2012,0.27,0.27,0.27,0.27,0.00%
6/7/2012,0.27,0.27,0.27,0.27,1.50%
6/6/2012,0.266,0.266,0.266,0.266,4.72%
6/5/2012,0.254,0.254,0.254,0.254,0.00%
6/4/2012,0.254,0.254,0.254,0.254,1.60%
6/2/2012,0.25,0.25,0.25,0.25,0.00%
6/1/2012,0.25,0.25,0.25,0.25,-6.02%
5/31/2012,0.266,0.266,0.266,0.266,-1.48%
5/30/2012,0.27,0.27,0.27,0.27,-6.57%
5/29/2012,0.289,0.289,0.289,0.289,-1.40%
5/28/2012,0.293,0.293,0.293,0.293,0.00%
5/26/2012,0.293,0.293,0.293,0.293,0.00%
5/25/2012,0.293,0.293,0.293,0.293,-2.66%
5/24/2012,0.301,0.301,0.301,0.301,2.73%
5/23/2012,0.293,0.293,0.293,0.293,-0.34%
5/22/2012,0.294,0.294,0.294,0.294,1.38%
5/21/2012,0.29,0.29,0.29,0.29,-2.82%
5/19/2012,0.298,0.298,0.298,0.298,0.00%
5/18/2012,0.298,0.298,0.298,0.298,0.00%
5/17/2012,0.298,0.298,0.298,0.298,4.20%
5/16/2012,0.286,0.286,0.286,0.286,2.88%
5/15/2012,0.278,0.278,0.278,0.278,4.51%
5/14/2012,0.266,0.266,0.266,0.266,1.53%
5/12/2012,0.262,0.262,0.262,0.262,0.00%
5/11/2012,0.262,0.262,0.262,0.262,0.00%
5/10/2012,0.262,0.262,0.262,0.262,0.00%
5/9/2012,0.262,0.262,0.262,0.262,1.55%
5/8/2012,0.258,0.258,0.258,0.258,0.00%
5/7/2012,0.258,0.258,0.258,0.258,0.00%
5/5/2012,0.258,0.258,0.258,0.258,0.00%
5/4/2012,0.258,0.258,0.258,0.258,-1.53%
5/3/2012,0.262,0.262,0.262,0.262,-1.50%
5/2/2012,0.266,0.266,0.266,0.266,-1.48%
5/1/2012,0.27,0.27,0.27,0.27,3.05%
4/30/2012,0.262,0.262,0.262,0.262,0.00%
4/28/2012,0.262,0.262,0.262,0.262,0.00%
4/27/2012,0.262,0.262,0.262,0.262,0.00%
4/26/2012,0.262,0.262,0.262,0.262,-2.96%
4/25/2012,0.27,0.27,0.27,0.27,0.00%
4/24/2012,0.27,0.27,0.27,0.27,3.05%
4/23/2012,0.262,0.262,0.262,0.262,-3.03%
4/21/2012,0.27,0.27,0.27,0.27,0.00%
4/20/2012,0.27,0.27,0.27,0.27,0.00%
4/19/2012,0.27,0.27,0.27,0.27,0.00%
4/18/2012,0.27,0.27,0.27,0.27,-1.46%
4/17/2012,0.274,0.274,0.274,0.274,0.00%
4/16/2012,0.274,0.274,0.274,0.274,1.48%
4/14/2012,0.27,0.27,0.27,0.27,0.00%
4/13/2012,0.27,0.27,0.27,0.27,-6.90%
4/12/2012,0.29,0.29,0.29,0.29,-2.68%
4/11/2012,0.298,0.298,0.298,0.298,2.76%
4/10/2012,0.29,0.29,0.29,0.29,-8.81%
4/9/2012,0.318,0.318,0.318,0.318,-1.09%
4/7/2012,0.322,0.322,0.322,0.322,0.00%
4/6/2012,0.322,0.322,0.322,0.322,-5.57%
4/5/2012,0.341,0.341,0.341,0.341,-1.16%
4/4/2012,0.345,0.345,0.345,0.345,-6.25%
4/3/2012,0.368,0.368,0.368,0.368,13.23%
4/2/2012,0.325,0.325,0.325,0.325,-3.42%
3/31/2012,0.336,0.336,0.336,0.336,0.00%
3/30/2012,0.336,0.336,0.336,0.336,-1.18%
3/29/2012,0.34,0.34,0.34,0.34,-1.16%
3/28/2012,0.344,0.344,0.344,0.344,6.50%
3/27/2012,0.323,0.323,0.323,0.323,-7.18%
3/26/2012,0.348,0.348,0.348,0.348,-2.16%
3/24/2012,0.356,0.356,0.356,0.356,0.00%
3/23/2012,0.356,0.356,0.356,0.356,-3.26%
3/22/2012,0.368,0.368,0.368,0.368,0.27%
3/21/2012,0.367,0.367,0.367,0.367,-8.25%
3/20/2012,0.4,0.4,0.4,0.4,4.44%
3/19/2012,0.383,0.383,0.383,0.383,4.42%
3/17/2012,0.367,0.367,0.367,0.367,0.00%
3/16/2012,0.367,0.367,0.367,0.367,-0.81%
3/15/2012,0.37,0.37,0.37,0.37,-6.09%
3/14/2012,0.394,0.394,0.394,0.394,13.87%
3/13/2012,0.346,0.346,0.346,0.346,6.13%
3/12/2012,0.326,0.326,0.326,0.326,1.31%
3/10/2012,0.322,0.322,0.322,0.322,0.00%
3/9/2012,0.322,0.322,0.322,0.322,3.87%
3/8/2012,0.31,0.31,0.31,0.31,2.99%
3/7/2012,0.301,0.301,0.301,0.301,6.74%
3/6/2012,0.282,0.282,0.282,0.282,-5.05%
3/5/2012,0.297,0.297,0.297,0.297,6.99%
3/3/2012,0.278,0.278,0.278,0.278,0.00%
3/2/2012,0.278,0.278,0.278,0.278,-5.12%
3/1/2012,0.293,0.293,0.293,0.293,-1.35%
2/29/2012,0.297,0.297,0.297,0.297,1.37%
2/28/2012,0.293,0.293,0.293,0.293,1.38%
2/27/2012,0.289,0.289,0.289,0.289,-6.47%
2/24/2012,0.309,0.309,0.309,0.309,1.31%
2/23/2012,0.305,0.305,0.305,0.305,2.69%
2/22/2012,0.297,0.297,0.297,0.297,-1.98%
2/21/2012,0.303,0.303,0.303,0.303,3.06%
2/17/2012,0.294,0.294,0.294,0.294,0.00%
2/16/2012,0.294,0.294,0.294,0.294,8.89%
2/15/2012,0.27,0.27,0.27,0.27,-6.90%
2/14/2012,0.29,0.29,0.29,0.29,0.00%
2/13/2012,0.29,0.29,0.29,0.29,4.32%
2/10/2012,0.278,0.278,0.278,0.278,4.51%
2/9/2012,0.266,0.266,0.266,0.266,3.10%
2/8/2012,0.258,0.258,0.258,0.258,3.20%
2/7/2012,0.25,0.25,0.25,0.25,6.84%
2/6/2012,0.234,0.234,0.234,0.234,-1.68%
2/3/2012,0.238,0.238,0.238,0.238,5.31%
2/2/2012,0.226,0.226,0.226,0.226,0.00%
2/1/2012,0.226,0.226,0.226,0.226,3.20%
1/31/2012,0.219,0.219,0.219,0.219,1.86%
1/30/2012,0.215,0.215,0.215,0.215,0.00%
1/27/2012,0.215,0.215,0.215,0.215,0.00%
1/26/2012,0.215,0.215,0.215,0.215,-5.29%
1/25/2012,0.227,0.227,0.227,0.227,-5.02%
1/24/2012,0.239,0.239,0.239,0.239,-1.65%
1/23/2012,0.243,0.243,0.243,0.243,0.41%
1/20/2012,0.242,0.242,0.242,0.242,1.68%
1/19/2012,0.238,0.238,0.238,0.238,3.48%
1/18/2012,0.23,0.23,0.23,0.23,4.07%
1/17/2012,0.221,0.221,0.221,0.221,-1.78%
1/13/2012,0.225,0.225,0.225,0.225,-3.43%
1/12/2012,0.233,0.233,0.233,0.233,0.00%
1/11/2012,0.233,0.233,0.233,0.233,-4.51%
1/10/2012,0.244,0.244,0.244,0.244,-1.61%
1/9/2012,0.248,0.248,0.248,0.248,-4.62%
1/6/2012,0.26,0.26,0.26,0.26,-1.14%
1/5/2012,0.263,0.263,0.263,0.263,0.00%
1/4/2012,0.263,0.263,0.263,0.263,1.54%
1/3/2012,0.259,0.259,0.259,0.259,4.86%
12/30/2011,0.247,0.247,0.247,0.247,-8.86%
12/29/2011,0.271,0.271,0.271,0.271,0.00%
12/28/2011,0.271,0.271,0.271,0.271,-7.82%
12/27/2011,0.294,0.294,0.294,0.294,1.38%
12/23/2011,0.29,0.29,0.29,0.29,4.32%
12/22/2011,0.278,0.278,0.278,0.278,1.09%
12/21/2011,0.275,0.275,0.275,0.275,6.18%
12/20/2011,0.259,0.259,0.259,0.259,8.82%
12/19/2011,0.238,0.238,0.238,0.238,5.31%
12/16/2011,0.226,0.226,0.226,0.226,-6.61%
12/15/2011,0.242,0.242,0.242,0.242,0.00%
12/14/2011,0.242,0.242,0.242,0.242,3.42%
12/13/2011,0.234,0.234,0.234,0.234,3.54%
12/12/2011,0.226,0.226,0.226,0.226,0.00%
12/9/2011,0.226,0.226,0.226,0.226,1.80%
12/8/2011,0.222,0.222,0.222,0.222,-6.72%
12/7/2011,0.238,0.238,0.238,0.238,-7.75%
12/6/2011,0.258,0.258,0.258,0.258,-1.53%
12/5/2011,0.262,0.262,0.262,0.262,3.15%
12/2/2011,0.254,0.254,0.254,0.254,-1.55%
12/1/2011,0.258,0.258,0.258,0.258,0.00%
11/30/2011,0.258,0.258,0.258,0.258,0.00%
11/29/2011,0.258,0.258,0.258,0.258,0.00%
11/28/2011,0.258,0.258,0.258,0.258,-6.86%
11/25/2011,0.277,0.277,0.277,0.277,4.14%
11/23/2011,0.266,0.266,0.266,0.266,1.53%
11/22/2011,0.262,0.262,0.262,0.262,-1.50%
11/21/2011,0.266,0.266,0.266,0.266,-5.67%
11/18/2011,0.282,0.282,0.282,0.282,6.02%
11/17/2011,0.266,0.266,0.266,0.266,6.40%
11/16/2011,0.25,0.25,0.25,0.25,3.31%
11/15/2011,0.242,0.242,0.242,0.242,3.42%
11/14/2011,0.234,0.234,0.234,0.234,0.00%
11/11/2011,0.234,0.234,0.234,0.234,0.00%
11/10/2011,0.234,0.234,0.234,0.234,1.74%
11/9/2011,0.23,0.23,0.23,0.23,-4.96%
11/8/2011,0.242,0.242,0.242,0.242,3.42%
11/7/2011,0.234,0.234,0.234,0.234,5.41%
11/4/2011,0.222,0.222,0.222,0.222,-8.26%
11/3/2011,0.242,0.242,0.242,0.242,5.22%
11/2/2011,0.23,0.23,0.23,0.23,-4.96%
11/1/2011,0.242,0.242,0.242,0.242,-3.20%
10/31/2011,0.25,0.25,0.25,0.25,-14.68%
10/28/2011,0.293,0.293,0.293,0.293,-6.39%
10/27/2011,0.313,0.313,0.313,0.313,8.30%
10/26/2011,0.289,0.289,0.289,0.289,15.14%
10/25/2011,0.251,0.251,0.251,0.251,-11.31%
10/24/2011,0.283,0.283,0.283,0.283,4.43%
10/21/2011,0.271,0.271,0.271,0.271,1.88%
10/20/2011,0.266,0.266,0.266,0.266,-1.48%
10/19/2011,0.27,0.27,0.27,0.27,0.00%
10/18/2011,0.27,0.27,0.27,0.27,0.00%
10/17/2011,0.27,0.27,0.27,0.27,0.37%
10/14/2011,0.269,0.269,0.269,0.269,-4.27%
10/13/2011,0.281,0.281,0.281,0.281,-2.77%
10/12/2011,0.289,0.289,0.289,0.289,-4.93%
10/11/2011,0.304,0.304,0.304,0.304,2.70%
10/7/2011,0.296,0.296,0.296,0.296,10.45%
10/6/2011,0.268,0.268,0.268,0.268,3.47%
10/5/2011,0.259,0.259,0.259,0.259,1.57%
10/4/2011,0.255,0.255,0.255,0.255,8.51%
10/3/2011,0.235,0.235,0.235,0.235,-4.86%
9/30/2011,0.247,0.247,0.247,0.247,-5.73%
9/29/2011,0.262,0.262,0.262,0.262,4.80%
9/28/2011,0.25,0.25,0.25,0.25,4.60%
9/27/2011,0.239,0.239,0.239,0.239,3.46%
9/26/2011,0.231,0.231,0.231,0.231,4.05%
9/23/2011,0.222,0.222,0.222,0.222,9.90%
9/22/2011,0.202,0.202,0.202,0.202,2.02%
9/21/2011,0.198,0.198,0.198,0.198,22.98%
9/20/2011,0.161,0.161,0.161,0.161,2.55%
9/19/2011,0.157,0.157,0.157,0.157,-9.25%
9/16/2011,0.173,0.173,0.173,0.173,-10.36%
9/15/2011,0.193,0.193,0.193,0.193,2.12%
9/14/2011,0.189,0.189,0.189,0.189,-7.80%
9/13/2011,0.205,0.205,0.205,0.205,-1.91%
9/12/2011,0.209,0.209,0.209,0.209,20.81%
9/9/2011,0.173,0.173,0.173,0.173,-9.90%
9/8/2011,0.192,0.192,0.192,0.192,-5.88%
9/7/2011,0.204,0.204,0.204,0.204,2.00%
9/6/2011,0.2,0.2,0.2,0.2,-1.96%
9/2/2011,0.204,0.204,0.204,0.204,10.87%
9/1/2011,0.184,0.184,0.184,0.184,-9.36%
8/31/2011,0.203,0.203,0.203,0.203,3.57%
8/30/2011,0.196,0.196,0.196,0.196,-5.31%
8/29/2011,0.207,0.207,0.207,0.207,5.61%
8/26/2011,0.196,0.196,0.196,0.196,-7.11%
8/25/2011,0.211,0.211,0.211,0.211,-8.66%
8/24/2011,0.231,0.231,0.231,0.231,4.52%
8/23/2011,0.221,0.221,0.221,0.221,7.80%
8/22/2011,0.205,0.205,0.205,0.205,6.22%
8/19/2011,0.193,0.193,0.193,0.193,-0.52%
8/18/2011,0.194,0.194,0.194,0.194,0.00%
8/17/2011,0.194,0.194,0.194,0.194,3.74%
8/16/2011,0.187,0.187,0.187,0.187,-4.10%
8/15/2011,0.195,0.195,0.195,0.195,0.00%
8/12/2011,0.195,0.195,0.195,0.195,5.98%
8/11/2011,0.184,0.184,0.184,0.184,2.22%
8/10/2011,0.18,0.18,0.18,0.18,-13.46%
8/9/2011,0.208,0.208,0.208,0.208,-21.21%
8/8/2011,0.264,0.264,0.264,0.264,-9.59%
8/5/2011,0.292,0.292,0.292,0.292,11.88%
8/4/2011,0.261,0.261,0.261,0.261,-21.39%
8/3/2011,0.332,0.332,0.332,0.332,3.75%
8/2/2011,0.32,0.32,0.32,0.32,-14.67%
8/1/2011,0.375,0.375,0.375,0.375,4.46%
7/29/2011,0.359,0.359,0.359,0.359,-14.93%
7/28/2011,0.422,0.422,0.422,0.422,-5.38%
7/27/2011,0.446,0.446,0.446,0.446,12.91%
7/26/2011,0.395,0.395,0.395,0.395,-5.05%
7/25/2011,0.416,0.416,0.416,0.416,6.39%
7/22/2011,0.391,0.391,0.391,0.391,-2.01%
7/21/2011,0.399,0.399,0.399,0.399,6.40%
7/20/2011,0.375,0.375,0.375,0.375,1.08%
7/19/2011,0.371,0.371,0.371,0.371,1.09%
7/18/2011,0.367,0.367,0.367,0.367,2.23%
7/15/2011,0.359,0.359,0.359,0.359,-3.23%
7/14/2011,0.371,0.371,0.371,0.371,4.51%
7/13/2011,0.355,0.355,0.355,0.355,-1.11%
7/12/2011,0.359,0.359,0.359,0.359,0.00%
7/11/2011,0.359,0.359,0.359,0.359,-9.11%
7/8/2011,0.395,0.395,0.395,0.395,-15.96%
7/7/2011,0.47,0.47,0.47,0.47,10.33%
7/6/2011,0.426,0.426,0.426,0.426,-1.84%
7/5/2011,0.434,0.434,0.434,0.434,-8.44%
7/1/2011,0.474,0.474,0.474,0.474,1.94%
6/30/2011,0.465,0.465,0.465,0.465,0.00%
6/29/2011,0.465,0.465,0.465,0.465,-3.33%
6/28/2011,0.481,0.481,0.481,0.481,20.85%
6/27/2011,0.398,0.398,0.398,0.398,18.10%
6/24/2011,0.337,0.337,0.337,0.337,-3.71%
6/23/2011,0.35,0.35,0.35,0.35,-6.42%
6/22/2011,0.374,0.374,0.374,0.374,1.08%
6/21/2011,0.37,0.37,0.37,0.37,-1.33%
6/20/2011,0.375,0.375,0.375,0.375,-1.06%
6/17/2011,0.379,0.379,0.379,0.379,-1.30%
6/16/2011,0.384,0.384,0.384,0.384,1.05%
6/15/2011,0.38,0.38,0.38,0.38,-14.41%
6/14/2011,0.444,0.444,0.444,0.444,12.12%
6/13/2011,0.396,0.396,0.396,0.396,-1.98%
6/10/2011,0.404,0.404,0.404,0.404,-3.81%
6/9/2011,0.42,0.42,0.42,0.42,9.09%
6/8/2011,0.385,0.385,0.385,0.385,-4.94%
6/7/2011,0.405,0.405,0.405,0.405,-4.71%
6/6/2011,0.425,0.425,0.425,0.425,-0.93%
6/3/2011,0.429,0.429,0.429,0.429,-6.94%
6/2/2011,0.461,0.461,0.461,0.461,5.49%
6/1/2011,0.437,0.437,0.437,0.437,-6.62%
5/31/2011,0.468,0.468,0.468,0.468,-2.50%
5/27/2011,0.48,0.48,0.48,0.48,-1.64%
5/26/2011,0.488,0.488,0.488,0.488,-8.79%
5/25/2011,0.535,0.535,0.535,0.535,5.52%
5/24/2011,0.507,0.507,0.507,0.507,-3.80%
5/23/2011,0.527,0.527,0.527,0.527,2.33%
5/20/2011,0.515,0.515,0.515,0.515,-2.46%
5/19/2011,0.528,0.528,0.528,0.528,-5.71%
5/18/2011,0.56,0.56,0.56,0.56,7.69%
5/17/2011,0.52,0.52,0.52,0.52,-0.76%
5/16/2011,0.524,0.524,0.524,0.524,-2.42%
5/13/2011,0.537,0.537,0.537,0.537,-3.59%
5/12/2011,0.557,0.557,0.557,0.557,1.46%
5/11/2011,0.549,0.549,0.549,0.549,-6.79%
5/10/2011,0.589,0.589,0.589,0.589,7.29%
5/9/2011,0.549,0.549,0.549,0.549,-0.72%
5/6/2011,0.553,0.553,0.553,0.553,-4.16%
5/5/2011,0.577,0.577,0.577,0.577,-2.04%
5/4/2011,0.589,0.589,0.589,0.589,-2.64%
5/3/2011,0.605,0.605,0.605,0.605,0.00%
5/2/2011,0.605,0.605,0.605,0.605,-0.66%
4/29/2011,0.609,0.609,0.609,0.609,-2.56%
4/28/2011,0.625,0.625,0.625,0.625,-3.70%
4/27/2011,0.649,0.649,0.649,0.649,6.92%
4/26/2011,0.607,0.607,0.607,0.607,-5.16%
4/25/2011,0.64,0.64,0.64,0.64,-3.03%
4/21/2011,0.66,0.66,0.66,0.66,-1.35%
4/20/2011,0.669,0.669,0.669,0.669,2.45%
4/19/2011,0.653,0.653,0.653,0.653,-1.80%
4/18/2011,0.665,0.665,0.665,0.665,-4.59%
4/15/2011,0.697,0.697,0.697,0.697,-9.01%
4/14/2011,0.766,0.766,0.766,0.766,4.93%
4/13/2011,0.73,0.73,0.73,0.73,-2.14%
4/12/2011,0.746,0.746,0.746,0.746,-10.12%
4/11/2011,0.83,0.83,0.83,0.83,1.97%
4/8/2011,0.814,0.814,0.814,0.814,3.56%
4/7/2011,0.786,0.786,0.786,0.786,-6.65%
4/6/2011,0.842,0.842,0.842,0.842,2.43%
4/5/2011,0.822,0.822,0.822,0.822,7.31%
4/4/2011,0.766,0.766,0.766,0.766,-4.49%
4/1/2011,0.802,0.802,0.802,0.802,-3.72%
3/31/2011,0.833,0.833,0.833,0.833,4.52%
3/30/2011,0.797,0.797,0.797,0.797,-3.39%
3/29/2011,0.825,0.825,0.825,0.825,9.13%
3/28/2011,0.756,0.756,0.756,0.756,2.72%
3/25/2011,0.736,0.736,0.736,0.736,6.05%
3/24/2011,0.694,0.694,0.694,0.694,6.12%
3/23/2011,0.654,0.654,0.654,0.654,0.15%
3/22/2011,0.653,0.653,0.653,0.653,2.51%
3/21/2011,0.637,0.637,0.637,0.637,8.15%
3/18/2011,0.589,0.589,0.589,0.589,0.00%
3/17/2011,0.589,0.589,0.589,0.589,4.99%
3/16/2011,0.561,0.561,0.561,0.561,-7.88%
3/15/2011,0.609,0.609,0.609,0.609,1.33%
3/14/2011,0.601,0.601,0.601,0.601,-6.82%
3/11/2011,0.645,0.645,0.645,0.645,1.90%
3/10/2011,0.633,0.633,0.633,0.633,-9.18%
3/9/2011,0.697,0.697,0.697,0.697,-3.86%
3/8/2011,0.725,0.725,0.725,0.725,2.84%
3/7/2011,0.705,0.705,0.705,0.705,2.32%
3/4/2011,0.689,0.689,0.689,0.689,-9.82%
3/3/2011,0.764,0.764,0.764,0.764,9.77%
3/2/2011,0.696,0.696,0.696,0.696,5.94%
3/1/2011,0.657,0.657,0.657,0.657,-4.51%
2/28/2011,0.688,0.688,0.688,0.688,-4.44%
2/25/2011,0.72,0.72,0.72,0.72,-2.57%
2/24/2011,0.739,0.739,0.739,0.739,-1.60%
2/23/2011,0.751,0.751,0.751,0.751,7.59%
2/22/2011,0.698,0.698,0.698,0.698,-7.55%
2/18/2011,0.755,0.755,0.755,0.755,-1.44%
2/17/2011,0.766,0.766,0.766,0.766,-8.26%
2/16/2011,0.835,0.835,0.835,0.835,1.46%
2/15/2011,0.823,0.823,0.823,0.823,-2.83%
2/14/2011,0.847,0.847,0.847,0.847,1.07%
2/11/2011,0.838,0.838,0.838,0.838,0.12%
2/10/2011,0.837,0.837,0.837,0.837,3.98%
2/9/2011,0.805,0.805,0.805,0.805,-5.63%
2/8/2011,0.853,0.853,0.853,0.853,11.50%
2/7/2011,0.765,0.765,0.765,0.765,1.73%
2/4/2011,0.752,0.752,0.752,0.752,5.62%
2/3/2011,0.712,0.712,0.712,0.712,7.23%
2/2/2011,0.664,0.664,0.664,0.664,9.75%
2/1/2011,0.605,0.605,0.605,0.605,6.14%
1/31/2011,0.57,0.57,0.57,0.57,4.40%
1/28/2011,0.546,0.546,0.546,0.546,-6.83%
1/27/2011,0.586,0.586,0.586,0.586,-6.84%
1/26/2011,0.629,0.629,0.629,0.629,8.45%
1/25/2011,0.58,0.58,0.58,0.58,-6.60%
1/24/2011,0.621,0.621,0.621,0.621,0.65%
1/21/2011,0.617,0.617,0.617,0.617,-2.53%
1/20/2011,0.633,0.633,0.633,0.633,11.44%
1/19/2011,0.568,0.568,0.568,0.568,-3.57%
1/18/2011,0.589,0.589,0.589,0.589,1.38%
1/14/2011,0.581,0.581,0.581,0.581,-0.68%
1/13/2011,0.585,0.585,0.585,0.585,-3.31%
1/12/2011,0.605,0.605,0.605,0.605,2.72%
1/11/2011,0.589,0.589,0.589,0.589,2.79%
1/10/2011,0.573,0.573,0.573,0.573,-4.02%
1/7/2011,0.597,0.597,0.597,0.597,-11.82%
1/6/2011,0.677,0.677,0.677,0.677,-4.38%
1/5/2011,0.708,0.708,0.708,0.708,14.01%
1/4/2011,0.621,0.621,0.621,0.621,3.33%
1/3/2011,0.601,0.601,0.601,0.601,-0.66%
12/31/2010,0.605,0.605,0.605,0.605,-6.20%
12/30/2010,0.645,0.645,0.645,0.645,0.62%
12/29/2010,0.641,0.641,0.641,0.641,-14.65%
12/28/2010,0.751,0.751,0.751,0.751,16.07%
12/27/2010,0.647,0.647,0.647,0.647,-1.22%
12/23/2010,0.655,0.655,0.655,0.655,3.31%
12/22/2010,0.634,0.634,0.634,0.634,3.26%
12/21/2010,0.614,0.614,0.614,0.614,1.49%
12/20/2010,0.605,0.605,0.605,0.605,-0.66%
12/17/2010,0.609,0.609,0.609,0.609,-6.16%
12/16/2010,0.649,0.649,0.649,0.649,-4.14%
12/15/2010,0.677,0.677,0.677,0.677,4.31%
12/14/2010,0.649,0.649,0.649,0.649,9.63%
12/13/2010,0.592,0.592,0.592,0.592,-8.07%
12/10/2010,0.644,0.644,0.644,0.644,2.55%
12/9/2010,0.628,0.628,0.628,0.628,0.16%
12/8/2010,0.627,0.627,0.627,0.627,17.86%
12/7/2010,0.532,0.532,0.532,0.532,24.01%
12/6/2010,0.429,0.429,0.429,0.429,-9.87%
12/3/2010,0.476,0.476,0.476,0.476,-12.34%
12/2/2010,0.543,0.543,0.543,0.543,0.74%
12/1/2010,0.539,0.539,0.539,0.539,16.92%
11/30/2010,0.461,0.461,0.461,0.461,-9.96%
11/29/2010,0.512,0.512,0.512,0.512,-0.78%
11/26/2010,0.516,0.516,0.516,0.516,-4.27%
11/24/2010,0.539,0.539,0.539,0.539,17.94%
11/23/2010,0.457,0.457,0.457,0.457,-2.35%
11/22/2010,0.468,0.468,0.468,0.468,-8.77%
11/19/2010,0.513,0.513,0.513,0.513,2.60%
11/18/2010,0.5,0.5,0.5,0.5,2.46%
11/17/2010,0.488,0.488,0.488,0.488,-3.17%
11/16/2010,0.504,0.504,0.504,0.504,-6.67%
11/15/2010,0.54,0.54,0.54,0.54,6.51%
11/12/2010,0.507,0.507,0.507,0.507,17.63%
11/10/2010,0.431,0.431,0.431,0.431,-2.71%
11/9/2010,0.443,0.443,0.443,0.443,9.93%
11/8/2010,0.403,0.403,0.403,0.403,8.63%
11/5/2010,0.371,0.371,0.371,0.371,11.75%
11/4/2010,0.332,0.332,0.332,0.332,-2.35%
11/3/2010,0.34,0.34,0.34,0.34,-3.13%
11/2/2010,0.351,0.351,0.351,0.351,1.15%
11/1/2010,0.347,0.347,0.347,0.347,2.06%
10/29/2010,0.34,0.34,0.34,0.34,-7.36%
10/28/2010,0.367,0.367,0.367,0.367,-12.20%
10/27/2010,0.418,0.418,0.418,0.418,5.82%
10/26/2010,0.395,0.395,0.395,0.395,8.82%
10/25/2010,0.363,0.363,0.363,0.363,1.11%
10/22/2010,0.359,0.359,0.359,0.359,1.13%
10/21/2010,0.355,0.355,0.355,0.355,1.14%
10/20/2010,0.351,0.351,0.351,0.351,-3.31%
10/19/2010,0.363,0.363,0.363,0.363,-1.09%
10/18/2010,0.367,0.367,0.367,0.367,0.00%
10/15/2010,0.367,0.367,0.367,0.367,-4.18%
10/14/2010,0.383,0.383,0.383,0.383,4.36%
10/13/2010,0.367,0.367,0.367,0.367,-1.08%
10/12/2010,0.371,0.371,0.371,0.371,6.92%
10/8/2010,0.347,0.347,0.347,0.347,-2.25%
10/7/2010,0.355,0.355,0.355,0.355,-7.31%
10/6/2010,0.383,0.383,0.383,0.383,-5.90%
10/5/2010,0.407,0.407,0.407,0.407,-0.97%
10/4/2010,0.411,0.411,0.411,0.411,-2.61%
10/1/2010,0.422,0.422,0.422,0.422,-0.94%
9/30/2010,0.426,0.426,0.426,0.426,-2.74%
9/29/2010,0.438,0.438,0.438,0.438,0.92%
9/28/2010,0.434,0.434,0.434,0.434,1.40%
9/27/2010,0.428,0.428,0.428,0.428,-3.60%
9/24/2010,0.444,0.444,0.444,0.444,5.71%
9/23/2010,0.42,0.42,0.42,0.42,-2.78%
9/22/2010,0.432,0.432,0.432,0.432,1.89%
9/21/2010,0.424,0.424,0.424,0.424,-8.62%
9/20/2010,0.464,0.464,0.464,0.464,-0.85%
9/17/2010,0.468,0.468,0.468,0.468,-2.50%
9/16/2010,0.48,0.48,0.48,0.48,-0.83%
9/15/2010,0.484,0.484,0.484,0.484,-3.01%
9/14/2010,0.499,0.499,0.499,0.499,-6.73%
9/13/2010,0.535,0.535,0.535,0.535,-6.30%
9/10/2010,0.571,0.571,0.571,0.571,1.42%
9/9/2010,0.563,0.563,0.563,0.563,7.85%
9/8/2010,0.522,0.522,0.522,0.522,6.53%
9/7/2010,0.49,0.49,0.49,0.49,-5.41%
9/3/2010,0.518,0.518,0.518,0.518,4.23%
9/2/2010,0.497,0.497,0.497,0.497,-1.58%
9/1/2010,0.505,0.505,0.505,0.505,5.87%
8/31/2010,0.477,0.477,0.477,0.477,-4.79%
8/30/2010,0.501,0.501,0.501,0.501,-10.54%
8/27/2010,0.56,0.56,0.56,0.56,7.49%
8/26/2010,0.521,0.521,0.521,0.521,-0.57%
8/25/2010,0.524,0.524,0.524,0.524,11.49%
8/24/2010,0.47,0.47,0.47,0.47,-2.69%
8/23/2010,0.483,0.483,0.483,0.483,-2.42%
8/20/2010,0.495,0.495,0.495,0.495,1.43%
8/19/2010,0.488,0.488,0.488,0.488,-1.61%
8/18/2010,0.496,0.496,0.496,0.496,-0.80%
8/17/2010,0.5,0.5,0.5,0.5,0.81%
8/16/2010,0.496,0.496,0.496,0.496,-6.94%
8/13/2010,0.533,0.533,0.533,0.533,-2.91%
8/12/2010,0.549,0.549,0.549,0.549,6.19%
8/11/2010,0.517,0.517,0.517,0.517,-1.52%
8/10/2010,0.525,0.525,0.525,0.525,-2.23%
8/9/2010,0.537,0.537,0.537,0.537,6.13%
8/6/2010,0.506,0.506,0.506,0.506,-5.24%
8/5/2010,0.534,0.534,0.534,0.534,-6.32%
8/4/2010,0.57,0.57,0.57,0.57,5.95%
8/3/2010,0.538,0.538,0.538,0.538,-4.95%
8/2/2010,0.566,0.566,0.566,0.566,2.17%
7/30/2010,0.554,0.554,0.554,0.554,-5.46%
7/29/2010,0.586,0.586,0.586,0.586,-4.40%
7/28/2010,0.613,0.613,0.613,0.613,-4.37%
7/27/2010,0.641,0.641,0.641,0.641,7.55%
7/26/2010,0.596,0.596,0.596,0.596,1.36%
7/23/2010,0.588,0.588,0.588,0.588,4.26%
7/22/2010,0.564,0.564,0.564,0.564,0.71%
7/21/2010,0.56,0.56,0.56,0.56,-4.27%
7/20/2010,0.585,0.585,0.585,0.585,-1.35%
7/19/2010,0.593,0.593,0.593,0.593,0.68%
7/16/2010,0.589,0.589,0.589,0.589,-3.28%
7/15/2010,0.609,0.609,0.609,0.609,0.00%
7/14/2010,0.609,0.609,0.609,0.609,-8.97%
7/13/2010,0.669,0.669,0.669,0.669,2.45%
7/12/2010,0.653,0.653,0.653,0.653,3.16%
7/9/2010,0.633,0.633,0.633,0.633,1.93%
7/8/2010,0.621,0.621,0.621,0.621,-1.27%
7/7/2010,0.629,0.629,0.629,0.629,1.29%
7/6/2010,0.621,0.621,0.621,0.621,-1.27%
7/2/2010,0.629,0.629,0.629,0.629,-1.26%
7/1/2010,0.637,0.637,0.637,0.637,5.29%
6/30/2010,0.605,0.605,0.605,0.605,0.67%
6/29/2010,0.601,0.601,0.601,0.601,-4.45%
6/28/2010,0.629,0.629,0.629,0.629,-3.68%
6/25/2010,0.653,0.653,0.653,0.653,-3.97%
6/24/2010,0.68,0.68,0.68,0.68,0.00%
6/23/2010,0.68,0.68,0.68,0.68,-0.73%
6/22/2010,0.685,0.685,0.685,0.685,-4.46%
6/21/2010,0.717,0.717,0.717,0.717,0.42%
6/18/2010,0.714,0.714,0.714,0.714,1.13%
6/17/2010,0.706,0.706,0.706,0.706,-3.81%
6/16/2010,0.734,0.734,0.734,0.734,-3.17%
6/15/2010,0.758,0.758,0.758,0.758,2.71%
6/14/2010,0.738,0.738,0.738,0.738,0.54%
6/11/2010,0.734,0.734,0.734,0.734,-7.56%
6/10/2010,0.794,0.794,0.794,0.794,9.37%
6/9/2010,0.726,0.726,0.726,0.726,-2.68%
6/8/2010,0.746,0.746,0.746,0.746,3.90%
6/7/2010,0.718,0.718,0.718,0.718,-1.64%
6/4/2010,0.73,0.73,0.73,0.73,-11.08%
6/3/2010,0.821,0.821,0.821,0.821,0.49%
6/2/2010,0.817,0.817,0.817,0.817,6.10%
6/1/2010,0.77,0.77,0.77,0.77,-0.52%
5/28/2010,0.774,0.774,0.774,0.774,-12.15%
5/27/2010,0.881,0.881,0.881,0.881,7.83%
5/26/2010,0.817,0.817,0.817,0.817,7.64%
5/25/2010,0.759,0.759,0.759,0.759,3.27%
5/24/2010,0.735,0.735,0.735,0.735,-3.80%
5/21/2010,0.764,0.764,0.764,0.764,6.70%
5/20/2010,0.716,0.716,0.716,0.716,-7.85%
5/19/2010,0.777,0.777,0.777,0.777,6.00%
5/18/2010,0.733,0.733,0.733,0.733,-9.06%
5/17/2010,0.806,0.806,0.806,0.806,2.03%
5/14/2010,0.79,0.79,0.79,0.79,-5.39%
5/13/2010,0.835,0.835,0.835,0.835,-3.69%
5/12/2010,0.867,0.867,0.867,0.867,3.21%
5/11/2010,0.84,0.84,0.84,0.84,-3.23%
5/10/2010,0.868,0.868,0.868,0.868,5.85%
5/7/2010,0.82,0.82,0.82,0.82,3.40%
5/6/2010,0.793,0.793,0.793,0.793,-9.16%
5/5/2010,0.873,0.873,0.873,0.873,-8.30%
5/4/2010,0.952,0.952,0.952,0.952,-4.80%
5/3/2010,1,1,1,1,3.73%
4/30/2010,0.964,0.964,0.964,0.964,-3.98%
4/29/2010,1.004,1.004,1.004,1.004,-2.71%
4/28/2010,1.032,1.032,1.032,1.032,7.17%
4/27/2010,0.963,0.963,0.963,0.963,-8.89%
4/26/2010,1.057,1.057,1.057,1.057,-1.21%
4/23/2010,1.07,1.07,1.07,1.07,3.58%
4/22/2010,1.033,1.033,1.033,1.033,3.30%
4/21/2010,1,1,1,1,-1.19%
4/20/2010,1.012,1.012,1.012,1.012,2.43%
4/19/2010,0.988,0.988,0.988,0.988,3.02%
4/16/2010,0.959,0.959,0.959,0.959,-5.61%
4/15/2010,1.016,1.016,1.016,1.016,-3.79%
4/14/2010,1.056,1.056,1.056,1.056,0.38%
4/13/2010,1.052,1.052,1.052,1.052,1.54%
4/12/2010,1.036,1.036,1.036,1.036,-2.63%
4/9/2010,1.064,1.064,1.064,1.064,-0.37%
4/8/2010,1.068,1.068,1.068,1.068,1.14%
4/7/2010,1.056,1.056,1.056,1.056,-7.37%
4/6/2010,1.14,1.14,1.14,1.14,-3.06%
4/5/2010,1.176,1.176,1.176,1.176,6.52%
4/2/2010,1.104,1.104,1.104,1.104,4.15%
4/1/2010,1.06,1.06,1.06,1.06,3.92%
3/31/2010,1.02,1.02,1.02,1.02,-4.05%
3/30/2010,1.063,1.063,1.063,1.063,2.21%
3/29/2010,1.04,1.04,1.04,1.04,-0.76%
3/26/2010,1.048,1.048,1.048,1.048,-3.59%
3/25/2010,1.087,1.087,1.087,1.087,-1.09%
3/24/2010,1.099,1.099,1.099,1.099,12.03%
3/23/2010,0.981,0.981,0.981,0.981,0.82%
3/22/2010,0.973,0.973,0.973,0.973,-2.41%
3/19/2010,0.997,0.997,0.997,0.997,4.29%
3/18/2010,0.956,0.956,0.956,0.956,4.03%
3/17/2010,0.919,0.919,0.919,0.919,0.88%
3/16/2010,0.911,0.911,0.911,0.911,-3.50%
3/15/2010,0.944,0.944,0.944,0.944,-1.67%
3/12/2010,0.96,0.96,0.96,0.96,0.95%
3/11/2010,0.951,0.951,0.951,0.951,4.85%
3/10/2010,0.907,0.907,0.907,0.907,4.13%
3/9/2010,0.871,0.871,0.871,0.871,-2.68%
3/8/2010,0.895,0.895,0.895,0.895,-0.44%
3/5/2010,0.899,0.899,0.899,0.899,4.66%
3/4/2010,0.859,0.859,0.859,0.859,5.79%
3/3/2010,0.812,0.812,0.812,0.812,2.53%
3/2/2010,0.792,0.792,0.792,0.792,-1.49%
3/1/2010,0.804,0.804,0.804,0.804,-1.47%
2/26/2010,0.816,0.816,0.816,0.816,-1.45%
2/25/2010,0.828,0.828,0.828,0.828,-4.50%
2/24/2010,0.867,0.867,0.867,0.867,3.46%
2/23/2010,0.838,0.838,0.838,0.838,-5.52%
2/22/2010,0.887,0.887,0.887,0.887,-3.59%
2/19/2010,0.92,0.92,0.92,0.92,-0.86%
2/18/2010,0.928,0.928,0.928,0.928,8.54%
2/17/2010,0.855,0.855,0.855,0.855,6.08%
2/16/2010,0.806,0.806,0.806,0.806,-3.01%
2/12/2010,0.831,0.831,0.831,0.831,-4.59%
2/11/2010,0.871,0.871,0.871,0.871,-0.91%
2/10/2010,0.879,0.879,0.879,0.879,6.29%
2/9/2010,0.827,0.827,0.827,0.827,8.39%
2/8/2010,0.763,0.763,0.763,0.763,-1.04%
2/5/2010,0.771,0.771,0.771,0.771,-4.46%
2/4/2010,0.807,0.807,0.807,0.807,-8.61%
2/3/2010,0.883,0.883,0.883,0.883,3.27%
2/2/2010,0.855,0.855,0.855,0.855,0.00%
2/1/2010,0.855,0.855,0.855,0.855,4.78%
1/29/2010,0.816,0.816,0.816,0.816,-5.45%
1/28/2010,0.863,0.863,0.863,0.863,-5.68%
1/27/2010,0.915,0.915,0.915,0.915,12.82%
1/26/2010,0.811,0.811,0.811,0.811,-0.61%
1/25/2010,0.816,0.816,0.816,0.816,3.03%
1/22/2010,0.792,0.792,0.792,0.792,-4.92%
1/21/2010,0.833,0.833,0.833,0.833,-5.56%
1/20/2010,0.882,0.882,0.882,0.882,-0.45%
1/19/2010,0.886,0.886,0.886,0.886,1.84%
1/15/2010,0.87,0.87,0.87,0.87,-5.74%
1/14/2010,0.923,0.923,0.923,0.923,-4.25%
1/13/2010,0.964,0.964,0.964,0.964,6.28%
1/12/2010,0.907,0.907,0.907,0.907,-3.51%
1/11/2010,0.94,0.94,0.94,0.94,-3.69%
1/8/2010,0.976,0.976,0.976,0.976,-5.06%
1/7/2010,1.028,1.028,1.028,1.028,2.80%
1/6/2010,1,1,1,1,-1.57%
1/5/2010,1.016,1.016,1.016,1.016,-5.58%
1/4/2010,1.076,1.076,1.076,1.076,-5.86%
12/31/2009,1.143,1.143,1.143,1.143,5.54%
12/30/2009,1.083,1.083,1.083,1.083,-1.10%
12/29/2009,1.095,1.095,1.095,1.095,4.19%
12/28/2009,1.051,1.051,1.051,1.051,8.57%
12/24/2009,0.968,0.968,0.968,0.968,4.54%
12/23/2009,0.926,0.926,0.926,0.926,1.42%
12/22/2009,0.913,0.913,0.913,0.913,5.67%
12/21/2009,0.864,0.864,0.864,0.864,8.14%
12/18/2009,0.799,0.799,0.799,0.799,5.41%
12/17/2009,0.758,0.758,0.758,0.758,-9.22%
12/16/2009,0.835,0.835,0.835,0.835,-2.79%
12/15/2009,0.859,0.859,0.859,0.859,0.47%
12/14/2009,0.855,0.855,0.855,0.855,5.56%
12/11/2009,0.81,0.81,0.81,0.81,5.19%
12/10/2009,0.77,0.77,0.77,0.77,3.22%
12/9/2009,0.746,0.746,0.746,0.746,2.75%
12/8/2009,0.726,0.726,0.726,0.726,-5.22%
12/7/2009,0.766,0.766,0.766,0.766,-9.46%
12/4/2009,0.846,0.846,0.846,0.846,16.53%
12/3/2009,0.726,0.726,0.726,0.726,0.55%
12/2/2009,0.722,0.722,0.722,0.722,6.96%
12/1/2009,0.675,0.675,0.675,0.675,1.20%
11/30/2009,0.667,0.667,0.667,0.667,-2.91%
11/27/2009,0.687,0.687,0.687,0.687,-7.41%
11/25/2009,0.742,0.742,0.742,0.742,1.64%
11/24/2009,0.73,0.73,0.73,0.73,-0.14%
11/23/2009,0.731,0.731,0.731,0.731,0.00%
11/20/2009,0.731,0.731,0.731,0.731,3.84%
11/19/2009,0.704,0.704,0.704,0.704,-6.01%
11/18/2009,0.749,0.749,0.749,0.749,-1.58%
11/17/2009,0.761,0.761,0.761,0.761,-1.68%
11/16/2009,0.774,0.774,0.774,0.774,-3.97%
11/13/2009,0.806,0.806,0.806,0.806,-0.62%
11/12/2009,0.811,0.811,0.811,0.811,-2.87%
11/10/2009,0.835,0.835,0.835,0.835,-2.00%
11/9/2009,0.852,0.852,0.852,0.852,0.47%
11/6/2009,0.848,0.848,0.848,0.848,-3.75%
11/5/2009,0.881,0.881,0.881,0.881,-2.11%
11/4/2009,0.9,0.9,0.9,0.9,-1.85%
11/3/2009,0.917,0.917,0.917,0.917,-0.86%
11/2/2009,0.925,0.925,0.925,0.925,2.66%
10/30/2009,0.901,0.901,0.901,0.901,-8.06%
10/29/2009,0.98,0.98,0.98,0.98,4.14%
10/28/2009,0.941,0.941,0.941,0.941,0.75%
10/27/2009,0.934,0.934,0.934,0.934,-9.23%
10/26/2009,1.029,1.029,1.029,1.029,1.68%
10/23/2009,1.012,1.012,1.012,1.012,6.86%
10/22/2009,0.947,0.947,0.947,0.947,-1.25%
10/21/2009,0.959,0.959,0.959,0.959,4.35%
10/20/2009,0.919,0.919,0.919,0.919,-4.96%
10/19/2009,0.967,0.967,0.967,0.967,0.83%
10/16/2009,0.959,0.959,0.959,0.959,0.84%
10/15/2009,0.951,0.951,0.951,0.951,3.03%
10/14/2009,0.923,0.923,0.923,0.923,2.67%
10/13/2009,0.899,0.899,0.899,0.899,-7.51%
10/9/2009,0.972,0.972,0.972,0.972,9.95%
10/8/2009,0.884,0.884,0.884,0.884,2.79%
10/7/2009,0.86,0.86,0.86,0.86,-4.87%
10/6/2009,0.904,0.904,0.904,0.904,3.08%
10/5/2009,0.877,0.877,0.877,0.877,0.46%
10/2/2009,0.873,0.873,0.873,0.873,0.00%
10/1/2009,0.873,0.873,0.873,0.873,-7.91%
9/30/2009,0.948,0.948,0.948,0.948,-5.20%
9/29/2009,1,1,1,1,2.46%
9/28/2009,0.976,0.976,0.976,0.976,-1.21%
9/25/2009,0.988,0.988,0.988,0.988,5.44%
9/24/2009,0.937,0.937,0.937,0.937,-1.99%
9/23/2009,0.956,0.956,0.956,0.956,0.10%
9/22/2009,0.955,0.955,0.955,0.955,-2.95%
9/21/2009,0.984,0.984,0.984,0.984,-1.60%
9/18/2009,1,1,1,1,6.50%
9/17/2009,0.939,0.939,0.939,0.939,-5.34%
9/16/2009,0.992,0.992,0.992,0.992,5.64%
9/15/2009,0.939,0.939,0.939,0.939,1.29%
9/14/2009,0.927,0.927,0.927,0.927,2.21%
9/11/2009,0.907,0.907,0.907,0.907,2.14%
9/10/2009,0.888,0.888,0.888,0.888,-4.31%
9/9/2009,0.928,0.928,0.928,0.928,-1.69%
9/8/2009,0.944,0.944,0.944,0.944,1.29%
9/4/2009,0.932,0.932,0.932,0.932,1.64%
9/3/2009,0.917,0.917,0.917,0.917,1.78%
9/2/2009,0.901,0.901,0.901,0.901,-1.31%
9/1/2009,0.913,0.913,0.913,0.913,-5.68%
8/31/2009,0.968,0.968,0.968,0.968,-4.72%
8/28/2009,1.016,1.016,1.016,1.016,-3.05%
8/27/2009,1.048,1.048,1.048,1.048,-0.66%
8/26/2009,1.055,1.055,1.055,1.055,4.25%
8/25/2009,1.012,1.012,1.012,1.012,-0.78%
8/24/2009,1.02,1.02,1.02,1.02,-6.76%
8/21/2009,1.094,1.094,1.094,1.094,10.28%
8/20/2009,0.992,0.992,0.992,0.992,0.00%
8/19/2009,0.992,0.992,0.992,0.992,-3.50%
8/18/2009,1.028,1.028,1.028,1.028,1.58%
8/17/2009,1.012,1.012,1.012,1.012,-4.98%
8/14/2009,1.065,1.065,1.065,1.065,-2.56%
8/13/2009,1.093,1.093,1.093,1.093,-5.20%
8/12/2009,1.153,1.153,1.153,1.153,-2.04%
8/11/2009,1.177,1.177,1.177,1.177,-5.23%
8/10/2009,1.242,1.242,1.242,1.242,-4.90%
8/7/2009,1.306,1.306,1.306,1.306,8.47%
8/6/2009,1.204,1.204,1.204,1.204,-1.31%
8/5/2009,1.22,1.22,1.22,1.22,1.33%
8/4/2009,1.204,1.204,1.204,1.204,1.78%
8/3/2009,1.183,1.183,1.183,1.183,6.48%
7/31/2009,1.111,1.111,1.111,1.111,-5.37%
7/30/2009,1.174,1.174,1.174,1.174,0.69%
7/29/2009,1.166,1.166,1.166,1.166,7.96%
7/28/2009,1.08,1.08,1.08,1.08,4.05%
7/27/2009,1.038,1.038,1.038,1.038,3.18%
7/24/2009,1.006,1.006,1.006,1.006,-1.28%
7/23/2009,1.019,1.019,1.019,1.019,8.29%
7/22/2009,0.941,0.941,0.941,0.941,2.17%
7/21/2009,0.921,0.921,0.921,0.921,-5.44%
7/20/2009,0.974,0.974,0.974,0.974,-1.72%
7/17/2009,0.991,0.991,0.991,0.991,1.23%
7/16/2009,0.979,0.979,0.979,0.979,-4.39%
7/15/2009,1.024,1.024,1.024,1.024,8.59%
7/14/2009,0.943,0.943,0.943,0.943,4.78%
7/13/2009,0.9,0.9,0.9,0.9,0.00%
7/10/2009,0.9,0.9,0.9,0.9,-3.54%
7/9/2009,0.933,0.933,0.933,0.933,1.74%
7/8/2009,0.917,0.917,0.917,0.917,-5.37%
7/7/2009,0.969,0.969,0.969,0.969,2.11%
7/6/2009,0.949,0.949,0.949,0.949,-3.65%
7/2/2009,0.985,0.985,0.985,0.985,-6.19%
7/1/2009,1.05,1.05,1.05,1.05,-6.00%
6/30/2009,1.117,1.117,1.117,1.117,1.45%
6/29/2009,1.101,1.101,1.101,1.101,-0.72%
6/26/2009,1.109,1.109,1.109,1.109,-1.42%
6/25/2009,1.125,1.125,1.125,1.125,-7.48%
6/24/2009,1.216,1.216,1.216,1.216,10.95%
6/23/2009,1.096,1.096,1.096,1.096,-3.27%
6/22/2009,1.133,1.133,1.133,1.133,-5.74%
6/19/2009,1.202,1.202,1.202,1.202,-3.84%
6/18/2009,1.25,1.25,1.25,1.25,7.48%
6/17/2009,1.163,1.163,1.163,1.163,-1.69%
6/16/2009,1.183,1.183,1.183,1.183,-3.66%
6/15/2009,1.228,1.228,1.228,1.228,-3.46%
6/12/2009,1.272,1.272,1.272,1.272,-3.85%
6/11/2009,1.323,1.323,1.323,1.323,-2.65%
6/10/2009,1.359,1.359,1.359,1.359,3.74%
6/9/2009,1.31,1.31,1.31,1.31,-7.88%
6/8/2009,1.422,1.422,1.422,1.422,9.72%
6/5/2009,1.296,1.296,1.296,1.296,34.58%
6/4/2009,0.963,0.963,0.963,0.963,5.71%
6/3/2009,0.911,0.911,0.911,0.911,-4.11%
6/2/2009,0.95,0.95,0.95,0.95,-0.42%
6/1/2009,0.954,0.954,0.954,0.954,3.36%
5/29/2009,0.923,0.923,0.923,0.923,-4.05%
5/28/2009,0.962,0.962,0.962,0.962,-2.43%
5/27/2009,0.986,0.986,0.986,0.986,7.64%
5/26/2009,0.916,0.916,0.916,0.916,2.35%
5/22/2009,0.895,0.895,0.895,0.895,2.76%
5/21/2009,0.871,0.871,0.871,0.871,3.94%
5/20/2009,0.838,0.838,0.838,0.838,-5.95%
5/19/2009,0.891,0.891,0.891,0.891,-2.62%
5/18/2009,0.915,0.915,0.915,0.915,6.52%
5/15/2009,0.859,0.859,0.859,0.859,0.94%
5/14/2009,0.851,0.851,0.851,0.851,-2.30%
5/13/2009,0.871,0.871,0.871,0.871,-2.24%
5/12/2009,0.891,0.891,0.891,0.891,-0.89%
5/11/2009,0.899,0.899,0.899,0.899,-8.55%
5/8/2009,0.983,0.983,0.983,0.983,-1.99%
5/7/2009,1.003,1.003,1.003,1.003,4.15%
5/6/2009,0.963,0.963,0.963,0.963,-0.41%
5/5/2009,0.967,0.967,0.967,0.967,2.98%
5/4/2009,0.939,0.939,0.939,0.939,3.53%
5/1/2009,0.907,0.907,0.907,0.907,-0.44%
4/30/2009,0.911,0.911,0.911,0.911,-4.51%
4/29/2009,0.954,0.954,0.954,0.954,0.42%
4/28/2009,0.95,0.95,0.95,0.95,7.59%
4/27/2009,0.883,0.883,0.883,0.883,-8.50%
4/24/2009,0.965,0.965,0.965,0.965,3.10%
4/23/2009,0.936,0.936,0.936,0.936,-3.41%
4/22/2009,0.969,0.969,0.969,0.969,3.09%
4/21/2009,0.94,0.94,0.94,0.94,2.17%
4/20/2009,0.92,0.92,0.92,0.92,-6.22%
4/17/2009,0.981,0.981,0.981,0.981,8.16%
4/16/2009,0.907,0.907,0.907,0.907,5.59%
4/15/2009,0.859,0.859,0.859,0.859,0.00%
4/14/2009,0.859,0.859,0.859,0.859,-2.28%
4/13/2009,0.879,0.879,0.879,0.879,-8.82%
4/9/2009,0.964,0.964,0.964,0.964,3.10%
4/8/2009,0.935,0.935,0.935,0.935,1.74%
4/7/2009,0.919,0.919,0.919,0.919,-3.77%
4/6/2009,0.955,0.955,0.955,0.955,-0.42%
4/3/2009,0.959,0.959,0.959,0.959,7.63%
4/2/2009,0.891,0.891,0.891,0.891,9.73%
4/1/2009,0.812,0.812,0.812,0.812,1.00%
3/31/2009,0.804,0.804,0.804,0.804,-5.96%
3/30/2009,0.855,0.855,0.855,0.855,-7.67%
3/27/2009,0.926,0.926,0.926,0.926,0.76%
3/26/2009,0.919,0.919,0.919,0.919,-4.07%
3/25/2009,0.958,0.958,0.958,0.958,2.79%
3/24/2009,0.932,0.932,0.932,0.932,3.67%
3/23/2009,0.899,0.899,0.899,0.899,2.28%
3/20/2009,0.879,0.879,0.879,0.879,1.38%
3/19/2009,0.867,0.867,0.867,0.867,4.46%
3/18/2009,0.83,0.83,0.83,0.83,-19.65%
3/17/2009,1.033,1.033,1.033,1.033,1.97%
3/16/2009,1.013,1.013,1.013,1.013,4.65%
3/13/2009,0.968,0.968,0.968,0.968,-4.35%
3/12/2009,1.012,1.012,1.012,1.012,-1.17%
3/11/2009,1.024,1.024,1.024,1.024,-1.54%
3/10/2009,1.04,1.04,1.04,1.04,8.00%
3/9/2009,0.963,0.963,0.963,0.963,1.26%
3/6/2009,0.951,0.951,0.951,0.951,6.73%
3/5/2009,0.891,0.891,0.891,0.891,-5.51%
3/4/2009,0.943,0.943,0.943,0.943,5.84%
3/3/2009,0.891,0.891,0.891,0.891,1.37%
3/2/2009,0.879,0.879,0.879,0.879,-10.49%
2/27/2009,0.982,0.982,0.982,0.982,-10.16%
2/26/2009,1.093,1.093,1.093,1.093,0.00%
2/25/2009,1.093,1.093,1.093,1.093,8.97%
2/24/2009,1.003,1.003,1.003,1.003,6.70%
2/23/2009,0.94,0.94,0.94,0.94,-2.59%
2/20/2009,0.965,0.965,0.965,0.965,-2.03%
2/19/2009,0.985,0.985,0.985,0.985,2.18%
2/18/2009,0.964,0.964,0.964,0.964,11.19%
2/17/2009,0.867,0.867,0.867,0.867,-10.43%
2/13/2009,0.968,0.968,0.968,0.968,5.33%
2/12/2009,0.919,0.919,0.919,0.919,0.44%
2/11/2009,0.915,0.915,0.915,0.915,1.78%
2/10/2009,0.899,0.899,0.899,0.899,-11.43%
2/9/2009,1.015,1.015,1.015,1.015,0.79%
2/6/2009,1.007,1.007,1.007,1.007,3.28%
2/5/2009,0.975,0.975,0.975,0.975,-0.81%
2/4/2009,0.983,0.983,0.983,0.983,1.76%
2/3/2009,0.966,0.966,0.966,0.966,6.98%
2/2/2009,0.903,0.903,0.903,0.903,-5.74%
1/30/2009,0.958,0.958,0.958,0.958,-1.24%
1/29/2009,0.97,0.97,0.97,0.97,6.48%
1/28/2009,0.911,0.911,0.911,0.911,8.07%
1/27/2009,0.843,0.843,0.843,0.843,0.12%
1/26/2009,0.842,0.842,0.842,0.842,2.43%
1/23/2009,0.822,0.822,0.822,0.822,10.93%
1/22/2009,0.741,0.741,0.741,0.741,-6.08%
1/21/2009,0.789,0.789,0.789,0.789,11.28%
1/20/2009,0.709,0.709,0.709,0.709,-3.27%
1/16/2009,0.733,0.733,0.733,0.733,0.96%
1/15/2009,0.726,0.726,0.726,0.726,1.68%
1/14/2009,0.714,0.714,0.714,0.714,-5.80%
1/13/2009,0.758,0.758,0.758,0.758,0.53%
1/12/2009,0.754,0.754,0.754,0.754,-0.66%
1/9/2009,0.759,0.759,0.759,0.759,-9.96%
1/8/2009,0.843,0.843,0.843,0.843,2.93%
1/7/2009,0.819,0.819,0.819,0.819,5.13%
1/6/2009,0.779,0.779,0.779,0.779,0.39%
1/5/2009,0.776,0.776,0.776,0.776,-6.17%
1/2/2009,0.827,0.827,0.827,0.827,7.68%
12/31/2008,0.768,0.768,0.768,0.768,5.93%
12/30/2008,0.725,0.725,0.725,0.725,-7.53%
12/29/2008,0.784,0.784,0.784,0.784,-13.56%
12/26/2008,0.907,0.907,0.907,0.907,-0.77%
12/24/2008,0.914,0.914,0.914,0.914,1.22%
12/23/2008,0.903,0.903,0.903,0.903,32.99%
12/22/2008,0.679,0.679,0.679,0.679,-9.47%
12/19/2008,0.75,0.75,0.75,0.75,9.01%
12/18/2008,0.688,0.688,0.688,0.688,-8.63%
12/17/2008,0.753,0.753,0.753,0.753,14.61%
12/16/2008,0.657,0.657,0.657,0.657,-11.46%
12/15/2008,0.742,0.742,0.742,0.742,-3.26%
12/12/2008,0.767,0.767,0.767,0.767,-4.24%
12/11/2008,0.801,0.801,0.801,0.801,-6.97%
12/10/2008,0.861,0.861,0.861,0.861,0.82%
12/9/2008,0.854,0.854,0.854,0.854,-9.34%
12/8/2008,0.942,0.942,0.942,0.942,0.00%
12/5/2008,0.942,0.942,0.942,0.942,14.74%
12/4/2008,0.821,0.821,0.821,0.821,-7.96%
12/3/2008,0.892,0.892,0.892,0.892,-0.56%
12/2/2008,0.897,0.897,0.897,0.897,-2.18%
12/1/2008,0.917,0.917,0.917,0.917,-8.30%
11/28/2008,1,1,1,1,-9.99%
11/26/2008,1.111,1.111,1.111,1.111,-6.95%
11/25/2008,1.194,1.194,1.194,1.194,-4.56%
11/24/2008,1.251,1.251,1.251,1.251,10.61%
11/21/2008,1.131,1.131,1.131,1.131,16.96%
11/20/2008,0.967,0.967,0.967,0.967,-9.79%
11/19/2008,1.072,1.072,1.072,1.072,-5.80%
11/18/2008,1.138,1.138,1.138,1.138,-5.09%
11/17/2008,1.199,1.199,1.199,1.199,-1.40%
11/14/2008,1.216,1.216,1.216,1.216,-1.70%
11/13/2008,1.237,1.237,1.237,1.237,5.46%
11/12/2008,1.173,1.173,1.173,1.173,-7.93%
11/10/2008,1.274,1.274,1.274,1.274,-4.28%
11/7/2008,1.331,1.331,1.331,1.331,3.66%
11/6/2008,1.284,1.284,1.284,1.284,-4.18%
11/5/2008,1.34,1.34,1.34,1.34,-2.90%
11/4/2008,1.38,1.38,1.38,1.38,-4.43%
11/3/2008,1.444,1.444,1.444,1.444,-7.91%
10/31/2008,1.568,1.568,1.568,1.568,0.00%
10/30/2008,1.568,1.568,1.568,1.568,1.29%
10/29/2008,1.548,1.548,1.548,1.548,-2.58%
10/28/2008,1.589,1.589,1.589,1.589,3.72%
10/27/2008,1.532,1.532,1.532,1.532,2.41%
10/24/2008,1.496,1.496,1.496,1.496,-6.50%
10/23/2008,1.6,1.6,1.6,1.6,6.17%
10/22/2008,1.507,1.507,1.507,1.507,-7.32%
10/21/2008,1.626,1.626,1.626,1.626,-5.02%
10/20/2008,1.712,1.712,1.712,1.712,5.74%
10/17/2008,1.619,1.619,1.619,1.619,-1.10%
10/16/2008,1.637,1.637,1.637,1.637,4.94%
10/15/2008,1.56,1.56,1.56,1.56,-14.71%
10/14/2008,1.829,1.829,1.829,1.829,14.46%
10/10/2008,1.598,1.598,1.598,1.598,4.58%
10/9/2008,1.528,1.528,1.528,1.528,-2.30%
10/8/2008,1.564,1.564,1.564,1.564,6.47%
10/7/2008,1.469,1.469,1.469,1.469,2.16%
10/6/2008,1.438,1.438,1.438,1.438,-9.33%
10/3/2008,1.586,1.586,1.586,1.586,-2.10%
10/2/2008,1.62,1.62,1.62,1.62,-11.18%
10/1/2008,1.824,1.824,1.824,1.824,-7.32%
9/30/2008,1.968,1.968,1.968,1.968,20.81%
9/29/2008,1.629,1.629,1.629,1.629,-22.43%
9/26/2008,2.1,2.1,2.1,2.1,-2.78%
9/25/2008,2.16,2.16,2.16,2.16,9.70%
9/24/2008,1.969,1.969,1.969,1.969,-4.79%
9/23/2008,2.068,2.068,2.068,2.068,-3.86%
9/22/2008,2.151,2.151,2.151,2.151,-1.15%
9/19/2008,2.176,2.176,2.176,2.176,27.77%
9/18/2008,1.703,1.703,1.703,1.703,3.40%
9/17/2008,1.647,1.647,1.647,1.647,-9.01%
9/16/2008,1.81,1.81,1.81,1.81,5.60%
9/15/2008,1.714,1.714,1.714,1.714,-22.62%
9/12/2008,2.215,2.215,2.215,2.215,-0.94%
9/11/2008,2.236,2.236,2.236,2.236,1.08%
9/10/2008,2.212,2.212,2.212,2.212,1.70%
9/9/2008,2.175,2.175,2.175,2.175,-6.01%
9/8/2008,2.314,2.314,2.314,2.314,0.52%
9/5/2008,2.302,2.302,2.302,2.302,5.35%
9/4/2008,2.185,2.185,2.185,2.185,-3.57%
9/3/2008,2.266,2.266,2.266,2.266,0.00%
9/2/2008,2.266,2.266,2.266,2.266,-4.75%
8/29/2008,2.379,2.379,2.379,2.379,0.34%
8/28/2008,2.371,2.371,2.371,2.371,3.90%
8/27/2008,2.282,2.282,2.282,2.282,-2.35%
8/26/2008,2.337,2.337,2.337,2.337,0.17%
8/25/2008,2.333,2.333,2.333,2.333,-3.44%
8/22/2008,2.416,2.416,2.416,2.416,4.36%
8/21/2008,2.315,2.315,2.315,2.315,2.71%
8/20/2008,2.254,2.254,2.254,2.254,-2.00%
8/19/2008,2.3,2.3,2.3,2.3,-1.75%
8/18/2008,2.341,2.341,2.341,2.341,-1.93%
8/15/2008,2.387,2.387,2.387,2.387,-2.09%
8/14/2008,2.438,2.438,2.438,2.438,-1.81%
8/13/2008,2.483,2.483,2.483,2.483,2.01%
8/12/2008,2.434,2.434,2.434,2.434,-4.51%
8/11/2008,2.549,2.549,2.549,2.549,1.59%
8/8/2008,2.509,2.509,2.509,2.509,3.17%
8/7/2008,2.432,2.432,2.432,2.432,-5.99%
8/6/2008,2.587,2.587,2.587,2.587,1.09%
8/5/2008,2.559,2.559,2.559,2.559,0.79%
8/4/2008,2.539,2.539,2.539,2.539,1.44%
8/1/2008,2.503,2.503,2.503,2.503,-0.83%
7/31/2008,2.524,2.524,2.524,2.524,-4.43%
7/30/2008,2.641,2.641,2.641,2.641,0.46%
7/29/2008,2.629,2.629,2.629,2.629,1.70%
7/28/2008,2.585,2.585,2.585,2.585,-4.75%
7/25/2008,2.714,2.714,2.714,2.714,4.02%
7/24/2008,2.609,2.609,2.609,2.609,-4.82%
7/23/2008,2.741,2.741,2.741,2.741,0.77%
7/22/2008,2.72,2.72,2.72,2.72,4.78%
7/21/2008,2.596,2.596,2.596,2.596,-2.04%
7/18/2008,2.65,2.65,2.65,2.65,6.55%
7/17/2008,2.487,2.487,2.487,2.487,2.18%
7/16/2008,2.434,2.434,2.434,2.434,2.57%
7/15/2008,2.373,2.373,2.373,2.373,-3.69%
7/14/2008,2.464,2.464,2.464,2.464,-5.95%
7/11/2008,2.62,2.62,2.62,2.62,8.76%
7/10/2008,2.409,2.409,2.409,2.409,0.84%
7/9/2008,2.389,2.389,2.389,2.389,-3.79%
7/8/2008,2.483,2.483,2.483,2.483,1.47%
7/7/2008,2.447,2.447,2.447,2.447,-3.55%
7/3/2008,2.537,2.537,2.537,2.537,-1.63%
7/2/2008,2.579,2.579,2.579,2.579,-3.05%
7/1/2008,2.66,2.66,2.66,2.66,1.06%
6/30/2008,2.632,2.632,2.632,2.632,0.11%
6/27/2008,2.629,2.629,2.629,2.629,-1.50%
6/26/2008,2.669,2.669,2.669,2.669,-5.29%
6/25/2008,2.818,2.818,2.818,2.818,-1.43%
6/24/2008,2.859,2.859,2.859,2.859,-3.12%
6/23/2008,2.951,2.951,2.951,2.951,1.90%
6/20/2008,2.896,2.896,2.896,2.896,-1.66%
6/19/2008,2.945,2.945,2.945,2.945,3.22%
6/18/2008,2.853,2.853,2.853,2.853,-1.55%
6/17/2008,2.898,2.898,2.898,2.898,-4.64%
6/16/2008,3.039,3.039,3.039,3.039,0.26%
6/13/2008,3.031,3.031,3.031,3.031,-0.62%
6/12/2008,3.05,3.05,3.05,3.05,8.39%
6/11/2008,2.814,2.814,2.814,2.814,-3.93%
6/10/2008,2.929,2.929,2.929,2.929,7.88%
6/9/2008,2.715,2.715,2.715,2.715,13.65%
6/6/2008,2.389,2.389,2.389,2.389,-4.86%
6/5/2008,2.511,2.511,2.511,2.511,2.28%
6/4/2008,2.455,2.455,2.455,2.455,2.04%
6/3/2008,2.406,2.406,2.406,2.406,-4.07%
6/2/2008,2.508,2.508,2.508,2.508,-5.61%
5/30/2008,2.657,2.657,2.657,2.657,-1.23%
5/29/2008,2.69,2.69,2.69,2.69,3.18%
5/28/2008,2.607,2.607,2.607,2.607,3.70%
5/27/2008,2.514,2.514,2.514,2.514,2.78%
5/23/2008,2.446,2.446,2.446,2.446,-3.70%
5/22/2008,2.54,2.54,2.54,2.54,5.57%
5/21/2008,2.406,2.406,2.406,2.406,4.11%
5/20/2008,2.311,2.311,2.311,2.311,-3.79%
5/19/2008,2.402,2.402,2.402,2.402,-2.32%
5/16/2008,2.459,2.459,2.459,2.459,1.07%
5/15/2008,2.433,2.433,2.433,2.433,-3.91%
5/14/2008,2.532,2.532,2.532,2.532,2.34%
5/13/2008,2.474,2.474,2.474,2.474,6.59%
5/12/2008,2.321,2.321,2.321,2.321,3.66%
5/9/2008,2.239,2.239,2.239,2.239,0.36%
5/8/2008,2.231,2.231,2.231,2.231,-3.67%
5/7/2008,2.316,2.316,2.316,2.316,-3.54%
5/6/2008,2.401,2.401,2.401,2.401,-0.99%
5/5/2008,2.425,2.425,2.425,2.425,-1.46%
5/2/2008,2.461,2.461,2.461,2.461,3.45%
5/1/2008,2.379,2.379,2.379,2.379,4.80%
4/30/2008,2.27,2.27,2.27,2.27,-3.90%
4/29/2008,2.362,2.362,2.362,2.362,0.34%
4/28/2008,2.354,2.354,2.354,2.354,-3.17%
4/25/2008,2.431,2.431,2.431,2.431,1.00%
4/24/2008,2.407,2.407,2.407,2.407,9.31%
4/23/2008,2.202,2.202,2.202,2.202,-0.32%
4/22/2008,2.209,2.209,2.209,2.209,1.75%
4/21/2008,2.171,2.171,2.171,2.171,1.54%
4/18/2008,2.138,2.138,2.138,2.138,1.47%
4/17/2008,2.107,2.107,2.107,2.107,5.77%
4/16/2008,1.992,1.992,1.992,1.992,6.13%
4/15/2008,1.877,1.877,1.877,1.877,6.53%
4/14/2008,1.762,1.762,1.762,1.762,0.69%
4/11/2008,1.75,1.75,1.75,1.75,-5.25%
4/10/2008,1.847,1.847,1.847,1.847,4.35%
4/9/2008,1.77,1.77,1.77,1.77,-6.25%
4/8/2008,1.888,1.888,1.888,1.888,-2.28%
4/7/2008,1.932,1.932,1.932,1.932,6.04%
4/4/2008,1.822,1.822,1.822,1.822,-4.86%
4/3/2008,1.915,1.915,1.915,1.915,0.63%
4/2/2008,1.903,1.903,1.903,1.903,5.60%
4/1/2008,1.802,1.802,1.802,1.802,8.95%
3/31/2008,1.654,1.654,1.654,1.654,0.24%
3/28/2008,1.65,1.65,1.65,1.65,-2.83%
3/27/2008,1.698,1.698,1.698,1.698,4.04%
3/26/2008,1.632,1.632,1.632,1.632,-8.11%
3/25/2008,1.776,1.776,1.776,1.776,-2.52%
3/24/2008,1.822,1.822,1.822,1.822,12.68%
3/20/2008,1.617,1.617,1.617,1.617,9.85%
3/19/2008,1.472,1.472,1.472,1.472,-10.02%
3/18/2008,1.636,1.636,1.636,1.636,21.64%
3/17/2008,1.345,1.345,1.345,1.345,-9.55%
3/14/2008,1.487,1.487,1.487,1.487,-8.10%
3/13/2008,1.618,1.618,1.618,1.618,1.51%
3/12/2008,1.594,1.594,1.594,1.594,-8.81%
3/11/2008,1.748,1.748,1.748,1.748,16.92%
3/10/2008,1.495,1.495,1.495,1.495,-2.42%
3/7/2008,1.532,1.532,1.532,1.532,0.13%
3/6/2008,1.53,1.53,1.53,1.53,-6.36%
3/5/2008,1.634,1.634,1.634,1.634,-2.21%
3/4/2008,1.671,1.671,1.671,1.671,1.70%
3/3/2008,1.643,1.643,1.643,1.643,0.92%
2/29/2008,1.628,1.628,1.628,1.628,-10.35%
2/28/2008,1.816,1.816,1.816,1.816,-9.56%
2/27/2008,2.008,2.008,2.008,2.008,0.20%
2/26/2008,2.004,2.004,2.004,2.004,-5.69%
2/25/2008,2.125,2.125,2.125,2.125,4.94%
2/22/2008,2.025,2.025,2.025,2.025,2.27%
2/21/2008,1.98,1.98,1.98,1.98,-7.35%
2/20/2008,2.137,2.137,2.137,2.137,2.79%
2/19/2008,2.079,2.079,2.079,2.079,9.02%
2/15/2008,1.907,1.907,1.907,1.907,0.37%
2/14/2008,1.9,1.9,1.9,1.9,-1.09%
2/13/2008,1.921,1.921,1.921,1.921,0.21%
2/12/2008,1.917,1.917,1.917,1.917,0.21%
2/11/2008,1.913,1.913,1.913,1.913,-1.70%
2/8/2008,1.946,1.946,1.946,1.946,-6.26%
2/7/2008,2.076,2.076,2.076,2.076,7.73%
2/6/2008,1.927,1.927,1.927,1.927,0.42%
2/5/2008,1.919,1.919,1.919,1.919,-7.03%
2/4/2008,2.064,2.064,2.064,2.064,-0.63%
2/1/2008,2.077,2.077,2.077,2.077,-1.52%
1/31/2008,2.109,2.109,2.109,2.109,-2.41%
1/30/2008,2.161,2.161,2.161,2.161,-5.80%
1/29/2008,2.294,2.294,2.294,2.294,4.04%
1/28/2008,2.205,2.205,2.205,2.205,1.05%
1/25/2008,2.182,2.182,2.182,2.182,-5.87%
1/24/2008,2.318,2.318,2.318,2.318,7.96%
1/23/2008,2.147,2.147,2.147,2.147,8.60%
1/22/2008,1.977,1.977,1.977,1.977,-15.87%
1/18/2008,2.35,2.35,2.35,2.35,-2.57%
1/17/2008,2.412,2.412,2.412,2.412,-4.10%
1/16/2008,2.515,2.515,2.515,2.515,0.76%
1/15/2008,2.496,2.496,2.496,2.496,-2.42%
1/14/2008,2.558,2.558,2.558,2.558,-0.70%
1/11/2008,2.576,2.576,2.576,2.576,-4.59%
1/10/2008,2.7,2.7,2.7,2.7,-0.77%
1/9/2008,2.721,2.721,2.721,2.721,1.45%
1/8/2008,2.682,2.682,2.682,2.682,-2.65%
1/7/2008,2.755,2.755,2.755,2.755,0.55%
1/4/2008,2.74,2.74,2.74,2.74,-2.66%
1/3/2008,2.815,2.815,2.815,2.815,-2.39%
1/2/2008,2.884,2.884,2.884,2.884,-5.72%
12/31/2007,3.059,3.059,3.059,3.059,-1.58%
12/28/2007,3.108,3.108,3.108,3.108,-3.39%
12/27/2007,3.217,3.217,3.217,3.217,-2.93%
12/26/2007,3.314,3.314,3.314,3.314,1.94%
12/24/2007,3.251,3.251,3.251,3.251,2.01%
12/21/2007,3.187,3.187,3.187,3.187,2.71%
12/20/2007,3.103,3.103,3.103,3.103,-0.42%
12/19/2007,3.116,3.116,3.116,3.116,-2.35%
12/18/2007,3.191,3.191,3.191,3.191,0.25%
12/17/2007,3.183,3.183,3.183,3.183,-4.13%
12/14/2007,3.32,3.32,3.32,3.32,2.06%
12/13/2007,3.253,3.253,3.253,3.253,3.70%
12/12/2007,3.137,3.137,3.137,3.137,7.47%
12/11/2007,2.919,2.919,2.919,2.919,-8.15%
12/10/2007,3.178,3.178,3.178,3.178,2.38%
12/7/2007,3.104,3.104,3.104,3.104,2.27%
12/6/2007,3.035,3.035,3.035,3.035,3.76%
12/5/2007,2.925,2.925,2.925,2.925,0.97%
12/4/2007,2.897,2.897,2.897,2.897,0.98%
12/3/2007,2.869,2.869,2.869,2.869,-4.84%
11/30/2007,3.015,3.015,3.015,3.015,-0.56%
11/29/2007,3.032,3.032,3.032,3.032,-5.04%
11/28/2007,3.193,3.193,3.193,3.193,3.37%
11/27/2007,3.089,3.089,3.089,3.089,6.30%
11/26/2007,2.906,2.906,2.906,2.906,-5.19%
11/23/2007,3.065,3.065,3.065,3.065,1.56%
11/21/2007,3.018,3.018,3.018,3.018,-5.36%
11/20/2007,3.189,3.189,3.189,3.189,0.76%
11/19/2007,3.165,3.165,3.165,3.165,-5.35%
11/16/2007,3.344,3.344,3.344,3.344,0.81%
11/15/2007,3.317,3.317,3.317,3.317,-5.34%
11/14/2007,3.504,3.504,3.504,3.504,-1.30%
11/13/2007,3.55,3.55,3.55,3.55,4.26%
11/9/2007,3.405,3.405,3.405,3.405,-2.27%
11/8/2007,3.484,3.484,3.484,3.484,-1.75%
11/7/2007,3.546,3.546,3.546,3.546,-4.57%
11/6/2007,3.716,3.716,3.716,3.716,0.92%
11/5/2007,3.682,3.682,3.682,3.682,0.11%
11/2/2007,3.678,3.678,3.678,3.678,-2.18%
11/1/2007,3.76,3.76,3.76,3.76,-4.91%
10/31/2007,3.954,3.954,3.954,3.954,3.81%
10/30/2007,3.809,3.809,3.809,3.809,0.11%
10/29/2007,3.805,3.805,3.805,3.805,0.87%
10/26/2007,3.772,3.772,3.772,3.772,-0.21%
10/25/2007,3.78,3.78,3.78,3.78,0.93%
10/24/2007,3.745,3.745,3.745,3.745,-1.78%
10/23/2007,3.813,3.813,3.813,3.813,-1.42%
10/22/2007,3.868,3.868,3.868,3.868,2.00%
10/19/2007,3.792,3.792,3.792,3.792,-3.24%
10/18/2007,3.919,3.919,3.919,3.919,-1.68%
10/17/2007,3.986,3.986,3.986,3.986,-3.67%
10/16/2007,4.138,4.138,4.138,4.138,-2.08%
10/15/2007,4.226,4.226,4.226,4.226,-0.19%
10/12/2007,4.234,4.234,4.234,4.234,2.54%
10/11/2007,4.129,4.129,4.129,4.129,-0.70%
10/10/2007,4.158,4.158,4.158,4.158,0.41%
10/9/2007,4.141,4.141,4.141,4.141,1.32%
10/5/2007,4.087,4.087,4.087,4.087,2.61%
10/4/2007,3.983,3.983,3.983,3.983,-1.14%
10/3/2007,4.029,4.029,4.029,4.029,1.36%
10/2/2007,3.975,3.975,3.975,3.975,-0.92%
10/1/2007,4.012,4.012,4.012,4.012,0.60%
9/28/2007,3.988,3.988,3.988,3.988,1.04%
9/27/2007,3.947,3.947,3.947,3.947,-1.08%
9/26/2007,3.99,3.99,3.99,3.99,-0.23%
9/25/2007,3.999,3.999,3.999,3.999,-1.26%
9/24/2007,4.05,4.05,4.05,4.05,-0.10%
9/21/2007,4.054,4.054,4.054,4.054,-1.43%
9/20/2007,4.113,4.113,4.113,4.113,2.52%
9/19/2007,4.012,4.012,4.012,4.012,0.96%
9/18/2007,3.974,3.974,3.974,3.974,-2.48%
9/17/2007,4.075,4.075,4.075,4.075,0.74%
9/14/2007,4.045,4.045,4.045,4.045,0.40%
9/13/2007,4.029,4.029,4.029,4.029,1.79%
9/12/2007,3.958,3.958,3.958,3.958,0.23%
9/11/2007,3.949,3.949,3.949,3.949,2.57%
9/10/2007,3.85,3.85,3.85,3.85,-1.48%
9/7/2007,3.908,3.908,3.908,3.908,-4.57%
9/6/2007,4.095,4.095,4.095,4.095,1.97%
9/5/2007,4.016,4.016,4.016,4.016,-2.81%
9/4/2007,4.132,4.132,4.132,4.132,-0.60%
8/31/2007,4.157,4.157,4.157,4.157,1.32%
8/30/2007,4.103,4.103,4.103,4.103,-1.80%
8/29/2007,4.178,4.178,4.178,4.178,2.58%
8/28/2007,4.073,4.073,4.073,4.073,-3.53%
8/27/2007,4.222,4.222,4.222,4.222,-1.59%
8/24/2007,4.29,4.29,4.29,4.29,0.35%
8/23/2007,4.275,4.275,4.275,4.275,2.00%
8/22/2007,4.191,4.191,4.191,4.191,3.84%
8/21/2007,4.036,4.036,4.036,4.036,-1.34%
8/20/2007,4.091,4.091,4.091,4.091,-2.34%
8/17/2007,4.189,4.189,4.189,4.189,-1.32%
8/16/2007,4.245,4.245,4.245,4.245,-1.28%
8/15/2007,4.3,4.3,4.3,4.3,-1.35%
8/14/2007,4.359,4.359,4.359,4.359,-1.54%
8/13/2007,4.427,4.427,4.427,4.427,-0.94%
8/10/2007,4.469,4.469,4.469,4.469,0.36%
8/9/2007,4.453,4.453,4.453,4.453,-4.65%
8/8/2007,4.67,4.67,4.67,4.67,2.10%
8/7/2007,4.574,4.574,4.574,4.574,1.37%
8/6/2007,4.512,4.512,4.512,4.512,2.24%
8/3/2007,4.413,4.413,4.413,4.413,-3.79%
8/2/2007,4.587,4.587,4.587,4.587,-0.46%
8/1/2007,4.608,4.608,4.608,4.608,2.11%
7/31/2007,4.513,4.513,4.513,4.513,-1.72%
7/30/2007,4.592,4.592,4.592,4.592,1.75%
7/27/2007,4.513,4.513,4.513,4.513,-1.55%
7/26/2007,4.584,4.584,4.584,4.584,-3.29%
7/25/2007,4.74,4.74,4.74,4.74,0.00%
7/24/2007,4.74,4.74,4.74,4.74,-1.09%
7/23/2007,4.792,4.792,4.792,4.792,0.44%
7/20/2007,4.771,4.771,4.771,4.771,-1.59%
7/19/2007,4.848,4.848,4.848,4.848,-0.35%
7/18/2007,4.865,4.865,4.865,4.865,-0.43%
7/17/2007,4.886,4.886,4.886,4.886,0.35%
7/16/2007,4.869,4.869,4.869,4.869,-1.22%
7/13/2007,4.929,4.929,4.929,4.929,-0.34%
7/12/2007,4.946,4.946,4.946,4.946,0.86%
7/11/2007,4.904,4.904,4.904,4.904,1.13%
7/10/2007,4.849,4.849,4.849,4.849,-1.96%
7/9/2007,4.946,4.946,4.946,4.946,-0.92%
7/6/2007,4.992,4.992,4.992,4.992,0.34%
7/5/2007,4.975,4.975,4.975,4.975,1.80%
7/3/2007,4.887,4.887,4.887,4.887,0.76%
7/2/2007,4.85,4.85,4.85,4.85,-0.43%
6/29/2007,4.871,4.871,4.871,4.871,-1.60%
6/28/2007,4.95,4.95,4.95,4.95,0.94%
6/27/2007,4.904,4.904,4.904,4.904,0.55%
6/26/2007,4.877,4.877,4.877,4.877,-0.10%
6/25/2007,4.882,4.882,4.882,4.882,-0.87%
6/22/2007,4.925,4.925,4.925,4.925,-1.10%
6/21/2007,4.98,4.98,4.98,4.98,0.08%
6/20/2007,4.976,4.976,4.976,4.976,0.69%
6/19/2007,4.942,4.942,4.942,4.942,-1.26%
6/18/2007,5.005,5.005,5.005,5.005,-0.44%
6/15/2007,5.027,5.027,5.027,5.027,-1.39%
6/14/2007,5.098,5.098,5.098,5.098,0.24%
6/13/2007,5.086,5.086,5.086,5.086,-0.41%
6/12/2007,5.107,5.107,5.107,5.107,1.61%
6/11/2007,5.026,5.026,5.026,5.026,0.42%
6/8/2007,5.005,5.005,5.005,5.005,-0.58%
6/7/2007,5.034,5.034,5.034,5.034,1.61%
6/6/2007,4.954,4.954,4.954,4.954,-1.08%
6/5/2007,5.008,5.008,5.008,5.008,0.85%
6/4/2007,4.966,4.966,4.966,4.966,-0.26%
6/1/2007,4.979,4.979,4.979,4.979,1.18%
5/31/2007,4.921,4.921,4.921,4.921,0.70%
5/30/2007,4.887,4.887,4.887,4.887,-0.24%
5/29/2007,4.899,4.899,4.899,4.899,0.62%
5/25/2007,4.869,4.869,4.869,4.869,0.50%
5/24/2007,4.845,4.845,4.845,4.845,0.19%
5/23/2007,4.836,4.836,4.836,4.836,-0.08%
5/22/2007,4.84,4.84,4.84,4.84,0.62%
5/21/2007,4.81,4.81,4.81,4.81,-0.25%
5/18/2007,4.822,4.822,4.822,4.822,0.73%
5/17/2007,4.787,4.787,4.787,4.787,0.99%
5/16/2007,4.74,4.74,4.74,4.74,-0.08%
5/15/2007,4.744,4.744,4.744,4.744,0.08%
5/14/2007,4.74,4.74,4.74,4.74,0.55%
5/11/2007,4.714,4.714,4.714,4.714,0.55%
5/10/2007,4.688,4.688,4.688,4.688,-0.97%
5/9/2007,4.734,4.734,4.734,4.734,1.18%
5/8/2007,4.679,4.679,4.679,4.679,0.00%
5/7/2007,4.679,4.679,4.679,4.679,-0.09%
5/4/2007,4.683,4.683,4.683,4.683,-0.62%
5/3/2007,4.712,4.712,4.712,4.712,1.27%
5/2/2007,4.653,4.653,4.653,4.653,0.35%
5/1/2007,4.637,4.637,4.637,4.637,0.91%
4/30/2007,4.595,4.595,4.595,4.595,-1.42%
4/27/2007,4.661,4.661,4.661,4.661,-0.28%
4/26/2007,4.674,4.674,4.674,4.674,0.65%
4/25/2007,4.644,4.644,4.644,4.644,0.85%
4/24/2007,4.605,4.605,4.605,4.605,-0.56%
4/23/2007,4.631,4.631,4.631,4.631,-0.45%
4/20/2007,4.652,4.652,4.652,4.652,0.11%
4/19/2007,4.647,4.647,4.647,4.647,0.09%
4/18/2007,4.643,4.643,4.643,4.643,-0.81%
4/17/2007,4.681,4.681,4.681,4.681,-1.43%
4/16/2007,4.749,4.749,4.749,4.749,-0.44%
4/13/2007,4.77,4.77,4.77,4.77,0.74%
4/12/2007,4.735,4.735,4.735,4.735,0.28%
4/11/2007,4.722,4.722,4.722,4.722,0.45%
4/10/2007,4.701,4.701,4.701,4.701,-0.89%
4/9/2007,4.743,4.743,4.743,4.743,2.75%
4/6/2007,4.616,4.616,4.616,4.616,-0.28%
4/5/2007,4.629,4.629,4.629,4.629,0.54%
4/4/2007,4.604,4.604,4.604,4.604,-0.43%
4/3/2007,4.624,4.624,4.624,4.624,0.81%
4/2/2007,4.587,4.587,4.587,4.587,0.09%
3/30/2007,4.583,4.583,4.583,4.583,-0.17%
3/29/2007,4.591,4.591,4.591,4.591,0.22%
3/28/2007,4.581,4.581,4.581,4.581,0.20%
3/27/2007,4.572,4.572,4.572,4.572,-0.39%
3/26/2007,4.59,4.59,4.59,4.59,-0.46%
3/23/2007,4.611,4.611,4.611,4.611,0.44%
3/22/2007,4.591,4.591,4.591,4.591,1.21%
3/21/2007,4.536,4.536,4.536,4.536,-1.65%
3/20/2007,4.612,4.612,4.612,4.612,-0.39%
3/19/2007,4.63,4.63,4.63,4.63,0.65%
3/16/2007,4.6,4.6,4.6,4.6,0.26%
3/15/2007,4.588,4.588,4.588,4.588,0.35%
3/14/2007,4.572,4.572,4.572,4.572,1.31%
3/13/2007,4.513,4.513,4.513,4.513,-2.74%
3/12/2007,4.64,4.64,4.64,4.64,-0.81%
3/9/2007,4.678,4.678,4.678,4.678,2.36%
3/8/2007,4.57,4.57,4.57,4.57,0.84%
3/7/2007,4.532,4.532,4.532,4.532,-1.11%
3/6/2007,4.583,4.583,4.583,4.583,1.57%
3/5/2007,4.512,4.512,4.512,4.512,-0.57%
3/2/2007,4.538,4.538,4.538,4.538,-1.71%
3/1/2007,4.617,4.617,4.617,4.617,-0.90%
2/28/2007,4.659,4.659,4.659,4.659,1.53%
2/27/2007,4.589,4.589,4.589,4.589,-3.63%
2/26/2007,4.762,4.762,4.762,4.762,-0.87%
2/23/2007,4.804,4.804,4.804,4.804,-1.36%
2/22/2007,4.87,4.87,4.87,4.87,0.56%
2/21/2007,4.843,4.843,4.843,4.843,0.44%
2/20/2007,4.822,4.822,4.822,4.822,-0.54%
2/16/2007,4.848,4.848,4.848,4.848,0.08%
2/15/2007,4.844,4.844,4.844,4.844,-0.70%
2/14/2007,4.878,4.878,4.878,4.878,-1.45%
2/13/2007,4.95,4.95,4.95,4.95,0.26%
2/12/2007,4.937,4.937,4.937,4.937,0.51%
2/9/2007,4.912,4.912,4.912,4.912,0.59%
2/8/2007,4.883,4.883,4.883,4.883,0.18%
2/7/2007,4.874,4.874,4.874,4.874,-0.61%
2/6/2007,4.904,4.904,4.904,4.904,-0.43%
2/5/2007,4.925,4.925,4.925,4.925,-0.24%
2/2/2007,4.937,4.937,4.937,4.937,-0.58%
2/1/2007,4.966,4.966,4.966,4.966,0.83%
1/31/2007,4.925,4.925,4.925,4.925,-1.01%
1/30/2007,4.975,4.975,4.975,4.975,-0.32%
1/29/2007,4.991,4.991,4.991,4.991,0.40%
1/26/2007,4.971,4.971,4.971,4.971,-0.16%
1/25/2007,4.979,4.979,4.979,4.979,0.85%
1/24/2007,4.937,4.937,4.937,4.937,-0.34%
1/23/2007,4.954,4.954,4.954,4.954,0.79%
1/22/2007,4.915,4.915,4.915,4.915,-0.34%
1/19/2007,4.932,4.932,4.932,4.932,0.88%
1/18/2007,4.889,4.889,4.889,4.889,-0.43%
1/17/2007,4.91,4.91,4.91,4.91,0.88%
1/16/2007,4.867,4.867,4.867,4.867,-0.61%
1/12/2007,4.897,4.897,4.897,4.897,0.62%
1/11/2007,4.867,4.867,4.867,4.867,1.06%
1/10/2007,4.816,4.816,4.816,4.816,0.33%
1/9/2007,4.8,4.8,4.8,4.8,0.27%
1/8/2007,4.787,4.787,4.787,4.787,0.52%
1/5/2007,4.762,4.762,4.762,4.762,1.23%
1/4/2007,4.704,4.704,4.704,4.704,-1.30%
1/3/2007,4.766,4.766,4.766,4.766,-0.79%
1/2/2007,4.804,4.804,4.804,4.804,-0.44%
12/29/2006,4.825,4.825,4.825,4.825,0.44%
12/28/2006,4.804,4.804,4.804,4.804,0.36%
12/27/2006,4.787,4.787,4.787,4.787,1.46%
12/26/2006,4.718,4.718,4.718,4.718,-0.36%
12/22/2006,4.735,4.735,4.735,4.735,1.67%
12/21/2006,4.657,4.657,4.657,4.657,-1.36%
12/20/2006,4.721,4.721,4.721,4.721,0.08%
12/19/2006,4.717,4.717,4.717,4.717,-0.08%
12/18/2006,4.721,4.721,4.721,4.721,-0.11%
12/15/2006,4.726,4.726,4.726,4.726,-0.34%
12/14/2006,4.742,4.742,4.742,4.742,0.62%
12/13/2006,4.713,4.713,4.713,4.713,2.01%
12/12/2006,4.62,4.62,4.62,4.62,-1.07%
12/11/2006,4.67,4.67,4.67,4.67,-0.19%
12/8/2006,4.679,4.679,4.679,4.679,2.09%
12/7/2006,4.583,4.583,4.583,4.583,-0.17%
12/6/2006,4.591,4.591,4.591,4.591,1.55%
12/5/2006,4.521,4.521,4.521,4.521,0.09%
12/4/2006,4.517,4.517,4.517,4.517,-0.26%
12/1/2006,4.529,4.529,4.529,4.529,-1.99%
11/30/2006,4.621,4.621,4.621,4.621,-1.49%
11/29/2006,4.691,4.691,4.691,4.691,0.06%
11/28/2006,4.688,4.688,4.688,4.688,-0.83%
11/27/2006,4.727,4.727,4.727,4.727,-0.44%
11/24/2006,4.748,4.748,4.748,4.748,-0.29%
11/22/2006,4.762,4.762,4.762,4.762,-0.10%
11/21/2006,4.767,4.767,4.767,4.767,-0.27%
11/20/2006,4.78,4.78,4.78,4.78,0.19%
11/17/2006,4.771,4.771,4.771,4.771,-1.85%
11/16/2006,4.861,4.861,4.861,4.861,0.87%
11/15/2006,4.819,4.819,4.819,4.819,1.60%
11/14/2006,4.743,4.743,4.743,4.743,-0.71%
11/13/2006,4.777,4.777,4.777,4.777,0.61%
11/10/2006,4.748,4.748,4.748,4.748,-0.08%
11/9/2006,4.752,4.752,4.752,4.752,-0.19%
11/8/2006,4.761,4.761,4.761,4.761,-0.36%
11/7/2006,4.778,4.778,4.778,4.778,-0.79%
11/6/2006,4.816,4.816,4.816,4.816,-0.27%
11/3/2006,4.829,4.829,4.829,4.829,3.21%
11/2/2006,4.679,4.679,4.679,4.679,0.60%
11/1/2006,4.651,4.651,4.651,4.651,-1.06%
10/31/2006,4.701,4.701,4.701,4.701,-1.30%
10/30/2006,4.763,4.763,4.763,4.763,0.17%
10/27/2006,4.755,4.755,4.755,4.755,-1.12%
10/26/2006,4.809,4.809,4.809,4.809,-0.93%
10/25/2006,4.854,4.854,4.854,4.854,-1.10%
10/24/2006,4.908,4.908,4.908,4.908,-0.22%
10/23/2006,4.919,4.919,4.919,4.919,0.80%
10/20/2006,4.88,4.88,4.88,4.88,0.21%
10/19/2006,4.87,4.87,4.87,4.87,0.43%
10/18/2006,4.849,4.849,4.849,4.849,0.10%
10/17/2006,4.844,4.844,4.844,4.844,-0.19%
10/16/2006,4.853,4.853,4.853,4.853,-0.35%
10/13/2006,4.87,4.87,4.87,4.87,0.64%
10/12/2006,4.839,4.839,4.839,4.839,-0.35%
10/11/2006,4.856,4.856,4.856,4.856,0.54%
10/10/2006,4.83,4.83,4.83,4.83,1.68%
10/6/2006,4.75,4.75,4.75,4.75,1.98%
10/5/2006,4.658,4.658,4.658,4.658,1.35%
10/4/2006,4.596,4.596,4.596,4.596,-1.50%
10/3/2006,4.666,4.666,4.666,4.666,0.26%
10/2/2006,4.654,4.654,4.654,4.654,-0.79%
9/29/2006,4.691,4.691,4.691,4.691,0.54%
9/28/2006,4.666,4.666,4.666,4.666,0.45%
9/27/2006,4.645,4.645,4.645,4.645,-1.19%
9/26/2006,4.701,4.701,4.701,4.701,1.18%
9/25/2006,4.646,4.646,4.646,4.646,-0.56%
9/22/2006,4.672,4.672,4.672,4.672,-0.66%
9/21/2006,4.703,4.703,4.703,4.703,-2.47%
9/20/2006,4.822,4.822,4.822,4.822,0.35%
9/19/2006,4.805,4.805,4.805,4.805,-1.58%
9/18/2006,4.882,4.882,4.882,4.882,0.27%
9/15/2006,4.869,4.869,4.869,4.869,0.60%
9/14/2006,4.84,4.84,4.84,4.84,0.79%
9/13/2006,4.802,4.802,4.802,4.802,-0.44%
9/12/2006,4.823,4.823,4.823,4.823,-0.35%
9/11/2006,4.84,4.84,4.84,4.84,0.44%
9/8/2006,4.819,4.819,4.819,4.819,-0.10%
9/7/2006,4.824,4.824,4.824,4.824,0.17%
9/6/2006,4.816,4.816,4.816,4.816,0.27%
9/5/2006,4.803,4.803,4.803,4.803,0.86%
9/1/2006,4.762,4.762,4.762,4.762,-0.54%
8/31/2006,4.788,4.788,4.788,4.788,-0.68%
8/30/2006,4.821,4.821,4.821,4.821,-0.92%
8/29/2006,4.866,4.866,4.866,4.866,-0.31%
8/28/2006,4.881,4.881,4.881,4.881,0.25%
8/25/2006,4.869,4.869,4.869,4.869,-0.37%
8/24/2006,4.887,4.887,4.887,4.887,0.27%
8/23/2006,4.874,4.874,4.874,4.874,0.00%
8/22/2006,4.874,4.874,4.874,4.874,0.16%
8/21/2006,4.866,4.866,4.866,4.866,-0.35%
8/18/2006,4.883,4.883,4.883,4.883,-0.45%
8/17/2006,4.905,4.905,4.905,4.905,0.43%
8/16/2006,4.884,4.884,4.884,4.884,-1.37%
8/15/2006,4.952,4.952,4.952,4.952,-1.28%
8/14/2006,5.016,5.016,5.016,5.016,0.76%
8/11/2006,4.978,4.978,4.978,4.978,0.85%
8/10/2006,4.936,4.936,4.936,4.936,0.26%
8/9/2006,4.923,4.923,4.923,4.923,0.41%
8/8/2006,4.903,4.903,4.903,4.903,-1.09%
8/7/2006,4.957,4.957,4.957,4.957,0.83%
8/4/2006,4.916,4.916,4.916,4.916,-1.50%
8/3/2006,4.991,4.991,4.991,4.991,0.75%
8/2/2006,4.954,4.954,4.954,4.954,-0.16%
8/1/2006,4.962,4.962,4.962,4.962,-0.10%
7/31/2006,4.967,4.967,4.967,4.967,-0.42%
7/28/2006,4.988,4.988,4.988,4.988,-1.31%
7/27/2006,5.054,5.054,5.054,5.054,-0.41%
7/26/2006,5.075,5.075,5.075,5.075,-0.94%
7/25/2006,5.123,5.123,5.123,5.123,0.59%
7/24/2006,5.093,5.093,5.093,5.093,0.08%
7/21/2006,5.089,5.089,5.089,5.089,0.41%
7/20/2006,5.068,5.068,5.068,5.068,-0.82%
7/19/2006,5.11,5.11,5.11,5.11,-1.58%
7/18/2006,5.192,5.192,5.192,5.192,1.43%
7/17/2006,5.119,5.119,5.119,5.119,0.33%
7/14/2006,5.102,5.102,5.102,5.102,-0.35%
7/13/2006,5.12,5.12,5.12,5.12,-1.22%
7/12/2006,5.183,5.183,5.183,5.183,0.41%
7/11/2006,5.162,5.162,5.162,5.162,-0.33%
7/10/2006,5.179,5.179,5.179,5.179,0.08%
7/7/2006,5.175,5.175,5.175,5.175,-0.81%
7/6/2006,5.217,5.217,5.217,5.217,-0.48%
7/5/2006,5.242,5.242,5.242,5.242,1.22%
7/3/2006,5.179,5.179,5.179,5.179,0.33%
6/30/2006,5.162,5.162,5.162,5.162,-0.65%
6/29/2006,5.196,5.196,5.196,5.196,-1.65%
6/28/2006,5.283,5.283,5.283,5.283,0.72%
6/27/2006,5.245,5.245,5.245,5.245,-0.23%
6/26/2006,5.257,5.257,5.257,5.257,-0.25%
6/23/2006,5.27,5.27,5.27,5.27,0.53%
6/22/2006,5.242,5.242,5.242,5.242,0.75%
6/21/2006,5.203,5.203,5.203,5.203,0.00%
6/20/2006,5.203,5.203,5.203,5.203,0.42%
6/19/2006,5.181,5.181,5.181,5.181,0.25%
6/16/2006,5.168,5.168,5.168,5.168,0.53%
6/15/2006,5.141,5.141,5.141,5.141,0.41%
6/14/2006,5.12,5.12,5.12,5.12,2.13%
6/13/2006,5.013,5.013,5.013,5.013,-0.18%
6/12/2006,5.022,5.022,5.022,5.022,0.34%
6/9/2006,5.005,5.005,5.005,5.005,-0.08%
6/8/2006,5.009,5.009,5.009,5.009,0.00%
6/7/2006,5.009,5.009,5.009,5.009,0.26%
6/6/2006,4.996,4.996,4.996,4.996,0.26%
6/5/2006,4.983,4.983,4.983,4.983,1.26%
6/2/2006,4.921,4.921,4.921,4.921,-2.15%
6/1/2006,5.029,5.029,5.029,5.029,-0.24%
5/31/2006,5.041,5.041,5.041,5.041,1.33%
5/30/2006,4.975,4.975,4.975,4.975,0.42%
5/26/2006,4.954,4.954,4.954,4.954,-0.16%
5/25/2006,4.962,4.962,4.962,4.962,0.40%
5/24/2006,4.942,4.942,4.942,4.942,0.26%
5/23/2006,4.929,4.929,4.929,4.929,-0.42%
5/22/2006,4.95,4.95,4.95,4.95,-0.44%
5/19/2006,4.972,4.972,4.972,4.972,0.87%
5/18/2006,4.929,4.929,4.929,4.929,-0.60%
5/17/2006,4.959,4.959,4.959,4.959,0.18%
5/16/2006,4.95,4.95,4.95,4.95,-0.60%
5/15/2006,4.98,4.98,4.98,4.98,-0.68%
5/12/2006,5.014,5.014,5.014,5.014,0.36%
5/11/2006,4.996,4.996,4.996,4.996,0.00%
5/10/2006,4.996,4.996,4.996,4.996,0.50%
5/9/2006,4.971,4.971,4.971,4.971,0.08%
5/8/2006,4.967,4.967,4.967,4.967,0.61%
5/5/2006,4.937,4.937,4.937,4.937,-0.84%
5/4/2006,4.979,4.979,4.979,4.979,0.77%
5/3/2006,4.941,4.941,4.941,4.941,0.41%
5/2/2006,4.921,4.921,4.921,4.921,-0.67%
5/1/2006,4.954,4.954,4.954,4.954,1.70%
4/28/2006,4.871,4.871,4.871,4.871,-0.75%
4/27/2006,4.908,4.908,4.908,4.908,-1.62%
4/26/2006,4.989,4.989,4.989,4.989,0.89%
4/25/2006,4.945,4.945,4.945,4.945,1.23%
4/24/2006,4.885,4.885,4.885,4.885,-0.51%
4/21/2006,4.91,4.91,4.91,4.91,0.29%
4/20/2006,4.896,4.896,4.896,4.896,0.70%
4/19/2006,4.862,4.862,4.862,4.862,0.45%
4/18/2006,4.84,4.84,4.84,4.84,-1.31%
4/17/2006,4.904,4.904,4.904,4.904,-1.11%
4/13/2006,4.959,4.959,4.959,4.959,0.90%
4/12/2006,4.915,4.915,4.915,4.915,0.97%
4/11/2006,4.868,4.868,4.868,4.868,-0.43%
4/10/2006,4.889,4.889,4.889,4.889,-0.51%
4/7/2006,4.914,4.914,4.914,4.914,1.49%
4/6/2006,4.842,4.842,4.842,4.842,0.62%
4/5/2006,4.812,4.812,4.812,4.812,-0.35%
4/4/2006,4.829,4.829,4.829,4.829,-0.52%
4/3/2006,4.854,4.854,4.854,4.854,0.62%
3/31/2006,4.824,4.824,4.824,4.824,-0.43%
3/30/2006,4.845,4.845,4.845,4.845,0.79%
3/29/2006,4.807,4.807,4.807,4.807,0.00%
3/28/2006,4.807,4.807,4.807,4.807,1.35%
3/27/2006,4.743,4.743,4.743,4.743,0.53%
3/24/2006,4.718,4.718,4.718,4.718,-1.15%
3/23/2006,4.773,4.773,4.773,4.773,0.55%
3/22/2006,4.747,4.747,4.747,4.747,0.08%
3/21/2006,4.743,4.743,4.743,4.743,1.82%
3/20/2006,4.658,4.658,4.658,4.658,0.11%
3/17/2006,4.653,4.653,4.653,4.653,0.63%
3/16/2006,4.624,4.624,4.624,4.624,-1.26%
3/15/2006,4.683,4.683,4.683,4.683,0.73%
3/14/2006,4.649,4.649,4.649,4.649,-1.61%
3/13/2006,4.725,4.725,4.725,4.725,-0.36%
3/10/2006,4.742,4.742,4.742,4.742,0.44%
3/9/2006,4.721,4.721,4.721,4.721,-0.08%
3/8/2006,4.725,4.725,4.725,4.725,-0.69%
3/7/2006,4.758,4.758,4.758,4.758,-0.27%
3/6/2006,4.771,4.771,4.771,4.771,0.36%
3/3/2006,4.754,4.754,4.754,4.754,0.72%
3/2/2006,4.72,4.72,4.72,4.72,0.34%
3/1/2006,4.704,4.704,4.704,4.704,0.28%
2/28/2006,4.691,4.691,4.691,4.691,-0.97%
2/27/2006,4.737,4.737,4.737,4.737,0.08%
2/24/2006,4.733,4.733,4.733,4.733,0.19%
2/23/2006,4.724,4.724,4.724,4.724,1.11%
2/22/2006,4.672,4.672,4.672,4.672,-0.72%
2/21/2006,4.706,4.706,4.706,4.706,0.75%
2/17/2006,4.671,4.671,4.671,4.671,-0.53%
2/16/2006,4.696,4.696,4.696,4.696,-0.06%
2/15/2006,4.699,4.699,4.699,4.699,0.17%
2/14/2006,4.691,4.691,4.691,4.691,0.28%
2/13/2006,4.678,4.678,4.678,4.678,-0.34%
2/10/2006,4.694,4.694,4.694,4.694,0.75%
2/9/2006,4.659,4.659,4.659,4.659,0.45%
2/8/2006,4.638,4.638,4.638,4.638,0.65%
2/7/2006,4.608,4.608,4.608,4.608,-0.28%
2/6/2006,4.621,4.621,4.621,4.621,0.92%
2/3/2006,4.579,4.579,4.579,4.579,-0.35%
2/2/2006,4.595,4.595,4.595,4.595,0.20%
2/1/2006,4.586,4.586,4.586,4.586,1.28%
1/31/2006,4.528,4.528,4.528,4.528,0.38%
1/30/2006,4.511,4.511,4.511,4.511,0.18%
1/27/2006,4.503,4.503,4.503,4.503,0.27%
1/26/2006,4.491,4.491,4.491,4.491,0.63%
1/25/2006,4.463,4.463,4.463,4.463,1.64%
1/24/2006,4.391,4.391,4.391,4.391,0.60%
1/23/2006,4.365,4.365,4.365,4.365,0.09%
1/20/2006,4.361,4.361,4.361,4.361,-0.39%
1/19/2006,4.378,4.378,4.378,4.378,0.97%
1/18/2006,4.336,4.336,4.336,4.336,0.09%
1/17/2006,4.332,4.332,4.332,4.332,-0.39%
1/13/2006,4.349,4.349,4.349,4.349,-0.78%
1/12/2006,4.383,4.383,4.383,4.383,-1.04%
1/11/2006,4.429,4.429,4.429,4.429,0.68%
1/10/2006,4.399,4.399,4.399,4.399,1.06%
1/9/2006,4.353,4.353,4.353,4.353,-0.30%
1/6/2006,4.366,4.366,4.366,4.366,0.95%
1/5/2006,4.325,4.325,4.325,4.325,0.49%
1/4/2006,4.304,4.304,4.304,4.304,-0.67%
1/3/2006,4.333,4.333,4.333,4.333,-1.61%
12/30/2005,4.404,4.404,4.404,4.404,0.62%
12/29/2005,4.377,4.377,4.377,4.377,0.00%
12/28/2005,4.377,4.377,4.377,4.377,0.51%
12/27/2005,4.355,4.355,4.355,4.355,-0.21%
12/23/2005,4.364,4.364,4.364,4.364,-0.57%
12/22/2005,4.389,4.389,4.389,4.389,-1.24%
12/21/2005,4.444,4.444,4.444,4.444,0.77%
12/20/2005,4.41,4.41,4.41,4.41,0.68%
12/19/2005,4.38,4.38,4.38,4.38,0.48%
12/16/2005,4.359,4.359,4.359,4.359,-0.09%
12/15/2005,4.363,4.363,4.363,4.363,-0.27%
12/14/2005,4.375,4.375,4.375,4.375,-0.86%
12/13/2005,4.413,4.413,4.413,4.413,-0.56%
12/12/2005,4.438,4.438,4.438,4.438,0.68%
12/9/2005,4.408,4.408,4.408,4.408,0.87%
12/8/2005,4.37,4.37,4.37,4.37,-0.95%
12/7/2005,4.412,4.412,4.412,4.412,0.18%
12/6/2005,4.404,4.404,4.404,4.404,-1.48%
12/5/2005,4.47,4.47,4.47,4.47,0.95%
12/2/2005,4.428,4.428,4.428,4.428,-0.27%
12/1/2005,4.44,4.44,4.44,4.44,0.57%
11/30/2005,4.415,4.415,4.415,4.415,0.39%
11/29/2005,4.398,4.398,4.398,4.398,1.71%
11/28/2005,4.324,4.324,4.324,4.324,0.00%
11/25/2005,4.324,4.324,4.324,4.324,-0.71%
11/23/2005,4.355,4.355,4.355,4.355,0.88%
11/22/2005,4.317,4.317,4.317,4.317,-1.44%
11/21/2005,4.38,4.38,4.38,4.38,-0.39%
11/18/2005,4.397,4.397,4.397,4.397,0.39%
11/17/2005,4.38,4.38,4.38,4.38,-0.57%
11/16/2005,4.405,4.405,4.405,4.405,-1.41%
11/15/2005,4.468,4.468,4.468,4.468,-0.67%
11/14/2005,4.498,4.498,4.498,4.498,1.44%
11/11/2005,4.434,4.434,4.434,4.434,-0.18%
11/10/2005,4.442,4.442,4.442,4.442,-1.11%
11/9/2005,4.492,4.492,4.492,4.492,1.72%
11/8/2005,4.416,4.416,4.416,4.416,-0.85%
11/7/2005,4.454,4.454,4.454,4.454,-0.27%
11/4/2005,4.466,4.466,4.466,4.466,-0.09%
11/3/2005,4.47,4.47,4.47,4.47,0.86%
11/2/2005,4.432,4.432,4.432,4.432,0.39%
11/1/2005,4.415,4.415,4.415,4.415,0.66%
10/31/2005,4.386,4.386,4.386,4.386,-0.09%
10/28/2005,4.39,4.39,4.39,4.39,0.85%
10/27/2005,4.353,4.353,4.353,4.353,-0.59%
10/26/2005,4.379,4.379,4.379,4.379,0.71%
10/25/2005,4.348,4.348,4.348,4.348,2.11%
10/24/2005,4.258,4.258,4.258,4.258,1.12%
10/21/2005,4.211,4.211,4.211,4.211,-0.59%
10/20/2005,4.236,4.236,4.236,4.236,-0.28%
10/19/2005,4.248,4.248,4.248,4.248,-0.09%
10/18/2005,4.252,4.252,4.252,4.252,-0.70%
10/17/2005,4.282,4.282,4.282,4.282,0.52%
10/14/2005,4.26,4.26,4.26,4.26,0.61%
10/13/2005,4.234,4.234,4.234,4.234,-0.09%
10/12/2005,4.238,4.238,4.238,4.238,0.40%
10/11/2005,4.221,4.221,4.221,4.221,1.01%
10/10/2005,4.179,4.179,4.179,4.179,0.00%
10/7/2005,4.179,4.179,4.179,4.179,-0.67%
10/6/2005,4.207,4.207,4.207,4.207,0.41%
10/5/2005,4.19,4.19,4.19,4.19,-0.69%
10/4/2005,4.219,4.219,4.219,4.219,0.09%
10/3/2005,4.215,4.215,4.215,4.215,1.01%
9/30/2005,4.173,4.173,4.173,4.173,0.89%
9/29/2005,4.136,4.136,4.136,4.136,1.27%
9/28/2005,4.084,4.084,4.084,4.084,0.10%
9/27/2005,4.08,4.08,4.08,4.08,0.42%
9/26/2005,4.063,4.063,4.063,4.063,0.97%
9/23/2005,4.024,4.024,4.024,4.024,1.82%
9/22/2005,3.952,3.952,3.952,3.952,0.84%
9/21/2005,3.919,3.919,3.919,3.919,-1.68%
9/20/2005,3.986,3.986,3.986,3.986,1.61%
9/19/2005,3.923,3.923,3.923,3.923,-1.38%
9/16/2005,3.978,3.978,3.978,3.978,2.03%
9/15/2005,3.899,3.899,3.899,3.899,0.33%
9/14/2005,3.886,3.886,3.886,3.886,0.52%
9/13/2005,3.866,3.866,3.866,3.866,-1.38%
9/12/2005,3.92,3.92,3.92,3.92,1.06%
9/9/2005,3.879,3.879,3.879,3.879,0.10%
9/8/2005,3.875,3.875,3.875,3.875,0.52%
9/7/2005,3.855,3.855,3.855,3.855,1.07%
9/6/2005,3.814,3.814,3.814,3.814,1.30%
9/2/2005,3.765,3.765,3.765,3.765,1.07%
9/1/2005,3.725,3.725,3.725,3.725,-2.49%
8/31/2005,3.82,3.82,3.82,3.82,-3.22%
8/30/2005,3.947,3.947,3.947,3.947,-2.71%
8/29/2005,4.057,4.057,4.057,4.057,-0.32%
8/26/2005,4.07,4.07,4.07,4.07,1.55%
8/25/2005,4.008,4.008,4.008,4.008,0.70%
8/24/2005,3.98,3.98,3.98,3.98,-0.20%
8/23/2005,3.988,3.988,3.988,3.988,-0.75%
8/22/2005,4.018,4.018,4.018,4.018,0.00%
8/19/2005,4.018,4.018,4.018,4.018,0.45%
8/18/2005,4,4,4,4,-1.26%
8/17/2005,4.051,4.051,4.051,4.051,1.07%
8/16/2005,4.008,4.008,4.008,4.008,-1.55%
8/15/2005,4.071,4.071,4.071,4.071,0.72%
8/12/2005,4.042,4.042,4.042,4.042,-0.91%
8/11/2005,4.079,4.079,4.079,4.079,-1.00%
8/10/2005,4.12,4.12,4.12,4.12,0.19%
8/9/2005,4.112,4.112,4.112,4.112,-1.20%
8/8/2005,4.162,4.162,4.162,4.162,1.24%
8/5/2005,4.111,4.111,4.111,4.111,1.66%
8/4/2005,4.044,4.044,4.044,4.044,0.52%
8/3/2005,4.023,4.023,4.023,4.023,-0.72%
8/2/2005,4.052,4.052,4.052,4.052,0.30%
8/1/2005,4.04,4.04,4.04,4.04,0.42%
7/29/2005,4.023,4.023,4.023,4.023,1.67%
7/28/2005,3.957,3.957,3.957,3.957,-0.83%
7/27/2005,3.99,3.99,3.99,3.99,1.32%
7/26/2005,3.938,3.938,3.938,3.938,-0.20%
7/25/2005,3.946,3.946,3.946,3.946,0.77%
7/22/2005,3.916,3.916,3.916,3.916,-0.74%
7/21/2005,3.945,3.945,3.945,3.945,1.75%
7/20/2005,3.877,3.877,3.877,3.877,0.44%
7/19/2005,3.86,3.86,3.86,3.86,-0.85%
7/18/2005,3.893,3.893,3.893,3.893,0.65%
7/15/2005,3.868,3.868,3.868,3.868,0.57%
7/14/2005,3.846,3.846,3.846,3.846,0.23%
7/13/2005,3.837,3.837,3.837,3.837,0.21%
7/12/2005,3.829,3.829,3.829,3.829,0.79%
7/11/2005,3.799,3.799,3.799,3.799,0.66%
7/8/2005,3.774,3.774,3.774,3.774,1.23%
7/7/2005,3.728,3.728,3.728,3.728,-1.19%
7/6/2005,3.773,3.773,3.773,3.773,-0.45%
7/5/2005,3.79,3.79,3.79,3.79,4.09%
7/1/2005,3.641,3.641,3.641,3.641,-0.11%
6/30/2005,3.645,3.645,3.645,3.645,-0.44%
6/29/2005,3.661,3.661,3.661,3.661,0.14%
6/28/2005,3.656,3.656,3.656,3.656,1.90%
6/27/2005,3.588,3.588,3.588,3.588,0.25%
6/24/2005,3.579,3.579,3.579,3.579,-1.05%
6/23/2005,3.617,3.617,3.617,3.617,-0.11%
6/22/2005,3.621,3.621,3.621,3.621,-1.95%
6/21/2005,3.693,3.693,3.693,3.693,-0.78%
6/20/2005,3.722,3.722,3.722,3.722,0.35%
6/17/2005,3.709,3.709,3.709,3.709,0.82%
6/16/2005,3.679,3.679,3.679,3.679,-1.02%
6/15/2005,3.717,3.717,3.717,3.717,0.70%
6/14/2005,3.691,3.691,3.691,3.691,0.00%
6/13/2005,3.691,3.691,3.691,3.691,-0.22%
6/10/2005,3.699,3.699,3.699,3.699,1.96%
6/9/2005,3.628,3.628,3.628,3.628,0.58%
6/8/2005,3.607,3.607,3.607,3.607,1.15%
6/7/2005,3.566,3.566,3.566,3.566,-0.45%
6/6/2005,3.582,3.582,3.582,3.582,0.11%
6/3/2005,3.578,3.578,3.578,3.578,1.16%
6/2/2005,3.537,3.537,3.537,3.537,1.52%
6/1/2005,3.484,3.484,3.484,3.484,-2.74%
5/31/2005,3.582,3.582,3.582,3.582,-1.89%
5/27/2005,3.651,3.651,3.651,3.651,0.44%
5/26/2005,3.635,3.635,3.635,3.635,0.55%
5/25/2005,3.615,3.615,3.615,3.615,0.33%
5/24/2005,3.603,3.603,3.603,3.603,-0.93%
5/23/2005,3.637,3.637,3.637,3.637,-1.03%
5/20/2005,3.675,3.675,3.675,3.675,0.82%
5/19/2005,3.645,3.645,3.645,3.645,1.50%
5/18/2005,3.591,3.591,3.591,3.591,-0.22%
5/17/2005,3.599,3.599,3.599,3.599,-0.11%
5/16/2005,3.603,3.603,3.603,3.603,0.00%
5/13/2005,3.603,3.603,3.603,3.603,-1.50%
5/12/2005,3.658,3.658,3.658,3.658,-0.68%
5/11/2005,3.683,3.683,3.683,3.683,0.35%
5/10/2005,3.67,3.67,3.67,3.67,-2.42%
5/9/2005,3.761,3.761,3.761,3.761,0.89%
5/6/2005,3.728,3.728,3.728,3.728,4.75%
5/5/2005,3.559,3.559,3.559,3.559,-1.71%
5/4/2005,3.621,3.621,3.621,3.621,-0.66%
5/3/2005,3.645,3.645,3.645,3.645,0.33%
5/2/2005,3.633,3.633,3.633,3.633,-0.68%
4/29/2005,3.658,3.658,3.658,3.658,2.52%
4/28/2005,3.568,3.568,3.568,3.568,-1.60%
4/27/2005,3.626,3.626,3.626,3.626,-0.82%
4/26/2005,3.656,3.656,3.656,3.656,0.47%
4/25/2005,3.639,3.639,3.639,3.639,0.69%
4/22/2005,3.614,3.614,3.614,3.614,-0.36%
4/21/2005,3.627,3.627,3.627,3.627,3.84%
4/20/2005,3.493,3.493,3.493,3.493,-0.48%
4/19/2005,3.51,3.51,3.51,3.51,-0.96%
4/18/2005,3.544,3.544,3.544,3.544,1.17%
4/15/2005,3.503,3.503,3.503,3.503,-1.66%
4/14/2005,3.562,3.562,3.562,3.562,-2.62%
4/13/2005,3.658,3.658,3.658,3.658,-0.89%
4/12/2005,3.691,3.691,3.691,3.691,-1.13%
4/11/2005,3.733,3.733,3.733,3.733,-0.32%
4/8/2005,3.745,3.745,3.745,3.745,0.32%
4/7/2005,3.733,3.733,3.733,3.733,1.11%
4/6/2005,3.692,3.692,3.692,3.692,-1.10%
4/5/2005,3.733,3.733,3.733,3.733,0.11%
4/4/2005,3.729,3.729,3.729,3.729,0.00%
4/1/2005,3.729,3.729,3.729,3.729,-1.43%
3/31/2005,3.783,3.783,3.783,3.783,-1.36%
3/30/2005,3.835,3.835,3.835,3.835,-0.21%
3/29/2005,3.843,3.843,3.843,3.843,-0.85%
3/28/2005,3.876,3.876,3.876,3.876,0.78%
3/24/2005,3.846,3.846,3.846,3.846,0.73%
3/23/2005,3.818,3.818,3.818,3.818,-0.31%
3/22/2005,3.83,3.83,3.83,3.83,2.98%
3/21/2005,3.719,3.719,3.719,3.719,0.46%
3/18/2005,3.702,3.702,3.702,3.702,0.60%
3/17/2005,3.68,3.68,3.68,3.68,-1.00%
3/16/2005,3.717,3.717,3.717,3.717,-0.88%
3/15/2005,3.75,3.75,3.75,3.75,0.46%
3/14/2005,3.733,3.733,3.733,3.733,0.11%
3/11/2005,3.729,3.729,3.729,3.729,1.30%
3/10/2005,3.681,3.681,3.681,3.681,0.33%
3/9/2005,3.669,3.669,3.669,3.669,1.27%
3/8/2005,3.623,3.623,3.623,3.623,0.69%
3/7/2005,3.598,3.598,3.598,3.598,1.07%
3/4/2005,3.56,3.56,3.56,3.56,-0.45%
3/3/2005,3.576,3.576,3.576,3.576,0.25%
3/2/2005,3.567,3.567,3.567,3.567,-0.47%
3/1/2005,3.584,3.584,3.584,3.584,-0.55%
2/28/2005,3.604,3.604,3.604,3.604,2.10%
2/25/2005,3.53,3.53,3.53,3.53,1.23%
2/24/2005,3.487,3.487,3.487,3.487,0.98%
2/23/2005,3.453,3.453,3.453,3.453,0.38%
2/22/2005,3.44,3.44,3.44,3.44,-0.23%
2/18/2005,3.448,3.448,3.448,3.448,2.16%
2/17/2005,3.375,3.375,3.375,3.375,-1.32%
2/16/2005,3.42,3.42,3.42,3.42,2.00%
2/15/2005,3.353,3.353,3.353,3.353,-0.12%
2/14/2005,3.357,3.357,3.357,3.357,0.87%
2/11/2005,3.328,3.328,3.328,3.328,0.91%
2/10/2005,3.298,3.298,3.298,3.298,1.66%
2/9/2005,3.244,3.244,3.244,3.244,-2.23%
2/8/2005,3.318,3.318,3.318,3.318,0.36%
2/7/2005,3.306,3.306,3.306,3.306,0.27%
2/4/2005,3.297,3.297,3.297,3.297,-1.46%
2/3/2005,3.346,3.346,3.346,3.346,0.63%
2/2/2005,3.325,3.325,3.325,3.325,1.13%
2/1/2005,3.288,3.288,3.288,3.288,0.24%
1/31/2005,3.28,3.28,3.28,3.28,0.64%
1/28/2005,3.259,3.259,3.259,3.259,-1.36%
1/27/2005,3.304,3.304,3.304,3.304,1.19%
1/26/2005,3.265,3.265,3.265,3.265,1.33%
1/25/2005,3.222,3.222,3.222,3.222,0.78%
1/24/2005,3.197,3.197,3.197,3.197,1.33%
1/21/2005,3.155,3.155,3.155,3.155,-1.16%
1/20/2005,3.192,3.192,3.192,3.192,-0.90%
1/19/2005,3.221,3.221,3.221,3.221,-0.49%
1/18/2005,3.237,3.237,3.237,3.237,0.00%
1/14/2005,3.237,3.237,3.237,3.237,1.86%
1/13/2005,3.178,3.178,3.178,3.178,-1.27%
1/12/2005,3.219,3.219,3.219,3.219,0.00%
1/11/2005,3.219,3.219,3.219,3.219,-0.09%
1/10/2005,3.222,3.222,3.222,3.222,0.91%
1/7/2005,3.193,3.193,3.193,3.193,0.92%
1/6/2005,3.164,3.164,3.164,3.164,-1.53%
1/5/2005,3.213,3.213,3.213,3.213,0.28%
1/4/2005,3.204,3.204,3.204,3.204,3.29%
1/3/2005,3.102,3.102,3.102,3.102,1.21%
12/31/2004,3.065,3.065,3.065,3.065,-0.65%
12/30/2004,3.085,3.085,3.085,3.085,0.69%
12/29/2004,3.064,3.064,3.064,3.064,0.82%
12/28/2004,3.039,3.039,3.039,3.039,1.44%
12/27/2004,2.996,2.996,2.996,2.996,0.00%
12/23/2004,2.996,2.996,2.996,2.996,-0.27%
12/22/2004,3.004,3.004,3.004,3.004,-0.56%
12/21/2004,3.021,3.021,3.021,3.021,0.87%
12/20/2004,2.995,2.995,2.995,2.995,0.27%
12/17/2004,2.987,2.987,2.987,2.987,1.84%
12/16/2004,2.933,2.933,2.933,2.933,-0.14%
12/15/2004,2.937,2.937,2.937,2.937,-0.68%
12/14/2004,2.957,2.957,2.957,2.957,0.99%
12/13/2004,2.928,2.928,2.928,2.928,1.14%
12/10/2004,2.895,2.895,2.895,2.895,0.56%
12/9/2004,2.879,2.879,2.879,2.879,-0.42%
12/8/2004,2.891,2.891,2.891,2.891,-0.72%
12/7/2004,2.912,2.912,2.912,2.912,0.17%
12/6/2004,2.907,2.907,2.907,2.907,0.69%
12/3/2004,2.887,2.887,2.887,2.887,-3.54%
12/2/2004,2.993,2.993,2.993,2.993,0.71%
12/1/2004,2.972,2.972,2.972,2.972,-0.97%
11/30/2004,3.001,3.001,3.001,3.001,-0.53%
11/29/2004,3.017,3.017,3.017,3.017,0.80%
11/26/2004,2.993,2.993,2.993,2.993,0.84%
11/24/2004,2.968,2.968,2.968,2.968,2.03%
11/23/2004,2.909,2.909,2.909,2.909,-0.27%
11/22/2004,2.917,2.917,2.917,2.917,3.11%
11/19/2004,2.829,2.829,2.829,2.829,0.78%
11/18/2004,2.807,2.807,2.807,2.807,-0.43%
11/17/2004,2.819,2.819,2.819,2.819,-1.57%
11/16/2004,2.864,2.864,2.864,2.864,1.63%
11/15/2004,2.818,2.818,2.818,2.818,0.00%
11/12/2004,2.818,2.818,2.818,2.818,-1.54%
11/11/2004,2.862,2.862,2.862,2.862,1.92%
11/10/2004,2.808,2.808,2.808,2.808,0.75%
11/9/2004,2.787,2.787,2.787,2.787,0.47%
11/8/2004,2.774,2.774,2.774,2.774,6.77%
11/5/2004,2.598,2.598,2.598,2.598,1.29%
11/4/2004,2.565,2.565,2.565,2.565,0.16%
11/3/2004,2.561,2.561,2.561,2.561,-0.31%
11/2/2004,2.569,2.569,2.569,2.569,0.51%
11/1/2004,2.556,2.556,2.556,2.556,0.16%
10/29/2004,2.552,2.552,2.552,2.552,-0.97%
10/28/2004,2.577,2.577,2.577,2.577,2.75%
10/27/2004,2.508,2.508,2.508,2.508,0.52%
10/26/2004,2.495,2.495,2.495,2.495,0.85%
10/25/2004,2.474,2.474,2.474,2.474,-1.67%
10/22/2004,2.516,2.516,2.516,2.516,1.17%
10/21/2004,2.487,2.487,2.487,2.487,-0.52%
10/20/2004,2.5,2.5,2.5,2.5,-0.64%
10/19/2004,2.516,2.516,2.516,2.516,0.48%
10/18/2004,2.504,2.504,2.504,2.504,1.87%
10/15/2004,2.458,2.458,2.458,2.458,-0.04%
10/14/2004,2.459,2.459,2.459,2.459,-1.13%
10/13/2004,2.487,2.487,2.487,2.487,-3.38%
10/12/2004,2.574,2.574,2.574,2.574,-0.16%
10/11/2004,2.578,2.578,2.578,2.578,0.00%
10/8/2004,2.578,2.578,2.578,2.578,-3.77%
10/7/2004,2.679,2.679,2.679,2.679,1.71%
10/6/2004,2.634,2.634,2.634,2.634,0.15%
10/5/2004,2.63,2.63,2.63,2.63,0.46%
10/4/2004,2.618,2.618,2.618,2.618,0.19%
10/1/2004,2.613,2.613,2.613,2.613,0.77%
9/30/2004,2.593,2.593,2.593,2.593,3.72%
9/29/2004,2.5,2.5,2.5,2.5,0.16%
9/28/2004,2.496,2.496,2.496,2.496,-1.15%
9/27/2004,2.525,2.525,2.525,2.525,0.68%
9/24/2004,2.508,2.508,2.508,2.508,3.47%
9/23/2004,2.424,2.424,2.424,2.424,-1.38%
9/22/2004,2.458,2.458,2.458,2.458,1.40%
9/21/2004,2.424,2.424,2.424,2.424,-0.16%
9/20/2004,2.428,2.428,2.428,2.428,1.38%
9/17/2004,2.395,2.395,2.395,2.395,-6.15%
9/16/2004,2.552,2.552,2.552,2.552,-0.89%
9/15/2004,2.575,2.575,2.575,2.575,-0.77%
9/14/2004,2.595,2.595,2.595,2.595,5.10%
9/13/2004,2.469,2.469,2.469,2.469,1.86%
9/10/2004,2.424,2.424,2.424,2.424,-3.50%
9/9/2004,2.512,2.512,2.512,2.512,8.04%
9/8/2004,2.325,2.325,2.325,2.325,-9.57%
9/7/2004,2.571,2.571,2.571,2.571,6.64%
9/3/2004,2.411,2.411,2.411,2.411,1.52%
9/2/2004,2.375,2.375,2.375,2.375,-3.06%
9/1/2004,2.45,2.45,2.45,2.45,-2.58%
8/31/2004,2.515,2.515,2.515,2.515,2.57%
8/30/2004,2.452,2.452,2.452,2.452,-0.33%
8/27/2004,2.46,2.46,2.46,2.46,-1.64%
8/26/2004,2.501,2.501,2.501,2.501,3.18%
8/25/2004,2.424,2.424,2.424,2.424,0.96%
8/24/2004,2.401,2.401,2.401,2.401,0.00%
8/23/2004,2.401,2.401,2.401,2.401,1.35%
8/20/2004,2.369,2.369,2.369,2.369,-0.88%
8/19/2004,2.39,2.39,2.39,2.39,-1.57%
8/18/2004,2.428,2.428,2.428,2.428,1.04%
8/17/2004,2.403,2.403,2.403,2.403,-3.03%
8/16/2004,2.478,2.478,2.478,2.478,1.98%
8/13/2004,2.43,2.43,2.43,2.43,-2.88%
8/12/2004,2.502,2.502,2.502,2.502,-0.08%
8/11/2004,2.504,2.504,2.504,2.504,-1.14%
8/10/2004,2.533,2.533,2.533,2.533,2.80%
8/9/2004,2.464,2.464,2.464,2.464,3.40%
8/6/2004,2.383,2.383,2.383,2.383,-8.59%
8/5/2004,2.607,2.607,2.607,2.607,-1.40%
8/4/2004,2.644,2.644,2.644,2.644,-0.19%
8/3/2004,2.649,2.649,2.649,2.649,0.00%
8/2/2004,2.649,2.649,2.649,2.649,0.80%
7/30/2004,2.628,2.628,2.628,2.628,-4.71%
7/29/2004,2.758,2.758,2.758,2.758,0.95%
7/28/2004,2.732,2.732,2.732,2.732,-2.29%
7/27/2004,2.796,2.796,2.796,2.796,2.95%
7/26/2004,2.716,2.716,2.716,2.716,2.49%
7/23/2004,2.65,2.65,2.65,2.65,-0.30%
7/22/2004,2.658,2.658,2.658,2.658,-0.15%
7/21/2004,2.662,2.662,2.662,2.662,1.10%
7/20/2004,2.633,2.633,2.633,2.633,4.40%
7/19/2004,2.522,2.522,2.522,2.522,1.16%
7/16/2004,2.493,2.493,2.493,2.493,-3.63%
7/15/2004,2.587,2.587,2.587,2.587,2.01%
7/14/2004,2.536,2.536,2.536,2.536,0.48%
7/13/2004,2.524,2.524,2.524,2.524,-3.74%
7/12/2004,2.622,2.622,2.622,2.622,5.34%
7/9/2004,2.489,2.489,2.489,2.489,-4.34%
7/8/2004,2.602,2.602,2.602,2.602,0.00%
7/7/2004,2.602,2.602,2.602,2.602,-0.12%
7/6/2004,2.605,2.605,2.605,2.605,5.85%
7/2/2004,2.461,2.461,2.461,2.461,-12.14%
7/1/2004,2.801,2.801,2.801,2.801,4.55%
6/30/2004,2.679,2.679,2.679,2.679,-5.10%
6/29/2004,2.823,2.823,2.823,2.823,3.75%
6/28/2004,2.721,2.721,2.721,2.721,0.11%
6/25/2004,2.718,2.718,2.718,2.718,0.30%
6/24/2004,2.71,2.71,2.71,2.71,-0.48%
6/23/2004,2.723,2.723,2.723,2.723,-0.80%
6/22/2004,2.745,2.745,2.745,2.745,-0.15%
6/21/2004,2.749,2.749,2.749,2.749,0.48%
6/18/2004,2.736,2.736,2.736,2.736,-1.33%
6/17/2004,2.773,2.773,2.773,2.773,-0.86%
6/16/2004,2.797,2.797,2.797,2.797,1.82%
6/15/2004,2.747,2.747,2.747,2.747,-6.37%
6/14/2004,2.934,2.934,2.934,2.934,4.67%
6/10/2004,2.803,2.803,2.803,2.803,3.97%
6/9/2004,2.696,2.696,2.696,2.696,1.85%
6/8/2004,2.647,2.647,2.647,2.647,-0.45%
6/7/2004,2.659,2.659,2.659,2.659,2.62%
6/4/2004,2.591,2.591,2.591,2.591,1.25%
6/3/2004,2.559,2.559,2.559,2.559,-3.29%
6/2/2004,2.646,2.646,2.646,2.646,2.04%
6/1/2004,2.593,2.593,2.593,2.593,5.62%
5/28/2004,2.455,2.455,2.455,2.455,-0.49%
5/27/2004,2.467,2.467,2.467,2.467,0.69%
5/26/2004,2.45,2.45,2.45,2.45,-3.62%
5/25/2004,2.542,2.542,2.542,2.542,0.36%
5/24/2004,2.533,2.533,2.533,2.533,2.05%
5/21/2004,2.482,2.482,2.482,2.482,-0.64%
5/20/2004,2.498,2.498,2.498,2.498,-1.23%
5/19/2004,2.529,2.529,2.529,2.529,0.00%
5/18/2004,2.529,2.529,2.529,2.529,0.92%
5/17/2004,2.506,2.506,2.506,2.506,-1.38%
5/14/2004,2.541,2.541,2.541,2.541,0.47%
5/13/2004,2.529,2.529,2.529,2.529,-0.94%
5/12/2004,2.553,2.553,2.553,2.553,-0.62%
5/11/2004,2.569,2.569,2.569,2.569,-0.16%
5/10/2004,2.573,2.573,2.573,2.573,9.44%
5/7/2004,2.351,2.351,2.351,2.351,-1.22%
5/6/2004,2.38,2.38,2.38,2.38,1.58%
5/5/2004,2.343,2.343,2.343,2.343,4.69%
5/4/2004,2.238,2.238,2.238,2.238,-3.16%
5/3/2004,2.311,2.311,2.311,2.311,0.74%
4/30/2004,2.294,2.294,2.294,2.294,0.53%
4/29/2004,2.282,2.282,2.282,2.282,1.15%
4/28/2004,2.256,2.256,2.256,2.256,5.32%
4/27/2004,2.142,2.142,2.142,2.142,-4.88%
4/26/2004,2.252,2.252,2.252,2.252,7.80%
4/23/2004,2.089,2.089,2.089,2.089,-1.46%
4/22/2004,2.12,2.12,2.12,2.12,0.66%
4/21/2004,2.106,2.106,2.106,2.106,-2.68%
4/20/2004,2.164,2.164,2.164,2.164,9.96%
4/19/2004,1.968,1.968,1.968,1.968,0.31%
4/16/2004,1.962,1.962,1.962,1.962,-4.01%
4/15/2004,2.044,2.044,2.044,2.044,-1.59%
4/14/2004,2.077,2.077,2.077,2.077,3.95%
4/13/2004,1.998,1.998,1.998,1.998,6.16%
4/12/2004,1.882,1.882,1.882,1.882,4.15%
4/8/2004,1.807,1.807,1.807,1.807,-0.66%
4/7/2004,1.819,1.819,1.819,1.819,-0.60%
4/6/2004,1.83,1.83,1.83,1.83,-1.29%
4/5/2004,1.854,1.854,1.854,1.854,13.88%
4/2/2004,1.628,1.628,1.628,1.628,3.83%
4/1/2004,1.568,1.568,1.568,1.568,-0.25%
3/31/2004,1.572,1.572,1.572,1.572,-1.01%
3/30/2004,1.588,1.588,1.588,1.588,1.15%
3/29/2004,1.57,1.57,1.57,1.57,4.39%
3/26/2004,1.504,1.504,1.504,1.504,0.40%
3/25/2004,1.498,1.498,1.498,1.498,6.85%
3/24/2004,1.402,1.402,1.402,1.402,-4.82%
3/23/2004,1.473,1.473,1.473,1.473,-0.81%
3/22/2004,1.485,1.485,1.485,1.485,-1.39%
3/19/2004,1.506,1.506,1.506,1.506,0.27%
3/18/2004,1.502,1.502,1.502,1.502,-0.07%
3/17/2004,1.503,1.503,1.503,1.503,1.42%
3/16/2004,1.482,1.482,1.482,1.482,-3.20%
3/15/2004,1.531,1.531,1.531,1.531,5.81%
3/12/2004,1.447,1.447,1.447,1.447,-1.36%
3/11/2004,1.467,1.467,1.467,1.467,-2.72%
3/10/2004,1.508,1.508,1.508,1.508,1.34%
3/9/2004,1.488,1.488,1.488,1.488,-1.06%
3/8/2004,1.504,1.504,1.504,1.504,-1.12%
3/5/2004,1.521,1.521,1.521,1.521,-10.69%
3/4/2004,1.703,1.703,1.703,1.703,-0.82%
3/3/2004,1.717,1.717,1.717,1.717,5.92%
3/2/2004,1.621,1.621,1.621,1.621,-1.10%
3/1/2004,1.639,1.639,1.639,1.639,-0.49%
2/27/2004,1.647,1.647,1.647,1.647,5.11%
2/26/2004,1.567,1.567,1.567,1.567,-2.73%
2/25/2004,1.611,1.611,1.611,1.611,-0.74%
2/24/2004,1.623,1.623,1.623,1.623,-1.99%
2/23/2004,1.656,1.656,1.656,1.656,0.30%
2/20/2004,1.651,1.651,1.651,1.651,-0.42%
2/19/2004,1.658,1.658,1.658,1.658,-2.64%
2/18/2004,1.703,1.703,1.703,1.703,1.79%
2/17/2004,1.673,1.673,1.673,1.673,0.78%
2/13/2004,1.66,1.66,1.66,1.66,-2.81%
2/12/2004,1.708,1.708,1.708,1.708,-0.18%
2/11/2004,1.711,1.711,1.711,1.711,-5.47%
2/10/2004,1.81,1.81,1.81,1.81,3.96%
2/9/2004,1.741,1.741,1.741,1.741,0.29%
2/6/2004,1.736,1.736,1.736,1.736,-5.40%
2/5/2004,1.835,1.835,1.835,1.835,3.91%
2/4/2004,1.766,1.766,1.766,1.766,0.63%
2/3/2004,1.755,1.755,1.755,1.755,-2.99%
2/2/2004,1.809,1.809,1.809,1.809,12.43%
1/30/2004,1.609,1.609,1.609,1.609,-3.13%
1/29/2004,1.661,1.661,1.661,1.661,-0.84%
1/28/2004,1.675,1.675,1.675,1.675,0.66%
1/27/2004,1.664,1.664,1.664,1.664,0.97%
1/26/2004,1.648,1.648,1.648,1.648,1.98%
1/23/2004,1.616,1.616,1.616,1.616,-2.47%
1/22/2004,1.657,1.657,1.657,1.657,4.54%
1/21/2004,1.585,1.585,1.585,1.585,-1.61%
1/20/2004,1.611,1.611,1.611,1.611,9.44%
1/16/2004,1.472,1.472,1.472,1.472,1.03%
1/15/2004,1.457,1.457,1.457,1.457,-1.69%
1/14/2004,1.482,1.482,1.482,1.482,-10.02%
1/13/2004,1.647,1.647,1.647,1.647,2.55%
1/12/2004,1.606,1.606,1.606,1.606,-2.49%
1/9/2004,1.647,1.647,1.647,1.647,0.92%
1/8/2004,1.632,1.632,1.632,1.632,-2.45%
1/7/2004,1.673,1.673,1.673,1.673,1.89%
1/6/2004,1.642,1.642,1.642,1.642,0.00%
1/5/2004,1.642,1.642,1.642,1.642,-3.13%
1/2/2004,1.695,1.695,1.695,1.695,-7.73%
1/1/2004,1.837,1.837,1.837,1.837,0.00%
12/31/2003,1.837,1.837,1.837,1.837,0.00%
12/30/2003,1.837,1.837,1.837,1.837,-1.18%
12/29/2003,1.859,1.859,1.859,1.859,2.65%
12/28/2003,1.811,1.811,1.811,1.811,0.00%
12/27/2003,1.811,1.811,1.811,1.811,0.00%
12/26/2003,1.811,1.811,1.811,1.811,-2.58%
12/25/2003,1.859,1.859,1.859,1.859,0.00%
12/24/2003,1.859,1.859,1.859,1.859,-5.35%
12/23/2003,1.964,1.964,1.964,1.964,8.33%
12/22/2003,1.813,1.813,1.813,1.813,3.78%
12/21/2003,1.747,1.747,1.747,1.747,-2.18%
12/20/2003,1.786,1.786,1.786,1.786,0.00%
12/19/2003,1.786,1.786,1.786,1.786,-1.27%
12/18/2003,1.809,1.809,1.809,1.809,0.00%
12/17/2003,1.809,1.809,1.809,1.809,0.67%
12/16/2003,1.797,1.797,1.797,1.797,-2.44%
12/15/2003,1.842,1.842,1.842,1.842,-2.59%
12/14/2003,1.891,1.891,1.891,1.891,4.36%
12/13/2003,1.812,1.812,1.812,1.812,0.00%
12/12/2003,1.812,1.812,1.812,1.812,0.11%
12/11/2003,1.81,1.81,1.81,1.81,-6.31%
12/10/2003,1.932,1.932,1.932,1.932,-2.03%
12/9/2003,1.972,1.972,1.972,1.972,3.41%
12/8/2003,1.907,1.907,1.907,1.907,2.58%
12/7/2003,1.859,1.859,1.859,1.859,-2.52%
12/6/2003,1.907,1.907,1.907,1.907,0.00%
12/5/2003,1.907,1.907,1.907,1.907,-7.07%
12/4/2003,2.052,2.052,2.052,2.052,-1.96%
12/3/2003,2.093,2.093,2.093,2.093,-0.33%
12/2/2003,2.1,2.1,2.1,2.1,-0.28%
12/1/2003,2.106,2.106,2.106,2.106,1.74%
11/30/2003,2.07,2.07,2.07,2.07,0.68%
11/29/2003,2.056,2.056,2.056,2.056,0.00%
11/28/2003,2.056,2.056,2.056,2.056,4.15%
11/27/2003,1.974,1.974,1.974,1.974,0.00%
11/26/2003,1.974,1.974,1.974,1.974,6.30%
11/25/2003,1.857,1.857,1.857,1.857,-1.85%
11/24/2003,1.892,1.892,1.892,1.892,4.13%
11/23/2003,1.817,1.817,1.817,1.817,0.00%
11/22/2003,1.817,1.817,1.817,1.817,0.00%
11/21/2003,1.817,1.817,1.817,1.817,1.34%
11/20/2003,1.793,1.793,1.793,1.793,-4.17%
11/19/2003,1.871,1.871,1.871,1.871,5.23%
11/18/2003,1.778,1.778,1.778,1.778,-1.50%
11/17/2003,1.805,1.805,1.805,1.805,-0.88%
11/16/2003,1.821,1.821,1.821,1.821,0.66%
11/15/2003,1.809,1.809,1.809,1.809,0.00%
11/14/2003,1.809,1.809,1.809,1.809,-4.39%
11/13/2003,1.892,1.892,1.892,1.892,-7.21%
11/12/2003,2.039,2.039,2.039,2.039,0.39%
11/11/2003,2.031,2.031,2.031,2.031,0.00%
11/10/2003,2.031,2.031,2.031,2.031,0.49%
11/9/2003,2.021,2.021,2.021,2.021,0.30%
11/8/2003,2.015,2.015,2.015,2.015,0.00%
11/7/2003,2.015,2.015,2.015,2.015,1.72%
11/6/2003,1.981,1.981,1.981,1.981,0.05%
11/5/2003,1.98,1.98,1.98,1.98,5.83%
11/4/2003,1.871,1.871,1.871,1.871,-3.11%
11/3/2003,1.931,1.931,1.931,1.931,1.74%
11/2/2003,1.898,1.898,1.898,1.898,3.72%
11/1/2003,1.83,1.83,1.83,1.83,0.00%
10/31/2003,1.83,1.83,1.83,1.83,-1.88%
10/30/2003,1.865,1.865,1.865,1.865,-0.64%
10/29/2003,1.877,1.877,1.877,1.877,12.06%
10/28/2003,1.675,1.675,1.675,1.675,-8.17%
10/27/2003,1.824,1.824,1.824,1.824,5.19%
10/26/2003,1.734,1.734,1.734,1.734,0.00%
10/25/2003,1.734,1.734,1.734,1.734,0.00%
10/24/2003,1.734,1.734,1.734,1.734,-3.13%
10/23/2003,1.79,1.79,1.79,1.79,0.96%
10/22/2003,1.773,1.773,1.773,1.773,-4.21%
10/21/2003,1.851,1.851,1.851,1.851,-1.96%
10/20/2003,1.888,1.888,1.888,1.888,0.59%
10/19/2003,1.877,1.877,1.877,1.877,0.75%
10/18/2003,1.863,1.863,1.863,1.863,0.00%
10/17/2003,1.863,1.863,1.863,1.863,-3.97%
10/16/2003,1.94,1.94,1.94,1.94,10.04%
10/15/2003,1.763,1.763,1.763,1.763,3.34%
10/14/2003,1.706,1.706,1.706,1.706,0.00%
10/13/2003,1.706,1.706,1.706,1.706,4.47%
10/12/2003,1.633,1.633,1.633,1.633,0.00%
10/11/2003,1.633,1.633,1.633,1.633,0.00%
10/10/2003,1.633,1.633,1.633,1.633,-1.45%
10/9/2003,1.657,1.657,1.657,1.657,0.98%
10/8/2003,1.641,1.641,1.641,1.641,-0.36%
10/7/2003,1.647,1.647,1.647,1.647,1.35%
10/6/2003,1.625,1.625,1.625,1.625,-1.93%
10/5/2003,1.657,1.657,1.657,1.657,0.85%
10/4/2003,1.643,1.643,1.643,1.643,0.00%
10/3/2003,1.643,1.643,1.643,1.643,11.54%
10/2/2003,1.473,1.473,1.473,1.473,1.59%
10/1/2003,1.45,1.45,1.45,1.45,-0.96%
9/30/2003,1.464,1.464,1.464,1.464,-9.01%
9/29/2003,1.609,1.609,1.609,1.609,3.07%
9/28/2003,1.561,1.561,1.561,1.561,0.00%
9/27/2003,1.561,1.561,1.561,1.561,0.00%
9/26/2003,1.561,1.561,1.561,1.561,-5.79%
9/25/2003,1.657,1.657,1.657,1.657,2.73%
9/24/2003,1.613,1.613,1.613,1.613,-2.48%
9/23/2003,1.654,1.654,1.654,1.654,-2.65%
9/22/2003,1.699,1.699,1.699,1.699,1.68%
9/21/2003,1.671,1.671,1.671,1.671,0.00%
9/19/2003,1.671,1.671,1.671,1.671,2.70%
9/18/2003,1.627,1.627,1.627,1.627,0.18%
9/17/2003,1.624,1.624,1.624,1.624,1.00%
9/16/2003,1.608,1.608,1.608,1.608,-0.06%
9/15/2003,1.609,1.609,1.609,1.609,-1.17%
9/14/2003,1.628,1.628,1.628,1.628,0.00%
9/13/2003,1.628,1.628,1.628,1.628,0.00%
9/12/2003,1.628,1.628,1.628,1.628,-4.24%
9/11/2003,1.7,1.7,1.7,1.7,2.41%
9/10/2003,1.66,1.66,1.66,1.66,-1.89%
9/9/2003,1.692,1.692,1.692,1.692,-4.62%
9/8/2003,1.774,1.774,1.774,1.774,3.38%
9/7/2003,1.716,1.716,1.716,1.716,-0.35%
9/6/2003,1.722,1.722,1.722,1.722,0.00%
9/5/2003,1.722,1.722,1.722,1.722,-9.51%
9/4/2003,1.903,1.903,1.903,1.903,-5.42%
9/3/2003,2.012,2.012,2.012,2.012,-1.76%
9/2/2003,2.048,2.048,2.048,2.048,1.59%
9/1/2003,2.016,2.016,2.016,2.016,1.92%
8/31/2003,1.978,1.978,1.978,1.978,0.00%
8/30/2003,1.978,1.978,1.978,1.978,0.00%
8/29/2003,1.978,1.978,1.978,1.978,2.17%
8/28/2003,1.936,1.936,1.936,1.936,-2.02%
8/27/2003,1.976,1.976,1.976,1.976,4.00%
8/26/2003,1.9,1.9,1.9,1.9,-3.55%
8/25/2003,1.97,1.97,1.97,1.97,2.28%
8/24/2003,1.926,1.926,1.926,1.926,0.00%
8/23/2003,1.926,1.926,1.926,1.926,0.00%
8/22/2003,1.926,1.926,1.926,1.926,0.73%
8/21/2003,1.912,1.912,1.912,1.912,3.30%
8/20/2003,1.851,1.851,1.851,1.851,6.01%
8/19/2003,1.746,1.746,1.746,1.746,-4.49%
8/18/2003,1.828,1.828,1.828,1.828,1.61%
8/17/2003,1.799,1.799,1.799,1.799,-0.88%
8/16/2003,1.815,1.815,1.815,1.815,0.00%
8/15/2003,1.815,1.815,1.815,1.815,3.07%
8/14/2003,1.761,1.761,1.761,1.761,-2.87%
8/13/2003,1.813,1.813,1.813,1.813,3.84%
8/12/2003,1.746,1.746,1.746,1.746,-0.80%
8/11/2003,1.76,1.76,1.76,1.76,2.50%
8/10/2003,1.717,1.717,1.717,1.717,1.24%
8/9/2003,1.696,1.696,1.696,1.696,0.00%
8/8/2003,1.696,1.696,1.696,1.696,-1.97%
8/7/2003,1.73,1.73,1.73,1.73,-2.26%
8/6/2003,1.77,1.77,1.77,1.77,-1.45%
8/5/2003,1.796,1.796,1.796,1.796,6.08%
8/4/2003,1.693,1.693,1.693,1.693,-4.83%
8/3/2003,1.779,1.779,1.779,1.779,0.00%
8/2/2003,1.779,1.779,1.779,1.779,0.00%
8/1/2003,1.779,1.779,1.779,1.779,1.31%
7/31/2003,1.756,1.756,1.756,1.756,7.86%
7/30/2003,1.628,1.628,1.628,1.628,-4.68%
7/29/2003,1.708,1.708,1.708,1.708,7.02%
7/28/2003,1.596,1.596,1.596,1.596,4.18%
7/27/2003,1.532,1.532,1.532,1.532,0.00%
7/26/2003,1.532,1.532,1.532,1.532,0.00%
7/25/2003,1.532,1.532,1.532,1.532,-1.03%
7/24/2003,1.548,1.548,1.548,1.548,3.48%
7/23/2003,1.496,1.496,1.496,1.496,-2.03%
7/22/2003,1.527,1.527,1.527,1.527,-5.74%
7/21/2003,1.62,1.62,1.62,1.62,8.29%
7/20/2003,1.496,1.496,1.496,1.496,0.00%
7/19/2003,1.496,1.496,1.496,1.496,0.00%
7/18/2003,1.496,1.496,1.496,1.496,3.10%
7/17/2003,1.451,1.451,1.451,1.451,0.90%
7/16/2003,1.438,1.438,1.438,1.438,-3.03%
7/15/2003,1.483,1.483,1.483,1.483,10.51%
7/14/2003,1.342,1.342,1.342,1.342,2.36%
7/13/2003,1.311,1.311,1.311,1.311,2.34%
7/12/2003,1.281,1.281,1.281,1.281,0.00%
7/11/2003,1.281,1.281,1.281,1.281,-2.81%
7/10/2003,1.318,1.318,1.318,1.318,-2.37%
7/9/2003,1.35,1.35,1.35,1.35,-2.32%
7/8/2003,1.382,1.382,1.382,1.382,1.62%
7/7/2003,1.36,1.36,1.36,1.36,4.53%
7/6/2003,1.301,1.301,1.301,1.301,-0.15%
7/4/2003,1.303,1.303,1.303,1.303,0.00%
7/3/2003,1.303,1.303,1.303,1.303,-0.23%
7/2/2003,1.306,1.306,1.306,1.306,-1.95%
7/1/2003,1.332,1.332,1.332,1.332,-0.89%
6/30/2003,1.344,1.344,1.344,1.344,-1.39%
6/29/2003,1.363,1.363,1.363,1.363,-1.73%
6/28/2003,1.387,1.387,1.387,1.387,0.00%
6/27/2003,1.387,1.387,1.387,1.387,0.00%
6/26/2003,1.387,1.387,1.387,1.387,4.52%
6/25/2003,1.327,1.327,1.327,1.327,16.92%
6/24/2003,1.135,1.135,1.135,1.135,-5.50%
6/23/2003,1.201,1.201,1.201,1.201,1.44%
6/22/2003,1.184,1.184,1.184,1.184,1.20%
6/21/2003,1.17,1.17,1.17,1.17,0.00%
6/20/2003,1.17,1.17,1.17,1.17,0.17%
6/19/2003,1.168,1.168,1.168,1.168,-6.56%
6/18/2003,1.25,1.25,1.25,1.25,1.30%
6/17/2003,1.234,1.234,1.234,1.234,5.56%
6/16/2003,1.169,1.169,1.169,1.169,4.38%
6/15/2003,1.12,1.12,1.12,1.12,2.56%
6/14/2003,1.092,1.092,1.092,1.092,0.92%
6/13/2003,1.082,1.082,1.082,1.082,-2.08%
6/12/2003,1.105,1.105,1.105,1.105,-6.75%
6/11/2003,1.185,1.185,1.185,1.185,5.71%
6/10/2003,1.121,1.121,1.121,1.121,-5.32%
6/9/2003,1.184,1.184,1.184,1.184,-4.98%
6/8/2003,1.246,1.246,1.246,1.246,0.00%
6/7/2003,1.246,1.246,1.246,1.246,0.00%
6/6/2003,1.246,1.246,1.246,1.246,0.97%
6/5/2003,1.234,1.234,1.234,1.234,2.15%
6/4/2003,1.208,1.208,1.208,1.208,-0.82%
6/3/2003,1.218,1.218,1.218,1.218,-7.73%
6/2/2003,1.32,1.32,1.32,1.32,-2.15%
6/1/2003,1.349,1.349,1.349,1.349,0.00%
5/31/2003,1.349,1.349,1.349,1.349,1.05%
5/30/2003,1.335,1.335,1.335,1.335,3.81%
5/29/2003,1.286,1.286,1.286,1.286,-1.91%
5/28/2003,1.311,1.311,1.311,1.311,-0.98%
5/27/2003,1.324,1.324,1.324,1.324,-2.14%
5/26/2003,1.353,1.353,1.353,1.353,0.00%
5/25/2003,1.353,1.353,1.353,1.353,0.00%
5/24/2003,1.353,1.353,1.353,1.353,0.00%
5/23/2003,1.353,1.353,1.353,1.353,2.50%
5/22/2003,1.32,1.32,1.32,1.32,-5.71%
5/21/2003,1.4,1.4,1.4,1.4,9.20%
5/20/2003,1.282,1.282,1.282,1.282,-6.01%
5/19/2003,1.364,1.364,1.364,1.364,2.48%
5/18/2003,1.331,1.331,1.331,1.331,1.06%
5/17/2003,1.317,1.317,1.317,1.317,0.00%
5/16/2003,1.317,1.317,1.317,1.317,-8.92%
5/15/2003,1.446,1.446,1.446,1.446,3.43%
5/14/2003,1.398,1.398,1.398,1.398,-4.44%
5/13/2003,1.463,1.463,1.463,1.463,1.11%
5/12/2003,1.447,1.447,1.447,1.447,0.00%
5/11/2003,1.447,1.447,1.447,1.447,-0.28%
5/10/2003,1.451,1.451,1.451,1.451,0.00%
5/9/2003,1.451,1.451,1.451,1.451,-0.89%
5/8/2003,1.464,1.464,1.464,1.464,3.39%
5/7/2003,1.416,1.416,1.416,1.416,-1.39%
5/6/2003,1.436,1.436,1.436,1.436,-6.81%
5/5/2003,1.541,1.541,1.541,1.541,-1.78%
5/4/2003,1.569,1.569,1.569,1.569,0.00%
5/3/2003,1.569,1.569,1.569,1.569,0.00%
5/2/2003,1.569,1.569,1.569,1.569,4.81%
5/1/2003,1.497,1.497,1.497,1.497,0.74%
4/30/2003,1.486,1.486,1.486,1.486,-7.64%
4/29/2003,1.609,1.609,1.609,1.609,2.03%
4/28/2003,1.577,1.577,1.577,1.577,-1.00%
4/27/2003,1.593,1.593,1.593,1.593,0.25%
4/26/2003,1.589,1.589,1.589,1.589,0.00%
4/25/2003,1.589,1.589,1.589,1.589,-1.73%
4/24/2003,1.617,1.617,1.617,1.617,-4.26%
4/23/2003,1.689,1.689,1.689,1.689,1.14%
4/22/2003,1.67,1.67,1.67,1.67,-2.62%
4/21/2003,1.715,1.715,1.715,1.715,1.96%
4/20/2003,1.682,1.682,1.682,1.682,0.00%
4/18/2003,1.682,1.682,1.682,1.682,0.00%
4/17/2003,1.682,1.682,1.682,1.682,0.48%
4/16/2003,1.674,1.674,1.674,1.674,-1.53%
4/15/2003,1.7,1.7,1.7,1.7,-1.33%
4/14/2003,1.723,1.723,1.723,1.723,5.00%
4/13/2003,1.641,1.641,1.641,1.641,0.00%
4/12/2003,1.641,1.641,1.641,1.641,0.00%
4/11/2003,1.641,1.641,1.641,1.641,2.12%
4/10/2003,1.607,1.607,1.607,1.607,5.17%
4/9/2003,1.528,1.528,1.528,1.528,-2.61%
4/8/2003,1.569,1.569,1.569,1.569,-1.88%
4/7/2003,1.599,1.599,1.599,1.599,2.43%
4/6/2003,1.561,1.561,1.561,1.561,0.00%
4/5/2003,1.561,1.561,1.561,1.561,0.00%
4/4/2003,1.561,1.561,1.561,1.561,1.04%
4/3/2003,1.545,1.545,1.545,1.545,-3.98%
4/2/2003,1.609,1.609,1.609,1.609,7.48%
4/1/2003,1.497,1.497,1.497,1.497,-0.27%
3/31/2003,1.501,1.501,1.501,1.501,-3.84%
3/30/2003,1.561,1.561,1.561,1.561,0.00%
3/29/2003,1.561,1.561,1.561,1.561,0.00%
3/28/2003,1.561,1.561,1.561,1.561,-3.94%
3/27/2003,1.625,1.625,1.625,1.625,-7.72%
3/26/2003,1.761,1.761,1.761,1.761,6.79%
3/25/2003,1.649,1.649,1.649,1.649,-1.20%
3/24/2003,1.669,1.669,1.669,1.669,-7.12%
3/23/2003,1.797,1.797,1.797,1.797,0.00%
3/22/2003,1.797,1.797,1.797,1.797,0.00%
3/21/2003,1.797,1.797,1.797,1.797,7.48%
3/20/2003,1.672,1.672,1.672,1.672,-3.35%
3/19/2003,1.73,1.73,1.73,1.73,-2.70%
3/18/2003,1.778,1.778,1.778,1.778,8.48%
3/17/2003,1.639,1.639,1.639,1.639,5.81%
3/16/2003,1.549,1.549,1.549,1.549,0.52%
3/15/2003,1.541,1.541,1.541,1.541,0.00%
3/14/2003,1.541,1.541,1.541,1.541,-3.75%
3/13/2003,1.601,1.601,1.601,1.601,11.88%
3/12/2003,1.431,1.431,1.431,1.431,4.22%
3/11/2003,1.373,1.373,1.373,1.373,3.31%
3/10/2003,1.329,1.329,1.329,1.329,-4.73%
3/9/2003,1.395,1.395,1.395,1.395,0.00%
3/8/2003,1.395,1.395,1.395,1.395,0.00%
3/7/2003,1.395,1.395,1.395,1.395,-4.97%
3/6/2003,1.468,1.468,1.468,1.468,0.55%
3/5/2003,1.46,1.46,1.46,1.46,-0.68%
3/4/2003,1.47,1.47,1.47,1.47,-5.04%
3/3/2003,1.548,1.548,1.548,1.548,1.04%
3/2/2003,1.532,1.532,1.532,1.532,1.06%
3/1/2003,1.516,1.516,1.516,1.516,0.00%
2/28/2003,1.516,1.516,1.516,1.516,-4.05%
2/27/2003,1.58,1.58,1.58,1.58,1.02%
2/26/2003,1.564,1.564,1.564,1.564,-3.75%
2/25/2003,1.625,1.625,1.625,1.625,2.07%
2/24/2003,1.592,1.592,1.592,1.592,-0.50%
2/23/2003,1.6,1.6,1.6,1.6,-0.50%
2/22/2003,1.608,1.608,1.608,1.608,0.00%
2/21/2003,1.608,1.608,1.608,1.608,1.01%
2/20/2003,1.592,1.592,1.592,1.592,0.00%
2/19/2003,1.592,1.592,1.592,1.592,-3.22%
2/18/2003,1.645,1.645,1.645,1.645,-0.72%
2/17/2003,1.657,1.657,1.657,1.657,2.98%
2/16/2003,1.609,1.609,1.609,1.609,0.00%
2/15/2003,1.609,1.609,1.609,1.609,0.00%
2/14/2003,1.609,1.609,1.609,1.609,3.14%
2/13/2003,1.56,1.56,1.56,1.56,-4.47%
2/12/2003,1.633,1.633,1.633,1.633,-0.24%
2/11/2003,1.637,1.637,1.637,1.637,-1.44%
2/10/2003,1.661,1.661,1.661,1.661,2.22%
2/9/2003,1.625,1.625,1.625,1.625,0.00%
2/8/2003,1.625,1.625,1.625,1.625,0.00%
2/7/2003,1.625,1.625,1.625,1.625,-4.24%
2/6/2003,1.697,1.697,1.697,1.697,-1.45%
2/5/2003,1.722,1.722,1.722,1.722,1.95%
2/4/2003,1.689,1.689,1.689,1.689,-1.86%
2/3/2003,1.721,1.721,1.721,1.721,1.41%
2/2/2003,1.697,1.697,1.697,1.697,0.00%
2/1/2003,1.697,1.697,1.697,1.697,0.00%
1/31/2003,1.697,1.697,1.697,1.697,-2.75%
1/30/2003,1.745,1.745,1.745,1.745,1.93%
1/29/2003,1.712,1.712,1.712,1.712,3.76%
1/28/2003,1.65,1.65,1.65,1.65,-1.02%
1/27/2003,1.667,1.667,1.667,1.667,0.00%
1/26/2003,1.667,1.667,1.667,1.667,1.03%
1/25/2003,1.65,1.65,1.65,1.65,0.00%
1/24/2003,1.65,1.65,1.65,1.65,-0.06%
1/23/2003,1.651,1.651,1.651,1.651,0.00%
1/22/2003,1.651,1.651,1.651,1.651,0.49%
1/21/2003,1.643,1.643,1.643,1.643,-2.43%
1/20/2003,1.684,1.684,1.684,1.684,0.00%
1/19/2003,1.684,1.684,1.684,1.684,0.00%
1/18/2003,1.684,1.684,1.684,1.684,-1.00%
1/17/2003,1.701,1.701,1.701,1.701,-1.90%
1/16/2003,1.734,1.734,1.734,1.734,0.76%
1/15/2003,1.721,1.721,1.721,1.721,-1.66%
1/14/2003,1.75,1.75,1.75,1.75,-6.12%
1/13/2003,1.864,1.864,1.864,1.864,3.61%
1/12/2003,1.799,1.799,1.799,1.799,1.75%
1/11/2003,1.768,1.768,1.768,1.768,0.00%
1/10/2003,1.768,1.768,1.768,1.768,-5.96%
1/9/2003,1.88,1.88,1.88,1.88,8.42%
1/8/2003,1.734,1.734,1.734,1.734,-0.91%
1/7/2003,1.75,1.75,1.75,1.75,-3.79%
1/6/2003,1.819,1.819,1.819,1.819,3.47%
1/5/2003,1.758,1.758,1.758,1.758,0.00%
1/4/2003,1.758,1.758,1.758,1.758,0.00%
1/3/2003,1.758,1.758,1.758,1.758,-1.12%
1/2/2003,1.778,1.778,1.778,1.778,11.82%
1/1/2003,1.59,1.59,1.59,1.59,0.00%
12/31/2002,1.59,1.59,1.59,1.59,-0.31%
12/30/2002,1.595,1.595,1.595,1.595,-1.66%
12/29/2002,1.622,1.622,1.622,1.622,0.19%
12/28/2002,1.619,1.619,1.619,1.619,0.00%
12/27/2002,1.619,1.619,1.619,1.619,-4.43%
12/26/2002,1.694,1.694,1.694,1.694,-1.85%
12/25/2002,1.726,1.726,1.726,1.726,0.00%
12/24/2002,1.726,1.726,1.726,1.726,-1.71%
12/23/2002,1.756,1.756,1.756,1.756,1.15%
12/22/2002,1.736,1.736,1.736,1.736,-0.46%
12/21/2002,1.744,1.744,1.744,1.744,-0.06%
12/20/2002,1.745,1.745,1.745,1.745,2.41%
12/19/2002,1.704,1.704,1.704,1.704,-5.49%
12/18/2002,1.803,1.803,1.803,1.803,-3.53%
12/17/2002,1.869,1.869,1.869,1.869,-2.35%
12/16/2002,1.914,1.914,1.914,1.914,3.29%
12/15/2002,1.853,1.853,1.853,1.853,0.22%
12/13/2002,1.849,1.849,1.849,1.849,0.65%
12/12/2002,1.837,1.837,1.837,1.837,-1.76%
12/11/2002,1.87,1.87,1.87,1.87,-0.43%
12/10/2002,1.878,1.878,1.878,1.878,1.29%
12/9/2002,1.854,1.854,1.854,1.854,-1.44%
12/8/2002,1.881,1.881,1.881,1.881,0.00%
12/7/2002,1.881,1.881,1.881,1.881,0.00%
12/6/2002,1.881,1.881,1.881,1.881,-5.00%
12/5/2002,1.98,1.98,1.98,1.98,-0.40%
12/4/2002,1.988,1.988,1.988,1.988,-2.26%
12/3/2002,2.034,2.034,2.034,2.034,-1.64%
12/2/2002,2.068,2.068,2.068,2.068,0.39%
11/29/2002,2.06,2.06,2.06,2.06,-3.10%
11/28/2002,2.126,2.126,2.126,2.126,2.90%
11/27/2002,2.066,2.066,2.066,2.066,4.61%
11/26/2002,1.975,1.975,1.975,1.975,-3.75%
11/25/2002,2.052,2.052,2.052,2.052,-0.48%
11/24/2002,2.062,2.062,2.062,2.062,0.00%
11/23/2002,2.062,2.062,2.062,2.062,0.00%
11/22/2002,2.062,2.062,2.062,2.062,1.38%
11/21/2002,2.034,2.034,2.034,2.034,8.77%
11/20/2002,1.87,1.87,1.87,1.87,-0.43%
11/19/2002,1.878,1.878,1.878,1.878,-0.79%
11/18/2002,1.893,1.893,1.893,1.893,1.61%
11/17/2002,1.863,1.863,1.863,1.863,0.00%
11/16/2002,1.863,1.863,1.863,1.863,-0.64%
11/15/2002,1.875,1.875,1.875,1.875,-0.69%
11/14/2002,1.888,1.888,1.888,1.888,9.13%
11/13/2002,1.73,1.73,1.73,1.73,-2.97%
11/12/2002,1.783,1.783,1.783,1.783,-3.57%
11/11/2002,1.849,1.849,1.849,1.849,0.00%
11/10/2002,1.849,1.849,1.849,1.849,0.00%
11/9/2002,1.849,1.849,1.849,1.849,0.00%
11/8/2002,1.849,1.849,1.849,1.849,-0.91%
11/7/2002,1.866,1.866,1.866,1.866,2.08%
11/6/2002,1.828,1.828,1.828,1.828,0.49%
11/5/2002,1.819,1.819,1.819,1.819,1.79%
11/4/2002,1.787,1.787,1.787,1.787,2.23%
11/3/2002,1.748,1.748,1.748,1.748,0.00%
11/2/2002,1.748,1.748,1.748,1.748,-0.91%
11/1/2002,1.764,1.764,1.764,1.764,0.46%
10/31/2002,1.756,1.756,1.756,1.756,-0.11%
10/30/2002,1.758,1.758,1.758,1.758,-0.11%
10/29/2002,1.76,1.76,1.76,1.76,-8.19%
10/28/2002,1.917,1.917,1.917,1.917,-3.43%
10/27/2002,1.985,1.985,1.985,1.985,0.00%
10/25/2002,1.985,1.985,1.985,1.985,-3.87%
10/24/2002,2.065,2.065,2.065,2.065,-3.86%
10/23/2002,2.148,2.148,2.148,2.148,-3.72%
10/22/2002,2.231,2.231,2.231,2.231,0.77%
10/21/2002,2.214,2.214,2.214,2.214,7.68%
10/19/2002,2.056,2.056,2.056,2.056,0.00%
10/18/2002,2.056,2.056,2.056,2.056,-4.28%
10/17/2002,2.148,2.148,2.148,2.148,6.23%
10/16/2002,2.022,2.022,2.022,2.022,2.38%
10/15/2002,1.975,1.975,1.975,1.975,9.12%
10/14/2002,1.81,1.81,1.81,1.81,0.00%
10/12/2002,1.81,1.81,1.81,1.81,-1.74%
10/11/2002,1.842,1.842,1.842,1.842,6.91%
10/10/2002,1.723,1.723,1.723,1.723,3.24%
10/9/2002,1.669,1.669,1.669,1.669,-6.55%
10/8/2002,1.786,1.786,1.786,1.786,2.29%
10/7/2002,1.746,1.746,1.746,1.746,-2.24%
10/6/2002,1.786,1.786,1.786,1.786,0.00%
10/5/2002,1.786,1.786,1.786,1.786,0.00%
10/4/2002,1.786,1.786,1.786,1.786,-0.50%
10/3/2002,1.795,1.795,1.795,1.795,4.42%
10/2/2002,1.719,1.719,1.719,1.719,-5.91%
10/1/2002,1.827,1.827,1.827,1.827,8.04%
9/30/2002,1.691,1.691,1.691,1.691,-6.21%
9/29/2002,1.803,1.803,1.803,1.803,0.00%
9/28/2002,1.803,1.803,1.803,1.803,0.00%
9/27/2002,1.803,1.803,1.803,1.803,-9.26%
9/26/2002,1.987,1.987,1.987,1.987,1.90%
9/25/2002,1.95,1.95,1.95,1.95,4.39%
9/24/2002,1.868,1.868,1.868,1.868,-4.65%
9/23/2002,1.959,1.959,1.959,1.959,1.66%
9/22/2002,1.927,1.927,1.927,1.927,1.21%
9/21/2002,1.904,1.904,1.904,1.904,0.00%
9/20/2002,1.904,1.904,1.904,1.904,-2.06%
9/19/2002,1.944,1.944,1.944,1.944,-6.31%
9/18/2002,2.075,2.075,2.075,2.075,3.75%
9/17/2002,2,2,2,2,-8.72%
9/16/2002,2.191,2.191,2.191,2.191,6.83%
9/15/2002,2.051,2.051,2.051,2.051,0.00%
9/14/2002,2.051,2.051,2.051,2.051,0.00%
9/13/2002,2.051,2.051,2.051,2.051,-2.15%
9/12/2002,2.096,2.096,2.096,2.096,-3.32%
9/11/2002,2.168,2.168,2.168,2.168,2.41%
9/10/2002,2.117,2.117,2.117,2.117,-0.56%
9/9/2002,2.129,2.129,2.129,2.129,3.75%
9/8/2002,2.052,2.052,2.052,2.052,0.00%
9/7/2002,2.052,2.052,2.052,2.052,0.00%
9/6/2002,2.052,2.052,2.052,2.052,5.39%
9/5/2002,1.947,1.947,1.947,1.947,-4.37%
9/4/2002,2.036,2.036,2.036,2.036,0.79%
9/3/2002,2.02,2.02,2.02,2.02,4.94%
9/2/2002,1.925,1.925,1.925,1.925,-9.96%
9/1/2002,2.138,2.138,2.138,2.138,0.00%
8/31/2002,2.138,2.138,2.138,2.138,0.00%
8/30/2002,2.138,2.138,2.138,2.138,-0.28%
8/29/2002,2.144,2.144,2.144,2.144,-4.07%
8/28/2002,2.235,2.235,2.235,2.235,0.36%
8/27/2002,2.227,2.227,2.227,2.227,0.50%
8/26/2002,2.216,2.216,2.216,2.216,3.07%
8/24/2002,2.15,2.15,2.15,2.15,0.00%
8/23/2002,2.15,2.15,2.15,2.15,-3.37%
8/22/2002,2.225,2.225,2.225,2.225,5.90%
8/21/2002,2.101,2.101,2.101,2.101,1.40%
8/20/2002,2.072,2.072,2.072,2.072,-6.37%
8/19/2002,2.213,2.213,2.213,2.213,-5.10%
8/18/2002,2.332,2.332,2.332,2.332,3.28%
8/17/2002,2.258,2.258,2.258,2.258,0.00%
8/16/2002,2.258,2.258,2.258,2.258,2.92%
8/15/2002,2.194,2.194,2.194,2.194,1.39%
8/14/2002,2.164,2.164,2.164,2.164,7.93%
8/13/2002,2.005,2.005,2.005,2.005,-3.23%
8/12/2002,2.072,2.072,2.072,2.072,-2.22%
8/11/2002,2.119,2.119,2.119,2.119,2.32%
8/10/2002,2.071,2.071,2.071,2.071,0.00%
8/9/2002,2.071,2.071,2.071,2.071,-0.53%
8/8/2002,2.082,2.082,2.082,2.082,4.99%
8/7/2002,1.983,1.983,1.983,1.983,-2.89%
8/6/2002,2.042,2.042,2.042,2.042,5.97%
8/5/2002,1.927,1.927,1.927,1.927,-3.94%
8/4/2002,2.006,2.006,2.006,2.006,0.00%
8/3/2002,2.006,2.006,2.006,2.006,0.00%
8/2/2002,2.006,2.006,2.006,2.006,-5.42%
8/1/2002,2.121,2.121,2.121,2.121,-5.40%
7/31/2002,2.242,2.242,2.242,2.242,-8.23%
7/30/2002,2.443,2.443,2.443,2.443,2.00%
7/29/2002,2.395,2.395,2.395,2.395,7.59%
7/28/2002,2.226,2.226,2.226,2.226,0.00%
7/27/2002,2.226,2.226,2.226,2.226,0.00%
7/26/2002,2.226,2.226,2.226,2.226,-3.80%
7/25/2002,2.314,2.314,2.314,2.314,-1.24%
7/24/2002,2.343,2.343,2.343,2.343,2.54%
7/23/2002,2.285,2.285,2.285,2.285,-2.68%
7/22/2002,2.348,2.348,2.348,2.348,-2.89%
7/21/2002,2.418,2.418,2.418,2.418,0.00%
7/20/2002,2.418,2.418,2.418,2.418,0.00%
7/19/2002,2.418,2.418,2.418,2.418,-3.40%
7/18/2002,2.503,2.503,2.503,2.503,-4.10%
7/17/2002,2.61,2.61,2.61,2.61,-0.19%
7/16/2002,2.615,2.615,2.615,2.615,2.75%
7/15/2002,2.545,2.545,2.545,2.545,0.63%
7/14/2002,2.529,2.529,2.529,2.529,0.00%
7/13/2002,2.529,2.529,2.529,2.529,0.00%
7/12/2002,2.529,2.529,2.529,2.529,-3.25%
7/11/2002,2.614,2.614,2.614,2.614,0.93%
7/10/2002,2.59,2.59,2.59,2.59,-3.90%
7/9/2002,2.695,2.695,2.695,2.695,-3.65%
7/8/2002,2.797,2.797,2.797,2.797,-3.25%
7/7/2002,2.891,2.891,2.891,2.891,0.00%
7/6/2002,2.891,2.891,2.891,2.891,0.00%
7/5/2002,2.891,2.891,2.891,2.891,4.11%
7/4/2002,2.777,2.777,2.777,2.777,0.14%
7/3/2002,2.773,2.773,2.773,2.773,0.07%
7/2/2002,2.771,2.771,2.771,2.771,-2.22%
7/1/2002,2.834,2.834,2.834,2.834,0.46%
6/30/2002,2.821,2.821,2.821,2.821,0.07%
6/29/2002,2.819,2.819,2.819,2.819,0.00%
6/28/2002,2.819,2.819,2.819,2.819,0.07%
6/27/2002,2.817,2.817,2.817,2.817,1.81%
6/26/2002,2.767,2.767,2.767,2.767,-2.60%
6/25/2002,2.841,2.841,2.841,2.841,-2.24%
6/24/2002,2.906,2.906,2.906,2.906,0.48%
6/23/2002,2.892,2.892,2.892,2.892,0.07%
6/22/2002,2.89,2.89,2.89,2.89,0.00%
6/21/2002,2.89,2.89,2.89,2.89,0.52%
6/20/2002,2.875,2.875,2.875,2.875,3.34%
6/19/2002,2.782,2.782,2.782,2.782,-5.18%
6/18/2002,2.934,2.934,2.934,2.934,0.34%
6/17/2002,2.924,2.924,2.924,2.924,1.21%
6/16/2002,2.889,2.889,2.889,2.889,0.00%
6/15/2002,2.889,2.889,2.889,2.889,0.00%
6/14/2002,2.889,2.889,2.889,2.889,-3.35%
6/13/2002,2.989,2.989,2.989,2.989,-3.36%
6/12/2002,3.093,3.093,3.093,3.093,1.01%
6/11/2002,3.062,3.062,3.062,3.062,-1.73%
6/10/2002,3.116,3.116,3.116,3.116,-0.73%
6/9/2002,3.139,3.139,3.139,3.139,0.00%
6/8/2002,3.139,3.139,3.139,3.139,0.00%
6/7/2002,3.139,3.139,3.139,3.139,2.18%
6/6/2002,3.072,3.072,3.072,3.072,-2.48%
6/5/2002,3.15,3.15,3.15,3.15,0.13%
6/4/2002,3.146,3.146,3.146,3.146,0.19%
6/3/2002,3.14,3.14,3.14,3.14,-1.97%
6/2/2002,3.203,3.203,3.203,3.203,0.00%
6/1/2002,3.203,3.203,3.203,3.203,0.00%
5/31/2002,3.203,3.203,3.203,3.203,1.39%
5/30/2002,3.159,3.159,3.159,3.159,-3.10%
5/29/2002,3.26,3.26,3.26,3.26,0.65%
5/28/2002,3.239,3.239,3.239,3.239,0.00%
5/27/2002,3.239,3.239,3.239,3.239,0.19%
5/26/2002,3.233,3.233,3.233,3.233,0.06%
5/25/2002,3.231,3.231,3.231,3.231,0.00%
5/24/2002,3.231,3.231,3.231,3.231,-0.06%
5/23/2002,3.233,3.233,3.233,3.233,1.35%
5/22/2002,3.19,3.19,3.19,3.19,-1.18%
5/21/2002,3.228,3.228,3.228,3.228,-2.21%
5/20/2002,3.301,3.301,3.301,3.301,-1.67%
5/19/2002,3.357,3.357,3.357,3.357,-0.27%
5/17/2002,3.366,3.366,3.366,3.366,3.06%
5/16/2002,3.266,3.266,3.266,3.266,-1.69%
5/15/2002,3.322,3.322,3.322,3.322,-1.92%
5/14/2002,3.387,3.387,3.387,3.387,3.93%
5/13/2002,3.259,3.259,3.259,3.259,1.81%
5/12/2002,3.201,3.201,3.201,3.201,1.17%
5/11/2002,3.164,3.164,3.164,3.164,0.00%
5/10/2002,3.164,3.164,3.164,3.164,-2.26%
5/9/2002,3.237,3.237,3.237,3.237,-2.65%
5/8/2002,3.325,3.325,3.325,3.325,7.12%
5/7/2002,3.104,3.104,3.104,3.104,-1.55%
5/6/2002,3.153,3.153,3.153,3.153,-0.10%
5/5/2002,3.156,3.156,3.156,3.156,0.06%
5/4/2002,3.154,3.154,3.154,3.154,0.00%
5/3/2002,3.154,3.154,3.154,3.154,-2.11%
5/2/2002,3.222,3.222,3.222,3.222,0.31%
5/1/2002,3.212,3.212,3.212,3.212,-1.50%
4/30/2002,3.261,3.261,3.261,3.261,0.00%
4/29/2002,3.261,3.261,3.261,3.261,-0.49%
4/28/2002,3.277,3.277,3.277,3.277,2.02%
4/27/2002,3.212,3.212,3.212,3.212,0.00%
4/26/2002,3.212,3.212,3.212,3.212,-2.96%
4/25/2002,3.31,3.31,3.31,3.31,2.22%
4/24/2002,3.238,3.238,3.238,3.238,-3.11%
4/23/2002,3.342,3.342,3.342,3.342,0.78%
4/22/2002,3.316,3.316,3.316,3.316,-0.30%
4/20/2002,3.326,3.326,3.326,3.326,0.00%
4/19/2002,3.326,3.326,3.326,3.326,-1.42%
4/18/2002,3.374,3.374,3.374,3.374,-0.97%
4/17/2002,3.407,3.407,3.407,3.407,0.65%
4/16/2002,3.385,3.385,3.385,3.385,0.30%
4/15/2002,3.375,3.375,3.375,3.375,0.45%
4/12/2002,3.36,3.36,3.36,3.36,-1.98%
4/11/2002,3.428,3.428,3.428,3.428,-1.61%
4/10/2002,3.484,3.484,3.484,3.484,0.96%
4/9/2002,3.451,3.451,3.451,3.451,-1.93%
4/8/2002,3.519,3.519,3.519,3.519,1.30%
4/7/2002,3.474,3.474,3.474,3.474,0.00%
4/6/2002,3.474,3.474,3.474,3.474,0.00%
4/5/2002,3.474,3.474,3.474,3.474,-2.00%
4/4/2002,3.545,3.545,3.545,3.545,0.42%
4/3/2002,3.53,3.53,3.53,3.53,-2.46%
4/2/2002,3.619,3.619,3.619,3.619,-2.79%
4/1/2002,3.723,3.723,3.723,3.723,0.03%
3/31/2002,3.722,3.722,3.722,3.722,0.00%
3/30/2002,3.722,3.722,3.722,3.722,0.00%
3/29/2002,3.722,3.722,3.722,3.722,0.00%
3/28/2002,3.722,3.722,3.722,3.722,3.85%
3/27/2002,3.584,3.584,3.584,3.584,-1.84%
3/26/2002,3.651,3.651,3.651,3.651,-1.72%
3/25/2002,3.715,3.715,3.715,3.715,-0.77%
3/24/2002,3.744,3.744,3.744,3.744,0.94%
3/23/2002,3.709,3.709,3.709,3.709,0.00%
3/22/2002,3.709,3.709,3.709,3.709,1.59%
3/21/2002,3.651,3.651,3.651,3.651,-0.84%
3/20/2002,3.682,3.682,3.682,3.682,3.84%
3/19/2002,3.546,3.546,3.546,3.546,-1.80%
3/18/2002,3.611,3.611,3.611,3.611,0.84%
3/17/2002,3.581,3.581,3.581,3.581,-0.06%
3/16/2002,3.583,3.583,3.583,3.583,0.06%
3/15/2002,3.581,3.581,3.581,3.581,-0.44%
3/14/2002,3.597,3.597,3.597,3.597,4.20%
3/13/2002,3.452,3.452,3.452,3.452,-2.57%
3/12/2002,3.543,3.543,3.543,3.543,-0.45%
3/11/2002,3.559,3.559,3.559,3.559,-0.11%
3/10/2002,3.563,3.563,3.563,3.563,0.00%
3/9/2002,3.563,3.563,3.563,3.563,0.00%
3/8/2002,3.563,3.563,3.563,3.563,4.12%
3/7/2002,3.422,3.422,3.422,3.422,5.98%
3/6/2002,3.229,3.229,3.229,3.229,0.00%
3/5/2002,3.229,3.229,3.229,3.229,0.00%
3/4/2002,3.229,3.229,3.229,3.229,1.54%
3/3/2002,3.18,3.18,3.18,3.18,-0.13%
3/2/2002,3.184,3.184,3.184,3.184,0.00%
3/1/2002,3.184,3.184,3.184,3.184,4.43%
2/28/2002,3.049,3.049,3.049,3.049,3.88%
2/27/2002,2.935,2.935,2.935,2.935,-3.49%
2/26/2002,3.041,3.041,3.041,3.041,2.18%
2/25/2002,2.976,2.976,2.976,2.976,1.50%
2/24/2002,2.932,2.932,2.932,2.932,0.27%
2/23/2002,2.924,2.924,2.924,2.924,-0.20%
2/22/2002,2.93,2.93,2.93,2.93,0.00%
2/21/2002,2.93,2.93,2.93,2.93,-1.01%
2/20/2002,2.96,2.96,2.96,2.96,0.78%
2/19/2002,2.937,2.937,2.937,2.937,-3.70%
2/18/2002,3.05,3.05,3.05,3.05,3.60%
2/15/2002,2.944,2.944,2.944,2.944,-2.71%
2/14/2002,3.026,3.026,3.026,3.026,-1.82%
2/13/2002,3.082,3.082,3.082,3.082,1.28%
2/12/2002,3.043,3.043,3.043,3.043,4.61%
2/11/2002,2.909,2.909,2.909,2.909,-0.27%
2/10/2002,2.917,2.917,2.917,2.917,0.00%
2/9/2002,2.917,2.917,2.917,2.917,0.55%
2/8/2002,2.901,2.901,2.901,2.901,-2.49%
2/7/2002,2.975,2.975,2.975,2.975,0.68%
2/6/2002,2.955,2.955,2.955,2.955,-0.87%
2/5/2002,2.981,2.981,2.981,2.981,-0.07%
2/4/2002,2.983,2.983,2.983,2.983,-3.71%
2/2/2002,3.098,3.098,3.098,3.098,-0.26%
2/1/2002,3.106,3.106,3.106,3.106,-2.79%
1/31/2002,3.195,3.195,3.195,3.195,3.16%
1/30/2002,3.097,3.097,3.097,3.097,0.78%
1/29/2002,3.073,3.073,3.073,3.073,-3.33%
1/28/2002,3.179,3.179,3.179,3.179,0.13%
1/27/2002,3.175,3.175,3.175,3.175,0.00%
1/25/2002,3.175,3.175,3.175,3.175,0.67%
1/24/2002,3.154,3.154,3.154,3.154,4.61%
1/23/2002,3.015,3.015,3.015,3.015,2.55%
1/22/2002,2.94,2.94,2.94,2.94,1.48%
1/21/2002,2.897,2.897,2.897,2.897,0.59%
1/18/2002,2.88,2.88,2.88,2.88,0.91%
1/17/2002,2.854,2.854,2.854,2.854,1.24%
1/16/2002,2.819,2.819,2.819,2.819,1.15%
1/15/2002,2.787,2.787,2.787,2.787,0.14%
1/14/2002,2.783,2.783,2.783,2.783,1.61%
1/11/2002,2.739,2.739,2.739,2.739,-6.74%
1/10/2002,2.937,2.937,2.937,2.937,-1.41%
1/9/2002,2.979,2.979,2.979,2.979,-2.93%
1/8/2002,3.069,3.069,3.069,3.069,0.52%
1/7/2002,3.053,3.053,3.053,3.053,-3.69%
1/6/2002,3.17,3.17,3.17,3.17,0.06%
1/5/2002,3.168,3.168,3.168,3.168,0.00%
1/4/2002,3.168,3.168,3.168,3.168,0.00%
1/3/2002,3.168,3.168,3.168,3.168,-0.85%
1/2/2002,3.195,3.195,3.195,3.195,2.40%
1/1/2002,3.12,3.12,3.12,3.12,0.00%
12/31/2001,3.12,3.12,3.12,3.12,-0.83%
12/30/2001,3.146,3.146,3.146,3.146,0.00%
12/29/2001,3.146,3.146,3.146,3.146,-0.73%
12/28/2001,3.169,3.169,3.169,3.169,-4.17%
12/27/2001,3.307,3.307,3.307,3.307,0.64%
12/26/2001,3.286,3.286,3.286,3.286,4.28%
12/25/2001,3.151,3.151,3.151,3.151,0.00%
12/24/2001,3.151,3.151,3.151,3.151,0.03%
12/21/2001,3.15,3.15,3.15,3.15,2.81%
12/20/2001,3.064,3.064,3.064,3.064,-0.07%
12/19/2001,3.066,3.066,3.066,3.066,-1.06%
12/18/2001,3.099,3.099,3.099,3.099,-1.34%
12/17/2001,3.141,3.141,3.141,3.141,1.09%
12/16/2001,3.107,3.107,3.107,3.107,-1.58%
12/14/2001,3.157,3.157,3.157,3.157,2.97%
12/13/2001,3.066,3.066,3.066,3.066,2.78%
12/12/2001,2.983,2.983,2.983,2.983,-0.96%
12/11/2001,3.012,3.012,3.012,3.012,-1.54%
12/10/2001,3.059,3.059,3.059,3.059,-4.82%
12/9/2001,3.214,3.214,3.214,3.214,0.03%
12/7/2001,3.213,3.213,3.213,3.213,1.04%
12/6/2001,3.18,3.18,3.18,3.18,3.75%
12/5/2001,3.065,3.065,3.065,3.065,8.65%
12/4/2001,2.821,2.821,2.821,2.821,0.57%
12/3/2001,2.805,2.805,2.805,2.805,-1.13%
12/2/2001,2.837,2.837,2.837,2.837,-0.32%
11/30/2001,2.846,2.846,2.846,2.846,-0.84%
11/29/2001,2.87,2.87,2.87,2.87,-7.48%
11/28/2001,3.102,3.102,3.102,3.102,0.65%
11/27/2001,3.082,3.082,3.082,3.082,-3.32%
11/26/2001,3.188,3.188,3.188,3.188,0.82%
11/25/2001,3.162,3.162,3.162,3.162,0.00%
11/23/2001,3.162,3.162,3.162,3.162,2.73%
11/22/2001,3.078,3.078,3.078,3.078,0.10%
11/21/2001,3.075,3.075,3.075,3.075,4.24%
11/20/2001,2.95,2.95,2.95,2.95,-0.54%
11/19/2001,2.966,2.966,2.966,2.966,-3.80%
11/18/2001,3.083,3.083,3.083,3.083,2.15%
11/16/2001,3.018,3.018,3.018,3.018,1.21%
11/15/2001,2.982,2.982,2.982,2.982,10.44%
11/14/2001,2.7,2.7,2.7,2.7,7.53%
11/13/2001,2.511,2.511,2.511,2.511,2.62%
11/12/2001,2.447,2.447,2.447,2.447,-0.08%
11/11/2001,2.449,2.449,2.449,2.449,0.08%
11/9/2001,2.447,2.447,2.447,2.447,6.21%
11/8/2001,2.304,2.304,2.304,2.304,-0.48%
11/7/2001,2.315,2.315,2.315,2.315,-1.91%
11/6/2001,2.36,2.36,2.36,2.36,-3.99%
11/5/2001,2.458,2.458,2.458,2.458,-1.92%
11/2/2001,2.506,2.506,2.506,2.506,0.60%
11/1/2001,2.491,2.491,2.491,2.491,4.88%
10/31/2001,2.375,2.375,2.375,2.375,-3.14%
10/30/2001,2.452,2.452,2.452,2.452,-4.26%
10/29/2001,2.561,2.561,2.561,2.561,-2.73%
10/28/2001,2.633,2.633,2.633,2.633,0.00%
10/27/2001,2.633,2.633,2.633,2.633,0.00%
10/26/2001,2.633,2.633,2.633,2.633,-0.60%
10/25/2001,2.649,2.649,2.649,2.649,-4.23%
10/24/2001,2.766,2.766,2.766,2.766,-0.14%
10/23/2001,2.77,2.77,2.77,2.77,-0.47%
10/22/2001,2.783,2.783,2.783,2.783,1.38%
10/21/2001,2.745,2.745,2.745,2.745,0.00%
10/20/2001,2.745,2.745,2.745,2.745,0.00%
10/19/2001,2.745,2.745,2.745,2.745,-0.15%
10/18/2001,2.749,2.749,2.749,2.749,-0.61%
10/17/2001,2.766,2.766,2.766,2.766,0.14%
10/16/2001,2.762,2.762,2.762,2.762,-0.43%
10/15/2001,2.774,2.774,2.774,2.774,-1.21%
10/14/2001,2.808,2.808,2.808,2.808,0.00%
10/13/2001,2.808,2.808,2.808,2.808,0.04%
10/12/2001,2.807,2.807,2.807,2.807,-1.75%
10/11/2001,2.857,2.857,2.857,2.857,3.29%
10/10/2001,2.766,2.766,2.766,2.766,1.06%
10/9/2001,2.737,2.737,2.737,2.737,1.18%
10/8/2001,2.705,2.705,2.705,2.705,0.00%
10/7/2001,2.705,2.705,2.705,2.705,0.00%
10/6/2001,2.705,2.705,2.705,2.705,0.00%
10/5/2001,2.705,2.705,2.705,2.705,-1.21%
10/4/2001,2.738,2.738,2.738,2.738,-0.73%
10/3/2001,2.758,2.758,2.758,2.758,-0.14%
10/2/2001,2.762,2.762,2.762,2.762,-1.88%
10/1/2001,2.815,2.815,2.815,2.815,-1.26%
9/30/2001,2.851,2.851,2.851,2.851,0.00%
9/29/2001,2.851,2.851,2.851,2.851,0.00%
9/28/2001,2.851,2.851,2.851,2.851,2.63%
9/27/2001,2.778,2.778,2.778,2.778,-1.42%
9/26/2001,2.818,2.818,2.818,2.818,-2.36%
9/25/2001,2.886,2.886,2.886,2.886,-1.30%
9/24/2001,2.924,2.924,2.924,2.924,1.74%
9/23/2001,2.874,2.874,2.874,2.874,0.00%
9/22/2001,2.874,2.874,2.874,2.874,-0.07%
9/21/2001,2.876,2.876,2.876,2.876,-0.38%
9/20/2001,2.887,2.887,2.887,2.887,2.45%
9/19/2001,2.818,2.818,2.818,2.818,-4.64%
9/18/2001,2.955,2.955,2.955,2.955,0.37%
9/17/2001,2.944,2.944,2.944,2.944,2.33%
9/16/2001,2.877,2.877,2.877,2.877,0.00%
9/15/2001,2.877,2.877,2.877,2.877,0.00%
9/14/2001,2.877,2.877,2.877,2.877,-5.02%
9/13/2001,3.029,3.029,3.029,3.029,-13.88%
9/10/2001,3.517,3.517,3.517,3.517,0.11%
9/9/2001,3.513,3.513,3.513,3.513,0.00%
9/7/2001,3.513,3.513,3.513,3.513,-3.96%
9/6/2001,3.658,3.658,3.658,3.658,-3.25%
9/5/2001,3.781,3.781,3.781,3.781,0.21%
9/4/2001,3.773,3.773,3.773,3.773,6.01%
8/31/2001,3.559,3.559,3.559,3.559,36.88%
8/30/2001,2.6,2.6,2.6,2.6,-28.04%
8/29/2001,3.613,3.613,3.613,3.613,-1.55%
8/28/2001,3.67,3.67,3.67,3.67,-2.03%
8/27/2001,3.746,3.746,3.746,3.746,0.11%
8/26/2001,3.742,3.742,3.742,3.742,0.27%
8/24/2001,3.732,3.732,3.732,3.732,0.51%
8/23/2001,3.713,3.713,3.713,3.713,-0.48%
8/22/2001,3.731,3.731,3.731,3.731,-0.67%
8/21/2001,3.756,3.756,3.756,3.756,0.67%
8/20/2001,3.731,3.731,3.731,3.731,2.05%
8/19/2001,3.656,3.656,3.656,3.656,-0.03%
8/17/2001,3.657,3.657,3.657,3.657,-2.01%
8/16/2001,3.732,3.732,3.732,3.732,-1.56%
8/15/2001,3.791,3.791,3.791,3.791,1.69%
8/14/2001,3.728,3.728,3.728,3.728,1.33%
8/13/2001,3.679,3.679,3.679,3.679,-0.33%
8/12/2001,3.691,3.691,3.691,3.691,0.00%
8/10/2001,3.691,3.691,3.691,3.691,-1.36%
8/9/2001,3.742,3.742,3.742,3.742,0.00%
8/8/2001,3.742,3.742,3.742,3.742,-3.73%
8/7/2001,3.887,3.887,3.887,3.887,0.31%
8/6/2001,3.875,3.875,3.875,3.875,-1.00%
8/3/2001,3.914,3.914,3.914,3.914,0.59%
8/2/2001,3.891,3.891,3.891,3.891,1.83%
8/1/2001,3.821,3.821,3.821,3.821,0.53%
7/31/2001,3.801,3.801,3.801,3.801,-1.38%
7/30/2001,3.854,3.854,3.854,3.854,-0.75%
7/29/2001,3.883,3.883,3.883,3.883,-1.15%
7/27/2001,3.928,3.928,3.928,3.928,0.51%
7/26/2001,3.908,3.908,3.908,3.908,-2.25%
7/25/2001,3.998,3.998,3.998,3.998,1.22%
7/24/2001,3.95,3.95,3.95,3.95,0.00%
7/23/2001,3.95,3.95,3.95,3.95,-0.43%
7/22/2001,3.967,3.967,3.967,3.967,0.61%
7/20/2001,3.943,3.943,3.943,3.943,-0.28%
7/19/2001,3.954,3.954,3.954,3.954,0.33%
7/18/2001,3.941,3.941,3.941,3.941,-3.10%
7/17/2001,4.067,4.067,4.067,4.067,0.82%
7/16/2001,4.034,4.034,4.034,4.034,-1.01%
7/15/2001,4.075,4.075,4.075,4.075,-0.15%
7/13/2001,4.081,4.081,4.081,4.081,0.99%
7/12/2001,4.041,4.041,4.041,4.041,-1.85%
7/11/2001,4.117,4.117,4.117,4.117,2.08%
7/10/2001,4.033,4.033,4.033,4.033,-2.11%
7/9/2001,4.12,4.12,4.12,4.12,-0.29%
7/8/2001,4.132,4.132,4.132,4.132,0.32%
7/6/2001,4.119,4.119,4.119,4.119,-1.88%
7/5/2001,4.198,4.198,4.198,4.198,-1.18%
7/4/2001,4.248,4.248,4.248,4.248,0.02%
7/3/2001,4.247,4.247,4.247,4.247,1.53%
7/2/2001,4.183,4.183,4.183,4.183,-1.76%
7/1/2001,4.258,4.258,4.258,4.258,0.12%
6/30/2001,4.253,4.253,4.253,4.253,-0.40%
6/29/2001,4.27,4.27,4.27,4.27,0.76%
6/28/2001,4.238,4.238,4.238,4.238,2.86%
6/27/2001,4.12,4.12,4.12,4.12,2.64%
6/26/2001,4.014,4.014,4.014,4.014,2.03%
6/25/2001,3.934,3.934,3.934,3.934,0.20%
6/24/2001,3.926,3.926,3.926,3.926,0.00%
6/23/2001,3.926,3.926,3.926,3.926,0.00%
6/22/2001,3.926,3.926,3.926,3.926,-0.91%
6/21/2001,3.962,3.962,3.962,3.962,-0.20%
6/20/2001,3.97,3.97,3.97,3.97,-0.03%
6/19/2001,3.971,3.971,3.971,3.971,0.30%
6/18/2001,3.959,3.959,3.959,3.959,-0.83%
6/17/2001,3.992,3.992,3.992,3.992,0.00%
6/16/2001,3.992,3.992,3.992,3.992,-0.03%
6/15/2001,3.993,3.993,3.993,3.993,-0.13%
6/14/2001,3.998,3.998,3.998,3.998,-0.94%
6/13/2001,4.036,4.036,4.036,4.036,-1.22%
6/12/2001,4.086,4.086,4.086,4.086,-0.12%
6/11/2001,4.091,4.091,4.091,4.091,-2.18%
6/10/2001,4.182,4.182,4.182,4.182,0.00%
6/9/2001,4.182,4.182,4.182,4.182,-0.02%
6/8/2001,4.183,4.183,4.183,4.183,1.21%
6/7/2001,4.133,4.133,4.133,4.133,0.10%
6/6/2001,4.129,4.129,4.129,4.129,0.29%
6/5/2001,4.117,4.117,4.117,4.117,-1.79%
6/4/2001,4.192,4.192,4.192,4.192,-0.69%
6/3/2001,4.221,4.221,4.221,4.221,0.00%
6/2/2001,4.221,4.221,4.221,4.221,0.00%
6/1/2001,4.221,4.221,4.221,4.221,0.09%
5/31/2001,4.217,4.217,4.217,4.217,-2.29%
5/30/2001,4.316,4.316,4.316,4.316,0.00%
5/29/2001,4.316,4.316,4.316,4.316,0.72%
5/28/2001,4.285,4.285,4.285,4.285,0.00%
5/27/2001,4.285,4.285,4.285,4.285,0.00%
5/26/2001,4.285,4.285,4.285,4.285,0.00%
5/25/2001,4.285,4.285,4.285,4.285,-0.86%
5/24/2001,4.322,4.322,4.322,4.322,1.60%
5/23/2001,4.254,4.254,4.254,4.254,-1.76%
5/22/2001,4.33,4.33,4.33,4.33,-0.48%
5/21/2001,4.351,4.351,4.351,4.351,-0.68%
5/20/2001,4.381,4.381,4.381,4.381,0.00%
5/19/2001,4.381,4.381,4.381,4.381,0.02%
5/18/2001,4.38,4.38,4.38,4.38,0.99%
5/17/2001,4.337,4.337,4.337,4.337,2.22%
5/16/2001,4.243,4.243,4.243,4.243,-0.59%
5/15/2001,4.268,4.268,4.268,4.268,-0.79%
5/14/2001,4.302,4.302,4.302,4.302,-0.37%
5/11/2001,4.318,4.318,4.318,4.318,3.33%
5/10/2001,4.179,4.179,4.179,4.179,2.68%
5/9/2001,4.07,4.07,4.07,4.07,-0.71%
5/8/2001,4.099,4.099,4.099,4.099,0.00%
5/7/2001,4.099,4.099,4.099,4.099,-1.21%
5/6/2001,4.149,4.149,4.149,4.149,0.00%
5/5/2001,4.149,4.149,4.149,4.149,0.00%
5/4/2001,4.149,4.149,4.149,4.149,-1.94%
5/3/2001,4.231,4.231,4.231,4.231,-0.89%
5/2/2001,4.269,4.269,4.269,4.269,0.90%
5/1/2001,4.231,4.231,4.231,4.231,-1.63%
4/30/2001,4.301,4.301,4.301,4.301,0.77%
4/29/2001,4.268,4.268,4.268,4.268,0.00%
4/28/2001,4.268,4.268,4.268,4.268,0.00%
4/27/2001,4.268,4.268,4.268,4.268,2.99%
4/26/2001,4.144,4.144,4.144,4.144,0.80%
4/25/2001,4.111,4.111,4.111,4.111,-0.87%
4/24/2001,4.147,4.147,4.147,4.147,0.10%
4/23/2001,4.143,4.143,4.143,4.143,-2.49%
4/22/2001,4.249,4.249,4.249,4.249,0.00%
4/21/2001,4.249,4.249,4.249,4.249,0.00%
4/20/2001,4.249,4.249,4.249,4.249,0.62%
4/19/2001,4.223,4.223,4.223,4.223,-7.08%
4/18/2001,4.545,4.545,4.545,4.545,3.27%
4/17/2001,4.401,4.401,4.401,4.401,-1.50%
4/16/2001,4.468,4.468,4.468,4.468,2.01%
4/15/2001,4.38,4.38,4.38,4.38,0.00%
4/13/2001,4.38,4.38,4.38,4.38,0.00%
4/12/2001,4.38,4.38,4.38,4.38,1.86%
4/11/2001,4.3,4.3,4.3,4.3,1.58%
4/10/2001,4.233,4.233,4.233,4.233,2.84%
4/9/2001,4.116,4.116,4.116,4.116,0.41%
4/8/2001,4.099,4.099,4.099,4.099,0.00%
4/7/2001,4.099,4.099,4.099,4.099,-0.02%
4/6/2001,4.1,4.1,4.1,4.1,-2.38%
4/5/2001,4.2,4.2,4.2,4.2,2.02%
4/4/2001,4.117,4.117,4.117,4.117,-0.82%
4/3/2001,4.151,4.151,4.151,4.151,-1.94%
4/2/2001,4.233,4.233,4.233,4.233,0.57%
4/1/2001,4.209,4.209,4.209,4.209,0.00%
3/31/2001,4.209,4.209,4.209,4.209,0.00%
3/30/2001,4.209,4.209,4.209,4.209,-2.21%
3/29/2001,4.304,4.304,4.304,4.304,-0.94%
3/28/2001,4.345,4.345,4.345,4.345,-1.83%
3/27/2001,4.426,4.426,4.426,4.426,2.64%
3/26/2001,4.312,4.312,4.312,4.312,1.51%
3/25/2001,4.248,4.248,4.248,4.248,0.00%
3/24/2001,4.248,4.248,4.248,4.248,0.00%
3/23/2001,4.248,4.248,4.248,4.248,1.68%
3/22/2001,4.178,4.178,4.178,4.178,-0.74%
3/21/2001,4.209,4.209,4.209,4.209,0.00%
3/20/2001,4.209,4.209,4.209,4.209,-2.84%
3/19/2001,4.332,4.332,4.332,4.332,1.88%
3/18/2001,4.252,4.252,4.252,4.252,0.00%
3/17/2001,4.252,4.252,4.252,4.252,0.00%
3/16/2001,4.252,4.252,4.252,4.252,0.35%
3/15/2001,4.237,4.237,4.237,4.237,-1.49%
3/14/2001,4.301,4.301,4.301,4.301,-3.39%
3/13/2001,4.452,4.452,4.452,4.452,1.04%
3/12/2001,4.406,4.406,4.406,4.406,-2.05%
3/11/2001,4.498,4.498,4.498,4.498,0.00%
3/10/2001,4.498,4.498,4.498,4.498,0.00%
3/9/2001,4.498,4.498,4.498,4.498,1.58%
3/8/2001,4.428,4.428,4.428,4.428,0.00%
3/7/2001,4.428,4.428,4.428,4.428,-0.94%
3/6/2001,4.47,4.47,4.47,4.47,-0.84%
3/5/2001,4.508,4.508,4.508,4.508,0.74%
3/4/2001,4.475,4.475,4.475,4.475,0.00%
3/3/2001,4.475,4.475,4.475,4.475,-0.56%
3/2/2001,4.5,4.5,4.5,4.5,1.95%
3/1/2001,4.414,4.414,4.414,4.414,0.36%
2/28/2001,4.398,4.398,4.398,4.398,-0.83%
2/27/2001,4.435,4.435,4.435,4.435,-0.74%
2/26/2001,4.468,4.468,4.468,4.468,-1.72%
2/25/2001,4.546,4.546,4.546,4.546,0.00%
2/24/2001,4.546,4.546,4.546,4.546,0.00%
2/23/2001,4.546,4.546,4.546,4.546,-1.26%
2/22/2001,4.604,4.604,4.604,4.604,0.26%
2/21/2001,4.592,4.592,4.592,4.592,-2.77%
2/20/2001,4.723,4.723,4.723,4.723,-0.17%
2/19/2001,4.731,4.731,4.731,4.731,0.53%
2/18/2001,4.706,4.706,4.706,4.706,0.00%
2/17/2001,4.706,4.706,4.706,4.706,0.00%
2/16/2001,4.706,4.706,4.706,4.706,-3.49%
2/15/2001,4.876,4.876,4.876,4.876,0.00%
2/14/2001,4.876,4.876,4.876,4.876,3.04%
2/13/2001,4.732,4.732,4.732,4.732,0.00%
2/12/2001,4.732,4.732,4.732,4.732,1.81%
2/11/2001,4.648,4.648,4.648,4.648,0.00%
2/10/2001,4.648,4.648,4.648,4.648,0.00%
2/9/2001,4.648,4.648,4.648,4.648,-1.61%
2/8/2001,4.724,4.724,4.724,4.724,-0.36%
2/7/2001,4.741,4.741,4.741,4.741,0.70%
2/6/2001,4.708,4.708,4.708,4.708,0.45%
2/5/2001,4.687,4.687,4.687,4.687,0.26%
2/4/2001,4.675,4.675,4.675,4.675,0.00%
2/3/2001,4.675,4.675,4.675,4.675,0.00%
2/2/2001,4.675,4.675,4.675,4.675,2.54%
2/1/2001,4.559,4.559,4.559,4.559,-0.46%
1/31/2001,4.58,4.58,4.58,4.58,-2.55%
1/30/2001,4.7,4.7,4.7,4.7,-1.49%
1/29/2001,4.771,4.771,4.771,4.771,-0.17%
1/28/2001,4.779,4.779,4.779,4.779,0.00%
1/27/2001,4.779,4.779,4.779,4.779,0.00%
1/26/2001,4.779,4.779,4.779,4.779,0.25%
1/25/2001,4.767,4.767,4.767,4.767,-1.85%
1/24/2001,4.857,4.857,4.857,4.857,0.35%
1/23/2001,4.84,4.84,4.84,4.84,1.96%
1/22/2001,4.747,4.747,4.747,4.747,0.08%
1/21/2001,4.743,4.743,4.743,4.743,0.00%
1/20/2001,4.743,4.743,4.743,4.743,-0.02%
1/19/2001,4.744,4.744,4.744,4.744,0.23%
1/18/2001,4.733,4.733,4.733,4.733,-2.11%
1/17/2001,4.835,4.835,4.835,4.835,-1.04%
1/16/2001,4.886,4.886,4.886,4.886,-0.69%
1/15/2001,4.92,4.92,4.92,4.92,0.00%
1/14/2001,4.92,4.92,4.92,4.92,0.00%
1/13/2001,4.92,4.92,4.92,4.92,0.00%
1/12/2001,4.92,4.92,4.92,4.92,3.32%
1/11/2001,4.762,4.762,4.762,4.762,-0.27%
1/10/2001,4.775,4.775,4.775,4.775,2.40%
1/9/2001,4.663,4.663,4.663,4.663,1.35%
1/8/2001,4.601,4.601,4.601,4.601,0.17%
1/7/2001,4.593,4.593,4.593,4.593,0.00%
1/6/2001,4.593,4.593,4.593,4.593,-0.02%
1/5/2001,4.594,4.594,4.594,4.594,-4.45%
1/4/2001,4.808,4.808,4.808,4.808,-2.53%
1/3/2001,4.933,4.933,4.933,4.933,1.19%
1/2/2001,4.875,4.875,4.875,4.875,-4.95%
1/1/2001,5.129,5.129,5.129,5.129,0.00%
12/29/2000,5.129,5.129,5.129,5.129,-1.04%
12/28/2000,5.183,5.183,5.183,5.183,-0.13%
12/27/2000,5.19,5.19,5.19,5.19,0.64%
12/26/2000,5.157,5.157,5.157,5.157,1.00%
12/22/2000,5.106,5.106,5.106,5.106,-1.37%
12/21/2000,5.177,5.177,5.177,5.177,-0.84%
12/20/2000,5.221,5.221,5.221,5.221,-2.87%
12/19/2000,5.375,5.375,5.375,5.375,0.96%
12/18/2000,5.324,5.324,5.324,5.324,-0.95%
12/15/2000,5.375,5.375,5.375,5.375,-0.81%
12/14/2000,5.419,5.419,5.419,5.419,-0.79%
12/13/2000,5.462,5.462,5.462,5.462,-1.09%
12/12/2000,5.522,5.522,5.522,5.522,-0.61%
12/11/2000,5.556,5.556,5.556,5.556,1.55%
12/8/2000,5.471,5.471,5.471,5.471,0.59%
12/7/2000,5.439,5.439,5.439,5.439,0.17%
12/6/2000,5.43,5.43,5.43,5.43,-1.00%
12/5/2000,5.485,5.485,5.485,5.485,-2.33%
12/4/2000,5.616,5.616,5.616,5.616,0.07%
12/1/2000,5.612,5.612,5.612,5.612,-0.81%
11/30/2000,5.658,5.658,5.658,5.658,-1.01%
11/29/2000,5.716,5.716,5.716,5.716,-1.36%
11/28/2000,5.795,5.795,5.795,5.795,-1.63%
11/27/2000,5.891,5.891,5.891,5.891,0.37%
11/24/2000,5.869,5.869,5.869,5.869,0.31%
11/22/2000,5.851,5.851,5.851,5.851,-0.31%
11/21/2000,5.869,5.869,5.869,5.869,0.09%
11/20/2000,5.864,5.864,5.864,5.864,-0.59%
11/17/2000,5.899,5.899,5.899,5.899,0.75%
11/16/2000,5.855,5.855,5.855,5.855,-0.80%
11/15/2000,5.902,5.902,5.902,5.902,0.00%
11/14/2000,5.902,5.902,5.902,5.902,0.36%
11/13/2000,5.881,5.881,5.881,5.881,-0.22%
11/10/2000,5.894,5.894,5.894,5.894,-1.21%
11/9/2000,5.966,5.966,5.966,5.966,0.00%
11/8/2000,5.966,5.966,5.966,5.966,-0.20%
11/7/2000,5.978,5.978,5.978,5.978,0.13%
11/6/2000,5.97,5.97,5.97,5.97,0.57%
11/3/2000,5.936,5.936,5.936,5.936,1.25%
11/2/2000,5.863,5.863,5.863,5.863,-0.15%
11/1/2000,5.872,5.872,5.872,5.872,-1.28%
10/31/2000,5.948,5.948,5.948,5.948,-0.70%
10/30/2000,5.99,5.99,5.99,5.99,0.50%
10/27/2000,5.96,5.96,5.96,5.96,0.57%
10/26/2000,5.926,5.926,5.926,5.926,0.12%
10/25/2000,5.919,5.919,5.919,5.919,0.82%
10/24/2000,5.871,5.871,5.871,5.871,0.43%
10/23/2000,5.846,5.846,5.846,5.846,-0.22%
10/20/2000,5.859,5.859,5.859,5.859,-0.15%
10/19/2000,5.868,5.868,5.868,5.868,-0.02%
10/18/2000,5.869,5.869,5.869,5.869,0.58%
10/17/2000,5.835,5.835,5.835,5.835,-1.02%
10/16/2000,5.895,5.895,5.895,5.895,0.29%
10/13/2000,5.878,5.878,5.878,5.878,0.93%
10/12/2000,5.824,5.824,5.824,5.824,-2.07%
10/11/2000,5.947,5.947,5.947,5.947,0.13%
10/10/2000,5.939,5.939,5.939,5.939,-1.00%
10/9/2000,5.999,5.999,5.999,5.999,0.00%
10/6/2000,5.999,5.999,5.999,5.999,-0.07%
10/5/2000,6.003,6.003,6.003,6.003,-0.30%
10/4/2000,6.021,6.021,6.021,6.021,0.08%
10/3/2000,6.016,6.016,6.016,6.016,0.55%
10/2/2000,5.983,5.983,5.983,5.983,-0.35%
9/29/2000,6.004,6.004,6.004,6.004,-0.07%
9/28/2000,6.008,6.008,6.008,6.008,-1.15%
9/27/2000,6.078,6.078,6.078,6.078,-0.15%
9/26/2000,6.087,6.087,6.087,6.087,-0.64%
9/25/2000,6.126,6.126,6.126,6.126,0.34%
9/22/2000,6.105,6.105,6.105,6.105,0.71%
9/21/2000,6.062,6.062,6.062,6.062,-0.98%
9/20/2000,6.122,6.122,6.122,6.122,0.56%
9/19/2000,6.088,6.088,6.088,6.088,0.64%
9/18/2000,6.049,6.049,6.049,6.049,-0.79%
9/15/2000,6.097,6.097,6.097,6.097,-0.49%
9/14/2000,6.127,6.127,6.127,6.127,0.34%
9/13/2000,6.106,6.106,6.106,6.106,-0.21%
9/12/2000,6.119,6.119,6.119,6.119,-0.15%
9/11/2000,6.128,6.128,6.128,6.128,0.36%
9/8/2000,6.106,6.106,6.106,6.106,-0.84%
9/7/2000,6.158,6.158,6.158,6.158,0.84%
9/6/2000,6.107,6.107,6.107,6.107,-0.08%
9/5/2000,6.112,6.112,6.112,6.112,0.63%
9/1/2000,6.074,6.074,6.074,6.074,-1.91%
8/31/2000,6.192,6.192,6.192,6.192,-1.15%
8/30/2000,6.264,6.264,6.264,6.264,0.19%
8/29/2000,6.252,6.252,6.252,6.252,0.42%
8/28/2000,6.226,6.226,6.226,6.226,0.06%
8/25/2000,6.222,6.222,6.222,6.222,0.06%
8/24/2000,6.218,6.218,6.218,6.218,0.10%
8/23/2000,6.212,6.212,6.212,6.212,-1.24%
8/22/2000,6.29,6.29,6.29,6.29,0.27%
8/21/2000,6.273,6.273,6.273,6.273,0.21%
8/18/2000,6.26,6.26,6.26,6.26,-1.03%
8/17/2000,6.325,6.325,6.325,6.325,0.00%
8/16/2000,6.325,6.325,6.325,6.325,0.89%
8/15/2000,6.269,6.269,6.269,6.269,0.06%
8/14/2000,6.265,6.265,6.265,6.265,0.06%
8/11/2000,6.261,6.261,6.261,6.261,1.10%
8/10/2000,6.193,6.193,6.193,6.193,0.34%
8/9/2000,6.172,6.172,6.172,6.172,0.21%
8/8/2000,6.159,6.159,6.159,6.159,-0.84%
8/7/2000,6.211,6.211,6.211,6.211,0.76%
8/4/2000,6.164,6.164,6.164,6.164,-1.30%
8/3/2000,6.245,6.245,6.245,6.245,0.19%
8/2/2000,6.233,6.233,6.233,6.233,-0.13%
8/1/2000,6.241,6.241,6.241,6.241,-1.20%
7/31/2000,6.317,6.317,6.317,6.317,0.61%
7/28/2000,6.279,6.279,6.279,6.279,0.19%
7/27/2000,6.267,6.267,6.267,6.267,-1.10%
7/26/2000,6.337,6.337,6.337,6.337,0.00%
7/25/2000,6.337,6.337,6.337,6.337,-0.61%
7/24/2000,6.376,6.376,6.376,6.376,0.82%
7/21/2000,6.324,6.324,6.324,6.324,-0.08%
7/20/2000,6.329,6.329,6.329,6.329,-2.01%
7/19/2000,6.459,6.459,6.459,6.459,-0.06%
7/18/2000,6.463,6.463,6.463,6.463,-0.08%
7/17/2000,6.468,6.468,6.468,6.468,1.08%
7/14/2000,6.399,6.399,6.399,6.399,1.70%
7/13/2000,6.292,6.292,6.292,6.292,-0.54%
7/12/2000,6.326,6.326,6.326,6.326,-0.21%
7/11/2000,6.339,6.339,6.339,6.339,0.60%
7/10/2000,6.301,6.301,6.301,6.301,0.48%
7/7/2000,6.271,6.271,6.271,6.271,-1.48%
7/6/2000,6.365,6.365,6.365,6.365,1.14%
7/5/2000,6.293,6.293,6.293,6.293,-0.41%
7/3/2000,6.319,6.319,6.319,6.319,-0.74%
6/30/2000,6.366,6.366,6.366,6.366,0.06%
6/29/2000,6.362,6.362,6.362,6.362,-1.56%
6/28/2000,6.463,6.463,6.463,6.463,-0.54%
6/27/2000,6.498,6.498,6.498,6.498,-0.02%
6/26/2000,6.499,6.499,6.499,6.499,-0.73%
6/23/2000,6.547,6.547,6.547,6.547,0.86%
6/22/2000,6.491,6.491,6.491,6.491,-0.08%
6/21/2000,6.496,6.496,6.496,6.496,0.67%
6/20/2000,6.453,6.453,6.453,6.453,0.88%
6/19/2000,6.397,6.397,6.397,6.397,0.41%
6/16/2000,6.371,6.371,6.371,6.371,-1.36%
6/15/2000,6.459,6.459,6.459,6.459,0.26%
6/14/2000,6.442,6.442,6.442,6.442,-1.06%
6/13/2000,6.511,6.511,6.511,6.511,-0.34%
6/12/2000,6.533,6.533,6.533,6.533,-0.20%
6/9/2000,6.546,6.546,6.546,6.546,-0.40%
6/8/2000,6.572,6.572,6.572,6.572,0.32%
6/7/2000,6.551,6.551,6.551,6.551,0.85%
6/6/2000,6.496,6.496,6.496,6.496,-0.06%
6/5/2000,6.5,6.5,6.5,6.5,-0.40%
6/2/2000,6.526,6.526,6.526,6.526,-1.05%
6/1/2000,6.595,6.595,6.595,6.595,-1.33%
5/31/2000,6.684,6.684,6.684,6.684,-0.89%
5/30/2000,6.744,6.744,6.744,6.744,0.90%
5/26/2000,6.684,6.684,6.684,6.684,-0.95%
5/25/2000,6.748,6.748,6.748,6.748,-1.36%
5/24/2000,6.841,6.841,6.841,6.841,0.72%
5/23/2000,6.792,6.792,6.792,6.792,-0.76%
5/22/2000,6.844,6.844,6.844,6.844,-0.19%
5/19/2000,6.857,6.857,6.857,6.857,-0.92%
5/18/2000,6.921,6.921,6.921,6.921,-0.12%
5/17/2000,6.929,6.929,6.929,6.929,0.32%
5/16/2000,6.907,6.907,6.907,6.907,0.83%
5/15/2000,6.85,6.85,6.85,6.85,-1.24%
5/12/2000,6.936,6.936,6.936,6.936,1.48%
5/11/2000,6.835,6.835,6.835,6.835,0.46%
5/10/2000,6.804,6.804,6.804,6.804,-0.69%
5/9/2000,6.851,6.851,6.851,6.851,-0.31%
5/8/2000,6.872,6.872,6.872,6.872,0.64%
5/5/2000,6.828,6.828,6.828,6.828,0.65%
5/4/2000,6.784,6.784,6.784,6.784,0.13%
5/3/2000,6.775,6.775,6.775,6.775,0.76%
5/2/2000,6.724,6.724,6.724,6.724,-0.49%
5/1/2000,6.757,6.757,6.757,6.757,0.88%
4/28/2000,6.698,6.698,6.698,6.698,1.22%
4/27/2000,6.617,6.617,6.617,6.617,1.72%
4/26/2000,6.505,6.505,6.505,6.505,0.34%
4/25/2000,6.483,6.483,6.483,6.483,1.49%
4/24/2000,6.388,6.388,6.388,6.388,0.00%
4/20/2000,6.388,6.388,6.388,6.388,0.54%
4/19/2000,6.354,6.354,6.354,6.354,0.27%
4/18/2000,6.337,6.337,6.337,6.337,-0.49%
4/17/2000,6.368,6.368,6.368,6.368,1.92%
4/14/2000,6.248,6.248,6.248,6.248,-1.58%
4/13/2000,6.348,6.348,6.348,6.348,-0.47%
4/12/2000,6.378,6.378,6.378,6.378,0.13%
4/11/2000,6.37,6.37,6.37,6.37,1.22%
4/10/2000,6.293,6.293,6.293,6.293,-1.08%
4/7/2000,6.362,6.362,6.362,6.362,-0.28%
4/6/2000,6.38,6.38,6.38,6.38,1.35%
4/5/2000,6.295,6.295,6.295,6.295,0.00%
4/4/2000,6.295,6.295,6.295,6.295,-1.86%
4/3/2000,6.414,6.414,6.414,6.414,-1.06%
3/31/2000,6.483,6.483,6.483,6.483,0.00%
3/30/2000,6.483,6.483,6.483,6.483,-1.26%
3/29/2000,6.566,6.566,6.566,6.566,-0.27%
3/28/2000,6.584,6.584,6.584,6.584,-0.53%
3/27/2000,6.619,6.619,6.619,6.619,-0.27%
3/24/2000,6.637,6.637,6.637,6.637,1.89%
3/23/2000,6.514,6.514,6.514,6.514,0.54%
3/22/2000,6.479,6.479,6.479,6.479,-0.28%
3/21/2000,6.497,6.497,6.497,6.497,-0.26%
3/20/2000,6.514,6.514,6.514,6.514,0.26%
3/17/2000,6.497,6.497,6.497,6.497,0.53%
3/16/2000,6.463,6.463,6.463,6.463,-0.26%
3/15/2000,6.48,6.48,6.48,6.48,-0.02%
3/14/2000,6.481,6.481,6.481,6.481,-0.52%
3/13/2000,6.515,6.515,6.515,6.515,-0.53%
3/10/2000,6.55,6.55,6.55,6.55,1.33%
3/9/2000,6.464,6.464,6.464,6.464,-0.28%
3/8/2000,6.482,6.482,6.482,6.482,0.26%
3/7/2000,6.465,6.465,6.465,6.465,-1.04%
3/6/2000,6.533,6.533,6.533,6.533,0.52%
3/3/2000,6.499,6.499,6.499,6.499,-0.54%
3/2/2000,6.534,6.534,6.534,6.534,0.52%
3/1/2000,6.5,6.5,6.5,6.5,-0.52%
2/29/2000,6.534,6.534,6.534,6.534,0.26%
2/28/2000,6.517,6.517,6.517,6.517,1.57%
2/25/2000,6.416,6.416,6.416,6.416,-1.55%
2/24/2000,6.517,6.517,6.517,6.517,-1.76%
2/23/2000,6.634,6.634,6.634,6.634,1.07%
2/22/2000,6.564,6.564,6.564,6.564,-1.04%
2/18/2000,6.633,6.633,6.633,6.633,-0.51%
2/17/2000,6.667,6.667,6.667,6.667,1.05%
2/16/2000,6.598,6.598,6.598,6.598,-0.51%
2/15/2000,6.632,6.632,6.632,6.632,0.00%
2/14/2000,6.632,6.632,6.632,6.632,0.27%
2/11/2000,6.614,6.614,6.614,6.614,-0.78%
2/10/2000,6.666,6.666,6.666,6.666,0.02%
2/9/2000,6.665,6.665,6.665,6.665,0.00%
2/8/2000,6.665,6.665,6.665,6.665,-0.25%
2/7/2000,6.682,6.682,6.682,6.682,0.78%
2/4/2000,6.63,6.63,6.63,6.63,1.58%
2/3/2000,6.527,6.527,6.527,6.527,-1.05%
2/2/2000,6.596,6.596,6.596,6.596,0.27%
2/1/2000,6.578,6.578,6.578,6.578,-0.51%
1/31/2000,6.612,6.612,6.612,6.612,0.78%
1/28/2000,6.561,6.561,6.561,6.561,0.52%
1/27/2000,6.527,6.527,6.527,6.527,1.13%
1/26/2000,6.454,6.454,6.454,6.454,0.28%
1/25/2000,6.436,6.436,6.436,6.436,0.26%
1/24/2000,6.419,6.419,6.419,6.419,-0.53%
1/21/2000,6.453,6.453,6.453,6.453,-0.80%
1/20/2000,6.505,6.505,6.505,6.505,0.82%
1/19/2000,6.452,6.452,6.452,6.452,-0.26%
1/18/2000,6.469,6.469,6.469,6.469,0.28%
1/14/2000,6.451,6.451,6.451,6.451,0.83%
1/13/2000,6.398,6.398,6.398,6.398,-1.33%
1/12/2000,6.484,6.484,6.484,6.484,0.81%
1/11/2000,6.432,6.432,6.432,6.432,1.08%
1/10/2000,6.363,6.363,6.363,6.363,1.08%
1/7/2000,6.295,6.295,6.295,6.295,-0.25%
1/6/2000,6.311,6.311,6.311,6.311,-0.80%
1/5/2000,6.362,6.362,6.362,6.362,1.08%
1/4/2000,6.294,6.294,6.294,6.294,-1.59%
1/3/2000,6.396,6.396,6.396,6.396,2.45%
12/31/1999,6.243,6.243,6.243,6.243,1.36%
12/30/1999,6.159,6.159,6.159,6.159,-0.53%
12/29/1999,6.192,6.192,6.192,6.192,-0.27%
12/28/1999,6.209,6.209,6.209,6.209,0.00%
12/27/1999,6.209,6.209,6.209,6.209,-0.78%
12/23/1999,6.258,6.258,6.258,6.258,0.61%
12/22/1999,6.22,6.22,6.22,6.22,0.02%
12/21/1999,6.219,6.219,6.219,6.219,0.27%
12/20/1999,6.202,6.202,6.202,6.202,1.14%
12/17/1999,6.132,6.132,6.132,6.132,-0.26%
12/16/1999,6.148,6.148,6.148,6.148,1.14%
12/15/1999,6.079,6.079,6.079,6.079,0.28%
12/14/1999,6.062,6.062,6.062,6.062,1.73%
12/13/1999,5.959,5.959,5.959,5.959,0.86%
12/10/1999,5.908,5.908,5.908,5.908,-0.57%
12/9/1999,5.942,5.942,5.942,5.942,-0.29%
12/8/1999,5.959,5.959,5.959,5.959,0.57%
12/7/1999,5.925,5.925,5.925,5.925,-0.57%
12/6/1999,5.959,5.959,5.959,5.959,-0.28%
12/3/1999,5.976,5.976,5.976,5.976,-1.39%
12/2/1999,6.06,6.06,6.06,6.06,0.28%
12/1/1999,6.043,6.043,6.043,6.043,0.28%
11/30/1999,6.026,6.026,6.026,6.026,-0.56%
11/29/1999,6.06,6.06,6.06,6.06,1.13%
11/26/1999,5.992,5.992,5.992,5.992,0.57%
11/24/1999,5.958,5.958,5.958,5.958,0.27%
11/23/1999,5.942,5.942,5.942,5.942,0.00%
11/22/1999,5.942,5.942,5.942,5.942,0.59%
11/19/1999,5.907,5.907,5.907,5.907,0.29%
11/18/1999,5.89,5.89,5.89,5.89,0.29%
11/17/1999,5.873,5.873,5.873,5.873,0.29%
11/16/1999,5.856,5.856,5.856,5.856,1.47%
11/15/1999,5.771,5.771,5.771,5.771,0.00%
11/12/1999,5.771,5.771,5.771,5.771,-0.59%
11/11/1999,5.805,5.805,5.805,5.805,-0.02%
11/10/1999,5.806,5.806,5.806,5.806,0.89%
11/9/1999,5.755,5.755,5.755,5.755,0.58%
11/8/1999,5.722,5.722,5.722,5.722,0.00%
11/5/1999,5.722,5.722,5.722,5.722,0.05%
11/4/1999,5.719,5.719,5.719,5.719,-0.78%
11/3/1999,5.764,5.764,5.764,5.764,-0.38%
11/2/1999,5.786,5.786,5.786,5.786,-0.40%
11/1/1999,5.809,5.809,5.809,5.809,0.76%
10/29/1999,5.765,5.765,5.765,5.765,-1.87%
10/28/1999,5.875,5.875,5.875,5.875,-1.03%
10/27/1999,5.936,5.936,5.936,5.936,-0.87%
10/26/1999,5.988,5.988,5.988,5.988,0.59%
10/25/1999,5.953,5.953,5.953,5.953,0.30%
10/22/1999,5.935,5.935,5.935,5.935,0.30%
10/21/1999,5.917,5.917,5.917,5.917,0.02%
10/20/1999,5.916,5.916,5.916,5.916,0.29%
10/19/1999,5.899,5.899,5.899,5.899,0.60%
10/18/1999,5.864,5.864,5.864,5.864,0.60%
10/15/1999,5.829,5.829,5.829,5.829,-1.15%
10/14/1999,5.897,5.897,5.897,5.897,0.87%
10/13/1999,5.846,5.846,5.846,5.846,0.90%
10/12/1999,5.794,5.794,5.794,5.794,0.00%
10/11/1999,5.794,5.794,5.794,5.794,0.00%
10/8/1999,5.794,5.794,5.794,5.794,-0.29%
10/7/1999,5.811,5.811,5.811,5.811,0.02%
10/6/1999,5.81,5.81,5.81,5.81,0.59%
10/5/1999,5.776,5.776,5.776,5.776,1.78%
10/4/1999,5.675,5.675,5.675,5.675,-0.60%
10/1/1999,5.709,5.709,5.709,5.709,2.11%
9/30/1999,5.591,5.591,5.591,5.591,-1.72%
9/29/1999,5.689,5.689,5.689,5.689,0.94%
9/28/1999,5.636,5.636,5.636,5.636,0.93%
9/27/1999,5.584,5.584,5.584,5.584,0.63%
9/24/1999,5.549,5.549,5.549,5.549,0.00%
9/23/1999,5.549,5.549,5.549,5.549,-1.54%
9/22/1999,5.636,5.636,5.636,5.636,-0.30%
9/21/1999,5.653,5.653,5.653,5.653,0.00%
9/20/1999,5.653,5.653,5.653,5.653,0.62%
9/17/1999,5.618,5.618,5.618,5.618,0.00%
9/16/1999,5.618,5.618,5.618,5.618,-0.30%
9/15/1999,5.635,5.635,5.635,5.635,-0.90%
9/14/1999,5.686,5.686,5.686,5.686,0.30%
9/13/1999,5.669,5.669,5.669,5.669,0.60%
9/10/1999,5.635,5.635,5.635,5.635,-0.90%
9/9/1999,5.686,5.686,5.686,5.686,0.60%
9/8/1999,5.652,5.652,5.652,5.652,-0.58%
9/7/1999,5.685,5.685,5.685,5.685,0.91%
9/3/1999,5.634,5.634,5.634,5.634,-1.76%
9/2/1999,5.735,5.735,5.735,5.735,0.28%
9/1/1999,5.719,5.719,5.719,5.719,-0.30%
8/31/1999,5.736,5.736,5.736,5.736,0.00%
8/30/1999,5.736,5.736,5.736,5.736,1.20%
8/27/1999,5.668,5.668,5.668,5.668,1.50%
8/26/1999,5.584,5.584,5.584,5.584,1.25%
8/25/1999,5.515,5.515,5.515,5.515,-1.54%
8/24/1999,5.601,5.601,5.601,5.601,-0.92%
8/23/1999,5.653,5.653,5.653,5.653,0.62%
8/20/1999,5.618,5.618,5.618,5.618,-0.30%
8/19/1999,5.635,5.635,5.635,5.635,0.00%
8/18/1999,5.635,5.635,5.635,5.635,-0.62%
8/17/1999,5.67,5.67,5.67,5.67,-0.89%
8/16/1999,5.721,5.721,5.721,5.721,0.30%
8/13/1999,5.704,5.704,5.704,5.704,-1.16%
8/12/1999,5.771,5.771,5.771,5.771,0.59%
8/11/1999,5.737,5.737,5.737,5.737,-0.88%
8/10/1999,5.788,5.788,5.788,5.788,0.29%
8/9/1999,5.771,5.771,5.771,5.771,1.51%
8/6/1999,5.685,5.685,5.685,5.685,2.75%
8/5/1999,5.533,5.533,5.533,5.533,-1.79%
8/4/1999,5.634,5.634,5.634,5.634,-0.60%
8/3/1999,5.668,5.668,5.668,5.668,0.30%
8/2/1999,5.651,5.651,5.651,5.651,0.61%
7/30/1999,5.617,5.617,5.617,5.617,0.30%
7/29/1999,5.6,5.6,5.6,5.6,0.79%
7/28/1999,5.556,5.556,5.556,5.556,0.00%
7/27/1999,5.556,5.556,5.556,5.556,-0.32%
7/26/1999,5.574,5.574,5.574,5.574,0.31%
7/23/1999,5.557,5.557,5.557,5.557,0.93%
7/22/1999,5.506,5.506,5.506,5.506,1.57%
7/21/1999,5.421,5.421,5.421,5.421,0.30%
7/20/1999,5.405,5.405,5.405,5.405,-0.93%
7/19/1999,5.456,5.456,5.456,5.456,-0.33%
7/16/1999,5.474,5.474,5.474,5.474,-0.94%
7/15/1999,5.526,5.526,5.526,5.526,-0.32%
7/14/1999,5.544,5.544,5.544,5.544,0.62%
7/13/1999,5.51,5.51,5.51,5.51,-0.02%
7/12/1999,5.511,5.511,5.511,5.511,-1.22%
7/9/1999,5.579,5.579,5.579,5.579,0.29%
7/8/1999,5.563,5.563,5.563,5.563,-0.91%
7/7/1999,5.614,5.614,5.614,5.614,0.00%
7/6/1999,5.614,5.614,5.614,5.614,0.59%
7/2/1999,5.581,5.581,5.581,5.581,-0.02%
7/1/1999,5.582,5.582,5.582,5.582,1.20%
6/30/1999,5.516,5.516,5.516,5.516,-3.23%
6/29/1999,5.7,5.7,5.7,5.7,0.60%
6/28/1999,5.666,5.666,5.666,5.666,-1.46%
6/25/1999,5.75,5.75,5.75,5.75,0.30%
6/24/1999,5.733,5.733,5.733,5.733,0.31%
6/23/1999,5.715,5.715,5.715,5.715,1.55%
6/22/1999,5.628,5.628,5.628,5.628,0.63%
6/21/1999,5.593,5.593,5.593,5.593,0.63%
6/18/1999,5.558,5.558,5.558,5.558,1.28%
6/17/1999,5.488,5.488,5.488,5.488,-1.84%
6/16/1999,5.591,5.591,5.591,5.591,-1.20%
6/15/1999,5.659,5.659,5.659,5.659,0.32%
6/14/1999,5.641,5.641,5.641,5.641,-0.90%
6/11/1999,5.692,5.692,5.692,5.692,0.92%
6/10/1999,5.64,5.64,5.64,5.64,0.32%
6/9/1999,5.622,5.622,5.622,5.622,0.92%
6/8/1999,5.571,5.571,5.571,5.571,0.61%
6/7/1999,5.537,5.537,5.537,5.537,-0.29%
6/4/1999,5.553,5.553,5.553,5.553,0.31%
6/3/1999,5.536,5.536,5.536,5.536,0.33%
6/2/1999,5.518,5.518,5.518,5.518,-0.31%
6/1/1999,5.535,5.535,5.535,5.535,2.48%
5/28/1999,5.401,5.401,5.401,5.401,-0.30%
5/27/1999,5.417,5.417,5.417,5.417,1.04%
5/26/1999,5.361,5.361,5.361,5.361,2.00%
5/25/1999,5.256,5.256,5.256,5.256,0.32%
5/24/1999,5.239,5.239,5.239,5.239,-0.32%
5/21/1999,5.256,5.256,5.256,5.256,-1.59%
5/20/1999,5.341,5.341,5.341,5.341,0.00%
5/19/1999,5.341,5.341,5.341,5.341,0.02%
5/18/1999,5.34,5.34,5.34,5.34,0.96%
5/17/1999,5.289,5.289,5.289,5.289,0.02%
5/14/1999,5.288,5.288,5.288,5.288,3.34%
5/13/1999,5.117,5.117,5.117,5.117,-1.31%
5/12/1999,5.185,5.185,5.185,5.185,0.33%
5/11/1999,5.168,5.168,5.168,5.168,0.33%
5/10/1999,5.151,5.151,5.151,5.151,-0.66%
5/7/1999,5.185,5.185,5.185,5.185,0.35%
5/6/1999,5.167,5.167,5.167,5.167,1.31%
5/5/1999,5.1,5.1,5.1,5.1,0.00%
5/4/1999,5.1,5.1,5.1,5.1,0.67%
5/3/1999,5.066,5.066,5.066,5.066,0.00%
4/30/1999,5.066,5.066,5.066,5.066,1.99%
4/29/1999,4.967,4.967,4.967,4.967,-1.57%
4/28/1999,5.046,5.046,5.046,5.046,1.04%
4/27/1999,4.994,4.994,4.994,4.994,-0.34%
4/26/1999,5.011,5.011,5.011,5.011,-0.34%
4/23/1999,5.028,5.028,5.028,5.028,0.02%
4/22/1999,5.027,5.027,5.027,5.027,1.02%
4/21/1999,4.976,4.976,4.976,4.976,0.69%
4/20/1999,4.942,4.942,4.942,4.942,0.00%
4/19/1999,4.942,4.942,4.942,4.942,-1.36%
4/16/1999,5.01,5.01,5.01,5.01,1.03%
4/15/1999,4.959,4.959,4.959,4.959,0.02%
4/14/1999,4.958,4.958,4.958,4.958,0.67%
4/13/1999,4.925,4.925,4.925,4.925,0.35%
4/12/1999,4.908,4.908,4.908,4.908,0.70%
4/9/1999,4.874,4.874,4.874,4.874,0.35%
4/8/1999,4.857,4.857,4.857,4.857,-1.04%
4/7/1999,4.908,4.908,4.908,4.908,0.00%
4/6/1999,4.908,4.908,4.908,4.908,-0.67%
4/5/1999,4.941,4.941,4.941,4.941,-1.34%
4/1/1999,5.008,5.008,5.008,5.008,0.34%
3/31/1999,4.991,4.991,4.991,4.991,0.32%
3/30/1999,4.975,4.975,4.975,4.975,-0.66%
3/29/1999,5.008,5.008,5.008,5.008,0.34%
3/26/1999,4.991,4.991,4.991,4.991,-0.68%
3/25/1999,5.025,5.025,5.025,5.025,0.54%
3/24/1999,4.998,4.998,4.998,4.998,0.00%
3/23/1999,4.998,4.998,4.998,4.998,-1.36%
3/22/1999,5.067,5.067,5.067,5.067,0.34%
3/19/1999,5.05,5.05,5.05,5.05,1.36%
3/18/1999,4.982,4.982,4.982,4.982,0.00%
3/17/1999,4.982,4.982,4.982,4.982,0.34%
3/16/1999,4.965,4.965,4.965,4.965,-0.34%
3/15/1999,4.982,4.982,4.982,4.982,0.00%
3/12/1999,4.982,4.982,4.982,4.982,-1.01%
3/11/1999,5.033,5.033,5.033,5.033,0.00%
3/10/1999,5.033,5.033,5.033,5.033,0.34%
3/9/1999,5.016,5.016,5.016,5.016,-1.65%
3/8/1999,5.1,5.1,5.1,5.1,-0.66%
3/5/1999,5.134,5.134,5.134,5.134,-1.29%
3/4/1999,5.201,5.201,5.201,5.201,0.33%
3/3/1999,5.184,5.184,5.184,5.184,0.97%
3/2/1999,5.134,5.134,5.134,5.134,-1.27%
3/1/1999,5.2,5.2,5.2,5.2,0.97%
2/26/1999,5.15,5.15,5.15,5.15,-1.28%
2/25/1999,5.217,5.217,5.217,5.217,2.64%
2/24/1999,5.083,5.083,5.083,5.083,1.74%
2/23/1999,4.996,4.996,4.996,4.996,1.77%
2/22/1999,4.909,4.909,4.909,4.909,-1.03%
2/19/1999,4.96,4.96,4.96,4.96,0.73%
2/18/1999,4.924,4.924,4.924,4.924,1.05%
2/17/1999,4.873,4.873,4.873,4.873,-0.67%
2/16/1999,4.906,4.906,4.906,4.906,0.00%
2/12/1999,4.906,4.906,4.906,4.906,1.81%
2/11/1999,4.819,4.819,4.819,4.819,0.71%
2/10/1999,4.785,4.785,4.785,4.785,0.72%
2/9/1999,4.751,4.751,4.751,4.751,-0.71%
2/8/1999,4.785,4.785,4.785,4.785,-0.33%
2/5/1999,4.801,4.801,4.801,4.801,0.71%
2/4/1999,4.767,4.767,4.767,4.767,1.08%
2/3/1999,4.716,4.716,4.716,4.716,0.36%
2/2/1999,4.699,4.699,4.699,4.699,1.08%
2/1/1999,4.649,4.649,4.649,4.649,1.44%
1/29/1999,4.583,4.583,4.583,4.583,0.37%
1/28/1999,4.566,4.566,4.566,4.566,2.22%
1/27/1999,4.467,4.467,4.467,4.467,-3.37%
1/26/1999,4.623,4.623,4.623,4.623,0.37%
1/25/1999,4.606,4.606,4.606,4.606,1.12%
1/22/1999,4.555,4.555,4.555,4.555,-1.11%
1/21/1999,4.606,4.606,4.606,4.606,-0.75%
1/20/1999,4.641,4.641,4.641,4.641,0.37%
1/19/1999,4.624,4.624,4.624,4.624,1.12%
1/15/1999,4.573,4.573,4.573,4.573,2.63%
1/14/1999,4.456,4.456,4.456,4.456,-3.28%
1/13/1999,4.607,4.607,4.607,4.607,-1.09%
1/12/1999,4.658,4.658,4.658,4.658,-1.77%
1/11/1999,4.742,4.742,4.742,4.742,0.36%
1/8/1999,4.725,4.725,4.725,4.725,1.81%
1/7/1999,4.641,4.641,4.641,4.641,1.09%
1/6/1999,4.591,4.591,4.591,4.591,-1.08%
1/5/1999,4.641,4.641,4.641,4.641,1.44%
1/4/1999,4.575,4.575,4.575,4.575,0.73%
12/31/1998,4.542,4.542,4.542,4.542,0.00%
12/30/1998,4.542,4.542,4.542,4.542,-2.15%
12/29/1998,4.642,4.642,4.642,4.642,-1.07%
12/28/1998,4.692,4.692,4.692,4.692,-1.45%
12/24/1998,4.761,4.761,4.761,4.761,1.47%
12/23/1998,4.692,4.692,4.692,4.692,2.24%
12/22/1998,4.589,4.589,4.589,4.589,1.50%
12/21/1998,4.521,4.521,4.521,4.521,1.50%
12/18/1998,4.454,4.454,4.454,4.454,0.75%
12/17/1998,4.421,4.421,4.421,4.421,1.54%
12/16/1998,4.354,4.354,4.354,4.354,-2.27%
12/15/1998,4.455,4.455,4.455,4.455,0.75%
12/14/1998,4.422,4.422,4.422,4.422,-0.76%
12/11/1998,4.456,4.456,4.456,4.456,1.50%
12/10/1998,4.39,4.39,4.39,4.39,-1.13%
12/9/1998,4.44,4.44,4.44,4.44,0.36%
12/8/1998,4.424,4.424,4.424,4.424,-2.21%
12/7/1998,4.524,4.524,4.524,4.524,1.48%
12/4/1998,4.458,4.458,4.458,4.458,3.43%
12/3/1998,4.31,4.31,4.31,4.31,-1.15%
12/2/1998,4.36,4.36,4.36,4.36,-2.22%
12/1/1998,4.459,4.459,4.459,4.459,-1.11%
11/30/1998,4.509,4.509,4.509,4.509,-2.51%
11/27/1998,4.625,4.625,4.625,4.625,-0.71%
11/25/1998,4.658,4.658,4.658,4.658,-0.53%
11/24/1998,4.683,4.683,4.683,4.683,0.39%
11/23/1998,4.665,4.665,4.665,4.665,0.02%
11/20/1998,4.664,4.664,4.664,4.664,0.04%
11/19/1998,4.662,4.662,4.662,4.662,1.15%
11/18/1998,4.609,4.609,4.609,4.609,0.74%
11/17/1998,4.575,4.575,4.575,4.575,0.02%
11/16/1998,4.574,4.574,4.574,4.574,1.15%
11/13/1998,4.522,4.522,4.522,4.522,1.16%
11/12/1998,4.47,4.47,4.47,4.47,-1.84%
11/11/1998,4.554,4.554,4.554,4.554,0.75%
11/10/1998,4.52,4.52,4.52,4.52,-1.07%
11/9/1998,4.569,4.569,4.569,4.569,-0.35%
11/6/1998,4.585,4.585,4.585,4.585,1.53%
11/5/1998,4.516,4.516,4.516,4.516,1.53%
11/4/1998,4.448,4.448,4.448,4.448,4.71%
11/3/1998,4.248,4.248,4.248,4.248,-0.77%
11/2/1998,4.281,4.281,4.281,4.281,4.03%
10/30/1998,4.115,4.115,4.115,4.115,2.87%
10/29/1998,4,4,4,4,-2.56%
10/28/1998,4.105,4.105,4.105,4.105,-0.02%
10/27/1998,4.106,4.106,4.106,4.106,-2.42%
10/26/1998,4.208,4.208,4.208,4.208,0.79%
10/23/1998,4.175,4.175,4.175,4.175,0.77%
10/22/1998,4.143,4.143,4.143,4.143,1.64%
10/21/1998,4.076,4.076,4.076,4.076,2.10%
10/20/1998,3.992,3.992,3.992,3.992,2.12%
10/19/1998,3.909,3.909,3.909,3.909,0.39%
10/16/1998,3.894,3.894,3.894,3.894,1.25%
10/15/1998,3.846,3.846,3.846,3.846,-6.13%
10/14/1998,4.097,4.097,4.097,4.097,-0.82%
10/13/1998,4.131,4.131,4.131,4.131,-1.99%
10/9/1998,4.215,4.215,4.215,4.215,1.98%
10/8/1998,4.133,4.133,4.133,4.133,-0.02%
10/7/1998,4.134,4.134,4.134,4.134,1.62%
10/6/1998,4.068,4.068,4.068,4.068,0.79%
10/5/1998,4.036,4.036,4.036,4.036,-3.95%
10/2/1998,4.202,4.202,4.202,4.202,1.16%
10/1/1998,4.154,4.154,4.154,4.154,-3.44%
9/30/1998,4.302,4.302,4.302,4.302,-3.33%
9/29/1998,4.45,4.45,4.45,4.45,0.36%
9/28/1998,4.434,4.434,4.434,4.434,0.36%
9/25/1998,4.418,4.418,4.418,4.418,-0.72%
9/24/1998,4.45,4.45,4.45,4.45,-2.77%
9/23/1998,4.577,4.577,4.577,4.577,-1.49%
9/22/1998,4.646,4.646,4.646,4.646,0.37%
9/21/1998,4.629,4.629,4.629,4.629,-0.02%
9/18/1998,4.63,4.63,4.63,4.63,-0.77%
9/17/1998,4.666,4.666,4.666,4.666,-1.79%
9/16/1998,4.751,4.751,4.751,4.751,0.34%
9/15/1998,4.735,4.735,4.735,4.735,0.70%
9/14/1998,4.702,4.702,4.702,4.702,0.36%
9/11/1998,4.685,4.685,4.685,4.685,1.38%
9/10/1998,4.621,4.621,4.621,4.621,-2.82%
9/9/1998,4.755,4.755,4.755,4.755,-3.41%
9/8/1998,4.923,4.923,4.923,4.923,-0.34%
9/4/1998,4.94,4.94,4.94,4.94,0.65%
9/3/1998,4.908,4.908,4.908,4.908,-0.67%
9/2/1998,4.941,4.941,4.941,4.941,1.35%
9/1/1998,4.875,4.875,4.875,4.875,-0.02%
8/31/1998,4.876,4.876,4.876,4.876,-0.67%
8/28/1998,4.909,4.909,4.909,4.909,-0.35%
8/27/1998,4.926,4.926,4.926,4.926,0.67%
8/26/1998,4.893,4.893,4.893,4.893,-5.28%
8/25/1998,5.166,5.166,5.166,5.166,-0.67%
8/24/1998,5.201,5.201,5.201,5.201,-0.33%
8/21/1998,5.218,5.218,5.218,5.218,-1.95%
8/20/1998,5.322,5.322,5.322,5.322,-0.32%
8/19/1998,5.339,5.339,5.339,5.339,0.00%
8/18/1998,5.339,5.339,5.339,5.339,0.32%
8/17/1998,5.322,5.322,5.322,5.322,0.00%
8/14/1998,5.322,5.322,5.322,5.322,-0.97%
8/13/1998,5.374,5.374,5.374,5.374,1.28%
8/12/1998,5.306,5.306,5.306,5.306,0.00%
8/11/1998,5.306,5.306,5.306,5.306,-0.64%
8/10/1998,5.34,5.34,5.34,5.34,0.32%
8/7/1998,5.323,5.323,5.323,5.323,-1.26%
8/6/1998,5.391,5.391,5.391,5.391,-0.31%
8/5/1998,5.408,5.408,5.408,5.408,0.32%
8/4/1998,5.391,5.391,5.391,5.391,-1.25%
8/3/1998,5.459,5.459,5.459,5.459,-0.60%
7/31/1998,5.492,5.492,5.492,5.492,0.00%
7/30/1998,5.492,5.492,5.492,5.492,-0.34%
7/29/1998,5.511,5.511,5.511,5.511,0.64%
7/28/1998,5.476,5.476,5.476,5.476,0.00%
7/27/1998,5.476,5.476,5.476,5.476,0.00%
7/24/1998,5.476,5.476,5.476,5.476,0.31%
7/23/1998,5.459,5.459,5.459,5.459,-0.31%
7/22/1998,5.476,5.476,5.476,5.476,0.31%
7/21/1998,5.459,5.459,5.459,5.459,0.00%
7/20/1998,5.459,5.459,5.459,5.459,-0.31%
7/17/1998,5.476,5.476,5.476,5.476,0.31%
7/16/1998,5.459,5.459,5.459,5.459,0.31%
7/15/1998,5.442,5.442,5.442,5.442,-0.31%
7/14/1998,5.459,5.459,5.459,5.459,0.00%
7/13/1998,5.459,5.459,5.459,5.459,0.94%
7/10/1998,5.408,5.408,5.408,5.408,-0.31%
7/9/1998,5.425,5.425,5.425,5.425,-0.31%
7/8/1998,5.442,5.442,5.442,5.442,0.00%
7/7/1998,5.442,5.442,5.442,5.442,0.31%
7/6/1998,5.425,5.425,5.425,5.425,-0.31%
7/2/1998,5.442,5.442,5.442,5.442,-0.31%
7/1/1998,5.459,5.459,5.459,5.459,-0.29%
6/30/1998,5.475,5.475,5.475,5.475,-0.62%
6/29/1998,5.509,5.509,5.509,5.509,0.00%
6/26/1998,5.509,5.509,5.509,5.509,0.00%
6/25/1998,5.509,5.509,5.509,5.509,0.00%
6/24/1998,5.509,5.509,5.509,5.509,1.87%
6/23/1998,5.408,5.408,5.408,5.408,-1.94%
6/22/1998,5.515,5.515,5.515,5.515,0.00%
6/19/1998,5.515,5.515,5.515,5.515,-0.63%
6/18/1998,5.55,5.55,5.55,5.55,0.31%
6/17/1998,5.533,5.533,5.533,5.533,0.31%
6/16/1998,5.516,5.516,5.516,5.516,2.22%
6/15/1998,5.396,5.396,5.396,5.396,-0.95%
6/12/1998,5.448,5.448,5.448,5.448,0.00%
6/11/1998,5.448,5.448,5.448,5.448,-1.54%
6/10/1998,5.533,5.533,5.533,5.533,-1.51%
6/9/1998,5.618,5.618,5.618,5.618,0.61%
6/8/1998,5.584,5.584,5.584,5.584,0.00%
6/5/1998,5.584,5.584,5.584,5.584,0.31%
6/4/1998,5.567,5.567,5.567,5.567,0.61%
6/3/1998,5.533,5.533,5.533,5.533,0.00%
6/2/1998,5.533,5.533,5.533,5.533,0.29%
6/1/1998,5.517,5.517,5.517,5.517,-0.31%
5/29/1998,5.534,5.534,5.534,5.534,-0.29%
5/28/1998,5.55,5.55,5.55,5.55,1.52%
5/27/1998,5.467,5.467,5.467,5.467,-2.17%
5/26/1998,5.588,5.588,5.588,5.588,-0.60%
5/22/1998,5.622,5.622,5.622,5.622,-0.02%
5/21/1998,5.623,5.623,5.623,5.623,0.93%
5/20/1998,5.571,5.571,5.571,5.571,-0.32%
5/19/1998,5.589,5.589,5.589,5.589,0.00%
5/18/1998,5.589,5.589,5.589,5.589,-0.60%
5/15/1998,5.623,5.623,5.623,5.623,0.00%
5/14/1998,5.623,5.623,5.623,5.623,0.61%
5/13/1998,5.589,5.589,5.589,5.589,-0.32%
5/12/1998,5.607,5.607,5.607,5.607,-0.90%
5/11/1998,5.658,5.658,5.658,5.658,1.22%
5/8/1998,5.59,5.59,5.59,5.59,0.59%
5/7/1998,5.557,5.557,5.557,5.557,0.31%
5/6/1998,5.54,5.54,5.54,5.54,-1.49%
5/5/1998,5.624,5.624,5.624,5.624,0.90%
5/4/1998,5.574,5.574,5.574,5.574,0.00%
5/1/1998,5.574,5.574,5.574,5.574,-2.36%
4/30/1998,5.709,5.709,5.709,5.709,0.00%
4/29/1998,5.709,5.709,5.709,5.709,0.05%
4/28/1998,5.706,5.706,5.706,5.706,0.32%
4/27/1998,5.688,5.688,5.688,5.688,1.86%
4/24/1998,5.584,5.584,5.584,5.584,-0.62%
4/23/1998,5.619,5.619,5.619,5.619,0.32%
4/22/1998,5.601,5.601,5.601,5.601,0.00%
4/21/1998,5.601,5.601,5.601,5.601,0.61%
4/20/1998,5.567,5.567,5.567,5.567,0.94%
4/17/1998,5.515,5.515,5.515,5.515,0.00%
4/16/1998,5.515,5.515,5.515,5.515,-0.33%
4/15/1998,5.533,5.533,5.533,5.533,-0.31%
4/14/1998,5.55,5.55,5.55,5.55,-0.31%
4/13/1998,5.567,5.567,5.567,5.567,1.24%
4/9/1998,5.499,5.499,5.499,5.499,0.62%
4/8/1998,5.465,5.465,5.465,5.465,0.29%
4/7/1998,5.449,5.449,5.449,5.449,0.00%
4/6/1998,5.449,5.449,5.449,5.449,0.31%
4/3/1998,5.432,5.432,5.432,5.432,-1.52%
4/2/1998,5.516,5.516,5.516,5.516,-0.31%
4/1/1998,5.533,5.533,5.533,5.533,-0.61%
3/31/1998,5.567,5.567,5.567,5.567,-1.19%
3/30/1998,5.634,5.634,5.634,5.634,0.00%
3/27/1998,5.634,5.634,5.634,5.634,0.00%
3/26/1998,5.634,5.634,5.634,5.634,0.90%
3/25/1998,5.584,5.584,5.584,5.584,0.94%
3/24/1998,5.532,5.532,5.532,5.532,0.00%
3/23/1998,5.532,5.532,5.532,5.532,0.31%
3/20/1998,5.515,5.515,5.515,5.515,0.00%
3/19/1998,5.515,5.515,5.515,5.515,0.31%
3/18/1998,5.498,5.498,5.498,5.498,0.00%
3/17/1998,5.498,5.498,5.498,5.498,0.62%
3/16/1998,5.464,5.464,5.464,5.464,-0.31%
3/13/1998,5.481,5.481,5.481,5.481,0.29%
3/12/1998,5.465,5.465,5.465,5.465,-1.23%
3/11/1998,5.533,5.533,5.533,5.533,0.00%
3/10/1998,5.533,5.533,5.533,5.533,-0.31%
3/9/1998,5.55,5.55,5.55,5.55,-0.61%
3/6/1998,5.584,5.584,5.584,5.584,-0.59%
3/5/1998,5.617,5.617,5.617,5.617,0.59%
3/4/1998,5.584,5.584,5.584,5.584,-0.91%
3/3/1998,5.635,5.635,5.635,5.635,0.91%
3/2/1998,5.584,5.584,5.584,5.584,0.90%
2/27/1998,5.534,5.534,5.534,5.534,-0.90%
2/26/1998,5.584,5.584,5.584,5.584,0.90%
2/25/1998,5.534,5.534,5.534,5.534,-0.52%
2/24/1998,5.563,5.563,5.563,5.563,2.22%
2/23/1998,5.442,5.442,5.442,5.442,0.65%
2/20/1998,5.407,5.407,5.407,5.407,0.32%
2/19/1998,5.39,5.39,5.39,5.39,0.63%
2/18/1998,5.356,5.356,5.356,5.356,0.32%
2/17/1998,5.339,5.339,5.339,5.339,-0.02%
2/13/1998,5.34,5.34,5.34,5.34,-0.32%
2/12/1998,5.357,5.357,5.357,5.357,-0.63%
2/11/1998,5.391,5.391,5.391,5.391,-0.31%
2/10/1998,5.408,5.408,5.408,5.408,0.32%
2/9/1998,5.391,5.391,5.391,5.391,0.32%
2/6/1998,5.374,5.374,5.374,5.374,-0.02%
2/5/1998,5.375,5.375,5.375,5.375,0.94%
2/4/1998,5.325,5.325,5.325,5.325,0.00%
2/3/1998,5.325,5.325,5.325,5.325,-0.62%
2/2/1998,5.358,5.358,5.358,5.358,0.62%
1/30/1998,5.325,5.325,5.325,5.325,-0.32%
1/29/1998,5.342,5.342,5.342,5.342,-2.14%
1/28/1998,5.459,5.459,5.459,5.459,-0.13%
1/27/1998,5.466,5.466,5.466,5.466,1.60%
1/26/1998,5.38,5.38,5.38,5.38,-0.65%
1/23/1998,5.415,5.415,5.415,5.415,1.92%
1/22/1998,5.313,5.313,5.313,5.313,-0.34%
1/21/1998,5.331,5.331,5.331,5.331,-0.97%
1/20/1998,5.383,5.383,5.383,5.383,0.64%
1/16/1998,5.349,5.349,5.349,5.349,1.58%
1/15/1998,5.266,5.266,5.266,5.266,-0.32%
1/14/1998,5.283,5.283,5.283,5.283,0.63%
1/13/1998,5.25,5.25,5.25,5.25,1.29%
1/12/1998,5.183,5.183,5.183,5.183,-0.02%
1/9/1998,5.184,5.184,5.184,5.184,-2.24%
1/8/1998,5.303,5.303,5.303,5.303,-1.89%
1/7/1998,5.405,5.405,5.405,5.405,0.32%
1/6/1998,5.388,5.388,5.388,5.388,-1.25%
1/5/1998,5.456,5.456,5.456,5.456,-2.12%
1/2/1998,5.574,5.574,5.574,5.574,-1.48%
12/31/1997,5.658,5.658,5.658,5.658,-0.89%
12/30/1997,5.709,5.709,5.709,5.709,0.30%
12/29/1997,5.692,5.692,5.692,5.692,0.30%
12/26/1997,5.675,5.675,5.675,5.675,-0.30%
12/24/1997,5.692,5.692,5.692,5.692,0.60%
12/23/1997,5.658,5.658,5.658,5.658,-0.30%
12/22/1997,5.675,5.675,5.675,5.675,0.32%
12/19/1997,5.657,5.657,5.657,5.657,-0.02%
12/18/1997,5.658,5.658,5.658,5.658,-0.89%
12/17/1997,5.709,5.709,5.709,5.709,0.60%
12/16/1997,5.675,5.675,5.675,5.675,0.30%
12/15/1997,5.658,5.658,5.658,5.658,0.91%
12/12/1997,5.607,5.607,5.607,5.607,-0.90%
12/11/1997,5.658,5.658,5.658,5.658,-1.19%
12/10/1997,5.726,5.726,5.726,5.726,-1.17%
12/9/1997,5.794,5.794,5.794,5.794,-0.58%
12/8/1997,5.828,5.828,5.828,5.828,0.59%
12/5/1997,5.794,5.794,5.794,5.794,1.49%
12/4/1997,5.709,5.709,5.709,5.709,-0.30%
12/3/1997,5.726,5.726,5.726,5.726,-0.59%
12/2/1997,5.76,5.76,5.76,5.76,-0.28%
12/1/1997,5.776,5.776,5.776,5.776,0.00%
11/28/1997,5.776,5.776,5.776,5.776,0.87%
11/26/1997,5.726,5.726,5.726,5.726,0.30%
11/25/1997,5.709,5.709,5.709,5.709,0.00%
11/24/1997,5.709,5.709,5.709,5.709,0.62%
11/21/1997,5.674,5.674,5.674,5.674,-0.91%
11/20/1997,5.726,5.726,5.726,5.726,0.60%
11/19/1997,5.692,5.692,5.692,5.692,-0.30%
11/18/1997,5.709,5.709,5.709,5.709,0.30%
11/17/1997,5.692,5.692,5.692,5.692,0.30%
11/14/1997,5.675,5.675,5.675,5.675,0.00%
11/13/1997,5.675,5.675,5.675,5.675,0.00%
11/12/1997,5.675,5.675,5.675,5.675,-0.89%
11/10/1997,5.726,5.726,5.726,5.726,0.30%
11/7/1997,5.709,5.709,5.709,5.709,0.30%
11/6/1997,5.692,5.692,5.692,5.692,0.00%
11/5/1997,5.692,5.692,5.692,5.692,-0.30%
11/4/1997,5.709,5.709,5.709,5.709,0.30%
11/3/1997,5.692,5.692,5.692,5.692,1.50%
10/31/1997,5.608,5.608,5.608,5.608,0.29%
10/30/1997,5.592,5.592,5.592,5.592,-0.59%
10/29/1997,5.625,5.625,5.625,5.625,0.30%
10/28/1997,5.608,5.608,5.608,5.608,1.25%
10/27/1997,5.539,5.539,5.539,5.539,-3.62%
10/24/1997,5.747,5.747,5.747,5.747,-0.61%
10/23/1997,5.782,5.782,5.782,5.782,-2.05%
10/22/1997,5.903,5.903,5.903,5.903,0.29%
10/21/1997,5.886,5.886,5.886,5.886,0.00%
10/20/1997,5.886,5.886,5.886,5.886,-0.29%
10/17/1997,5.903,5.903,5.903,5.903,1.18%
10/16/1997,5.834,5.834,5.834,5.834,0.00%
10/15/1997,5.834,5.834,5.834,5.834,0.59%
10/14/1997,5.8,5.8,5.8,5.8,-0.87%
10/13/1997,5.851,5.851,5.851,5.851,0.29%
10/10/1997,5.834,5.834,5.834,5.834,0.88%
10/9/1997,5.783,5.783,5.783,5.783,0.00%
10/8/1997,5.783,5.783,5.783,5.783,2.39%
10/7/1997,5.648,5.648,5.648,5.648,-0.30%
10/6/1997,5.665,5.665,5.665,5.665,-0.30%
10/3/1997,5.682,5.682,5.682,5.682,-0.89%
10/2/1997,5.733,5.733,5.733,5.733,-0.30%
10/1/1997,5.75,5.75,5.75,5.75,-0.57%
9/30/1997,5.783,5.783,5.783,5.783,-0.02%
9/29/1997,5.784,5.784,5.784,5.784,0.00%
9/26/1997,5.784,5.784,5.784,5.784,-0.86%
9/25/1997,5.834,5.834,5.834,5.834,1.16%
9/24/1997,5.767,5.767,5.767,5.767,1.18%
9/23/1997,5.7,5.7,5.7,5.7,-1.49%
9/22/1997,5.786,5.786,5.786,5.786,-0.31%
9/19/1997,5.804,5.804,5.804,5.804,-0.31%
9/18/1997,5.822,5.822,5.822,5.822,0.59%
9/17/1997,5.788,5.788,5.788,5.788,-0.29%
9/16/1997,5.805,5.805,5.805,5.805,-1.74%
9/15/1997,5.908,5.908,5.908,5.908,-0.29%
9/12/1997,5.925,5.925,5.925,5.925,-1.43%
9/11/1997,6.011,6.011,6.011,6.011,0.28%
9/10/1997,5.994,5.994,5.994,5.994,0.59%
9/9/1997,5.959,5.959,5.959,5.959,0.00%
9/8/1997,5.959,5.959,5.959,5.959,0.00%
9/5/1997,5.959,5.959,5.959,5.959,-0.28%
9/4/1997,5.976,5.976,5.976,5.976,0.29%
9/3/1997,5.959,5.959,5.959,5.959,0.56%
9/2/1997,5.926,5.926,5.926,5.926,-0.84%
8/29/1997,5.976,5.976,5.976,5.976,0.84%
8/28/1997,5.926,5.926,5.926,5.926,-1.12%
8/27/1997,5.993,5.993,5.993,5.993,0.28%
8/26/1997,5.976,5.976,5.976,5.976,-0.30%
8/25/1997,5.994,5.994,5.994,5.994,0.59%
8/22/1997,5.959,5.959,5.959,5.959,0.59%
8/21/1997,5.924,5.924,5.924,5.924,0.87%
8/20/1997,5.873,5.873,5.873,5.873,0.60%
8/19/1997,5.838,5.838,5.838,5.838,0.29%
8/18/1997,5.821,5.821,5.821,5.821,0.00%
8/15/1997,5.821,5.821,5.821,5.821,-0.89%
8/14/1997,5.873,5.873,5.873,5.873,-1.16%
8/13/1997,5.942,5.942,5.942,5.942,-1.13%
8/12/1997,6.01,6.01,6.01,6.01,0.57%
8/11/1997,5.976,5.976,5.976,5.976,-0.57%
8/8/1997,6.01,6.01,6.01,6.01,1.43%
8/7/1997,5.925,5.925,5.925,5.925,0.29%
8/6/1997,5.908,5.908,5.908,5.908,-0.29%
8/5/1997,5.925,5.925,5.925,5.925,0.29%
8/4/1997,5.908,5.908,5.908,5.908,0.56%
8/1/1997,5.875,5.875,5.875,5.875,2.33%
7/31/1997,5.741,5.741,5.741,5.741,-0.30%
7/30/1997,5.758,5.758,5.758,5.758,-0.57%
7/29/1997,5.791,5.791,5.791,5.791,-0.86%
7/28/1997,5.841,5.841,5.841,5.841,-0.58%
7/25/1997,5.875,5.875,5.875,5.875,0.29%
7/24/1997,5.858,5.858,5.858,5.858,-0.29%
7/23/1997,5.875,5.875,5.875,5.875,0.88%
7/22/1997,5.824,5.824,5.824,5.824,-1.75%
7/21/1997,5.928,5.928,5.928,5.928,0.58%
7/18/1997,5.894,5.894,5.894,5.894,0.58%
7/17/1997,5.86,5.86,5.86,5.86,-0.02%
7/16/1997,5.861,5.861,5.861,5.861,-0.86%
7/15/1997,5.912,5.912,5.912,5.912,-0.30%
7/14/1997,5.93,5.93,5.93,5.93,0.87%
7/11/1997,5.879,5.879,5.879,5.879,-0.29%
7/10/1997,5.896,5.896,5.896,5.896,-0.02%
7/9/1997,5.897,5.897,5.897,5.897,-0.29%
7/8/1997,5.914,5.914,5.914,5.914,0.29%
7/7/1997,5.897,5.897,5.897,5.897,-0.57%
7/3/1997,5.931,5.931,5.931,5.931,-1.41%
7/2/1997,6.016,6.016,6.016,6.016,-0.28%
7/1/1997,6.033,6.033,6.033,6.033,-0.84%
6/30/1997,6.084,6.084,6.084,6.084,0.83%
6/27/1997,6.034,6.034,6.034,6.034,-0.26%
6/26/1997,6.05,6.05,6.05,6.05,0.46%
6/24/1997,6.022,6.022,6.022,6.022,-0.28%
6/23/1997,6.039,6.039,6.039,6.039,0.57%
6/20/1997,6.005,6.005,6.005,6.005,-0.02%
6/19/1997,6.006,6.006,6.006,6.006,-0.02%
6/18/1997,6.007,6.007,6.007,6.007,-0.58%
6/17/1997,6.042,6.042,6.042,6.042,0.57%
6/16/1997,6.008,6.008,6.008,6.008,-0.28%
6/13/1997,6.025,6.025,6.025,6.025,-0.87%
6/12/1997,6.078,6.078,6.078,6.078,-1.65%
6/11/1997,6.18,6.18,6.18,6.18,0.26%
6/10/1997,6.164,6.164,6.164,6.164,0.28%
6/9/1997,6.147,6.147,6.147,6.147,0.84%
6/6/1997,6.096,6.096,6.096,6.096,-1.66%
6/5/1997,6.199,6.199,6.199,6.199,0.00%
6/4/1997,6.199,6.199,6.199,6.199,0.27%
6/3/1997,6.182,6.182,6.182,6.182,-0.55%
6/2/1997,6.216,6.216,6.216,6.216,0.00%
5/30/1997,6.216,6.216,6.216,6.216,-1.35%
5/29/1997,6.301,6.301,6.301,6.301,0.00%
5/28/1997,6.301,6.301,6.301,6.301,0.27%
5/27/1997,6.284,6.284,6.284,6.284,0.83%
5/23/1997,6.232,6.232,6.232,6.232,-0.02%
5/22/1997,6.233,6.233,6.233,6.233,0.27%
5/21/1997,6.216,6.216,6.216,6.216,0.27%
5/20/1997,6.199,6.199,6.199,6.199,-1.12%
5/19/1997,6.269,6.269,6.269,6.269,0.27%
5/16/1997,6.252,6.252,6.252,6.252,0.55%
5/15/1997,6.218,6.218,6.218,6.218,-0.27%
5/14/1997,6.235,6.235,6.235,6.235,-0.83%
5/13/1997,6.287,6.287,6.287,6.287,1.09%
5/12/1997,6.219,6.219,6.219,6.219,-0.27%
5/9/1997,6.236,6.236,6.236,6.236,-1.38%
5/8/1997,6.323,6.323,6.323,6.323,-0.27%
5/7/1997,6.34,6.34,6.34,6.34,0.81%
5/6/1997,6.289,6.289,6.289,6.289,0.54%
5/5/1997,6.255,6.255,6.255,6.255,0.26%
5/2/1997,6.239,6.239,6.239,6.239,-0.27%
5/1/1997,6.256,6.256,6.256,6.256,-0.29%
4/30/1997,6.274,6.274,6.274,6.274,-0.79%
4/29/1997,6.324,6.324,6.324,6.324,-2.60%
4/28/1997,6.493,6.493,6.493,6.493,-0.78%
4/25/1997,6.544,6.544,6.544,6.544,0.00%
4/24/1997,6.544,6.544,6.544,6.544,1.07%
4/23/1997,6.475,6.475,6.475,6.475,1.11%
4/22/1997,6.404,6.404,6.404,6.404,-0.53%
4/21/1997,6.438,6.438,6.438,6.438,0.81%
4/18/1997,6.386,6.386,6.386,6.386,-0.55%
4/17/1997,6.421,6.421,6.421,6.421,-0.53%
4/16/1997,6.455,6.455,6.455,6.455,0.26%
4/15/1997,6.438,6.438,6.438,6.438,-1.32%
4/14/1997,6.524,6.524,6.524,6.524,0.54%
4/11/1997,6.489,6.489,6.489,6.489,0.81%
4/10/1997,6.437,6.437,6.437,6.437,0.26%
4/9/1997,6.42,6.42,6.42,6.42,0.00%
4/8/1997,6.42,6.42,6.42,6.42,0.55%
4/7/1997,6.385,6.385,6.385,6.385,-0.55%
4/4/1997,6.42,6.42,6.42,6.42,0.55%
4/3/1997,6.385,6.385,6.385,6.385,-0.27%
4/2/1997,6.402,6.402,6.402,6.402,0.00%
4/1/1997,6.402,6.402,6.402,6.402,-0.26%
3/31/1997,6.419,6.419,6.419,6.419,-0.53%
3/27/1997,6.453,6.453,6.453,6.453,1.62%
3/26/1997,6.35,6.35,6.35,6.35,0.67%
3/25/1997,6.308,6.308,6.308,6.308,0.85%
3/24/1997,6.255,6.255,6.255,6.255,-0.56%
3/21/1997,6.29,6.29,6.29,6.29,0.58%
3/20/1997,6.254,6.254,6.254,6.254,0.56%
3/19/1997,6.219,6.219,6.219,6.219,0.29%
3/18/1997,6.201,6.201,6.201,6.201,0.00%
3/17/1997,6.201,6.201,6.201,6.201,0.57%
3/14/1997,6.166,6.166,6.166,6.166,0.02%
3/13/1997,6.165,6.165,6.165,6.165,0.85%
3/12/1997,6.113,6.113,6.113,6.113,0.00%
3/11/1997,6.113,6.113,6.113,6.113,0.28%
3/10/1997,6.096,6.096,6.096,6.096,0.30%
3/7/1997,6.078,6.078,6.078,6.078,-1.11%
3/6/1997,6.146,6.146,6.146,6.146,0.84%
3/5/1997,6.095,6.095,6.095,6.095,-0.55%
3/4/1997,6.129,6.129,6.129,6.129,0.57%
3/3/1997,6.094,6.094,6.094,6.094,0.00%
2/28/1997,6.094,6.094,6.094,6.094,0.28%
2/27/1997,6.077,6.077,6.077,6.077,0.56%
2/26/1997,6.043,6.043,6.043,6.043,2.91%
2/25/1997,5.872,5.872,5.872,5.872,0.29%
2/24/1997,5.855,5.855,5.855,5.855,0.29%
2/21/1997,5.838,5.838,5.838,5.838,-0.29%
2/20/1997,5.855,5.855,5.855,5.855,0.88%
2/19/1997,5.804,5.804,5.804,5.804,0.29%
2/18/1997,5.787,5.787,5.787,5.787,0.29%
2/14/1997,5.77,5.77,5.77,5.77,-0.60%
2/13/1997,5.805,5.805,5.805,5.805,-1.16%
2/12/1997,5.873,5.873,5.873,5.873,0.27%
2/11/1997,5.857,5.857,5.857,5.857,0.00%
2/10/1997,5.857,5.857,5.857,5.857,0.29%
2/7/1997,5.84,5.84,5.84,5.84,-1.15%
2/6/1997,5.908,5.908,5.908,5.908,0.29%
2/5/1997,5.891,5.891,5.891,5.891,0.29%
2/4/1997,5.874,5.874,5.874,5.874,-0.02%
2/3/1997,5.875,5.875,5.875,5.875,-0.84%
1/31/1997,5.925,5.925,5.925,5.925,-1.41%
1/30/1997,6.01,6.01,6.01,6.01,-0.55%
1/29/1997,6.043,6.043,6.043,6.043,-0.30%
1/28/1997,6.061,6.061,6.061,6.061,-0.54%
1/27/1997,6.094,6.094,6.094,6.094,0.28%
1/24/1997,6.077,6.077,6.077,6.077,0.56%
1/23/1997,6.043,6.043,6.043,6.043,0.88%
1/22/1997,5.99,5.99,5.99,5.99,0.59%
1/21/1997,5.955,5.955,5.955,5.955,-0.28%
1/17/1997,5.972,5.972,5.972,5.972,-0.28%
1/16/1997,5.989,5.989,5.989,5.989,0.59%
1/15/1997,5.954,5.954,5.954,5.954,-0.28%
1/14/1997,5.971,5.971,5.971,5.971,-1.42%
1/13/1997,6.057,6.057,6.057,6.057,0.30%
1/10/1997,6.039,6.039,6.039,6.039,1.74%
1/9/1997,5.936,5.936,5.936,5.936,-1.13%
1/8/1997,6.004,6.004,6.004,6.004,0.57%
1/7/1997,5.97,5.97,5.97,5.97,0.00%
1/6/1997,5.97,5.97,5.97,5.97,0.57%
1/3/1997,5.936,5.936,5.936,5.936,-0.27%
1/2/1997,5.952,5.952,5.952,5.952,1.14%
12/31/1996,5.885,5.885,5.885,5.885,1.47%
12/30/1996,5.8,5.8,5.8,5.8,0.00%
12/27/1996,5.8,5.8,5.8,5.8,-0.57%
12/26/1996,5.833,5.833,5.833,5.833,-0.31%
12/24/1996,5.851,5.851,5.851,5.851,0.00%
12/23/1996,5.851,5.851,5.851,5.851,0.00%
12/20/1996,5.851,5.851,5.851,5.851,0.58%
12/19/1996,5.817,5.817,5.817,5.817,-1.67%
12/18/1996,5.916,5.916,5.916,5.916,0.89%
12/17/1996,5.864,5.864,5.864,5.864,0.89%
12/16/1996,5.812,5.812,5.812,5.812,1.20%
12/13/1996,5.743,5.743,5.743,5.743,-0.88%
12/12/1996,5.794,5.794,5.794,5.794,-0.58%
12/11/1996,5.828,5.828,5.828,5.828,2.08%
12/10/1996,5.709,5.709,5.709,5.709,0.30%
12/9/1996,5.692,5.692,5.692,5.692,-0.59%
12/6/1996,5.726,5.726,5.726,5.726,0.00%
12/5/1996,5.726,5.726,5.726,5.726,1.51%
12/4/1996,5.641,5.641,5.641,5.641,0.59%
12/3/1996,5.608,5.608,5.608,5.608,0.00%
12/2/1996,5.608,5.608,5.608,5.608,0.30%
11/29/1996,5.591,5.591,5.591,5.591,-1.18%
11/27/1996,5.658,5.658,5.658,5.658,0.00%
11/26/1996,5.658,5.658,5.658,5.658,-0.30%
11/25/1996,5.675,5.675,5.675,5.675,-0.28%
11/22/1996,5.691,5.691,5.691,5.691,0.30%
11/21/1996,5.674,5.674,5.674,5.674,0.30%
11/20/1996,5.657,5.657,5.657,5.657,-0.16%
11/19/1996,5.666,5.666,5.666,5.666,-0.32%
11/18/1996,5.684,5.684,5.684,5.684,0.30%
11/15/1996,5.667,5.667,5.667,5.667,0.28%
11/14/1996,5.651,5.651,5.651,5.651,-0.91%
11/13/1996,5.703,5.703,5.703,5.703,-0.30%
11/12/1996,5.72,5.72,5.72,5.72,-0.61%
11/8/1996,5.755,5.755,5.755,5.755,0.58%
11/7/1996,5.722,5.722,5.722,5.722,-0.59%
11/6/1996,5.756,5.756,5.756,5.756,0.59%
11/5/1996,5.722,5.722,5.722,5.722,-0.88%
11/4/1996,5.773,5.773,5.773,5.773,-0.29%
11/1/1996,5.79,5.79,5.79,5.79,0.57%
10/31/1996,5.757,5.757,5.757,5.757,-0.88%
10/30/1996,5.808,5.808,5.808,5.808,0.87%
10/29/1996,5.758,5.758,5.758,5.758,-2.82%
10/28/1996,5.925,5.925,5.925,5.925,0.29%
10/25/1996,5.908,5.908,5.908,5.908,-0.56%
10/24/1996,5.941,5.941,5.941,5.941,0.29%
10/23/1996,5.924,5.924,5.924,5.924,-0.35%
10/22/1996,5.945,5.945,5.945,5.945,0.87%
10/21/1996,5.894,5.894,5.894,5.894,0.29%
10/18/1996,5.877,5.877,5.877,5.877,0.29%
10/17/1996,5.86,5.86,5.86,5.86,-0.88%
10/16/1996,5.912,5.912,5.912,5.912,-0.29%
10/15/1996,5.929,5.929,5.929,5.929,-0.02%
10/11/1996,5.93,5.93,5.93,5.93,-1.15%
10/10/1996,5.999,5.999,5.999,5.999,0.86%
10/9/1996,5.948,5.948,5.948,5.948,0.29%
10/8/1996,5.931,5.931,5.931,5.931,0.58%
10/7/1996,5.897,5.897,5.897,5.897,0.86%
10/4/1996,5.847,5.847,5.847,5.847,-2.53%
10/3/1996,5.999,5.999,5.999,5.999,0.27%
10/2/1996,5.983,5.983,5.983,5.983,-0.83%
10/1/1996,6.033,6.033,6.033,6.033,-1.11%
9/30/1996,6.101,6.101,6.101,6.101,0.56%
9/27/1996,6.067,6.067,6.067,6.067,0.28%
9/26/1996,6.05,6.05,6.05,6.05,-0.61%
9/25/1996,6.087,6.087,6.087,6.087,-0.85%
9/24/1996,6.139,6.139,6.139,6.139,-1.68%
9/23/1996,6.244,6.244,6.244,6.244,0.00%
9/20/1996,6.244,6.244,6.244,6.244,-0.27%
9/19/1996,6.261,6.261,6.261,6.261,0.27%
9/18/1996,6.244,6.244,6.244,6.244,-0.27%
9/17/1996,6.261,6.261,6.261,6.261,2.25%
9/16/1996,6.123,6.123,6.123,6.123,0.00%
9/13/1996,6.123,6.123,6.123,6.123,-2.47%
9/12/1996,6.278,6.278,6.278,6.278,-0.81%
9/11/1996,6.329,6.329,6.329,6.329,0.00%
9/10/1996,6.329,6.329,6.329,6.329,0.54%
9/9/1996,6.295,6.295,6.295,6.295,-0.54%
9/6/1996,6.329,6.329,6.329,6.329,-1.06%
9/5/1996,6.397,6.397,6.397,6.397,0.55%
9/4/1996,6.362,6.362,6.362,6.362,0.81%
9/3/1996,6.311,6.311,6.311,6.311,-0.54%
8/30/1996,6.345,6.345,6.345,6.345,1.63%
8/29/1996,6.243,6.243,6.243,6.243,1.10%
8/28/1996,6.175,6.175,6.175,6.175,0.26%
8/27/1996,6.159,6.159,6.159,6.159,-0.29%
8/26/1996,6.177,6.177,6.177,6.177,0.57%
8/23/1996,6.142,6.142,6.142,6.142,2.59%
8/22/1996,5.987,5.987,5.987,5.987,-0.02%
8/21/1996,5.988,5.988,5.988,5.988,0.57%
8/20/1996,5.954,5.954,5.954,5.954,0.00%
8/19/1996,5.954,5.954,5.954,5.954,0.27%
8/16/1996,5.938,5.938,5.938,5.938,-0.88%
8/15/1996,5.991,5.991,5.991,5.991,0.57%
8/14/1996,5.957,5.957,5.957,5.957,-0.28%
8/13/1996,5.974,5.974,5.974,5.974,1.13%
8/12/1996,5.907,5.907,5.907,5.907,0.00%
8/9/1996,5.907,5.907,5.907,5.907,-1.17%
8/8/1996,5.977,5.977,5.977,5.977,0.29%
8/7/1996,5.96,5.96,5.96,5.96,-0.02%
8/6/1996,5.961,5.961,5.961,5.961,0.29%
8/5/1996,5.944,5.944,5.944,5.944,0.56%
8/2/1996,5.911,5.911,5.911,5.911,-2.80%
8/1/1996,6.081,6.081,6.081,6.081,-2.17%
7/31/1996,6.216,6.216,6.216,6.216,-1.35%
7/30/1996,6.301,6.301,6.301,6.301,-0.79%
7/29/1996,6.351,6.351,6.351,6.351,1.08%
7/26/1996,6.283,6.283,6.283,6.283,0.27%
7/25/1996,6.266,6.266,6.266,6.266,-0.27%
7/24/1996,6.283,6.283,6.283,6.283,0.85%
7/23/1996,6.23,6.23,6.23,6.23,-0.27%
7/22/1996,6.247,6.247,6.247,6.247,0.55%
7/19/1996,6.213,6.213,6.213,6.213,1.12%
7/18/1996,6.144,6.144,6.144,6.144,-1.38%
7/17/1996,6.23,6.23,6.23,6.23,0.27%
7/16/1996,6.213,6.213,6.213,6.213,-1.38%
7/15/1996,6.3,6.3,6.3,6.3,0.00%
7/12/1996,6.3,6.3,6.3,6.3,0.54%
7/11/1996,6.266,6.266,6.266,6.266,-0.54%
7/10/1996,6.3,6.3,6.3,6.3,-1.35%
7/9/1996,6.386,6.386,6.386,6.386,-0.79%
7/8/1996,6.437,6.437,6.437,6.437,-0.26%
7/5/1996,6.454,6.454,6.454,6.454,4.42%
7/3/1996,6.181,6.181,6.181,6.181,-0.56%
7/2/1996,6.216,6.216,6.216,6.216,0.83%
7/1/1996,6.165,6.165,6.165,6.165,0.82%
6/28/1996,6.115,6.115,6.115,6.115,-1.89%
6/27/1996,6.233,6.233,6.233,6.233,-1.06%
6/26/1996,6.3,6.3,6.3,6.3,0.10%
6/25/1996,6.294,6.294,6.294,6.294,-0.27%
6/24/1996,6.311,6.311,6.311,6.311,0.00%
6/21/1996,6.311,6.311,6.311,6.311,-0.25%
6/20/1996,6.327,6.327,6.327,6.327,0.00%
6/19/1996,6.327,6.327,6.327,6.327,0.56%
6/18/1996,6.292,6.292,6.292,6.292,0.85%
6/17/1996,6.239,6.239,6.239,6.239,-0.56%
6/14/1996,6.274,6.274,6.274,6.274,-0.81%
6/13/1996,6.325,6.325,6.325,6.325,-1.34%
6/12/1996,6.411,6.411,6.411,6.411,0.55%
6/11/1996,6.376,6.376,6.376,6.376,-0.53%
6/10/1996,6.41,6.41,6.41,6.41,0.82%
6/7/1996,6.358,6.358,6.358,6.358,3.35%
6/6/1996,6.152,6.152,6.152,6.152,-1.09%
6/5/1996,6.22,6.22,6.22,6.22,-0.54%
6/4/1996,6.254,6.254,6.254,6.254,-0.27%
6/3/1996,6.271,6.271,6.271,6.271,0.27%
5/31/1996,6.254,6.254,6.254,6.254,1.12%
5/30/1996,6.185,6.185,6.185,6.185,0.54%
5/29/1996,6.152,6.152,6.152,6.152,2.04%
5/28/1996,6.029,6.029,6.029,6.029,0.30%
5/24/1996,6.011,6.011,6.011,6.011,-0.28%
5/23/1996,6.028,6.028,6.028,6.028,0.57%
5/22/1996,5.994,5.994,5.994,5.994,-0.56%
5/21/1996,6.028,6.028,6.028,6.028,0.00%
5/20/1996,6.028,6.028,6.028,6.028,0.00%
5/17/1996,6.028,6.028,6.028,6.028,-0.84%
5/16/1996,6.079,6.079,6.079,6.079,1.44%
5/15/1996,5.993,5.993,5.993,5.993,0.28%
5/14/1996,5.976,5.976,5.976,5.976,-1.14%
5/13/1996,6.045,6.045,6.045,6.045,-0.28%
5/10/1996,6.062,6.062,6.062,6.062,-1.65%
5/9/1996,6.164,6.164,6.164,6.164,0.85%
5/8/1996,6.112,6.112,6.112,6.112,-1.10%
5/7/1996,6.18,6.18,6.18,6.18,0.55%
5/6/1996,6.146,6.146,6.146,6.146,-0.82%
5/3/1996,6.197,6.197,6.197,6.197,0.02%
5/2/1996,6.196,6.196,6.196,6.196,3.09%
5/1/1996,6.01,6.01,6.01,6.01,-0.83%
4/30/1996,6.06,6.06,6.06,6.06,1.12%
4/29/1996,5.993,5.993,5.993,5.993,0.86%
4/26/1996,5.942,5.942,5.942,5.942,0.02%
4/25/1996,5.941,5.941,5.941,5.941,-0.57%
4/24/1996,5.975,5.975,5.975,5.975,0.74%
4/23/1996,5.931,5.931,5.931,5.931,0.27%
4/22/1996,5.915,5.915,5.915,5.915,-0.29%
4/19/1996,5.932,5.932,5.932,5.932,-0.89%
4/18/1996,5.985,5.985,5.985,5.985,0.00%
4/17/1996,5.985,5.985,5.985,5.985,0.86%
4/16/1996,5.934,5.934,5.934,5.934,0.58%
4/15/1996,5.9,5.9,5.9,5.9,-0.59%
4/12/1996,5.935,5.935,5.935,5.935,-2.80%
4/11/1996,6.106,6.106,6.106,6.106,-0.29%
4/10/1996,6.124,6.124,6.124,6.124,1.71%
4/9/1996,6.021,6.021,6.021,6.021,-1.25%
4/8/1996,6.097,6.097,6.097,6.097,4.29%
4/4/1996,5.846,5.846,5.846,5.846,1.28%
4/3/1996,5.772,5.772,5.772,5.772,0.94%
4/2/1996,5.718,5.718,5.718,5.718,-0.30%
4/1/1996,5.735,5.735,5.735,5.735,-0.59%
3/29/1996,5.769,5.769,5.769,5.769,-1.75%
3/28/1996,5.872,5.872,5.872,5.872,0.62%
3/27/1996,5.836,5.836,5.836,5.836,2.48%
3/26/1996,5.695,5.695,5.695,5.695,0.32%
3/25/1996,5.677,5.677,5.677,5.677,-1.51%
3/22/1996,5.764,5.764,5.764,5.764,0.96%
3/21/1996,5.709,5.709,5.709,5.709,-0.30%
3/20/1996,5.726,5.726,5.726,5.726,-2.35%
3/19/1996,5.864,5.864,5.864,5.864,0.02%
3/18/1996,5.863,5.863,5.863,5.863,-0.27%
3/15/1996,5.879,5.879,5.879,5.879,2.44%
3/14/1996,5.739,5.739,5.739,5.739,-0.28%
3/13/1996,5.755,5.755,5.755,5.755,0.00%
3/12/1996,5.755,5.755,5.755,5.755,0.93%
3/11/1996,5.702,5.702,5.702,5.702,-0.59%
3/8/1996,5.736,5.736,5.736,5.736,6.34%
3/7/1996,5.394,5.394,5.394,5.394,0.63%
3/6/1996,5.36,5.36,5.36,5.36,1.59%
3/5/1996,5.276,5.276,5.276,5.276,1.62%
3/4/1996,5.192,5.192,5.192,5.192,-1.57%
3/1/1996,5.275,5.275,5.275,5.275,-2.78%
2/29/1996,5.426,5.426,5.426,5.426,0.95%
2/28/1996,5.375,5.375,5.375,5.375,1.92%
2/27/1996,5.274,5.274,5.274,5.274,2.01%
2/26/1996,5.17,5.17,5.17,5.17,1.02%
2/23/1996,5.118,5.118,5.118,5.118,0.67%
2/22/1996,5.084,5.084,5.084,5.084,-1.99%
2/21/1996,5.187,5.187,5.187,5.187,-0.33%
2/20/1996,5.204,5.204,5.204,5.204,5.92%
2/16/1996,4.913,4.913,4.913,4.913,0.68%
2/15/1996,4.88,4.88,4.88,4.88,1.04%
2/14/1996,4.83,4.83,4.83,4.83,0.71%
2/13/1996,4.796,4.796,4.796,4.796,-0.70%
2/12/1996,4.83,4.83,4.83,4.83,-1.04%
2/9/1996,4.881,4.881,4.881,4.881,-0.35%
2/8/1996,4.898,4.898,4.898,4.898,-0.35%
2/7/1996,4.915,4.915,4.915,4.915,-0.02%
2/6/1996,4.916,4.916,4.916,4.916,-0.67%
2/5/1996,4.949,4.949,4.949,4.949,0.67%
2/2/1996,4.916,4.916,4.916,4.916,-0.02%
2/1/1996,4.917,4.917,4.917,4.917,-0.32%
1/31/1996,4.933,4.933,4.933,4.933,-1.34%
1/30/1996,5,5,5,5,-1.63%
1/29/1996,5.083,5.083,5.083,5.083,0.34%
1/26/1996,5.066,5.066,5.066,5.066,-0.96%
1/25/1996,5.115,5.115,5.115,5.115,0.99%
1/24/1996,5.065,5.065,5.065,5.065,-0.90%
1/23/1996,5.111,5.111,5.111,5.111,0.33%
1/22/1996,5.094,5.094,5.094,5.094,1.03%
1/19/1996,5.042,5.042,5.042,5.042,0.64%
1/18/1996,5.01,5.01,5.01,5.01,-0.67%
1/17/1996,5.044,5.044,5.044,5.044,-0.34%
1/16/1996,5.061,5.061,5.061,5.061,-1.99%
1/12/1996,5.164,5.164,5.164,5.164,-0.65%
1/11/1996,5.198,5.198,5.198,5.198,-0.97%
1/10/1996,5.249,5.249,5.249,5.249,0.65%
1/9/1996,5.215,5.215,5.215,5.215,0.31%
1/8/1996,5.199,5.199,5.199,5.199,0.33%
1/5/1996,5.182,5.182,5.182,5.182,-0.33%
1/4/1996,5.199,5.199,5.199,5.199,0.64%
1/3/1996,5.166,5.166,5.166,5.166,-0.33%
1/2/1996,5.183,5.183,5.183,5.183,0.31%
12/29/1995,5.167,5.167,5.167,5.167,-0.63%
12/28/1995,5.2,5.2,5.2,5.2,-0.95%
12/27/1995,5.25,5.25,5.25,5.25,-0.30%
12/26/1995,5.266,5.266,5.266,5.266,-0.62%
12/22/1995,5.299,5.299,5.299,5.299,-0.30%
12/21/1995,5.315,5.315,5.315,5.315,-0.77%
12/20/1995,5.356,5.356,5.356,5.356,0.96%
12/19/1995,5.305,5.305,5.305,5.305,-2.52%
12/18/1995,5.442,5.442,5.442,5.442,1.28%
12/15/1995,5.373,5.373,5.373,5.373,-0.65%
12/14/1995,5.408,5.408,5.408,5.408,0.00%
12/13/1995,5.408,5.408,5.408,5.408,0.32%
12/12/1995,5.391,5.391,5.391,5.391,0.32%
12/11/1995,5.374,5.374,5.374,5.374,-0.32%
12/8/1995,5.391,5.391,5.391,5.391,0.00%
12/7/1995,5.391,5.391,5.391,5.391,0.94%
12/6/1995,5.341,5.341,5.341,5.341,0.32%
12/5/1995,5.324,5.324,5.324,5.324,0.62%
12/4/1995,5.291,5.291,5.291,5.291,-0.62%
12/1/1995,5.324,5.324,5.324,5.324,-0.63%
11/30/1995,5.358,5.358,5.358,5.358,-0.92%
11/29/1995,5.408,5.408,5.408,5.408,-1.06%
11/28/1995,5.466,5.466,5.466,5.466,0.00%
11/27/1995,5.466,5.466,5.466,5.466,-0.33%
11/24/1995,5.484,5.484,5.484,5.484,-0.63%
11/22/1995,5.519,5.519,5.519,5.519,0.62%
11/21/1995,5.485,5.485,5.485,5.485,0.31%
11/20/1995,5.468,5.468,5.468,5.468,0.31%
11/17/1995,5.451,5.451,5.451,5.451,-0.33%
11/16/1995,5.469,5.469,5.469,5.469,-0.94%
11/15/1995,5.521,5.521,5.521,5.521,1.25%
11/14/1995,5.453,5.453,5.453,5.453,-0.62%
11/13/1995,5.487,5.487,5.487,5.487,-0.94%
11/10/1995,5.539,5.539,5.539,5.539,0.62%
11/9/1995,5.505,5.505,5.505,5.505,0.29%
11/8/1995,5.489,5.489,5.489,5.489,-1.22%
11/7/1995,5.557,5.557,5.557,5.557,0.93%
11/6/1995,5.506,5.506,5.506,5.506,0.60%
11/3/1995,5.473,5.473,5.473,5.473,0.29%
11/2/1995,5.457,5.457,5.457,5.457,-1.21%
11/1/1995,5.524,5.524,5.524,5.524,-1.80%
10/31/1995,5.625,5.625,5.625,5.625,0.30%
10/30/1995,5.608,5.608,5.608,5.608,-0.30%
10/27/1995,5.625,5.625,5.625,5.625,-0.28%
10/26/1995,5.641,5.641,5.641,5.641,0.30%
10/25/1995,5.624,5.624,5.624,5.624,-0.95%
10/24/1995,5.678,5.678,5.678,5.678,-1.51%
10/23/1995,5.765,5.765,5.765,5.765,0.61%
10/20/1995,5.73,5.73,5.73,5.73,1.20%
10/19/1995,5.662,5.662,5.662,5.662,-0.30%
10/18/1995,5.679,5.679,5.679,5.679,0.91%
10/17/1995,5.628,5.628,5.628,5.628,-0.30%
10/16/1995,5.645,5.645,5.645,5.645,-0.32%
10/13/1995,5.663,5.663,5.663,5.663,-0.60%
10/12/1995,5.697,5.697,5.697,5.697,-0.61%
10/11/1995,5.732,5.732,5.732,5.732,-0.59%
10/10/1995,5.766,5.766,5.766,5.766,0.30%
10/9/1995,5.749,5.749,5.749,5.749,0.00%
10/6/1995,5.749,5.749,5.749,5.749,0.58%
10/5/1995,5.716,5.716,5.716,5.716,-0.57%
10/4/1995,5.749,5.749,5.749,5.749,-0.59%
10/3/1995,5.783,5.783,5.783,5.783,-0.58%
10/2/1995,5.817,5.817,5.817,5.817,-0.87%
9/29/1995,5.868,5.868,5.868,5.868,-0.84%
9/28/1995,5.918,5.918,5.918,5.918,0.58%
9/27/1995,5.884,5.884,5.884,5.884,-0.44%
9/26/1995,5.91,5.91,5.91,5.91,0.60%
9/25/1995,5.875,5.875,5.875,5.875,0.29%
9/22/1995,5.858,5.858,5.858,5.858,0.86%
9/21/1995,5.808,5.808,5.808,5.808,1.20%
9/20/1995,5.739,5.739,5.739,5.739,-0.02%
9/19/1995,5.74,5.74,5.74,5.74,-0.59%
9/18/1995,5.774,5.774,5.774,5.774,0.59%
9/15/1995,5.74,5.74,5.74,5.74,0.56%
9/14/1995,5.708,5.708,5.708,5.708,-1.76%
9/13/1995,5.81,5.81,5.81,5.81,0.87%
9/12/1995,5.76,5.76,5.76,5.76,-1.17%
9/11/1995,5.828,5.828,5.828,5.828,0.00%
9/8/1995,5.828,5.828,5.828,5.828,-0.02%
9/7/1995,5.829,5.829,5.829,5.829,1.16%
9/6/1995,5.762,5.762,5.762,5.762,-0.31%
9/5/1995,5.78,5.78,5.78,5.78,-0.29%
9/1/1995,5.797,5.797,5.797,5.797,-1.16%
8/31/1995,5.865,5.865,5.865,5.865,-0.29%
8/30/1995,5.882,5.882,5.882,5.882,-0.57%
8/29/1995,5.916,5.916,5.916,5.916,1.15%
8/28/1995,5.849,5.849,5.849,5.849,-0.29%
8/25/1995,5.866,5.866,5.866,5.866,-2.22%
8/24/1995,5.999,5.999,5.999,5.999,-2.18%
8/23/1995,6.133,6.133,6.133,6.133,0.87%
8/22/1995,6.08,6.08,6.08,6.08,0.28%
8/21/1995,6.063,6.063,6.063,6.063,-0.56%
8/18/1995,6.097,6.097,6.097,6.097,-0.28%
8/17/1995,6.114,6.114,6.114,6.114,0.86%
8/16/1995,6.062,6.062,6.062,6.062,0.00%
8/15/1995,6.062,6.062,6.062,6.062,0.28%
8/14/1995,6.045,6.045,6.045,6.045,-0.56%
8/11/1995,6.079,6.079,6.079,6.079,2.01%
8/10/1995,5.959,5.959,5.959,5.959,0.57%
8/9/1995,5.925,5.925,5.925,5.925,0.58%
8/8/1995,5.891,5.891,5.891,5.891,0.00%
8/7/1995,5.891,5.891,5.891,5.891,-0.29%
8/4/1995,5.908,5.908,5.908,5.908,-0.57%
8/3/1995,5.942,5.942,5.942,5.942,1.43%
8/2/1995,5.858,5.858,5.858,5.858,-0.85%
8/1/1995,5.908,5.908,5.908,5.908,0.56%
7/31/1995,5.875,5.875,5.875,5.875,-1.13%
7/28/1995,5.942,5.942,5.942,5.942,0.87%
7/27/1995,5.891,5.891,5.891,5.891,-1.41%
7/26/1995,5.975,5.975,5.975,5.975,0.67%
7/25/1995,5.935,5.935,5.935,5.935,-0.29%
7/24/1995,5.952,5.952,5.952,5.952,-0.58%
7/21/1995,5.987,5.987,5.987,5.987,1.49%
7/20/1995,5.899,5.899,5.899,5.899,0.00%
7/19/1995,5.899,5.899,5.899,5.899,1.50%
7/18/1995,5.812,5.812,5.812,5.812,0.90%
7/17/1995,5.76,5.76,5.76,5.76,1.19%
7/14/1995,5.692,5.692,5.692,5.692,1.53%
7/13/1995,5.606,5.606,5.606,5.606,0.29%
7/12/1995,5.59,5.59,5.59,5.59,-0.60%
7/11/1995,5.624,5.624,5.624,5.624,1.22%
7/10/1995,5.556,5.556,5.556,5.556,0.00%
7/7/1995,5.556,5.556,5.556,5.556,0.60%
7/6/1995,5.523,5.523,5.523,5.523,-4.38%
7/5/1995,5.776,5.776,5.776,5.776,-0.29%
7/3/1995,5.793,5.793,5.793,5.793,0.00%
6/30/1995,5.793,5.793,5.793,5.793,-1.14%
6/29/1995,5.86,5.86,5.86,5.86,3.57%
6/28/1995,5.658,5.658,5.658,5.658,-1.41%
6/27/1995,5.739,5.739,5.739,5.739,0.60%
6/26/1995,5.705,5.705,5.705,5.705,1.51%
6/23/1995,5.62,5.62,5.62,5.62,0.27%
6/22/1995,5.605,5.605,5.605,5.605,-1.22%
6/21/1995,5.674,5.674,5.674,5.674,-0.91%
6/20/1995,5.726,5.726,5.726,5.726,0.58%
6/19/1995,5.693,5.693,5.693,5.693,-0.91%
6/16/1995,5.745,5.745,5.745,5.745,0.26%
6/15/1995,5.73,5.73,5.73,5.73,0.90%
6/14/1995,5.679,5.679,5.679,5.679,0.89%
6/13/1995,5.629,5.629,5.629,5.629,-5.43%
6/12/1995,5.952,5.952,5.952,5.952,-1.15%
6/9/1995,6.021,6.021,6.021,6.021,2.59%
6/8/1995,5.869,5.869,5.869,5.869,1.45%
6/7/1995,5.785,5.785,5.785,5.785,3.29%
6/6/1995,5.601,5.601,5.601,5.601,1.21%
6/5/1995,5.534,5.534,5.534,5.534,-0.32%
6/2/1995,5.552,5.552,5.552,5.552,-3.24%
6/1/1995,5.738,5.738,5.738,5.738,-2.02%
5/31/1995,5.856,5.856,5.856,5.856,0.00%
5/30/1995,5.856,5.856,5.856,5.856,-2.25%
5/26/1995,5.991,5.991,5.991,5.991,0.28%
5/25/1995,5.974,5.974,5.974,5.974,-0.28%
5/24/1995,5.991,5.991,5.991,5.991,-2.03%
5/23/1995,6.115,6.115,6.115,6.115,-1.67%
5/22/1995,6.219,6.219,6.219,6.219,0.57%
5/19/1995,6.184,6.184,6.184,6.184,0.52%
5/18/1995,6.152,6.152,6.152,6.152,0.56%
5/17/1995,6.118,6.118,6.118,6.118,0.56%
5/16/1995,6.084,6.084,6.084,6.084,-0.85%
5/15/1995,6.136,6.136,6.136,6.136,-0.84%
5/12/1995,6.188,6.188,6.188,6.188,-0.03%
5/11/1995,6.19,6.19,6.19,6.19,0.83%
5/10/1995,6.139,6.139,6.139,6.139,0.82%
5/9/1995,6.089,6.089,6.089,6.089,-1.65%
5/8/1995,6.191,6.191,6.191,6.191,0.26%
5/5/1995,6.175,6.175,6.175,6.175,-3.35%
5/4/1995,6.389,6.389,6.389,6.389,-0.44%
5/3/1995,6.417,6.417,6.417,6.417,-1.47%
5/2/1995,6.513,6.513,6.513,6.513,-1.05%
5/1/1995,6.582,6.582,6.582,6.582,0.20%
4/28/1995,6.569,6.569,6.569,6.569,0.03%
4/27/1995,6.567,6.567,6.567,6.567,0.78%
4/26/1995,6.516,6.516,6.516,6.516,0.80%
4/25/1995,6.464,6.464,6.464,6.464,0.26%
4/24/1995,6.447,6.447,6.447,6.447,0.26%
4/21/1995,6.43,6.43,6.43,6.43,0.25%
4/20/1995,6.414,6.414,6.414,6.414,-0.80%
4/19/1995,6.466,6.466,6.466,6.466,0.53%
4/18/1995,6.432,6.432,6.432,6.432,-0.54%
4/17/1995,6.467,6.467,6.467,6.467,-0.52%
4/13/1995,6.501,6.501,6.501,6.501,-1.34%
4/12/1995,6.589,6.589,6.589,6.589,-0.72%
4/11/1995,6.637,6.637,6.637,6.637,-0.21%
4/10/1995,6.651,6.651,6.651,6.651,0.20%
4/7/1995,6.638,6.638,6.638,6.638,0.00%
4/6/1995,6.638,6.638,6.638,6.638,-0.42%
4/5/1995,6.666,6.666,6.666,6.666,-0.42%
4/4/1995,6.694,6.694,6.694,6.694,-0.21%
4/3/1995,6.708,6.708,6.708,6.708,-0.81%
3/31/1995,6.763,6.763,6.763,6.763,0.28%
3/30/1995,6.744,6.744,6.744,6.744,0.51%
3/29/1995,6.71,6.71,6.71,6.71,-0.01%
3/28/1995,6.711,6.711,6.711,6.711,1.57%
3/27/1995,6.607,6.607,6.607,6.607,-0.27%
3/24/1995,6.625,6.625,6.625,6.625,-1.33%
3/23/1995,6.714,6.714,6.714,6.714,0.00%
3/22/1995,6.714,6.714,6.714,6.714,-0.27%
3/21/1995,6.732,6.732,6.732,6.732,0.78%
3/20/1995,6.68,6.68,6.68,6.68,-0.27%
3/17/1995,6.698,6.698,6.698,6.698,0.24%
3/16/1995,6.682,6.682,6.682,6.682,-0.25%
3/15/1995,6.699,6.699,6.699,6.699,-0.01%
3/14/1995,6.7,6.7,6.7,6.7,-0.77%
3/13/1995,6.752,6.752,6.752,6.752,-1.01%
3/10/1995,6.821,6.821,6.821,6.821,-0.01%
3/9/1995,6.822,6.822,6.822,6.822,-1.00%
3/8/1995,6.891,6.891,6.891,6.891,-1.23%
3/7/1995,6.977,6.977,6.977,6.977,0.00%
3/6/1995,6.977,6.977,6.977,6.977,1.25%
3/3/1995,6.891,6.891,6.891,6.891,0.50%
3/2/1995,6.857,6.857,6.857,6.857,0.99%
3/1/1995,6.79,6.79,6.79,6.79,0.25%
2/28/1995,6.773,6.773,6.773,6.773,0.25%
2/27/1995,6.756,6.756,6.756,6.756,-1.73%
2/24/1995,6.875,6.875,6.875,6.875,-0.62%
2/23/1995,6.918,6.918,6.918,6.918,0.26%
2/22/1995,6.9,6.9,6.9,6.9,-2.47%
2/21/1995,7.075,7.075,7.075,7.075,0.23%
2/17/1995,7.059,7.059,7.059,7.059,0.46%
2/16/1995,7.027,7.027,7.027,7.027,-0.99%
2/15/1995,7.097,7.097,7.097,7.097,-0.98%
2/14/1995,7.167,7.167,7.167,7.167,-1.67%
2/13/1995,7.289,7.289,7.289,7.289,-0.23%
2/10/1995,7.306,7.306,7.306,7.306,0.93%
2/9/1995,7.239,7.239,7.239,7.239,1.44%
2/8/1995,7.136,7.136,7.136,7.136,-0.72%
2/7/1995,7.188,7.188,7.188,7.188,-0.25%
2/6/1995,7.206,7.206,7.206,7.206,0.95%
2/3/1995,7.138,7.138,7.138,7.138,-3.04%
2/2/1995,7.362,7.362,7.362,7.362,-0.01%
2/1/1995,7.363,7.363,7.363,7.363,1.66%
1/31/1995,7.243,7.243,7.243,7.243,0.22%
1/30/1995,7.227,7.227,7.227,7.227,-0.23%
1/27/1995,7.244,7.244,7.244,7.244,-1.95%
1/26/1995,7.388,7.388,7.388,7.388,-1.19%
1/25/1995,7.477,7.477,7.477,7.477,-0.48%
1/24/1995,7.513,7.513,7.513,7.513,0.47%
1/23/1995,7.478,7.478,7.478,7.478,-0.24%
1/20/1995,7.496,7.496,7.496,7.496,0.47%
1/19/1995,7.461,7.461,7.461,7.461,0.23%
1/18/1995,7.444,7.444,7.444,7.444,0.23%
1/17/1995,7.427,7.427,7.427,7.427,0.95%
1/16/1995,7.357,7.357,7.357,7.357,0.23%
1/13/1995,7.34,7.34,7.34,7.34,-2.78%
1/12/1995,7.55,7.55,7.55,7.55,-0.22%
1/11/1995,7.567,7.567,7.567,7.567,-0.92%
1/10/1995,7.637,7.637,7.637,7.637,-0.22%
1/9/1995,7.654,7.654,7.654,7.654,0.45%
1/6/1995,7.62,7.62,7.62,7.62,-0.44%
1/5/1995,7.654,7.654,7.654,7.654,0.45%
1/4/1995,7.62,7.62,7.62,7.62,-1.33%
1/3/1995,7.723,7.723,7.723,7.723,0.44%
12/30/1994,7.689,7.689,7.689,7.689,0.22%
12/29/1994,7.672,7.672,7.672,7.672,-0.43%
12/28/1994,7.705,7.705,7.705,7.705,0.22%
12/27/1994,7.688,7.688,7.688,7.688,-0.66%
12/23/1994,7.739,7.739,7.739,7.739,0.25%
12/22/1994,7.72,7.72,7.72,7.72,2.08%
12/21/1994,7.563,7.563,7.563,7.563,0.24%
12/20/1994,7.545,7.545,7.545,7.545,-0.46%
12/19/1994,7.58,7.58,7.58,7.58,0.00%
12/16/1994,7.58,7.58,7.58,7.58,0.70%
12/15/1994,7.527,7.527,7.527,7.527,-0.69%
12/14/1994,7.579,7.579,7.579,7.579,-1.37%
12/13/1994,7.684,7.684,7.684,7.684,0.23%
12/12/1994,7.666,7.666,7.666,7.666,1.86%
12/9/1994,7.526,7.526,7.526,7.526,0.24%
12/8/1994,7.508,7.508,7.508,7.508,0.93%
12/7/1994,7.439,7.439,7.439,7.439,-0.23%
12/6/1994,7.456,7.456,7.456,7.456,-1.60%
12/5/1994,7.577,7.577,7.577,7.577,1.87%
12/2/1994,7.438,7.438,7.438,7.438,-0.23%
12/1/1994,7.455,7.455,7.455,7.455,0.69%
11/30/1994,7.404,7.404,7.404,7.404,0.00%
11/29/1994,7.404,7.404,7.404,7.404,0.27%
11/28/1994,7.384,7.384,7.384,7.384,2.80%
11/25/1994,7.183,7.183,7.183,7.183,0.32%
11/23/1994,7.16,7.16,7.16,7.16,-0.31%
11/22/1994,7.182,7.182,7.182,7.182,-0.57%
11/21/1994,7.223,7.223,7.223,7.223,0.25%
11/18/1994,7.205,7.205,7.205,7.205,0.50%
11/17/1994,7.169,7.169,7.169,7.169,0.49%
11/16/1994,7.134,7.134,7.134,7.134,0.51%
11/15/1994,7.098,7.098,7.098,7.098,0.98%
11/14/1994,7.029,7.029,7.029,7.029,-0.24%
11/11/1994,7.046,7.046,7.046,7.046,-0.24%
11/10/1994,7.063,7.063,7.063,7.063,0.50%
11/9/1994,7.028,7.028,7.028,7.028,0.24%
11/8/1994,7.011,7.011,7.011,7.011,-0.74%
11/7/1994,7.063,7.063,7.063,7.063,0.50%
11/4/1994,7.028,7.028,7.028,7.028,0.73%
11/3/1994,6.977,6.977,6.977,6.977,0.24%
11/2/1994,6.96,6.96,6.96,6.96,0.49%
11/1/1994,6.926,6.926,6.926,6.926,1.24%
10/31/1994,6.841,6.841,6.841,6.841,0.16%
10/28/1994,6.83,6.83,6.83,6.83,-0.90%
10/27/1994,6.892,6.892,6.892,6.892,-0.39%
10/26/1994,6.919,6.919,6.919,6.919,1.56%
10/25/1994,6.813,6.813,6.813,6.813,0.01%
10/24/1994,6.812,6.812,6.812,6.812,0.52%
10/21/1994,6.777,6.777,6.777,6.777,0.27%
10/20/1994,6.759,6.759,6.759,6.759,1.85%
10/19/1994,6.636,6.636,6.636,6.636,0.53%
10/18/1994,6.601,6.601,6.601,6.601,0.52%
10/17/1994,6.567,6.567,6.567,6.567,0.27%
10/14/1994,6.549,6.549,6.549,6.549,-1.06%
10/13/1994,6.619,6.619,6.619,6.619,-0.76%
10/12/1994,6.67,6.67,6.67,6.67,0.77%
10/11/1994,6.619,6.619,6.619,6.619,-0.26%
10/7/1994,6.636,6.636,6.636,6.636,-1.28%
10/6/1994,6.722,6.722,6.722,6.722,0.01%
10/5/1994,6.721,6.721,6.721,6.721,0.76%
10/4/1994,6.67,6.67,6.67,6.67,0.00%
10/3/1994,6.67,6.67,6.67,6.67,1.29%
9/30/1994,6.585,6.585,6.585,6.585,0.00%
9/29/1994,6.585,6.585,6.585,6.585,0.97%
9/28/1994,6.522,6.522,6.522,6.522,0.46%
9/27/1994,6.492,6.492,6.492,6.492,0.00%
9/26/1994,6.492,6.492,6.492,6.492,0.00%
9/23/1994,6.492,6.492,6.492,6.492,0.28%
9/22/1994,6.474,6.474,6.474,6.474,-0.52%
9/21/1994,6.508,6.508,6.508,6.508,1.62%
9/20/1994,6.404,6.404,6.404,6.404,0.28%
9/19/1994,6.386,6.386,6.386,6.386,0.00%
9/16/1994,6.386,6.386,6.386,6.386,2.21%
9/15/1994,6.248,6.248,6.248,6.248,-0.83%
9/14/1994,6.3,6.3,6.3,6.3,-0.27%
9/13/1994,6.317,6.317,6.317,6.317,-0.54%
9/12/1994,6.351,6.351,6.351,6.351,0.27%
9/9/1994,6.334,6.334,6.334,6.334,2.19%
9/8/1994,6.198,6.198,6.198,6.198,-0.27%
9/7/1994,6.215,6.215,6.215,6.215,0.27%
9/6/1994,6.198,6.198,6.198,6.198,0.83%
9/2/1994,6.147,6.147,6.147,6.147,0.24%
9/1/1994,6.132,6.132,6.132,6.132,-0.28%
8/31/1994,6.149,6.149,6.149,6.149,-0.28%
8/30/1994,6.166,6.166,6.166,6.166,-0.53%
8/29/1994,6.199,6.199,6.199,6.199,0.24%
8/26/1994,6.184,6.184,6.184,6.184,-0.69%
8/25/1994,6.227,6.227,6.227,6.227,1.07%
8/24/1994,6.161,6.161,6.161,6.161,-0.50%
8/23/1994,6.192,6.192,6.192,6.192,-0.83%
8/22/1994,6.244,6.244,6.244,6.244,0.56%
8/19/1994,6.209,6.209,6.209,6.209,0.00%
8/18/1994,6.209,6.209,6.209,6.209,0.84%
8/17/1994,6.157,6.157,6.157,6.157,0.00%
8/16/1994,6.157,6.157,6.157,6.157,-1.38%
8/15/1994,6.243,6.243,6.243,6.243,0.00%
8/12/1994,6.243,6.243,6.243,6.243,0.00%
8/11/1994,6.243,6.243,6.243,6.243,0.82%
8/10/1994,6.192,6.192,6.192,6.192,-0.55%
8/9/1994,6.226,6.226,6.226,6.226,0.00%
8/8/1994,6.226,6.226,6.226,6.226,0.00%
8/5/1994,6.226,6.226,6.226,6.226,4.25%
8/4/1994,5.972,5.972,5.972,5.972,0.56%
8/3/1994,5.939,5.939,5.939,5.939,-0.85%
8/2/1994,5.99,5.99,5.99,5.99,-0.28%
8/1/1994,6.007,6.007,6.007,6.007,0.00%
7/29/1994,6.007,6.007,6.007,6.007,-3.66%
7/28/1994,6.235,6.235,6.235,6.235,-0.35%
7/27/1994,6.257,6.257,6.257,6.257,2.54%
7/26/1994,6.102,6.102,6.102,6.102,0.02%
7/25/1994,6.101,6.101,6.101,6.101,-0.29%
7/22/1994,6.119,6.119,6.119,6.119,0.58%
7/21/1994,6.084,6.084,6.084,6.084,1.15%
7/20/1994,6.015,6.015,6.015,6.015,1.76%
7/19/1994,5.911,5.911,5.911,5.911,-1.15%
7/18/1994,5.98,5.98,5.98,5.98,-0.86%
7/15/1994,6.032,6.032,6.032,6.032,0.00%
7/14/1994,6.032,6.032,6.032,6.032,-2.51%
7/13/1994,6.187,6.187,6.187,6.187,-0.55%
7/12/1994,6.221,6.221,6.221,6.221,-0.83%
7/11/1994,6.273,6.273,6.273,6.273,0.56%
7/8/1994,6.238,6.238,6.238,6.238,2.25%
7/7/1994,6.101,6.101,6.101,6.101,0.28%
7/6/1994,6.084,6.084,6.084,6.084,-0.56%
7/5/1994,6.118,6.118,6.118,6.118,-0.83%
7/1/1994,6.169,6.169,6.169,6.169,-0.26%
6/30/1994,6.185,6.185,6.185,6.185,1.38%
6/29/1994,6.101,6.101,6.101,6.101,-0.51%
6/28/1994,6.132,6.132,6.132,6.132,1.09%
6/27/1994,6.066,6.066,6.066,6.066,-0.70%
6/24/1994,6.109,6.109,6.109,6.109,2.97%
6/23/1994,5.933,5.933,5.933,5.933,-0.37%
6/22/1994,5.955,5.955,5.955,5.955,-0.35%
6/21/1994,5.976,5.976,5.976,5.976,1.46%
6/20/1994,5.89,5.89,5.89,5.89,0.60%
6/17/1994,5.855,5.855,5.855,5.855,1.47%
6/16/1994,5.77,5.77,5.77,5.77,-1.47%
6/15/1994,5.856,5.856,5.856,5.856,1.17%
6/14/1994,5.788,5.788,5.788,5.788,-1.45%
6/13/1994,5.873,5.873,5.873,5.873,0.58%
6/10/1994,5.839,5.839,5.839,5.839,1.16%
6/9/1994,5.772,5.772,5.772,5.772,0.00%
6/8/1994,5.772,5.772,5.772,5.772,0.00%
6/7/1994,5.772,5.772,5.772,5.772,-0.02%
6/6/1994,5.773,5.773,5.773,5.773,-1.43%
6/3/1994,5.857,5.857,5.857,5.857,-0.86%
6/2/1994,5.908,5.908,5.908,5.908,-1.14%
6/1/1994,5.976,5.976,5.976,5.976,-0.28%
5/31/1994,5.993,5.993,5.993,5.993,-0.23%
5/27/1994,6.007,6.007,6.007,6.007,1.13%
5/26/1994,5.94,5.94,5.94,5.94,0.00%
5/25/1994,5.94,5.94,5.94,5.94,0.73%
5/24/1994,5.897,5.897,5.897,5.897,-0.29%
5/23/1994,5.914,5.914,5.914,5.914,2.42%
5/20/1994,5.774,5.774,5.774,5.774,1.23%
5/19/1994,5.704,5.704,5.704,5.704,-1.49%
5/18/1994,5.79,5.79,5.79,5.79,-1.76%
5/17/1994,5.894,5.894,5.894,5.894,-1.72%
5/16/1994,5.997,5.997,5.997,5.997,-0.84%
5/13/1994,6.048,6.048,6.048,6.048,-0.82%
5/12/1994,6.098,6.098,6.098,6.098,-1.66%
5/11/1994,6.201,6.201,6.201,6.201,1.13%
5/10/1994,6.132,6.132,6.132,6.132,-1.92%
5/9/1994,6.252,6.252,6.252,6.252,2.29%
5/6/1994,6.112,6.112,6.112,6.112,3.79%
5/5/1994,5.889,5.889,5.889,5.889,0.89%
5/4/1994,5.837,5.837,5.837,5.837,-0.58%
5/3/1994,5.871,5.871,5.871,5.871,1.47%
5/2/1994,5.786,5.786,5.786,5.786,0.89%
4/29/1994,5.735,5.735,5.735,5.735,-1.26%
4/28/1994,5.808,5.808,5.808,5.808,-3.65%
4/27/1994,6.028,6.028,6.028,6.028,8.83%
4/26/1994,5.539,5.539,5.539,5.539,-0.91%
4/25/1994,5.59,5.59,5.59,5.59,-0.30%
4/22/1994,5.607,5.607,5.607,5.607,0.95%
4/21/1994,5.554,5.554,5.554,5.554,-1.82%
4/20/1994,5.657,5.657,5.657,5.657,-0.28%
4/19/1994,5.673,5.673,5.673,5.673,0.00%
4/18/1994,5.673,5.673,5.673,5.673,3.47%
4/15/1994,5.483,5.483,5.483,5.483,0.66%
4/14/1994,5.447,5.447,5.447,5.447,0.63%
4/13/1994,5.413,5.413,5.413,5.413,0.32%
4/12/1994,5.396,5.396,5.396,5.396,-0.30%
4/11/1994,5.412,5.412,5.412,5.412,0.02%
4/8/1994,5.411,5.411,5.411,5.411,0.95%
4/7/1994,5.36,5.36,5.36,5.36,-0.63%
4/6/1994,5.394,5.394,5.394,5.394,-0.61%
4/5/1994,5.427,5.427,5.427,5.427,-2.72%
4/4/1994,5.579,5.579,5.579,5.579,7.45%
3/31/1994,5.192,5.192,5.192,5.192,0.33%
3/30/1994,5.175,5.175,5.175,5.175,-0.33%
3/29/1994,5.192,5.192,5.192,5.192,1.31%
3/28/1994,5.125,5.125,5.125,5.125,0.00%
3/25/1994,5.125,5.125,5.125,5.125,0.87%
3/24/1994,5.081,5.081,5.081,5.081,0.43%
3/23/1994,5.059,5.059,5.059,5.059,2.22%
3/22/1994,4.949,4.949,4.949,4.949,-2.37%
3/21/1994,5.069,5.069,5.069,5.069,1.04%
3/18/1994,5.017,5.017,5.017,5.017,1.76%
3/17/1994,4.93,4.93,4.93,4.93,0.72%
3/16/1994,4.895,4.895,4.895,4.895,-1.03%
3/15/1994,4.946,4.946,4.946,4.946,-0.34%
3/14/1994,4.963,4.963,4.963,4.963,0.87%
3/11/1994,4.92,4.92,4.92,4.92,-0.83%
3/10/1994,4.961,4.961,4.961,4.961,1.04%
3/9/1994,4.91,4.91,4.91,4.91,-0.35%
3/8/1994,4.927,4.927,4.927,4.927,1.05%
3/7/1994,4.876,4.876,4.876,4.876,-0.33%
3/4/1994,4.892,4.892,4.892,4.892,1.75%
3/3/1994,4.808,4.808,4.808,4.808,0.71%
3/2/1994,4.774,4.774,4.774,4.774,-1.04%
3/1/1994,4.824,4.824,4.824,4.824,3.19%
2/28/1994,4.675,4.675,4.675,4.675,-0.70%
2/25/1994,4.708,4.708,4.708,4.708,-0.34%
2/24/1994,4.724,4.724,4.724,4.724,6.35%
2/23/1994,4.442,4.442,4.442,4.442,-1.88%
2/22/1994,4.527,4.527,4.527,4.527,-0.37%
2/21/1994,4.544,4.544,4.544,4.544,0.49%
2/18/1994,4.522,4.522,4.522,4.522,0.91%
2/17/1994,4.481,4.481,4.481,4.481,1.56%
2/16/1994,4.412,4.412,4.412,4.412,0.20%
2/15/1994,4.403,4.403,4.403,4.403,0.00%
2/14/1994,4.403,4.403,4.403,4.403,-0.18%
2/11/1994,4.411,4.411,4.411,4.411,-0.81%
2/10/1994,4.447,4.447,4.447,4.447,1.05%
2/9/1994,4.401,4.401,4.401,4.401,-0.36%
2/8/1994,4.417,4.417,4.417,4.417,0.39%
2/7/1994,4.4,4.4,4.4,4.4,0.20%
2/4/1994,4.391,4.391,4.391,4.391,2.57%
2/3/1994,4.281,4.281,4.281,4.281,2.39%
2/2/1994,4.181,4.181,4.181,4.181,-0.40%
2/1/1994,4.198,4.198,4.198,4.198,1.82%
1/31/1994,4.123,4.123,4.123,4.123,0.59%
1/28/1994,4.099,4.099,4.099,4.099,-0.39%
1/27/1994,4.115,4.115,4.115,4.115,-0.41%
1/26/1994,4.132,4.132,4.132,4.132,1.32%
1/25/1994,4.078,4.078,4.078,4.078,0.39%
1/24/1994,4.062,4.062,4.062,4.062,0.10%
1/21/1994,4.058,4.058,4.058,4.058,0.82%
1/20/1994,4.025,4.025,4.025,4.025,-1.57%
1/19/1994,4.089,4.089,4.089,4.089,-0.20%
1/18/1994,4.097,4.097,4.097,4.097,-0.92%
1/17/1994,4.135,4.135,4.135,4.135,0.10%
1/14/1994,4.131,4.131,4.131,4.131,0.58%
1/13/1994,4.107,4.107,4.107,4.107,2.29%
1/12/1994,4.015,4.015,4.015,4.015,-0.84%
1/11/1994,4.049,4.049,4.049,4.049,-0.42%
1/10/1994,4.066,4.066,4.066,4.066,-0.42%
1/7/1994,4.083,4.083,4.083,4.083,-3.15%
1/6/1994,4.216,4.216,4.216,4.216,-1.56%
1/5/1994,4.283,4.283,4.283,4.283,0.40%
1/4/1994,4.266,4.266,4.266,4.266,-1.16%
1/3/1994,4.316,4.316,4.316,4.316,1.74%
12/30/1993,4.242,4.242,4.242,4.242,1.00%
12/29/1993,4.2,4.2,4.2,4.2,0.48%
12/28/1993,4.18,4.18,4.18,4.18,-0.48%
12/27/1993,4.2,4.2,4.2,4.2,0.29%
12/23/1993,4.188,4.188,4.188,4.188,0.10%
12/22/1993,4.184,4.184,4.184,4.184,-0.33%
12/21/1993,4.198,4.198,4.198,4.198,0.00%
12/20/1993,4.198,4.198,4.198,4.198,0.82%
12/17/1993,4.164,4.164,4.164,4.164,-0.83%
12/16/1993,4.199,4.199,4.199,4.199,0.12%
12/15/1993,4.194,4.194,4.194,4.194,-0.90%
12/14/1993,4.232,4.232,4.232,4.232,0.38%
12/13/1993,4.216,4.216,4.216,4.216,0.00%
12/10/1993,4.216,4.216,4.216,4.216,1.20%
12/9/1993,4.166,4.166,4.166,4.166,0.60%
12/8/1993,4.141,4.141,4.141,4.141,-0.72%
12/7/1993,4.171,4.171,4.171,4.171,0.31%
12/6/1993,4.158,4.158,4.158,4.158,-1.19%
12/3/1993,4.208,4.208,4.208,4.208,-0.02%
12/2/1993,4.209,4.209,4.209,4.209,0.69%
12/1/1993,4.18,4.18,4.18,4.18,-0.97%
11/30/1993,4.221,4.221,4.221,4.221,1.27%
11/29/1993,4.168,4.168,4.168,4.168,0.41%
11/26/1993,4.151,4.151,4.151,4.151,-1.19%
11/24/1993,4.201,4.201,4.201,4.201,-0.38%
11/23/1993,4.217,4.217,4.217,4.217,-0.31%
11/22/1993,4.23,4.23,4.23,4.23,0.91%
11/19/1993,4.192,4.192,4.192,4.192,1.57%
11/18/1993,4.127,4.127,4.127,4.127,1.35%
11/17/1993,4.072,4.072,4.072,4.072,0.52%
11/16/1993,4.051,4.051,4.051,4.051,-0.49%
11/15/1993,4.071,4.071,4.071,4.071,-0.73%
11/12/1993,4.101,4.101,4.101,4.101,-1.20%
11/11/1993,4.151,4.151,4.151,4.151,0.02%
11/10/1993,4.15,4.15,4.15,4.15,1.44%
11/9/1993,4.091,4.091,4.091,4.091,-0.39%
11/8/1993,4.107,4.107,4.107,4.107,-1.61%
11/5/1993,4.174,4.174,4.174,4.174,0.43%
11/4/1993,4.156,4.156,4.156,4.156,0.41%
11/3/1993,4.139,4.139,4.139,4.139,0.00%
11/2/1993,4.139,4.139,4.139,4.139,0.80%
11/1/1993,4.106,4.106,4.106,4.106,3.77%
10/28/1993,3.957,3.957,3.957,3.957,-1.03%
10/27/1993,3.998,3.998,3.998,3.998,2.75%
10/26/1993,3.891,3.891,3.891,3.891,-0.44%
10/25/1993,3.908,3.908,3.908,3.908,0.00%
10/22/1993,3.908,3.908,3.908,3.908,1.32%
10/21/1993,3.857,3.857,3.857,3.857,0.89%
10/20/1993,3.823,3.823,3.823,3.823,-0.03%
10/19/1993,3.824,3.824,3.824,3.824,-0.31%
10/18/1993,3.836,3.836,3.836,3.836,1.43%
10/15/1993,3.782,3.782,3.782,3.782,-0.24%
10/14/1993,3.791,3.791,3.791,3.791,-0.66%
10/13/1993,3.816,3.816,3.816,3.816,0.21%
10/12/1993,3.808,3.808,3.808,3.808,4.10%
10/11/1993,3.658,3.658,3.658,3.658,-3.10%
10/8/1993,3.775,3.775,3.775,3.775,-1.31%
10/7/1993,3.825,3.825,3.825,3.825,0.00%
10/6/1993,3.825,3.825,3.825,3.825,-0.65%
10/5/1993,3.85,3.85,3.85,3.85,0.65%
10/4/1993,3.825,3.825,3.825,3.825,-0.23%
10/1/1993,3.834,3.834,3.834,3.834,-1.06%
9/30/1993,3.875,3.875,3.875,3.875,0.86%
9/29/1993,3.842,3.842,3.842,3.842,1.29%
9/28/1993,3.793,3.793,3.793,3.793,0.00%
9/27/1993,3.793,3.793,3.793,3.793,-1.28%
9/24/1993,3.842,3.842,3.842,3.842,-1.89%
9/23/1993,3.916,3.916,3.916,3.916,0.20%
9/22/1993,3.908,3.908,3.908,3.908,1.32%
9/21/1993,3.857,3.857,3.857,3.857,-1.18%
9/20/1993,3.903,3.903,3.903,3.903,0.85%
9/17/1993,3.87,3.87,3.87,3.87,0.10%
9/16/1993,3.866,3.866,3.866,3.866,0.44%
9/15/1993,3.849,3.849,3.849,3.849,-0.65%
9/14/1993,3.874,3.874,3.874,3.874,1.73%
9/13/1993,3.808,3.808,3.808,3.808,0.77%
9/10/1993,3.779,3.779,3.779,3.779,-1.61%
9/9/1993,3.841,3.841,3.841,3.841,2.18%
9/8/1993,3.759,3.759,3.759,3.759,1.79%
9/7/1993,3.693,3.693,3.693,3.693,-0.46%
9/3/1993,3.71,3.71,3.71,3.71,-2.60%
9/2/1993,3.809,3.809,3.809,3.809,-1.27%
9/1/1993,3.858,3.858,3.858,3.858,-0.34%
8/31/1993,3.871,3.871,3.871,3.871,0.75%
8/30/1993,3.842,3.842,3.842,3.842,-0.44%
8/27/1993,3.859,3.859,3.859,3.859,0.86%
8/26/1993,3.826,3.826,3.826,3.826,-0.86%
8/25/1993,3.859,3.859,3.859,3.859,0.00%
8/24/1993,3.859,3.859,3.859,3.859,-1.96%
8/23/1993,3.936,3.936,3.936,3.936,0.64%
8/20/1993,3.911,3.911,3.911,3.911,-0.03%
8/19/1993,3.912,3.912,3.912,3.912,-1.09%
8/18/1993,3.955,3.955,3.955,3.955,-0.85%
8/17/1993,3.989,3.989,3.989,3.989,0.63%
8/16/1993,3.964,3.964,3.964,3.964,0.00%
8/13/1993,3.964,3.964,3.964,3.964,-1.69%
8/12/1993,4.032,4.032,4.032,4.032,-0.93%
8/11/1993,4.07,4.07,4.07,4.07,-0.32%
8/10/1993,4.083,4.083,4.083,4.083,0.52%
8/9/1993,4.062,4.062,4.062,4.062,-0.51%
8/6/1993,4.083,4.083,4.083,4.083,-0.54%
8/5/1993,4.105,4.105,4.105,4.105,-1.20%
8/4/1993,4.155,4.155,4.155,4.155,0.10%
8/3/1993,4.151,4.151,4.151,4.151,-0.79%
8/2/1993,4.184,4.184,4.184,4.184,0.99%
7/30/1993,4.143,4.143,4.143,4.143,0.70%
7/29/1993,4.114,4.114,4.114,4.114,-2.44%
7/28/1993,4.217,4.217,4.217,4.217,0.60%
7/27/1993,4.192,4.192,4.192,4.192,0.00%
7/26/1993,4.192,4.192,4.192,4.192,-0.40%
7/23/1993,4.209,4.209,4.209,4.209,0.41%
7/22/1993,4.192,4.192,4.192,4.192,2.07%
7/21/1993,4.107,4.107,4.107,4.107,1.26%
7/20/1993,4.056,4.056,4.056,4.056,1.68%
7/19/1993,3.989,3.989,3.989,3.989,0.83%
7/16/1993,3.956,3.956,3.956,3.956,-0.43%
7/15/1993,3.973,3.973,3.973,3.973,0.40%
7/14/1993,3.957,3.957,3.957,3.957,-1.35%
7/13/1993,4.011,4.011,4.011,4.011,1.13%
7/12/1993,3.966,3.966,3.966,3.966,1.07%
7/9/1993,3.924,3.924,3.924,3.924,-0.86%
7/8/1993,3.958,3.958,3.958,3.958,-0.85%
7/7/1993,3.992,3.992,3.992,3.992,2.54%
7/6/1993,3.893,3.893,3.893,3.893,-0.84%
7/2/1993,3.926,3.926,3.926,3.926,-1.28%
7/1/1993,3.977,3.977,3.977,3.977,-0.82%
6/30/1993,4.01,4.01,4.01,4.01,0.00%
6/29/1993,4.01,4.01,4.01,4.01,-1.01%
6/28/1993,4.051,4.051,4.051,4.051,-1.00%
6/25/1993,4.092,4.092,4.092,4.092,-1.18%
6/24/1993,4.141,4.141,4.141,4.141,-1.29%
6/23/1993,4.195,4.195,4.195,4.195,2.04%
6/22/1993,4.111,4.111,4.111,4.111,-0.51%
6/21/1993,4.132,4.132,4.132,4.132,-0.22%
6/18/1993,4.141,4.141,4.141,4.141,1.64%
6/17/1993,4.074,4.074,4.074,4.074,0.10%
6/16/1993,4.07,4.07,4.07,4.07,-0.10%
6/15/1993,4.074,4.074,4.074,4.074,-1.12%
6/14/1993,4.12,4.12,4.12,4.12,-0.10%
6/11/1993,4.124,4.124,4.124,4.124,-3.53%
6/10/1993,4.275,4.275,4.275,4.275,0.00%
6/9/1993,4.275,4.275,4.275,4.275,1.18%
6/8/1993,4.225,4.225,4.225,4.225,-1.35%
6/7/1993,4.283,4.283,4.283,4.283,-0.58%
6/4/1993,4.308,4.308,4.308,4.308,4.44%
6/3/1993,4.125,4.125,4.125,4.125,-0.79%
6/2/1993,4.158,4.158,4.158,4.158,0.41%
6/1/1993,4.141,4.141,4.141,4.141,-2.33%
5/28/1993,4.24,4.24,4.24,4.24,0.09%
5/27/1993,4.236,4.236,4.236,4.236,1.68%
5/26/1993,4.166,4.166,4.166,4.166,0.07%
5/25/1993,4.163,4.163,4.163,4.163,-0.41%
5/24/1993,4.18,4.18,4.18,4.18,2.53%
5/21/1993,4.077,4.077,4.077,4.077,1.59%
5/20/1993,4.013,4.013,4.013,4.013,0.73%
5/19/1993,3.984,3.984,3.984,3.984,-1.04%
5/18/1993,4.026,4.026,4.026,4.026,0.22%
5/17/1993,4.017,4.017,4.017,4.017,1.49%
5/14/1993,3.958,3.958,3.958,3.958,1.93%
5/13/1993,3.883,3.883,3.883,3.883,1.97%
5/12/1993,3.808,3.808,3.808,3.808,0.87%
5/11/1993,3.775,3.775,3.775,3.775,0.00%
5/10/1993,3.775,3.775,3.775,3.775,0.11%
5/7/1993,3.771,3.771,3.771,3.771,-0.24%
5/6/1993,3.78,3.78,3.78,3.78,-0.32%
5/5/1993,3.792,3.792,3.792,3.792,1.53%
5/4/1993,3.735,3.735,3.735,3.735,0.00%
5/3/1993,3.735,3.735,3.735,3.735,-1.94%
4/30/1993,3.809,3.809,3.809,3.809,0.85%
4/29/1993,3.777,3.777,3.777,3.777,-1.90%
4/28/1993,3.85,3.85,3.85,3.85,0.50%
4/27/1993,3.831,3.831,3.831,3.831,4.39%
4/26/1993,3.67,3.67,3.67,3.67,-1.26%
4/23/1993,3.717,3.717,3.717,3.717,0.32%
4/22/1993,3.705,3.705,3.705,3.705,-0.46%
4/21/1993,3.722,3.722,3.722,3.722,-0.91%
4/20/1993,3.756,3.756,3.756,3.756,0.00%
4/19/1993,3.756,3.756,3.756,3.756,-0.24%
4/16/1993,3.765,3.765,3.765,3.765,-0.03%
4/15/1993,3.766,3.766,3.766,3.766,0.45%
4/14/1993,3.749,3.749,3.749,3.749,-0.90%
4/13/1993,3.783,3.783,3.783,3.783,-0.42%
4/12/1993,3.799,3.799,3.799,3.799,-0.89%
4/9/1993,3.833,3.833,3.833,3.833,0.31%
4/8/1993,3.821,3.821,3.821,3.821,-2.62%
4/7/1993,3.924,3.924,3.924,3.924,0.10%
4/6/1993,3.92,3.92,3.92,3.92,-0.53%
4/5/1993,3.941,3.941,3.941,3.941,-0.63%
4/2/1993,3.966,3.966,3.966,3.966,0.63%
4/1/1993,3.941,3.941,3.941,3.941,-0.30%
3/31/1993,3.953,3.953,3.953,3.953,1.15%
3/30/1993,3.908,3.908,3.908,3.908,-1.24%
3/29/1993,3.957,3.957,3.957,3.957,-1.44%
3/26/1993,4.015,4.015,4.015,4.015,2.53%
3/25/1993,3.916,3.916,3.916,3.916,0.44%
3/24/1993,3.899,3.899,3.899,3.899,1.09%
3/23/1993,3.857,3.857,3.857,3.857,-0.44%
3/22/1993,3.874,3.874,3.874,3.874,-1.07%
3/19/1993,3.916,3.916,3.916,3.916,1.95%
3/18/1993,3.841,3.841,3.841,3.841,-2.54%
3/17/1993,3.941,3.941,3.941,3.941,1.73%
3/16/1993,3.874,3.874,3.874,3.874,-4.56%
3/15/1993,4.059,4.059,4.059,4.059,-0.20%
3/12/1993,4.067,4.067,4.067,4.067,1.90%
3/11/1993,3.991,3.991,3.991,3.991,0.00%
3/10/1993,3.991,3.991,3.991,3.991,0.00%
3/9/1993,3.991,3.991,3.991,3.991,1.27%
3/8/1993,3.941,3.941,3.941,3.941,1.29%
3/5/1993,3.891,3.891,3.891,3.891,4.40%
3/4/1993,3.727,3.727,3.727,3.727,-1.74%
3/3/1993,3.793,3.793,3.793,3.793,-1.68%
3/2/1993,3.858,3.858,3.858,3.858,-0.23%
3/1/1993,3.867,3.867,3.867,3.867,-1.25%
2/26/1993,3.916,3.916,3.916,3.916,-1.04%
2/25/1993,3.957,3.957,3.957,3.957,0.00%
2/24/1993,3.957,3.957,3.957,3.957,2.75%
2/23/1993,3.851,3.851,3.851,3.851,-2.16%
2/22/1993,3.936,3.936,3.936,3.936,-0.66%
2/19/1993,3.962,3.962,3.962,3.962,1.25%
2/18/1993,3.913,3.913,3.913,3.913,-2.61%
2/17/1993,4.018,4.018,4.018,4.018,-1.95%
2/16/1993,4.098,4.098,4.098,4.098,-1.61%
2/12/1993,4.165,4.165,4.165,4.165,-0.02%
2/11/1993,4.166,4.166,4.166,4.166,-1.95%
2/10/1993,4.249,4.249,4.249,4.249,1.29%
2/9/1993,4.195,4.195,4.195,4.195,1.50%
2/8/1993,4.133,4.133,4.133,4.133,1.52%
2/5/1993,4.071,4.071,4.071,4.071,-2.40%
2/4/1993,4.171,4.171,4.171,4.171,-1.56%
2/3/1993,4.237,4.237,4.237,4.237,-0.21%
2/2/1993,4.246,4.246,4.246,4.246,1.68%
2/1/1993,4.176,4.176,4.176,4.176,-0.10%
1/29/1993,4.18,4.18,4.18,4.18,0.50%
1/28/1993,4.159,4.159,4.159,4.159,-2.53%
1/27/1993,4.267,4.267,4.267,4.267,-0.35%
1/26/1993,4.282,4.282,4.282,4.282,2.03%
1/25/1993,4.197,4.197,4.197,4.197,-1.22%
1/22/1993,4.249,4.249,4.249,4.249,-1.21%
1/21/1993,4.301,4.301,4.301,4.301,-1.17%
1/20/1993,4.352,4.352,4.352,4.352,0.07%
1/19/1993,4.349,4.349,4.349,4.349,1.28%
1/18/1993,4.294,4.294,4.294,4.294,0.19%
1/15/1993,4.286,4.286,4.286,4.286,-1.11%
1/14/1993,4.334,4.334,4.334,4.334,-1.99%
1/13/1993,4.422,4.422,4.422,4.422,-0.76%
1/12/1993,4.456,4.456,4.456,4.456,0.45%
1/11/1993,4.436,4.436,4.436,4.436,-1.03%
1/8/1993,4.482,4.482,4.482,4.482,-3.18%
1/7/1993,4.629,4.629,4.629,4.629,2.68%
1/6/1993,4.508,4.508,4.508,4.508,0.74%
1/5/1993,4.475,4.475,4.475,4.475,0.38%
1/4/1993,4.458,4.458,4.458,4.458,1.11%
12/31/1992,4.409,4.409,4.409,4.409,-1.14%
12/30/1992,4.46,4.46,4.46,4.46,-2.87%
12/29/1992,4.592,4.592,4.592,4.592,-1.08%
12/28/1992,4.642,4.642,4.642,4.642,0.83%
12/25/1992,4.604,4.604,4.604,4.604,0.00%
12/24/1992,4.604,4.604,4.604,4.604,-0.82%
12/23/1992,4.642,4.642,4.642,4.642,0.78%
12/21/1992,4.606,4.606,4.606,4.606,-0.39%
12/18/1992,4.624,4.624,4.624,4.624,-0.09%
12/17/1992,4.628,4.628,4.628,4.628,0.09%
12/16/1992,4.624,4.624,4.624,4.624,-2.14%
12/15/1992,4.725,4.725,4.725,4.725,-1.42%
12/14/1992,4.793,4.793,4.793,4.793,0.88%
12/11/1992,4.751,4.751,4.751,4.751,2.55%
12/10/1992,4.633,4.633,4.633,4.633,0.91%
12/9/1992,4.591,4.591,4.591,4.591,0.75%
12/8/1992,4.557,4.557,4.557,4.557,-1.45%
12/7/1992,4.624,4.624,4.624,4.624,-1.09%
12/4/1992,4.675,4.675,4.675,4.675,-1.91%
12/3/1992,4.766,4.766,4.766,4.766,-0.36%
12/2/1992,4.783,4.783,4.783,4.783,0.19%
12/1/1992,4.774,4.774,4.774,4.774,-0.35%
11/30/1992,4.791,4.791,4.791,4.791,0.00%
11/27/1992,4.791,4.791,4.791,4.791,1.76%
11/26/1992,4.708,4.708,4.708,4.708,-0.25%
11/25/1992,4.72,4.72,4.72,4.72,1.68%
11/24/1992,4.642,4.642,4.642,4.642,0.76%
11/20/1992,4.607,4.607,4.607,4.607,2.49%
11/19/1992,4.495,4.495,4.495,4.495,-0.75%
11/18/1992,4.529,4.529,4.529,4.529,-1.65%
11/17/1992,4.605,4.605,4.605,4.605,-1.27%
11/16/1992,4.664,4.664,4.664,4.664,3.21%
11/13/1992,4.519,4.519,4.519,4.519,2.31%
11/12/1992,4.417,4.417,4.417,4.417,-0.67%
11/11/1992,4.447,4.447,4.447,4.447,-0.74%
11/10/1992,4.48,4.48,4.48,4.48,-1.56%
11/9/1992,4.551,4.551,4.551,4.551,1.88%
11/6/1992,4.467,4.467,4.467,4.467,2.22%
11/5/1992,4.37,4.37,4.37,4.37,-1.42%
11/4/1992,4.433,4.433,4.433,4.433,0.02%
11/3/1992,4.432,4.432,4.432,4.432,-0.76%
11/2/1992,4.466,4.466,4.466,4.466,1.71%
10/30/1992,4.391,4.391,4.391,4.391,1.34%
10/29/1992,4.333,4.333,4.333,4.333,0.00%
10/28/1992,4.333,4.333,4.333,4.333,0.23%
10/26/1992,4.323,4.323,4.323,4.323,-0.39%
10/23/1992,4.34,4.34,4.34,4.34,3.28%
10/22/1992,4.202,4.202,4.202,4.202,0.19%
10/21/1992,4.194,4.194,4.194,4.194,-0.38%
10/20/1992,4.21,4.21,4.21,4.21,2.46%
10/19/1992,4.109,4.109,4.109,4.109,2.55%
10/16/1992,4.007,4.007,4.007,4.007,0.63%
10/15/1992,3.982,3.982,3.982,3.982,-0.43%
10/14/1992,3.999,3.999,3.999,3.999,0.40%
10/13/1992,3.983,3.983,3.983,3.983,1.30%
10/12/1992,3.932,3.932,3.932,3.932,-1.06%
10/9/1992,3.974,3.974,3.974,3.974,4.22%
10/8/1992,3.813,3.813,3.813,3.813,-1.40%
10/7/1992,3.867,3.867,3.867,3.867,3.07%
10/6/1992,3.752,3.752,3.752,3.752,2.23%
10/5/1992,3.67,3.67,3.67,3.67,-0.24%
10/2/1992,3.679,3.679,3.679,3.679,-0.24%
10/1/1992,3.688,3.688,3.688,3.688,-3.02%
9/30/1992,3.803,3.803,3.803,3.803,0.42%
9/29/1992,3.787,3.787,3.787,3.787,0.42%
9/28/1992,3.771,3.771,3.771,3.771,-0.42%
9/25/1992,3.787,3.787,3.787,3.787,-2.95%
9/24/1992,3.902,3.902,3.902,3.902,-2.06%
9/23/1992,3.984,3.984,3.984,3.984,-0.40%
9/22/1992,4,4,4,4,3.17%
9/21/1992,3.877,3.877,3.877,3.877,1.73%
9/18/1992,3.811,3.811,3.811,3.811,-0.26%
9/17/1992,3.821,3.821,3.821,3.821,0.63%
9/16/1992,3.797,3.797,3.797,3.797,-1.53%
9/15/1992,3.856,3.856,3.856,3.856,2.09%
9/14/1992,3.777,3.777,3.777,3.777,-1.64%
9/11/1992,3.84,3.84,3.84,3.84,0.60%
9/10/1992,3.817,3.817,3.817,3.817,-0.44%
9/9/1992,3.834,3.834,3.834,3.834,0.95%
9/8/1992,3.798,3.798,3.798,3.798,-0.96%
9/7/1992,3.835,3.835,3.835,3.835,-0.03%
9/4/1992,3.836,3.836,3.836,3.836,-6.10%
9/3/1992,4.085,4.085,4.085,4.085,0.00%
9/2/1992,4.085,4.085,4.085,4.085,-0.61%
9/1/1992,4.11,4.11,4.11,4.11,-0.51%
8/31/1992,4.131,4.131,4.131,4.131,-0.89%
8/28/1992,4.168,4.168,4.168,4.168,-0.48%
8/27/1992,4.188,4.188,4.188,4.188,-1.83%
8/26/1992,4.266,4.266,4.266,4.266,-0.79%
8/25/1992,4.3,4.3,4.3,4.3,2.02%
8/24/1992,4.215,4.215,4.215,4.215,3.33%
8/21/1992,4.079,4.079,4.079,4.079,1.64%
8/20/1992,4.013,4.013,4.013,4.013,0.00%
8/19/1992,4.013,4.013,4.013,4.013,0.00%
8/18/1992,4.013,4.013,4.013,4.013,-1.45%
8/17/1992,4.072,4.072,4.072,4.072,-0.54%
8/14/1992,4.094,4.094,4.094,4.094,-1.33%
8/13/1992,4.149,4.149,4.149,4.149,0.00%
8/12/1992,4.149,4.149,4.149,4.149,0.90%
8/11/1992,4.112,4.112,4.112,4.112,0.32%
8/10/1992,4.099,4.099,4.099,4.099,-0.82%
8/7/1992,4.133,4.133,4.133,4.133,-3.50%
8/6/1992,4.283,4.283,4.283,4.283,0.19%
8/5/1992,4.275,4.275,4.275,4.275,-0.56%
8/4/1992,4.299,4.299,4.299,4.299,-2.10%
8/3/1992,4.391,4.391,4.391,4.391,-0.18%
7/31/1992,4.399,4.399,4.399,4.399,1.92%
7/30/1992,4.316,4.316,4.316,4.316,1.94%
7/27/1992,4.234,4.234,4.234,4.234,0.88%
7/24/1992,4.197,4.197,4.197,4.197,0.74%
7/23/1992,4.166,4.166,4.166,4.166,-1.42%
7/22/1992,4.226,4.226,4.226,4.226,-1.22%
7/21/1992,4.278,4.278,4.278,4.278,0.56%
7/20/1992,4.254,4.254,4.254,4.254,0.38%
7/17/1992,4.238,4.238,4.238,4.238,0.31%
7/16/1992,4.225,4.225,4.225,4.225,0.57%
7/15/1992,4.201,4.201,4.201,4.201,-1.87%
7/14/1992,4.281,4.281,4.281,4.281,-2.01%
7/13/1992,4.369,4.369,4.369,4.369,0.74%
7/10/1992,4.337,4.337,4.337,4.337,-0.25%
7/9/1992,4.348,4.348,4.348,4.348,-0.39%
7/8/1992,4.365,4.365,4.365,4.365,0.34%
7/7/1992,4.35,4.35,4.35,4.35,-2.07%
7/6/1992,4.442,4.442,4.442,4.442,-2.54%
7/3/1992,4.558,4.558,4.558,4.558,-5.38%
7/1/1992,4.817,4.817,4.817,4.817,0.00%
6/30/1992,4.817,4.817,4.817,4.817,0.06%
6/29/1992,4.814,4.814,4.814,4.814,-1.76%
6/26/1992,4.9,4.9,4.9,4.9,0.08%
6/25/1992,4.896,4.896,4.896,4.896,-1.43%
6/24/1992,4.967,4.967,4.967,4.967,-0.04%
6/22/1992,4.969,4.969,4.969,4.969,-0.18%
6/19/1992,4.978,4.978,4.978,4.978,1.90%
6/18/1992,4.885,4.885,4.885,4.885,-1.05%
6/17/1992,4.937,4.937,4.937,4.937,-0.60%
6/16/1992,4.967,4.967,4.967,4.967,1.99%
6/15/1992,4.87,4.87,4.87,4.87,-3.03%
6/12/1992,5.022,5.022,5.022,5.022,-1.01%
6/11/1992,5.073,5.073,5.073,5.073,-0.26%
6/10/1992,5.086,5.086,5.086,5.086,2.62%
6/9/1992,4.956,4.956,4.956,4.956,-2.07%
6/8/1992,5.061,5.061,5.061,5.061,-1.23%
6/5/1992,5.124,5.124,5.124,5.124,-0.66%
6/4/1992,5.158,5.158,5.158,5.158,-0.65%
6/3/1992,5.192,5.192,5.192,5.192,-0.33%
6/2/1992,5.209,5.209,5.209,5.209,-0.95%
6/1/1992,5.259,5.259,5.259,5.259,1.29%
5/29/1992,5.192,5.192,5.192,5.192,-0.31%
5/28/1992,5.208,5.208,5.208,5.208,-0.97%
5/27/1992,5.259,5.259,5.259,5.259,-1.48%
5/26/1992,5.338,5.338,5.338,5.338,1.60%
5/25/1992,5.254,5.254,5.254,5.254,0.08%
5/22/1992,5.25,5.25,5.25,5.25,-1.26%
5/21/1992,5.317,5.317,5.317,5.317,3.65%
5/20/1992,5.13,5.13,5.13,5.13,3.70%
5/19/1992,4.947,4.947,4.947,4.947,-2.35%
5/18/1992,5.066,5.066,5.066,5.066,-0.02%
5/15/1992,5.067,5.067,5.067,5.067,-0.69%
5/14/1992,5.102,5.102,5.102,5.102,-0.02%
5/13/1992,5.103,5.103,5.103,5.103,-1.32%
5/12/1992,5.171,5.171,5.171,5.171,-0.65%
5/11/1992,5.205,5.205,5.205,5.205,-1.27%
5/8/1992,5.272,5.272,5.272,5.272,0.71%
5/7/1992,5.235,5.235,5.235,5.235,0.15%
5/6/1992,5.227,5.227,5.227,5.227,-0.57%
5/5/1992,5.257,5.257,5.257,5.257,-0.64%
5/4/1992,5.291,5.291,5.291,5.291,-0.47%
5/1/1992,5.316,5.316,5.316,5.316,0.15%
4/30/1992,5.308,5.308,5.308,5.308,-1.56%
4/29/1992,5.392,5.392,5.392,5.392,0.32%
4/28/1992,5.375,5.375,5.375,5.375,-0.61%
4/27/1992,5.408,5.408,5.408,5.408,1.56%
4/24/1992,5.325,5.325,5.325,5.325,-1.39%
4/23/1992,5.4,5.4,5.4,5.4,-0.55%
4/22/1992,5.43,5.43,5.43,5.43,1.36%
4/21/1992,5.357,5.357,5.357,5.357,-0.58%
4/20/1992,5.388,5.388,5.388,5.388,1.28%
4/17/1992,5.32,5.32,5.32,5.32,0.28%
4/16/1992,5.305,5.305,5.305,5.305,2.27%
4/15/1992,5.187,5.187,5.187,5.187,1.95%
4/13/1992,5.088,5.088,5.088,5.088,-1.32%
4/10/1992,5.156,5.156,5.156,5.156,1.60%
4/9/1992,5.075,5.075,5.075,5.075,-4.14%
4/8/1992,5.294,5.294,5.294,5.294,0.30%
4/7/1992,5.278,5.278,5.278,5.278,-1.25%
4/6/1992,5.345,5.345,5.345,5.345,-0.34%
4/3/1992,5.363,5.363,5.363,5.363,-2.31%
4/2/1992,5.49,5.49,5.49,5.49,-0.38%
4/1/1992,5.511,5.511,5.511,5.511,-1.43%
3/31/1992,5.591,5.591,5.591,5.591,-0.23%
3/30/1992,5.604,5.604,5.604,5.604,-1.09%
3/27/1992,5.666,5.666,5.666,5.666,-0.87%
3/26/1992,5.716,5.716,5.716,5.716,-0.30%
3/25/1992,5.733,5.733,5.733,5.733,-1.55%
3/23/1992,5.823,5.823,5.823,5.823,0.00%
3/20/1992,5.823,5.823,5.823,5.823,1.23%
3/19/1992,5.752,5.752,5.752,5.752,-0.88%
3/18/1992,5.803,5.803,5.803,5.803,0.29%
3/17/1992,5.786,5.786,5.786,5.786,-0.87%
3/16/1992,5.837,5.837,5.837,5.837,-0.29%
3/13/1992,5.854,5.854,5.854,5.854,2.59%
3/12/1992,5.706,5.706,5.706,5.706,2.61%
3/11/1992,5.561,5.561,5.561,5.561,0.00%
3/10/1992,5.561,5.561,5.561,5.561,0.85%
3/9/1992,5.514,5.514,5.514,5.514,-1.45%
3/6/1992,5.595,5.595,5.595,5.595,-0.29%
3/5/1992,5.611,5.611,5.611,5.611,2.78%
3/4/1992,5.459,5.459,5.459,5.459,0.31%
3/3/1992,5.442,5.442,5.442,5.442,0.93%
3/2/1992,5.392,5.392,5.392,5.392,2.55%
2/28/1992,5.258,5.258,5.258,5.258,-1.41%
2/27/1992,5.333,5.333,5.333,5.333,-0.56%
2/26/1992,5.363,5.363,5.363,5.363,-0.69%
2/25/1992,5.4,5.4,5.4,5.4,-0.46%
2/24/1992,5.425,5.425,5.425,5.425,2.20%
2/21/1992,5.308,5.308,5.308,5.308,1.43%
2/20/1992,5.233,5.233,5.233,5.233,0.00%
2/19/1992,5.233,5.233,5.233,5.233,0.10%
2/18/1992,5.228,5.228,5.228,5.228,-0.57%
2/17/1992,5.258,5.258,5.258,5.258,-0.15%
2/14/1992,5.266,5.266,5.266,5.266,1.35%
2/13/1992,5.196,5.196,5.196,5.196,2.87%
2/12/1992,5.051,5.051,5.051,5.051,1.18%
2/11/1992,4.992,4.992,4.992,4.992,1.63%
2/10/1992,4.912,4.912,4.912,4.912,-0.59%
2/7/1992,4.941,4.941,4.941,4.941,-2.00%
2/6/1992,5.042,5.042,5.042,5.042,0.00%
2/5/1992,5.042,5.042,5.042,5.042,-1.06%
2/4/1992,5.096,5.096,5.096,5.096,-0.74%
2/3/1992,5.134,5.134,5.134,5.134,0.59%
1/31/1992,5.104,5.104,5.104,5.104,-1.37%
1/30/1992,5.175,5.175,5.175,5.175,3.17%
1/29/1992,5.016,5.016,5.016,5.016,0.00%
1/28/1992,5.016,5.016,5.016,5.016,-2.75%
1/27/1992,5.158,5.158,5.158,5.158,0.64%
1/24/1992,5.125,5.125,5.125,5.125,1.32%
1/23/1992,5.058,5.058,5.058,5.058,2.60%
1/21/1992,4.93,4.93,4.93,4.93,-0.76%
1/20/1992,4.968,4.968,4.968,4.968,-0.44%
1/17/1992,4.99,4.99,4.99,4.99,-0.85%
1/16/1992,5.033,5.033,5.033,5.033,-0.34%
1/15/1992,5.05,5.05,5.05,5.05,2.41%
1/14/1992,4.931,4.931,4.931,4.931,0.35%
1/13/1992,4.914,4.914,4.914,4.914,2.10%
1/10/1992,4.813,4.813,4.813,4.813,3.57%
1/9/1992,4.647,4.647,4.647,4.647,0.43%
1/8/1992,4.627,4.627,4.627,4.627,-0.64%
1/7/1992,4.657,4.657,4.657,4.657,-1.58%
1/6/1992,4.732,4.732,4.732,4.732,-0.80%
1/3/1992,4.77,4.77,4.77,4.77,0.42%
1/2/1992,4.75,4.75,4.75,4.75,-0.02%
12/31/1991,4.751,4.751,4.751,4.751,-0.36%
12/30/1991,4.768,4.768,4.768,4.768,-1.37%
12/27/1991,4.834,4.834,4.834,4.834,0.00%
12/26/1991,4.834,4.834,4.834,4.834,-0.51%
12/24/1991,4.859,4.859,4.859,4.859,1.21%
12/23/1991,4.801,4.801,4.801,4.801,-0.35%
12/20/1991,4.818,4.818,4.818,4.818,-4.59%
12/19/1991,5.05,5.05,5.05,5.05,-1.37%
12/18/1991,5.12,5.12,5.12,5.12,2.30%
12/17/1991,5.005,5.005,5.005,5.005,-0.69%
12/16/1991,5.04,5.04,5.04,5.04,-0.67%
12/13/1991,5.074,5.074,5.074,5.074,0.61%
12/12/1991,5.043,5.043,5.043,5.043,0.32%
12/11/1991,5.027,5.027,5.027,5.027,-0.67%
12/10/1991,5.061,5.061,5.061,5.061,0.24%
12/9/1991,5.049,5.049,5.049,5.049,-2.51%
12/6/1991,5.179,5.179,5.179,5.179,-0.99%
12/5/1991,5.231,5.231,5.231,5.231,0.63%
12/4/1991,5.198,5.198,5.198,5.198,-1.59%
12/3/1991,5.282,5.282,5.282,5.282,-0.96%
12/2/1991,5.333,5.333,5.333,5.333,-0.61%
11/29/1991,5.366,5.366,5.366,5.366,-1.23%
11/27/1991,5.433,5.433,5.433,5.433,-0.31%
11/26/1991,5.45,5.45,5.45,5.45,-1.09%
11/25/1991,5.51,5.51,5.51,5.51,0.88%
11/22/1991,5.462,5.462,5.462,5.462,-0.04%
11/21/1991,5.464,5.464,5.464,5.464,-0.64%
11/20/1991,5.499,5.499,5.499,5.499,0.29%
11/19/1991,5.483,5.483,5.483,5.483,-0.33%
11/18/1991,5.501,5.501,5.501,5.501,-0.02%
11/15/1991,5.502,5.502,5.502,5.502,-1.56%
11/14/1991,5.589,5.589,5.589,5.589,-0.99%
11/13/1991,5.645,5.645,5.645,5.645,0.37%
11/12/1991,5.624,5.624,5.624,5.624,0.14%
11/8/1991,5.616,5.616,5.616,5.616,0.25%
11/7/1991,5.602,5.602,5.602,5.602,-0.16%
11/6/1991,5.611,5.611,5.611,5.611,-0.74%
11/5/1991,5.653,5.653,5.653,5.653,0.12%
11/4/1991,5.646,5.646,5.646,5.646,0.14%
11/1/1991,5.638,5.638,5.638,5.638,-0.76%
10/31/1991,5.681,5.681,5.681,5.681,-0.59%
10/30/1991,5.715,5.715,5.715,5.715,-1.02%
10/29/1991,5.774,5.774,5.774,5.774,-2.12%
10/28/1991,5.899,5.899,5.899,5.899,-0.57%
10/25/1991,5.933,5.933,5.933,5.933,0.00%
10/24/1991,5.933,5.933,5.933,5.933,-1.13%
10/22/1991,6.001,6.001,6.001,6.001,0.57%
10/21/1991,5.967,5.967,5.967,5.967,0.88%
10/18/1991,5.915,5.915,5.915,5.915,-0.32%
10/17/1991,5.934,5.934,5.934,5.934,1.47%
10/16/1991,5.848,5.848,5.848,5.848,0.43%
10/15/1991,5.823,5.823,5.823,5.823,-1.02%
10/14/1991,5.883,5.883,5.883,5.883,0.00%
10/11/1991,5.883,5.883,5.883,5.883,-1.46%
10/10/1991,5.97,5.97,5.97,5.97,0.84%
10/9/1991,5.92,5.92,5.92,5.92,0.42%
10/8/1991,5.895,5.895,5.895,5.895,-0.14%
10/7/1991,5.903,5.903,5.903,5.903,0.14%
10/4/1991,5.895,5.895,5.895,5.895,-1.02%
10/3/1991,5.956,5.956,5.956,5.956,-0.57%
10/2/1991,5.99,5.99,5.99,5.99,0.57%
10/1/1991,5.956,5.956,5.956,5.956,-0.28%
9/30/1991,5.973,5.973,5.973,5.973,1.12%
9/28/1991,5.907,5.907,5.907,5.907,-1.88%
9/27/1991,6.02,6.02,6.02,6.02,-0.35%
9/26/1991,6.041,6.041,6.041,6.041,-1.64%
9/25/1991,6.142,6.142,6.142,6.142,-0.08%
9/23/1991,6.147,6.147,6.147,6.147,2.90%
9/21/1991,5.974,5.974,5.974,5.974,-2.88%
9/20/1991,6.151,6.151,6.151,6.151,-0.52%
9/19/1991,6.183,6.183,6.183,6.183,0.28%
9/18/1991,6.166,6.166,6.166,6.166,0.00%
9/17/1991,6.166,6.166,6.166,6.166,0.26%
9/16/1991,6.15,6.15,6.15,6.15,0.00%
9/13/1991,6.15,6.15,6.15,6.15,0.26%
9/12/1991,6.134,6.134,6.134,6.134,-1.38%
9/11/1991,6.22,6.22,6.22,6.22,0.27%
9/10/1991,6.203,6.203,6.203,6.203,-0.02%
9/9/1991,6.204,6.204,6.204,6.204,-0.55%
9/6/1991,6.238,6.238,6.238,6.238,-1.09%
9/5/1991,6.307,6.307,6.307,6.307,0.27%
9/4/1991,6.29,6.29,6.29,6.29,-0.54%
9/3/1991,6.324,6.324,6.324,6.324,-0.53%
9/2/1991,6.358,6.358,6.358,6.358,0.25%
8/30/1991,6.342,6.342,6.342,6.342,1.36%
8/29/1991,6.257,6.257,6.257,6.257,-0.81%
8/28/1991,6.308,6.308,6.308,6.308,-1.96%
8/26/1991,6.434,6.434,6.434,6.434,0.26%
8/23/1991,6.417,6.417,6.417,6.417,2.74%
8/22/1991,6.246,6.246,6.246,6.246,0.26%
8/21/1991,6.23,6.23,6.23,6.23,1.52%
8/20/1991,6.137,6.137,6.137,6.137,-0.78%
8/19/1991,6.185,6.185,6.185,6.185,-1.31%
8/16/1991,6.267,6.267,6.267,6.267,-0.19%
8/15/1991,6.279,6.279,6.279,6.279,-1.09%
8/14/1991,6.348,6.348,6.348,6.348,-1.73%
8/13/1991,6.46,6.46,6.46,6.46,0.00%
8/12/1991,6.46,6.46,6.46,6.46,-0.02%
8/9/1991,6.461,6.461,6.461,6.461,-0.55%
8/8/1991,6.497,6.497,6.497,6.497,-0.54%
8/7/1991,6.532,6.532,6.532,6.532,-0.52%
8/6/1991,6.566,6.566,6.566,6.566,-1.54%
8/5/1991,6.669,6.669,6.669,6.669,-0.27%
8/2/1991,6.687,6.687,6.687,6.687,-1.88%
8/1/1991,6.815,6.815,6.815,6.815,0.37%
7/31/1991,6.79,6.79,6.79,6.79,-0.50%
7/30/1991,6.824,6.824,6.824,6.824,0.00%
7/29/1991,6.824,6.824,6.824,6.824,-0.25%
7/26/1991,6.841,6.841,6.841,6.841,-0.61%
7/25/1991,6.883,6.883,6.883,6.883,-0.13%
7/24/1991,6.892,6.892,6.892,6.892,-0.55%
7/23/1991,6.93,6.93,6.93,6.93,0.95%
7/22/1991,6.865,6.865,6.865,6.865,0.25%
7/19/1991,6.848,6.848,6.848,6.848,-0.01%
7/18/1991,6.849,6.849,6.849,6.849,-0.88%
7/17/1991,6.91,6.91,6.91,6.91,0.49%
7/16/1991,6.876,6.876,6.876,6.876,0.25%
7/15/1991,6.859,6.859,6.859,6.859,0.00%
7/12/1991,6.859,6.859,6.859,6.859,-0.52%
7/11/1991,6.895,6.895,6.895,6.895,-0.51%
7/10/1991,6.93,6.93,6.93,6.93,-0.62%
7/9/1991,6.973,6.973,6.973,6.973,0.13%
7/8/1991,6.964,6.964,6.964,6.964,-1.11%
7/5/1991,7.042,7.042,7.042,7.042,0.99%
7/4/1991,6.973,6.973,6.973,6.973,0.11%
7/3/1991,6.965,6.965,6.965,6.965,-0.26%
7/2/1991,6.983,6.983,6.983,6.983,0.43%
7/1/1991,6.953,6.953,6.953,6.953,0.80%
6/28/1991,6.898,6.898,6.898,6.898,-1.10%
6/27/1991,6.975,6.975,6.975,6.975,-0.60%
6/26/1991,7.017,7.017,7.017,7.017,-0.61%
6/25/1991,7.06,7.06,7.06,7.06,2.26%
6/24/1991,6.904,6.904,6.904,6.904,0.00%
6/21/1991,6.904,6.904,6.904,6.904,1.02%
6/20/1991,6.834,6.834,6.834,6.834,-0.76%
6/19/1991,6.886,6.886,6.886,6.886,-1.26%
6/18/1991,6.974,6.974,6.974,6.974,-0.49%
6/17/1991,7.008,7.008,7.008,7.008,0.50%
6/14/1991,6.973,6.973,6.973,6.973,-0.98%
6/13/1991,7.042,7.042,7.042,7.042,-0.18%
6/12/1991,7.055,7.055,7.055,7.055,0.93%
6/11/1991,6.99,6.99,6.99,6.99,0.26%
6/10/1991,6.972,6.972,6.972,6.972,-0.26%
6/7/1991,6.99,6.99,6.99,6.99,1.76%
6/6/1991,6.869,6.869,6.869,6.869,0.76%
6/5/1991,6.817,6.817,6.817,6.817,0.62%
6/4/1991,6.775,6.775,6.775,6.775,0.39%
6/3/1991,6.749,6.749,6.749,6.749,0.76%
5/31/1991,6.698,6.698,6.698,6.698,1.27%
5/30/1991,6.614,6.614,6.614,6.614,0.06%
5/29/1991,6.61,6.61,6.61,6.61,-0.57%
5/28/1991,6.648,6.648,6.648,6.648,-0.51%
5/27/1991,6.682,6.682,6.682,6.682,0.12%
5/24/1991,6.674,6.674,6.674,6.674,-1.13%
5/23/1991,6.75,6.75,6.75,6.75,-0.35%
5/22/1991,6.774,6.774,6.774,6.774,-0.65%
5/21/1991,6.818,6.818,6.818,6.818,-0.06%
5/20/1991,6.822,6.822,6.822,6.822,-0.13%
5/17/1991,6.831,6.831,6.831,6.831,-0.01%
5/16/1991,6.832,6.832,6.832,6.832,0.12%
5/15/1991,6.824,6.824,6.824,6.824,0.00%
5/14/1991,6.824,6.824,6.824,6.824,-0.07%
5/13/1991,6.829,6.829,6.829,6.829,-0.38%
5/10/1991,6.855,6.855,6.855,6.855,0.42%
5/9/1991,6.826,6.826,6.826,6.826,0.06%
5/8/1991,6.822,6.822,6.822,6.822,-0.07%
5/7/1991,6.827,6.827,6.827,6.827,0.25%
5/6/1991,6.81,6.81,6.81,6.81,0.24%
5/3/1991,6.794,6.794,6.794,6.794,0.49%
5/2/1991,6.761,6.761,6.761,6.761,-0.75%
5/1/1991,6.812,6.812,6.812,6.812,0.24%
4/30/1991,6.796,6.796,6.796,6.796,-1.24%
4/29/1991,6.881,6.881,6.881,6.881,-0.25%
4/26/1991,6.898,6.898,6.898,6.898,-0.25%
4/25/1991,6.915,6.915,6.915,6.915,-1.21%
4/24/1991,7,7,7,7,-0.36%
4/23/1991,7.025,7.025,7.025,7.025,-0.37%
4/22/1991,7.051,7.051,7.051,7.051,0.11%
4/19/1991,7.043,7.043,7.043,7.043,0.99%
4/18/1991,6.974,6.974,6.974,6.974,1.38%
4/17/1991,6.879,6.879,6.879,6.879,0.00%
4/16/1991,6.879,6.879,6.879,6.879,0.12%
4/15/1991,6.871,6.871,6.871,6.871,0.12%
4/12/1991,6.863,6.863,6.863,6.863,-0.52%
4/11/1991,6.899,6.899,6.899,6.899,-1.23%
4/10/1991,6.985,6.985,6.985,6.985,0.74%
4/9/1991,6.934,6.934,6.934,6.934,0.49%
4/8/1991,6.9,6.9,6.9,6.9,-0.01%
4/5/1991,6.901,6.901,6.901,6.901,-0.75%
4/4/1991,6.953,6.953,6.953,6.953,-0.50%
4/3/1991,6.988,6.988,6.988,6.988,0.24%
4/2/1991,6.971,6.971,6.971,6.971,-0.50%
4/1/1991,7.006,7.006,7.006,7.006,-0.24%
3/29/1991,7.023,7.023,7.023,7.023,0.00%
3/28/1991,7.023,7.023,7.023,7.023,-0.72%
3/27/1991,7.074,7.074,7.074,7.074,-1.06%
3/26/1991,7.15,7.15,7.15,7.15,0.22%
3/25/1991,7.134,7.134,7.134,7.134,0.14%
3/22/1991,7.124,7.124,7.124,7.124,0.01%
3/21/1991,7.123,7.123,7.123,7.123,-0.49%
3/20/1991,7.158,7.158,7.158,7.158,-0.73%
3/19/1991,7.211,7.211,7.211,7.211,3.15%
3/15/1991,6.991,6.991,6.991,6.991,0.50%
3/14/1991,6.956,6.956,6.956,6.956,-0.11%
3/13/1991,6.964,6.964,6.964,6.964,-1.60%
3/12/1991,7.077,7.077,7.077,7.077,0.63%
3/11/1991,7.033,7.033,7.033,7.033,-0.73%
3/8/1991,7.085,7.085,7.085,7.085,-0.35%
3/7/1991,7.11,7.11,7.11,7.11,-0.73%
3/6/1991,7.162,7.162,7.162,7.162,0.73%
3/5/1991,7.11,7.11,7.11,7.11,-0.71%
3/4/1991,7.161,7.161,7.161,7.161,-0.24%
3/1/1991,7.178,7.178,7.178,7.178,1.47%
2/28/1991,7.074,7.074,7.074,7.074,0.99%
2/27/1991,7.005,7.005,7.005,7.005,0.00%
2/26/1991,7.005,7.005,7.005,7.005,0.49%
2/25/1991,6.971,6.971,6.971,6.971,-0.24%
2/22/1991,6.988,6.988,6.988,6.988,0.74%
2/21/1991,6.937,6.937,6.937,6.937,0.98%
2/20/1991,6.87,6.87,6.87,6.87,-0.07%
2/19/1991,6.875,6.875,6.875,6.875,0.76%
2/15/1991,6.823,6.823,6.823,6.823,0.87%
2/14/1991,6.764,6.764,6.764,6.764,0.00%
2/13/1991,6.764,6.764,6.764,6.764,-0.01%
2/12/1991,6.765,6.765,6.765,6.765,-0.13%
2/11/1991,6.774,6.774,6.774,6.774,-0.38%
2/8/1991,6.8,6.8,6.8,6.8,-0.15%
2/7/1991,6.81,6.81,6.81,6.81,0.12%
2/6/1991,6.802,6.802,6.802,6.802,-0.13%
2/5/1991,6.811,6.811,6.811,6.811,0.00%
2/4/1991,6.811,6.811,6.811,6.811,-0.38%
2/1/1991,6.837,6.837,6.837,6.837,-3.14%
1/31/1991,7.059,7.059,7.059,7.059,-0.25%
1/30/1991,7.077,7.077,7.077,7.077,-0.14%
1/29/1991,7.087,7.087,7.087,7.087,-0.45%
1/28/1991,7.119,7.119,7.119,7.119,0.35%
1/25/1991,7.094,7.094,7.094,7.094,0.72%
1/24/1991,7.043,7.043,7.043,7.043,-1.37%
1/18/1991,7.141,7.141,7.141,7.141,-0.38%
1/17/1991,7.168,7.168,7.168,7.168,-0.38%
1/16/1991,7.195,7.195,7.195,7.195,0.62%
1/15/1991,7.151,7.151,7.151,7.151,0.24%
1/13/1991,7.134,7.134,7.134,7.134,0.22%
1/10/1991,7.118,7.118,7.118,7.118,-0.61%
1/9/1991,7.162,7.162,7.162,7.162,0.24%
1/8/1991,7.145,7.145,7.145,7.145,-0.83%
1/7/1991,7.205,7.205,7.205,7.205,1.67%
1/3/1991,7.087,7.087,7.087,7.087,0.00%
1/2/1991,7.087,7.087,7.087,7.087,-0.96%
12/31/1990,7.156,7.156,7.156,7.156,-2.56%
12/24/1990,7.344,7.344,7.344,7.344,0.71%
12/21/1990,7.292,7.292,7.292,7.292,0.48%
12/20/1990,7.257,7.257,7.257,7.257,0.60%
12/19/1990,7.214,7.214,7.214,7.214,0.97%
12/18/1990,7.145,7.145,7.145,7.145,-2.15%
12/17/1990,7.302,7.302,7.302,7.302,-0.35%
12/14/1990,7.328,7.328,7.328,7.328,0.58%
12/13/1990,7.286,7.286,7.286,7.286,0.96%
12/12/1990,7.217,7.217,7.217,7.217,-0.36%
12/11/1990,7.243,7.243,7.243,7.243,-0.48%
12/10/1990,7.278,7.278,7.278,7.278,-0.59%
12/7/1990,7.321,7.321,7.321,7.321,-2.32%
12/6/1990,7.495,7.495,7.495,7.495,0.35%
12/5/1990,7.469,7.469,7.469,7.469,0.00%
12/4/1990,7.469,7.469,7.469,7.469,-1.07%
11/26/1990,7.55,7.55,7.55,7.55,0.24%
11/23/1990,7.532,7.532,7.532,7.532,-1.19%
11/20/1990,7.623,7.623,7.623,7.623,-0.12%
11/19/1990,7.632,7.632,7.632,7.632,0.81%
11/16/1990,7.571,7.571,7.571,7.571,-0.47%
11/15/1990,7.607,7.607,7.607,7.607,0.34%
11/14/1990,7.581,7.581,7.581,7.581,-0.12%
11/13/1990,7.59,7.59,7.59,7.59,-0.35%
11/9/1990,7.617,7.617,7.617,7.617,-0.69%
11/8/1990,7.67,7.67,7.67,7.67,0.10%
11/7/1990,7.662,7.662,7.662,7.662,0.34%
11/5/1990,7.636,7.636,7.636,7.636,-0.46%
11/2/1990,7.671,7.671,7.671,7.671,0.09%
11/1/1990,7.664,7.664,7.664,7.664,-1.83%
10/29/1990,7.807,7.807,7.807,7.807,0.22%
10/26/1990,7.79,7.79,7.79,7.79,-0.01%
10/25/1990,7.791,7.791,7.791,7.791,-0.46%
10/24/1990,7.827,7.827,7.827,7.827,-1.12%
10/23/1990,7.916,7.916,7.916,7.916,-0.01%
10/22/1990,7.917,7.917,7.917,7.917,0.00%
10/19/1990,7.917,7.917,7.917,7.917,-0.03%
10/18/1990,7.919,7.919,7.919,7.919,0.00%
10/17/1990,7.919,7.919,7.919,7.919,0.22%
10/16/1990,7.902,7.902,7.902,7.902,-0.11%
10/15/1990,7.911,7.911,7.911,7.911,-0.11%
10/12/1990,7.92,7.92,7.92,7.92,-0.90%
10/11/1990,7.992,7.992,7.992,7.992,-0.11%
10/10/1990,8.001,8.001,8.001,8.001,1.10%
10/9/1990,7.914,7.914,7.914,7.914,1.32%
10/5/1990,7.811,7.811,7.811,7.811,-0.57%
10/4/1990,7.856,7.856,7.856,7.856,-4.09%
8/27/1990,8.191,8.191,8.191,8.191,-1.18%
8/24/1990,8.289,8.289,8.289,8.289,0.33%
8/23/1990,8.262,8.262,8.262,8.262,0.00%
8/22/1990,8.262,8.262,8.262,8.262,0.98%
8/21/1990,8.182,8.182,8.182,8.182,0.22%
8/20/1990,8.164,8.164,8.164,8.164,0.77%
8/17/1990,8.102,8.102,8.102,8.102,-0.11%
8/16/1990,8.111,8.111,8.111,8.111,2.10%
8/15/1990,7.944,7.944,7.944,7.944,0.00%
8/14/1990,7.944,7.944,7.944,7.944,-0.35%
8/9/1990,7.972,7.972,7.972,7.972,-0.33%
8/8/1990,7.998,7.998,7.998,7.998,0.33%
8/7/1990,7.972,7.972,7.972,7.972,1.09%
8/6/1990,7.886,7.886,7.886,7.886,-2.89%
7/24/1990,8.121,8.121,8.121,8.121,0.43%
7/23/1990,8.086,8.086,8.086,8.086,-3.73%
7/12/1990,8.399,8.399,8.399,8.399,0.00%
7/11/1990,8.399,8.399,8.399,8.399,-0.11%
7/10/1990,8.408,8.408,8.408,8.408,0.20%
7/9/1990,8.391,8.391,8.391,8.391,0.62%
7/6/1990,8.339,8.339,8.339,8.339,1.36%
7/5/1990,8.227,8.227,8.227,8.227,0.43%
7/3/1990,8.192,8.192,8.192,8.192,-0.55%
7/2/1990,8.237,8.237,8.237,8.237,-0.74%
6/29/1990,8.298,8.298,8.298,8.298,-0.72%
6/28/1990,8.358,8.358,8.358,8.358,0.00%
6/27/1990,8.358,8.358,8.358,8.358,-1.02%
6/25/1990,8.444,8.444,8.444,8.444,1.08%
6/22/1990,8.354,8.354,8.354,8.354,-0.77%
6/21/1990,8.419,8.419,8.419,8.419,0.10%
6/20/1990,8.411,8.411,8.411,8.411,0.43%
6/19/1990,8.375,8.375,8.375,8.375,0.11%
6/18/1990,8.366,8.366,8.366,8.366,0.54%
6/15/1990,8.321,8.321,8.321,8.321,1.04%
6/14/1990,8.235,8.235,8.235,8.235,-0.31%
6/13/1990,8.261,8.261,8.261,8.261,-1.16%
6/12/1990,8.358,8.358,8.358,8.358,0.00%
6/11/1990,8.358,8.358,8.358,8.358,0.25%
6/8/1990,8.337,8.337,8.337,8.337,-4.11%
6/7/1990,8.694,8.694,8.694,8.694,-0.06%
6/6/1990,8.699,8.699,8.699,8.699,4.40%
6/5/1990,8.332,8.332,8.332,8.332,0.20%
6/4/1990,8.315,8.315,8.315,8.315,-0.08%
6/1/1990,8.322,8.322,8.322,8.322,-1.86%
5/31/1990,8.48,8.48,8.48,8.48,-0.24%
5/30/1990,8.5,8.5,8.5,8.5,0.01%
5/29/1990,8.499,8.499,8.499,8.499,-0.25%
5/25/1990,8.52,8.52,8.52,8.52,0.00%
5/24/1990,8.52,8.52,8.52,8.52,0.41%
5/23/1990,8.485,8.485,8.485,8.485,-1.15%
5/22/1990,8.584,8.584,8.584,8.584,-0.21%
5/21/1990,8.602,8.602,8.602,8.602,-0.10%
5/18/1990,8.611,8.611,8.611,8.611,0.28%
5/17/1990,8.587,8.587,8.587,8.587,0.52%
5/16/1990,8.543,8.543,8.543,8.543,-0.01%
5/15/1990,8.544,8.544,8.544,8.544,0.31%
5/14/1990,8.518,8.518,8.518,8.518,-1.93%
5/11/1990,8.686,8.686,8.686,8.686,-0.52%
5/10/1990,8.731,8.731,8.731,8.731,0.30%
5/9/1990,8.705,8.705,8.705,8.705,-0.31%
5/8/1990,8.732,8.732,8.732,8.732,-0.01%
5/7/1990,8.733,8.733,8.733,8.733,-0.19%
5/4/1990,8.75,8.75,8.75,8.75,-2.27%
5/3/1990,8.953,8.953,8.953,8.953,-0.87%
5/2/1990,9.032,9.032,9.032,9.032,0.00%
5/1/1990,9.032,9.032,9.032,9.032,0.00%
4/27/1990,9.032,9.032,9.032,9.032,0.00%
4/26/1990,9.032,9.032,9.032,9.032,1.91%
4/23/1990,8.863,8.863,8.863,8.863,0.72%
4/20/1990,8.8,8.8,8.8,8.8,0.01%
4/19/1990,8.799,8.799,8.799,8.799,1.34%
4/18/1990,8.683,8.683,8.683,8.683,0.00%
4/17/1990,8.683,8.683,8.683,8.683,0.51%
4/16/1990,8.639,8.639,8.639,8.639,1.03%
4/12/1990,8.551,8.551,8.551,8.551,-0.20%
4/11/1990,8.568,8.568,8.568,8.568,0.09%
4/10/1990,8.56,8.56,8.56,8.56,0.21%
4/9/1990,8.542,8.542,8.542,8.542,-0.22%
4/5/1990,8.561,8.561,8.561,8.561,-0.67%
3/26/1990,8.619,8.619,8.619,8.619,-0.10%
3/23/1990,8.628,8.628,8.628,8.628,0.30%
3/22/1990,8.602,8.602,8.602,8.602,-1.23%
3/21/1990,8.709,8.709,8.709,8.709,0.52%
3/20/1990,8.664,8.664,8.664,8.664,-0.62%
3/16/1990,8.718,8.718,8.718,8.718,0.41%
3/15/1990,8.682,8.682,8.682,8.682,-0.91%
3/14/1990,8.762,8.762,8.762,8.762,0.61%
3/13/1990,8.709,8.709,8.709,8.709,0.01%
3/12/1990,8.708,8.708,8.708,8.708,-0.10%
3/9/1990,8.717,8.717,8.717,8.717,1.33%
3/8/1990,8.603,8.603,8.603,8.603,0.61%
3/7/1990,8.551,8.551,8.551,8.551,-0.30%
3/6/1990,8.577,8.577,8.577,8.577,0.00%
3/5/1990,8.577,8.577,8.577,8.577,0.92%
3/2/1990,8.499,8.499,8.499,8.499,0.82%
2/28/1990,8.43,8.43,8.43,8.43,1.03%
2/27/1990,8.344,8.344,8.344,8.344,-0.42%
2/26/1990,8.379,8.379,8.379,8.379,-0.62%
2/23/1990,8.431,8.431,8.431,8.431,-0.20%
2/22/1990,8.448,8.448,8.448,8.448,-0.72%
2/21/1990,8.509,8.509,8.509,8.509,-0.14%
2/20/1990,8.521,8.521,8.521,8.521,2.26%
2/16/1990,8.333,8.333,8.333,8.333,-0.11%
2/15/1990,8.342,8.342,8.342,8.342,0.75%
2/14/1990,8.28,8.28,8.28,8.28,0.85%
2/13/1990,8.21,8.21,8.21,8.21,-1.16%
2/12/1990,8.306,8.306,8.306,8.306,0.74%
2/9/1990,8.245,8.245,8.245,8.245,-1.78%
2/8/1990,8.394,8.394,8.394,8.394,0.00%
2/7/1990,8.394,8.394,8.394,8.394,0.21%
2/5/1990,8.376,8.376,8.376,8.376,0.20%
2/2/1990,8.359,8.359,8.359,8.359,0.84%
2/1/1990,8.289,8.289,8.289,8.289,0.21%
1/31/1990,8.272,8.272,8.272,8.272,-0.31%
1/30/1990,8.298,8.298,8.298,8.298,-0.20%
1/29/1990,8.315,8.315,8.315,8.315,0.52%
1/26/1990,8.272,8.272,8.272,8.272,0.21%
1/25/1990,8.255,8.255,8.255,8.255,0.43%
1/24/1990,8.22,8.22,8.22,8.22,-0.18%
1/23/1990,8.235,8.235,8.235,8.235,0.99%
1/22/1990,8.154,8.154,8.154,8.154,-0.32%
1/19/1990,8.18,8.18,8.18,8.18,-0.85%
1/18/1990,8.25,8.25,8.25,8.25,2.21%
1/17/1990,8.072,8.072,8.072,8.072,-0.43%
1/16/1990,8.107,8.107,8.107,8.107,2.00%
1/12/1990,7.948,7.948,7.948,7.948,0.13%
1/11/1990,7.938,7.938,7.938,7.938,0.56%
1/10/1990,7.894,7.894,7.894,7.894,-0.21%
1/9/1990,7.911,7.911,7.911,7.911,0.00%
1/8/1990,7.911,7.911,7.911,7.911,0.13%
12/29/1989,7.901,7.901,7.901,7.901,-0.23%
12/27/1989,7.919,7.919,7.919,7.919,0.66%
12/26/1989,7.867,7.867,7.867,7.867,1.56%
12/22/1989,7.746,7.746,7.746,7.746,0.90%
12/21/1989,7.677,7.677,7.677,7.677,0.34%
12/20/1989,7.651,7.651,7.651,7.651,-0.34%
12/19/1989,7.677,7.677,7.677,7.677,-0.89%
12/18/1989,7.746,7.746,7.746,7.746,-0.23%
12/15/1989,7.764,7.764,7.764,7.764,0.22%
12/14/1989,7.747,7.747,7.747,7.747,-0.68%
12/13/1989,7.8,7.8,7.8,7.8,0.00%
12/12/1989,7.8,7.8,7.8,7.8,0.00%
12/11/1989,7.8,7.8,7.8,7.8,0.22%
12/8/1989,7.783,7.783,7.783,7.783,-0.89%
12/7/1989,7.853,7.853,7.853,7.853,0.67%
12/6/1989,7.801,7.801,7.801,7.801,1.13%
12/5/1989,7.714,7.714,7.714,7.714,0.00%
12/4/1989,7.714,7.714,7.714,7.714,0.22%
12/1/1989,7.697,7.697,7.697,7.697,-1.07%
11/27/1989,7.78,7.78,7.78,7.78,1.74%
11/24/1989,7.647,7.647,7.647,7.647,-0.12%
11/22/1989,7.656,7.656,7.656,7.656,-1.48%
11/21/1989,7.771,7.771,7.771,7.771,0.12%
11/20/1989,7.762,7.762,7.762,7.762,-0.12%
11/17/1989,7.771,7.771,7.771,7.771,0.80%
11/16/1989,7.709,7.709,7.709,7.709,0.22%
11/15/1989,7.692,7.692,7.692,7.692,-0.68%
11/14/1989,7.745,7.745,7.745,7.745,-0.78%
11/13/1989,7.806,7.806,7.806,7.806,-0.22%
11/10/1989,7.823,7.823,7.823,7.823,0.33%
11/9/1989,7.797,7.797,7.797,7.797,0.45%
11/8/1989,7.762,7.762,7.762,7.762,-1.32%
11/7/1989,7.866,7.866,7.866,7.866,-2.18%
11/6/1989,8.041,8.041,8.041,8.041,0.78%
11/3/1989,7.979,7.979,7.979,7.979,2.11%
11/2/1989,7.814,7.814,7.814,7.814,-0.45%
11/1/1989,7.849,7.849,7.849,7.849,-0.22%
10/31/1989,7.866,7.866,7.866,7.866,0.23%
10/30/1989,7.848,7.848,7.848,7.848,0.00%
10/27/1989,7.848,7.848,7.848,7.848,0.87%
10/26/1989,7.78,7.78,7.78,7.78,0.45%
10/25/1989,7.745,7.745,7.745,7.745,1.04%
10/24/1989,7.665,7.665,7.665,7.665,-2.65%
10/23/1989,7.874,7.874,7.874,7.874,-0.46%
10/20/1989,7.91,7.91,7.91,7.91,0.42%
10/19/1989,7.877,7.877,7.877,7.877,0.65%
10/18/1989,7.826,7.826,7.826,7.826,-0.23%
10/17/1989,7.844,7.844,7.844,7.844,-0.01%
10/16/1989,7.845,7.845,7.845,7.845,2.48%
10/13/1989,7.655,7.655,7.655,7.655,-4.17%
10/12/1989,7.988,7.988,7.988,7.988,-1.09%
10/11/1989,8.076,8.076,8.076,8.076,-0.01%
10/6/1989,8.077,8.077,8.077,8.077,-2.94%
10/5/1989,8.322,8.322,8.322,8.322,-0.63%
10/4/1989,8.375,8.375,8.375,8.375,-0.42%
10/3/1989,8.41,8.41,8.41,8.41,-0.61%
10/2/1989,8.462,8.462,8.462,8.462,0.00%
9/29/1989,8.462,8.462,8.462,8.462,0.62%
9/28/1989,8.41,8.41,8.41,8.41,-0.37%
9/27/1989,8.441,8.441,8.441,8.441,0.00%
9/26/1989,8.441,8.441,8.441,8.441,0.00%
9/25/1989,8.441,8.441,8.441,8.441,1.50%
9/22/1989,8.316,8.316,8.316,8.316,0.00%
9/21/1989,8.316,8.316,8.316,8.316,0.64%
9/20/1989,8.263,8.263,8.263,8.263,1.52%
9/19/1989,8.139,8.139,8.139,8.139,0.21%
9/18/1989,8.122,8.122,8.122,8.122,0.87%
9/15/1989,8.052,8.052,8.052,8.052,-0.45%
9/14/1989,8.088,8.088,8.088,8.088,-1.29%
9/13/1989,8.194,8.194,8.194,8.194,0.21%
9/12/1989,8.177,8.177,8.177,8.177,-0.22%
9/11/1989,8.195,8.195,8.195,8.195,-0.85%
9/8/1989,8.265,8.265,8.265,8.265,-0.64%
9/7/1989,8.318,8.318,8.318,8.318,-0.62%
9/6/1989,8.37,8.37,8.37,8.37,-0.01%
9/5/1989,8.371,8.371,8.371,8.371,0.64%
9/1/1989,8.318,8.318,8.318,8.318,-1.05%
8/31/1989,8.406,8.406,8.406,8.406,0.00%
8/30/1989,8.406,8.406,8.406,8.406,-0.31%
8/29/1989,8.432,8.432,8.432,8.432,0.11%
8/28/1989,8.423,8.423,8.423,8.423,1.04%
8/25/1989,8.336,8.336,8.336,8.336,0.20%
8/24/1989,8.319,8.319,8.319,8.319,-0.62%
8/23/1989,8.371,8.371,8.371,8.371,-0.42%
8/22/1989,8.406,8.406,8.406,8.406,1.11%
8/21/1989,8.314,8.314,8.314,8.314,0.65%
8/18/1989,8.26,8.26,8.26,8.26,0.23%
8/17/1989,8.241,8.241,8.241,8.241,0.88%
8/16/1989,8.169,8.169,8.169,8.169,-1.50%
8/15/1989,8.293,8.293,8.293,8.293,0.00%
8/14/1989,8.293,8.293,8.293,8.293,1.74%
8/11/1989,8.151,8.151,8.151,8.151,1.99%
8/10/1989,7.992,7.992,7.992,7.992,0.00%
8/9/1989,7.992,7.992,7.992,7.992,0.23%
8/8/1989,7.974,7.974,7.974,7.974,-0.44%
8/7/1989,8.009,8.009,8.009,8.009,6.42%
8/2/1989,7.526,7.526,7.526,7.526,0.68%
8/1/1989,7.475,7.475,7.475,7.475,-0.81%
7/31/1989,7.536,7.536,7.536,7.536,-0.45%
7/28/1989,7.57,7.57,7.57,7.57,-1.05%
7/27/1989,7.65,7.65,7.65,7.65,-1.29%
7/26/1989,7.75,7.75,7.75,7.75,-0.98%
7/25/1989,7.827,7.827,7.827,7.827,-1.24%
7/24/1989,7.925,7.925,7.925,7.925,-0.01%
7/21/1989,7.926,7.926,7.926,7.926,1.56%
7/20/1989,7.804,7.804,7.804,7.804,-1.01%
7/19/1989,7.884,7.884,7.884,7.884,-0.89%
7/18/1989,7.955,7.955,7.955,7.955,1.56%
7/17/1989,7.833,7.833,7.833,7.833,0.55%
7/14/1989,7.79,7.79,7.79,7.79,0.19%
7/13/1989,7.775,7.775,7.775,7.775,0.44%
7/12/1989,7.741,7.741,7.741,7.741,-0.79%
7/11/1989,7.803,7.803,7.803,7.803,-0.23%
7/10/1989,7.821,7.821,7.821,7.821,-0.33%
7/7/1989,7.847,7.847,7.847,7.847,-0.91%
7/6/1989,7.919,7.919,7.919,7.919,-0.76%
7/5/1989,7.98,7.98,7.98,7.98,-0.32%
7/3/1989,8.006,8.006,8.006,8.006,-0.77%
6/30/1989,8.068,8.068,8.068,8.068,-0.86%
6/29/1989,8.138,8.138,8.138,8.138,-1.67%
6/28/1989,8.276,8.276,8.276,8.276,0.52%
6/27/1989,8.233,8.233,8.233,8.233,-1.61%
6/26/1989,8.368,8.368,8.368,8.368,0.00%
6/23/1989,8.368,8.368,8.368,8.368,-2.31%
6/22/1989,8.566,8.566,8.566,8.566,0.00%
6/21/1989,8.566,8.566,8.566,8.566,0.93%
6/20/1989,8.487,8.487,8.487,8.487,-0.53%
6/19/1989,8.532,8.532,8.532,8.532,0.20%
6/16/1989,8.515,8.515,8.515,8.515,0.51%
6/15/1989,8.472,8.472,8.472,8.472,1.46%
6/14/1989,8.35,8.35,8.35,8.35,-0.74%
6/13/1989,8.412,8.412,8.412,8.412,1.58%
6/12/1989,8.281,8.281,8.281,8.281,0.10%
6/9/1989,8.273,8.273,8.273,8.273,-0.66%
6/8/1989,8.328,8.328,8.328,8.328,-0.22%
6/7/1989,8.346,8.346,8.346,8.346,-0.94%
6/6/1989,8.425,8.425,8.425,8.425,0.19%
6/5/1989,8.409,8.409,8.409,8.409,-1.33%
6/2/1989,8.522,8.522,8.522,8.522,-3.37%
6/1/1989,8.819,8.819,8.819,8.819,0.09%
5/31/1989,8.811,8.811,8.811,8.811,-1.19%
5/30/1989,8.917,8.917,8.917,8.917,-0.30%
5/26/1989,8.944,8.944,8.944,8.944,-0.82%
5/25/1989,9.018,9.018,9.018,9.018,1.70%
5/24/1989,8.867,8.867,8.867,8.867,0.29%
5/23/1989,8.841,8.841,8.841,8.841,-0.10%
5/22/1989,8.85,8.85,8.85,8.85,-1.11%
5/19/1989,8.949,8.949,8.949,8.949,-0.42%
5/18/1989,8.987,8.987,8.987,8.987,0.39%
5/17/1989,8.952,8.952,8.952,8.952,0.00%
5/16/1989,8.952,8.952,8.952,8.952,0.29%
5/15/1989,8.926,8.926,8.926,8.926,1.29%
5/12/1989,8.812,8.812,8.812,8.812,-3.50%
5/11/1989,9.132,9.132,9.132,9.132,-1.34%
5/10/1989,9.256,9.256,9.256,9.256,0.38%
5/9/1989,9.221,9.221,9.221,9.221,1.45%
5/8/1989,9.089,9.089,9.089,9.089,0.87%
5/5/1989,9.011,9.011,9.011,9.011,-2.20%
5/4/1989,9.214,9.214,9.214,9.214,0.00%
5/3/1989,9.214,9.214,9.214,9.214,-0.19%
5/2/1989,9.232,9.232,9.232,9.232,-1.14%
5/1/1989,9.338,9.338,9.338,9.338,1.42%
4/28/1989,9.207,9.207,9.207,9.207,-0.28%
4/27/1989,9.233,9.233,9.233,9.233,-1.03%
4/26/1989,9.329,9.329,9.329,9.329,-0.45%
4/25/1989,9.371,9.371,9.371,9.371,-0.77%
4/24/1989,9.444,9.444,9.444,9.444,0.08%
4/21/1989,9.436,9.436,9.436,9.436,-0.21%
4/20/1989,9.456,9.456,9.456,9.456,1.72%
4/19/1989,9.296,9.296,9.296,9.296,0.38%
4/18/1989,9.261,9.261,9.261,9.261,-2.27%
4/17/1989,9.476,9.476,9.476,9.476,0.75%
4/14/1989,9.405,9.405,9.405,9.405,-2.60%
4/13/1989,9.656,9.656,9.656,9.656,0.84%
4/12/1989,9.576,9.576,9.576,9.576,0.27%
4/11/1989,9.55,9.55,9.55,9.55,-0.28%
4/10/1989,9.577,9.577,9.577,9.577,0.27%
4/7/1989,9.551,9.551,9.551,9.551,0.17%
4/6/1989,9.535,9.535,9.535,9.535,0.73%
4/5/1989,9.466,9.466,9.466,9.466,0.37%
4/4/1989,9.431,9.431,9.431,9.431,-1.30%
4/3/1989,9.555,9.555,9.555,9.555,-1.81%
3/31/1989,9.731,9.731,9.731,9.731,-0.73%
3/30/1989,9.803,9.803,9.803,9.803,0.18%
3/29/1989,9.785,9.785,9.785,9.785,-0.54%
3/28/1989,9.838,9.838,9.838,9.838,-0.02%
3/27/1989,9.84,9.84,9.84,9.84,0.19%
3/23/1989,9.821,9.821,9.821,9.821,0.29%
3/22/1989,9.793,9.793,9.793,9.793,-1.01%
3/21/1989,9.893,9.893,9.893,9.893,-0.18%
3/20/1989,9.911,9.911,9.911,9.911,0.93%
3/17/1989,9.82,9.82,9.82,9.82,1.69%
3/16/1989,9.657,9.657,9.657,9.657,0.00%
3/15/1989,9.657,9.657,9.657,9.657,0.00%
3/14/1989,9.657,9.657,9.657,9.657,0.01%
3/13/1989,9.656,9.656,9.656,9.656,0.00%
3/10/1989,9.656,9.656,9.656,9.656,1.68%
3/9/1989,9.496,9.496,9.496,9.496,0.18%
3/8/1989,9.479,9.479,9.479,9.479,0.10%
3/7/1989,9.47,9.47,9.47,9.47,0.19%
3/6/1989,9.452,9.452,9.452,9.452,-0.10%
3/3/1989,9.461,9.461,9.461,9.461,-0.74%
3/2/1989,9.532,9.532,9.532,9.532,-0.01%
3/1/1989,9.533,9.533,9.533,9.533,0.19%
2/28/1989,9.515,9.515,9.515,9.515,-1.10%
2/27/1989,9.621,9.621,9.621,9.621,-0.55%
2/24/1989,9.674,9.674,9.674,9.674,0.92%
2/23/1989,9.586,9.586,9.586,9.586,0.93%
2/22/1989,9.498,9.498,9.498,9.498,1.05%
2/21/1989,9.399,9.399,9.399,9.399,0.30%
2/17/1989,9.371,9.371,9.371,9.371,0.00%
2/16/1989,9.371,9.371,9.371,9.371,-0.37%
2/15/1989,9.406,9.406,9.406,9.406,-0.19%
2/14/1989,9.424,9.424,9.424,9.424,0.29%
2/13/1989,9.397,9.397,9.397,9.397,0.10%
2/10/1989,9.388,9.388,9.388,9.388,1.16%
2/9/1989,9.28,9.28,9.28,9.28,0.38%
2/8/1989,9.245,9.245,9.245,9.245,0.39%
2/7/1989,9.209,9.209,9.209,9.209,-0.29%
2/6/1989,9.236,9.236,9.236,9.236,0.10%
2/3/1989,9.227,9.227,9.227,9.227,1.25%
2/2/1989,9.113,9.113,9.113,9.113,0.00%
2/1/1989,9.113,9.113,9.113,9.113,0.00%
1/31/1989,9.113,9.113,9.113,9.113,-0.10%
1/30/1989,9.122,9.122,9.122,9.122,0.57%
1/27/1989,9.07,9.07,9.07,9.07,-0.77%
1/26/1989,9.14,9.14,9.14,9.14,0.00%
1/25/1989,9.14,9.14,9.14,9.14,1.02%
1/24/1989,9.048,9.048,9.048,9.048,-0.59%
1/23/1989,9.102,9.102,9.102,9.102,-0.59%
1/20/1989,9.156,9.156,9.156,9.156,0.58%
1/19/1989,9.103,9.103,9.103,9.103,0.00%
1/18/1989,9.103,9.103,9.103,9.103,-0.78%
1/17/1989,9.175,9.175,9.175,9.175,0.38%
1/13/1989,9.14,9.14,9.14,9.14,-0.96%
1/12/1989,9.229,9.229,9.229,9.229,-0.49%
1/11/1989,9.274,9.274,9.274,9.274,0.19%
1/10/1989,9.256,9.256,9.256,9.256,-0.29%
1/9/1989,9.283,9.283,9.283,9.283,-0.39%
1/6/1989,9.319,9.319,9.319,9.319,-0.19%
1/5/1989,9.337,9.337,9.337,9.337,1.05%
1/4/1989,9.24,9.24,9.24,9.24,0.10%
1/3/1989,9.231,9.231,9.231,9.231,0.76%
12/30/1988,9.161,9.161,9.161,9.161,-0.20%
12/29/1988,9.179,9.179,9.179,9.179,-0.44%
12/28/1988,9.22,9.22,9.22,9.22,0.89%
12/27/1988,9.139,9.139,9.139,9.139,1.21%
12/23/1988,9.03,9.03,9.03,9.03,0.00%
12/22/1988,9.03,9.03,9.03,9.03,-0.59%
12/21/1988,9.084,9.084,9.084,9.084,-0.20%
12/20/1988,9.102,9.102,9.102,9.102,-0.78%
12/19/1988,9.174,9.174,9.174,9.174,-0.20%
12/16/1988,9.192,9.192,9.192,9.192,0.01%
12/15/1988,9.191,9.191,9.191,9.191,0.20%
12/14/1988,9.173,9.173,9.173,9.173,0.10%
12/13/1988,9.164,9.164,9.164,9.164,1.27%
12/12/1988,9.049,9.049,9.049,9.049,0.00%
12/9/1988,9.049,9.049,9.049,9.049,0.59%
12/8/1988,8.996,8.996,8.996,8.996,0.69%
12/7/1988,8.934,8.934,8.934,8.934,0.29%
12/6/1988,8.908,8.908,8.908,8.908,-1.66%
12/5/1988,9.058,9.058,9.058,9.058,-0.86%
12/2/1988,9.137,9.137,9.137,9.137,3.16%
12/1/1988,8.857,8.857,8.857,8.857,0.19%
11/30/1988,8.84,8.84,8.84,8.84,-1.17%
11/29/1988,8.945,8.945,8.945,8.945,-0.58%
11/28/1988,8.997,8.997,8.997,8.997,0.19%
11/25/1988,8.98,8.98,8.98,8.98,1.18%
11/23/1988,8.875,8.875,8.875,8.875,0.00%
11/22/1988,8.875,8.875,8.875,8.875,0.86%
11/21/1988,8.799,8.799,8.799,8.799,0.01%
11/18/1988,8.798,8.798,8.798,8.798,0.42%
11/17/1988,8.761,8.761,8.761,8.761,0.21%
11/16/1988,8.743,8.743,8.743,8.743,0.83%
11/15/1988,8.671,8.671,8.671,8.671,0.42%
11/14/1988,8.635,8.635,8.635,8.635,0.62%
11/10/1988,8.582,8.582,8.582,8.582,0.21%
11/9/1988,8.564,8.564,8.564,8.564,0.62%
11/8/1988,8.511,8.511,8.511,8.511,0.21%
11/7/1988,8.493,8.493,8.493,8.493,1.05%
11/4/1988,8.405,8.405,8.405,8.405,1.89%
11/3/1988,8.249,8.249,8.249,8.249,-0.42%
11/2/1988,8.284,8.284,8.284,8.284,0.52%
11/1/1988,8.241,8.241,8.241,8.241,0.21%
10/31/1988,8.224,8.224,8.224,8.224,-0.42%
10/28/1988,8.259,8.259,8.259,8.259,-0.10%
10/27/1988,8.267,8.267,8.267,8.267,-0.93%
10/26/1988,8.345,8.345,8.345,8.345,-0.61%
10/25/1988,8.396,8.396,8.396,8.396,0.00%
10/24/1988,8.396,8.396,8.396,8.396,-0.11%
10/21/1988,8.405,8.405,8.405,8.405,0.62%
10/20/1988,8.353,8.353,8.353,8.353,-0.22%
10/19/1988,8.371,8.371,8.371,8.371,0.73%
10/18/1988,8.31,8.31,8.31,8.31,-0.11%
10/17/1988,8.319,8.319,8.319,8.319,0.00%
10/14/1988,8.319,8.319,8.319,8.319,-0.23%
10/13/1988,8.338,8.338,8.338,8.338,0.41%
10/12/1988,8.304,8.304,8.304,8.304,0.00%
10/11/1988,8.304,8.304,8.304,8.304,0.41%
10/7/1988,8.27,8.27,8.27,8.27,-2.08%
10/6/1988,8.446,8.446,8.446,8.446,0.20%
10/5/1988,8.429,8.429,8.429,8.429,0.00%
10/4/1988,8.429,8.429,8.429,8.429,0.20%
10/3/1988,8.412,8.412,8.412,8.412,-0.21%
9/30/1988,8.43,8.43,8.43,8.43,-1.23%
9/29/1988,8.535,8.535,8.535,8.535,-0.61%
9/28/1988,8.587,8.587,8.587,8.587,0.55%
9/27/1988,8.54,8.54,8.54,8.54,0.34%
9/26/1988,8.511,8.511,8.511,8.511,0.63%
9/23/1988,8.458,8.458,8.458,8.458,0.42%
9/22/1988,8.423,8.423,8.423,8.423,0.20%
9/21/1988,8.406,8.406,8.406,8.406,-0.43%
9/20/1988,8.442,8.442,8.442,8.442,0.00%
9/19/1988,8.442,8.442,8.442,8.442,0.40%
9/16/1988,8.408,8.408,8.408,8.408,0.20%
9/15/1988,8.391,8.391,8.391,8.391,0.41%
9/14/1988,8.357,8.357,8.357,8.357,-0.63%
9/13/1988,8.41,8.41,8.41,8.41,-0.43%
9/12/1988,8.446,8.446,8.446,8.446,0.62%
9/9/1988,8.394,8.394,8.394,8.394,-0.64%
9/8/1988,8.448,8.448,8.448,8.448,-0.21%
9/7/1988,8.466,8.466,8.466,8.466,0.00%
9/6/1988,8.466,8.466,8.466,8.466,0.00%
9/2/1988,8.466,8.466,8.466,8.466,-2.43%
9/1/1988,8.677,8.677,8.677,8.677,-0.60%
8/31/1988,8.729,8.729,8.729,8.729,-0.21%
8/30/1988,8.747,8.747,8.747,8.747,0.00%
8/29/1988,8.747,8.747,8.747,8.747,-0.59%
8/26/1988,8.799,8.799,8.799,8.799,0.00%
8/25/1988,8.799,8.799,8.799,8.799,0.80%
8/24/1988,8.729,8.729,8.729,8.729,0.22%
8/23/1988,8.71,8.71,8.71,8.71,-0.60%
8/22/1988,8.763,8.763,8.763,8.763,0.21%
8/19/1988,8.745,8.745,8.745,8.745,0.21%
8/18/1988,8.727,8.727,8.727,8.727,0.01%
8/17/1988,8.726,8.726,8.726,8.726,0.21%
8/16/1988,8.708,8.708,8.708,8.708,0.21%
8/15/1988,8.69,8.69,8.69,8.69,0.00%
8/12/1988,8.69,8.69,8.69,8.69,0.00%
8/11/1988,8.69,8.69,8.69,8.69,0.42%
8/10/1988,8.654,8.654,8.654,8.654,0.62%
8/9/1988,8.601,8.601,8.601,8.601,1.24%
8/8/1988,8.496,8.496,8.496,8.496,0.21%
8/5/1988,8.478,8.478,8.478,8.478,1.87%
8/4/1988,8.322,8.322,8.322,8.322,-0.22%
8/3/1988,8.34,8.34,8.34,8.34,0.00%
8/2/1988,8.34,8.34,8.34,8.34,-0.42%
8/1/1988,8.375,8.375,8.375,8.375,-0.42%
7/29/1988,8.41,8.41,8.41,8.41,-0.61%
7/28/1988,8.462,8.462,8.462,8.462,0.20%
7/27/1988,8.445,8.445,8.445,8.445,1.11%
7/26/1988,8.352,8.352,8.352,8.352,0.22%
7/25/1988,8.334,8.334,8.334,8.334,0.00%
7/22/1988,8.334,8.334,8.334,8.334,-0.62%
7/21/1988,8.386,8.386,8.386,8.386,1.07%
7/20/1988,8.297,8.297,8.297,8.297,0.00%
7/19/1988,8.297,8.297,8.297,8.297,-0.63%
7/18/1988,8.35,8.35,8.35,8.35,0.64%
7/15/1988,8.297,8.297,8.297,8.297,-0.20%
7/14/1988,8.314,8.314,8.314,8.314,0.43%
7/13/1988,8.278,8.278,8.278,8.278,0.00%
7/12/1988,8.278,8.278,8.278,8.278,0.42%
7/11/1988,8.243,8.243,8.243,8.243,-0.21%
7/8/1988,8.26,8.26,8.26,8.26,1.72%
7/7/1988,8.12,8.12,8.12,8.12,0.43%
7/6/1988,8.085,8.085,8.085,8.085,0.65%
7/5/1988,8.033,8.033,8.033,8.033,0.43%
7/1/1988,7.999,7.999,7.999,7.999,-0.22%
6/30/1988,8.017,8.017,8.017,8.017,-0.22%
6/29/1988,8.035,8.035,8.035,8.035,-0.21%
6/28/1988,8.052,8.052,8.052,8.052,-0.85%
6/27/1988,8.121,8.121,8.121,8.121,0.86%
6/24/1988,8.052,8.052,8.052,8.052,0.00%
6/23/1988,8.052,8.052,8.052,8.052,-1.06%
6/21/1988,8.138,8.138,8.138,8.138,0.22%
6/20/1988,8.12,8.12,8.12,8.12,0.43%
6/17/1988,8.085,8.085,8.085,8.085,1.76%
6/16/1988,7.945,7.945,7.945,7.945,1.56%
6/15/1988,7.823,7.823,7.823,7.823,0.44%
6/14/1988,7.789,7.789,7.789,7.789,-2.20%
6/13/1988,7.964,7.964,7.964,7.964,-0.01%
6/10/1988,7.965,7.965,7.965,7.965,-0.01%
6/9/1988,7.966,7.966,7.966,7.966,0.21%
6/8/1988,7.949,7.949,7.949,7.949,-1.30%
6/7/1988,8.054,8.054,8.054,8.054,0.00%
6/6/1988,8.054,8.054,8.054,8.054,0.42%
6/3/1988,8.02,8.02,8.02,8.02,-1.50%
6/2/1988,8.142,8.142,8.142,8.142,0.64%
6/1/1988,8.09,8.09,8.09,8.09,-1.69%
5/31/1988,8.229,8.229,8.229,8.229,-0.21%
5/27/1988,8.246,8.246,8.246,8.246,0.21%
5/26/1988,8.229,8.229,8.229,8.229,0.85%
5/25/1988,8.16,8.16,8.16,8.16,0.50%
5/24/1988,8.119,8.119,8.119,8.119,0.00%
5/23/1988,8.119,8.119,8.119,8.119,0.45%
5/20/1988,8.083,8.083,8.083,8.083,0.69%
5/19/1988,8.028,8.028,8.028,8.028,-0.22%
5/18/1988,8.046,8.046,8.046,8.046,0.45%
5/17/1988,8.01,8.01,8.01,8.01,1.12%
5/16/1988,7.921,7.921,7.921,7.921,0.44%
5/13/1988,7.886,7.886,7.886,7.886,-0.66%
5/12/1988,7.938,7.938,7.938,7.938,-0.21%
5/11/1988,7.955,7.955,7.955,7.955,-0.44%
5/10/1988,7.99,7.99,7.99,7.99,0.44%
5/9/1988,7.955,7.955,7.955,7.955,0.67%
5/6/1988,7.902,7.902,7.902,7.902,1.33%
5/5/1988,7.798,7.798,7.798,7.798,0.45%
5/4/1988,7.763,7.763,7.763,7.763,0.00%
5/3/1988,7.763,7.763,7.763,7.763,-0.45%
5/2/1988,7.798,7.798,7.798,7.798,0.67%
4/29/1988,7.746,7.746,7.746,7.746,0.45%
4/28/1988,7.711,7.711,7.711,7.711,1.01%
4/27/1988,7.634,7.634,7.634,7.634,0.21%
4/26/1988,7.618,7.618,7.618,7.618,-0.24%
4/25/1988,7.636,7.636,7.636,7.636,0.00%
4/22/1988,7.636,7.636,7.636,7.636,0.24%
4/21/1988,7.618,7.618,7.618,7.618,-0.22%
4/20/1988,7.635,7.635,7.635,7.635,0.70%
4/19/1988,7.582,7.582,7.582,7.582,-0.24%
4/18/1988,7.6,7.6,7.6,7.6,0.01%
4/15/1988,7.599,7.599,7.599,7.599,0.93%
4/14/1988,7.529,7.529,7.529,7.529,1.17%
4/13/1988,7.442,7.442,7.442,7.442,-0.47%
4/12/1988,7.477,7.477,7.477,7.477,-0.47%
4/11/1988,7.512,7.512,7.512,7.512,0.47%
4/8/1988,7.477,7.477,7.477,7.477,-0.69%
4/7/1988,7.529,7.529,7.529,7.529,0.00%
4/6/1988,7.529,7.529,7.529,7.529,-0.69%
4/5/1988,7.581,7.581,7.581,7.581,0.00%
4/4/1988,7.581,7.581,7.581,7.581,2.32%
3/31/1988,7.409,7.409,7.409,7.409,0.00%
3/30/1988,7.409,7.409,7.409,7.409,-0.23%
3/29/1988,7.426,7.426,7.426,7.426,-0.46%
3/28/1988,7.46,7.46,7.46,7.46,1.39%
3/25/1988,7.358,7.358,7.358,7.358,-1.59%
3/24/1988,7.477,7.477,7.477,7.477,1.00%
3/23/1988,7.403,7.403,7.403,7.403,0.72%
3/22/1988,7.35,7.35,7.35,7.35,0.48%
3/21/1988,7.315,7.315,7.315,7.315,1.22%
3/18/1988,7.227,7.227,7.227,7.227,0.85%
3/17/1988,7.166,7.166,7.166,7.166,-0.84%
3/16/1988,7.227,7.227,7.227,7.227,0.74%
3/15/1988,7.174,7.174,7.174,7.174,-0.25%
3/14/1988,7.192,7.192,7.192,7.192,0.00%
3/11/1988,7.192,7.192,7.192,7.192,-0.72%
3/10/1988,7.244,7.244,7.244,7.244,0.47%
3/9/1988,7.21,7.21,7.21,7.21,0.00%
3/8/1988,7.21,7.21,7.21,7.21,0.00%
3/7/1988,7.21,7.21,7.21,7.21,0.00%
3/4/1988,7.21,7.21,7.21,7.21,1.69%
3/3/1988,7.09,7.09,7.09,7.09,0.00%
3/2/1988,7.09,7.09,7.09,7.09,-0.25%
3/1/1988,7.108,7.108,7.108,7.108,-0.24%
2/29/1988,7.125,7.125,7.125,7.125,-0.47%
2/26/1988,7.159,7.159,7.159,7.159,-0.47%
