Date,Close
10/30/1996,114.18
11/01/1996,113.5
11/04/1996,113.88
11/05/1996,114.25
11/06/1996,113.95
11/08/1996,111.74
11/11/1996,111.12
11/12/1996,111.33
11/13/1996,111.35
11/15/1996,111.05
11/18/1996,111.4
11/19/1996,111.58
11/20/1996,111.52
11/21/1996,111.25
11/22/1996,111.42
11/26/1996,112.4
11/28/1996,113.67
11/29/1996,113.8
12/02/1996,114.52
12/03/1996,113.3
12/04/1996,113.05
12/05/1996,112.25
12/06/1996,112.95
12/09/1996,113.4
12/10/1996,113.35
12/11/1996,112.88
12/12/1996,113.13
12/13/1996,113.85
12/16/1996,113.82
12/17/1996,113.82
12/18/1996,113.63
12/19/1996,114.01
12/20/1996,114.25
12/23/1996,114.05
12/24/1996,114.4
12/25/1996,114.63
12/26/1996,114.88
12/27/1996,115.25
12/30/1996,116.2
12/31/1996,115.9
01/01/1997,115.85
01/02/1997,115.65
01/03/1997,116.41
01/06/1997,115.71
01/07/1997,115.22
01/08/1997,115.85
01/09/1997,116.31
01/10/1997,116.11
1/13/1997,116.48
1/14/1997,116.94
1/15/1997,116.77
1/16/1997,116.54
1/17/1997,117.32
1/20/1997,117.91
1/21/1997,117.88
1/22/1997,117.93
1/23/1997,119.2
1/24/1997,118.85
1/27/1997,119.53
1/28/1997,121.0
1/30/1997,121.75
1/31/1997,121.25
02/03/1997,121.65
02/04/1997,122.46
02/05/1997,123.49
02/06/1997,123.8
02/07/1997,123.15
02/10/1997,122.76
02/11/1997,123.28
2/13/1997,124.23
2/14/1997,124.25
2/17/1997,124.55
2/18/1997,124.0
2/19/1997,124.51
2/21/1997,123.2
2/25/1997,121.4
2/26/1997,122.15
2/28/1997,120.3
03/03/1997,121.31
03/04/1997,122.08
03/05/1997,121.2
03/06/1997,121.03
03/07/1997,122.0
03/10/1997,121.62
03/11/1997,121.85
03/12/1997,122.27
3/13/1997,123.43
3/14/1997,123.42
3/17/1997,123.75
3/19/1997,122.75
3/20/1997,123.72
3/21/1997,122.67
3/24/1997,122.95
3/25/1997,123.73
3/27/1997,123.51
3/28/1997,123.63
3/31/1997,123.78
04/01/1997,121.9
04/02/1997,123.12
04/03/1997,122.59
04/04/1997,124.25
04/07/1997,125.7
04/08/1997,126.3
04/09/1997,126.83
04/10/1997,125.81
04/11/1997,126.1
4/14/1997,126.57
4/15/1997,126.0
4/16/1997,125.59
4/17/1997,126.0
4/18/1997,125.8
4/21/1997,125.36
4/22/1997,126.15
4/23/1997,126.04
4/24/1997,126.07
4/25/1997,126.25
4/28/1997,126.82
4/29/1997,126.84
4/30/1997,127.06
05/01/1997,126.45
05/02/1997,126.65
05/05/1997,126.62
05/06/1997,125.27
05/07/1997,125.13
05/08/1997,123.72
05/09/1997,120.0
05/12/1997,119.3
5/13/1997,118.4
5/14/1997,116.6
5/15/1997,115.88
5/16/1997,115.75
5/19/1997,115.67
5/20/1997,112.6
5/21/1997,114.05
5/22/1997,116.15
5/23/1997,115.51
5/27/1997,116.65
5/28/1997,115.6
5/29/1997,116.3
5/30/1997,116.16
06/02/1997,116.65
06/03/1997,116.01
06/04/1997,116.23
06/05/1997,115.5
06/06/1997,114.21
06/09/1997,113.02
06/10/1997,112.0
06/11/1997,111.18
06/12/1997,114.15
6/13/1997,114.83
6/16/1997,113.18
6/17/1997,113.17
6/18/1997,113.53
6/19/1997,114.09
6/20/1997,114.96
6/23/1997,114.63
6/24/1997,114.77
6/25/1997,113.84
6/26/1997,113.13
6/27/1997,114.55
6/30/1997,114.61
07/01/1997,114.83
07/02/1997,114.45
07/03/1997,113.46
07/04/1997,114.2
07/07/1997,112.49
07/08/1997,112.87
07/09/1997,112.61
07/10/1997,113.04
07/11/1997,114.1
7/14/1997,113.66
7/16/1997,115.36
7/17/1997,115.8
7/18/1997,115.45
7/21/1997,116.12
7/22/1997,115.21
7/23/1997,115.7
7/24/1997,116.1
7/25/1997,116.89
7/28/1997,117.59
7/29/1997,118.26
7/30/1997,118.2
7/31/1997,118.55
08/01/1997,118.4
08/04/1997,118.0
08/05/1997,119.3
08/06/1997,118.62
08/07/1997,118.48
08/08/1997,114.55
08/11/1997,116.14
08/12/1997,116.38
8/13/1997,115.6
8/14/1997,117.95
8/15/1997,117.3
8/18/1997,118.12
8/19/1997,118.2
8/20/1997,117.91
8/21/1997,117.87
8/22/1997,117.21
8/25/1997,118.13
8/26/1997,118.12
8/27/1997,118.84
8/28/1997,119.03
8/29/1997,119.44
09/01/1997,121.18
09/02/1997,121.75
09/03/1997,120.6
09/04/1997,121.1
09/05/1997,121.14
09/08/1997,121.05
09/09/1997,118.73
09/10/1997,119.1
09/11/1997,119.6
09/12/1997,121.06
9/15/1997,120.0
9/16/1997,121.24
9/17/1997,120.55
9/18/1997,121.8
9/19/1997,121.91
9/22/1997,121.79
9/23/1997,122.27
9/24/1997,120.34
9/25/1997,121.1
9/26/1997,121.16
9/29/1997,121.01
9/30/1997,120.48
10/01/1997,121.15
10/02/1997,121.65
10/03/1997,122.1
10/06/1997,121.77
10/07/1997,122.4
10/08/1997,121.15
10/09/1997,121.13
10/10/1997,120.01
10/13/1997,121.05
10/14/1997,121.45
10/15/1997,121.09
10/16/1997,119.9
10/17/1997,120.71
10/20/1997,121.17
10/21/1997,120.82
10/22/1997,120.8
10/23/1997,121.77
10/24/1997,122.08
10/27/1997,121.77
10/28/1997,120.55
10/29/1997,120.76
10/30/1997,119.91
10/31/1997,120.32
11/03/1997,121.32
11/04/1997,121.8
11/05/1997,123.09
11/06/1997,123.65
11/07/1997,124.3
11/10/1997,124.29
11/11/1997,124.73
11/12/1997,126.28
11/13/1997,125.8
11/14/1997,125.35
11/17/1997,125.6
11/18/1997,126.13
11/19/1997,127.03
11/20/1997,126.05
11/21/1997,126.06
11/24/1997,127.04
11/25/1997,127.24
11/26/1997,127.13
11/27/1997,126.78
11/28/1997,127.8
12/01/1997,128.76
12/02/1997,128.53
12/03/1997,128.67
12/04/1997,129.2
12/05/1997,130.2
12/08/1997,130.3
12/09/1997,129.71
12/10/1997,129.27
12/11/1997,129.55
12/12/1997,130.28
12/15/1997,130.87
12/16/1997,130.7
12/17/1997,127.1
12/18/1997,128.43
12/19/1997,129.21
12/22/1997,130.23
12/23/1997,129.82
12/24/1997,129.7
12/25/1997,129.96
12/26/1997,130.46
12/29/1997,129.7
12/30/1997,130.07
12/31/1997,130.56
01/01/1998,130.48
01/02/1998,132.27
01/05/1998,133.4
01/06/1998,134.1
01/07/1998,131.82
01/08/1998,132.45
01/09/1998,131.52
01/12/1998,132.77
1/13/1998,131.34
1/14/1998,130.8
1/15/1998,129.82
1/16/1998,129.32
1/19/1998,129.11
1/20/1998,128.37
1/21/1998,126.75
1/22/1998,127.23
1/23/1998,125.7
1/26/1998,126.61
1/27/1998,125.0
1/28/1998,124.89
1/29/1998,125.9
1/30/1998,127.0
02/02/1998,126.35
02/03/1998,125.72
02/04/1998,123.68
02/05/1998,123.53
02/06/1998,124.05
02/09/1998,124.3
02/10/1998,123.23
02/11/1998,123.6
02/12/1998,124.5
2/13/1998,125.13
2/16/1998,126.07
2/17/1998,126.57
2/18/1998,126.37
2/19/1998,126.07
2/20/1998,127.93
2/23/1998,127.98
2/24/1998,127.91
2/25/1998,128.3
2/26/1998,127.46
2/27/1998,126.05
03/02/1998,125.67
03/03/1998,126.16
03/04/1998,126.5
03/05/1998,127.63
03/06/1998,127.83
03/09/1998,127.72
03/10/1998,127.3
03/11/1998,129.23
03/12/1998,128.85
3/13/1998,127.73
3/16/1998,129.6
3/17/1998,128.76
3/18/1998,130.0
3/19/1998,130.75
3/20/1998,130.32
3/23/1998,130.32
3/24/1998,130.25
3/25/1998,129.0
3/26/1998,128.33
3/27/1998,130.3
3/30/1998,132.14
3/31/1998,133.05
04/01/1998,133.62
04/02/1998,133.56
04/03/1998,135.18
04/06/1998,134.65
04/07/1998,133.46
04/08/1998,131.73
04/09/1998,131.2
04/10/1998,128.62
4/13/1998,129.57
4/14/1998,129.27
4/15/1998,129.93
4/16/1998,131.47
4/17/1998,131.81
4/20/1998,131.89
4/21/1998,131.23
4/22/1998,130.33
4/23/1998,130.18
4/24/1998,131.14
4/27/1998,132.37
4/28/1998,132.05
4/29/1998,132.38
4/30/1998,132.79
05/01/1998,133.41
05/04/1998,132.94
05/05/1998,131.45
05/06/1998,132.96
05/07/1998,133.33
05/08/1998,132.86
05/11/1998,132.88
05/12/1998,133.88
5/13/1998,133.91
5/14/1998,133.61
5/15/1998,134.61
5/18/1998,135.64
5/19/1998,136.36
5/20/1998,135.77
5/21/1998,134.95
5/22/1998,135.7
5/25/1998,137.19
5/26/1998,137.83
5/27/1998,137.62
5/28/1998,138.71
5/29/1998,138.75
06/01/1998,139.66
06/02/1998,138.62
06/03/1998,138.43
06/04/1998,138.53
06/05/1998,139.75
06/08/1998,140.95
06/09/1998,140.6
06/10/1998,141.65
06/11/1998,143.95
06/12/1998,144.15
6/15/1998,146.2
6/16/1998,143.15
6/17/1998,136.85
6/18/1998,137.38
6/19/1998,137.09
6/22/1998,137.88
6/23/1998,139.1
6/24/1998,141.4
6/25/1998,142.3
6/26/1998,142.4
6/29/1998,142.1
6/30/1998,138.35
07/01/1998,137.95
07/02/1998,140.44
07/03/1998,139.42
07/06/1998,139.92
07/07/1998,138.57
07/08/1998,139.65
07/09/1998,140.95
07/10/1998,141.35
7/13/1998,140.95
7/14/1998,140.22
7/15/1998,140.63
7/16/1998,140.16
7/17/1998,139.41
7/20/1998,139.32
7/21/1998,140.22
7/22/1998,141.08
7/23/1998,140.95
7/24/1998,141.66
7/27/1998,142.3
7/28/1998,140.95
7/29/1998,142.15
7/30/1998,143.69
7/31/1998,144.75
08/03/1998,145.7
08/04/1998,144.74
08/05/1998,143.82
08/06/1998,144.61
08/07/1998,146.21
08/10/1998,146.28
08/11/1998,147.22
08/12/1998,146.09
8/13/1998,144.62
8/14/1998,146.41
8/17/1998,146.39
8/18/1998,144.82
8/19/1998,143.86
8/20/1998,143.04
8/21/1998,144.61
8/24/1998,143.65
8/25/1998,144.24
8/26/1998,144.13
8/27/1998,141.95
8/28/1998,141.76
8/31/1998,138.69
09/01/1998,137.1
09/02/1998,138.25
09/03/1998,133.96
09/04/1998,133.46
09/07/1998,131.53
09/08/1998,131.44
09/09/1998,135.8
09/10/1998,134.25
09/11/1998,130.91
9/14/1998,133.23
9/15/1998,134.21
9/16/1998,134.4
9/17/1998,131.79
9/18/1998,132.65
9/21/1998,134.1
9/22/1998,135.45
9/23/1998,135.54
9/24/1998,134.93
9/25/1998,136.14
9/28/1998,136.2
9/29/1998,134.17
9/30/1998,136.29
10/01/1998,135.56
10/02/1998,135.6
10/05/1998,133.85
10/06/1998,130.34
10/07/1998,121.65
10/08/1998,119.75
10/09/1998,116.61
10/12/1998,117.72
10/13/1998,118.73
10/14/1998,118.64
10/15/1998,115.55
10/16/1998,115.23
10/19/1998,114.56
10/20/1998,115.86
10/21/1998,117.2
10/22/1998,117.43
10/23/1998,118.02
10/26/1998,119.41
10/27/1998,118.27
10/28/1998,117.75
10/29/1998,116.91
10/30/1998,115.77
11/02/1998,114.9
11/03/1998,115.15
11/04/1998,116.92
11/05/1998,118.1
11/06/1998,118.95
11/09/1998,121.65
11/10/1998,122.05
11/11/1998,121.57
11/12/1998,121.86
11/13/1998,122.85
11/16/1998,120.46
11/17/1998,120.91
11/18/1998,122.15
11/19/1998,119.85
11/20/1998,120.3
11/23/1998,121.1
11/24/1998,121.3
11/25/1998,121.77
11/26/1998,122.4
11/27/1998,122.99
11/30/1998,122.93
12/01/1998,121.82
12/02/1998,120.05
12/03/1998,117.8
12/04/1998,118.67
12/07/1998,120.0
12/08/1998,119.05
12/09/1998,118.15
12/10/1998,117.3
12/11/1998,116.2
12/14/1998,115.63
12/15/1998,116.7
12/16/1998,116.6
12/17/1998,116.2
12/18/1998,115.7
12/21/1998,115.7
12/22/1998,116.56
12/23/1998,115.6
12/24/1998,116.26
12/25/1998,116.5
12/28/1998,115.63
12/29/1998,115.67
12/30/1998,114.81
12/31/1998,113.45
01/01/1999,113.46
01/04/1999,111.91
01/05/1999,111.9
01/06/1999,112.75
01/07/1999,111.31
01/08/1999,110.8
01/11/1999,109.0
01/12/1999,112.6
1/13/1999,113.5
1/14/1999,113.5
1/15/1999,114.1
1/18/1999,114.23
1/19/1999,113.6
1/20/1999,112.9
1/21/1999,113.9
1/22/1999,114.42
1/25/1999,113.7
1/26/1999,113.78
1/27/1999,115.6
1/28/1999,116.27
1/29/1999,116.28
02/01/1999,115.05
02/02/1999,111.91
02/03/1999,112.89
02/04/1999,112.02
02/05/1999,113.08
02/08/1999,114.52
02/09/1999,113.95
02/10/1999,114.3
02/11/1999,114.64
02/12/1999,113.95
2/15/1999,115.9
2/16/1999,118.65
2/17/1999,118.7
2/18/1999,119.65
2/19/1999,121.3
2/22/1999,121.12
2/23/1999,120.78
2/24/1999,121.35
2/25/1999,119.6
2/26/1999,119.15
03/01/1999,119.72
03/02/1999,119.9
03/03/1999,121.83
03/04/1999,123.48
03/05/1999,122.7
03/08/1999,121.69
03/09/1999,121.11
03/10/1999,119.76
03/11/1999,119.09
03/12/1999,118.65
3/15/1999,117.88
3/16/1999,117.42
3/17/1999,118.27
3/18/1999,117.52
3/19/1999,117.2
3/22/1999,118.3
3/23/1999,118.16
3/24/1999,118.14
3/25/1999,118.15
3/26/1999,120.3
3/29/1999,120.28
3/30/1999,120.44
3/31/1999,118.77
04/01/1999,120.7
04/02/1999,120.45
04/05/1999,121.7
04/06/1999,120.67
04/07/1999,121.5
04/08/1999,121.18
04/09/1999,120.89
04/12/1999,120.4
4/13/1999,119.8
4/14/1999,118.84
4/15/1999,119.07
4/16/1999,117.72
4/19/1999,117.53
4/20/1999,118.84
4/21/1999,119.73
4/22/1999,119.7
4/23/1999,119.3
4/26/1999,119.34
4/27/1999,120.2
4/28/1999,119.09
4/29/1999,119.2
4/30/1999,119.37
05/03/1999,120.22
05/04/1999,120.81
05/05/1999,120.45
05/06/1999,120.5
05/07/1999,120.67
05/10/1999,120.47
05/11/1999,120.95
05/12/1999,120.93
5/13/1999,121.75
5/14/1999,122.83
5/17/1999,123.4
5/18/1999,123.28
5/19/1999,124.25
5/20/1999,124.39
5/21/1999,123.87
5/24/1999,123.13
5/25/1999,122.33
5/26/1999,122.3
5/27/1999,120.5
5/28/1999,121.58
5/31/1999,121.59
06/01/1999,120.7
06/02/1999,121.61
06/03/1999,121.64
06/04/1999,122.36
06/07/1999,120.53
06/08/1999,119.4
06/09/1999,119.4
06/10/1999,118.81
06/11/1999,117.96
6/14/1999,120.45
6/15/1999,120.42
6/16/1999,120.33
6/17/1999,119.58
6/18/1999,120.41
6/21/1999,122.28
6/22/1999,121.85
6/23/1999,121.85
6/24/1999,121.97
6/25/1999,121.17
6/28/1999,121.39
6/29/1999,121.05
6/30/1999,120.9
07/01/1999,120.9
07/02/1999,120.96
07/05/1999,122.35
07/06/1999,122.1
07/07/1999,122.37
07/08/1999,122.56
07/09/1999,122.27
07/12/1999,122.13
7/13/1999,121.35
7/14/1999,120.74
7/15/1999,121.01
7/16/1999,120.87
7/19/1999,118.4
7/20/1999,119.29
7/21/1999,118.37
7/22/1999,116.97
7/23/1999,116.53
7/26/1999,116.92
7/27/1999,116.58
7/28/1999,116.04
7/29/1999,115.36
7/30/1999,114.65
08/02/1999,114.45
08/03/1999,115.28
08/04/1999,114.51
08/05/1999,114.45
08/06/1999,114.5
08/09/1999,115.14
08/10/1999,114.74
08/11/1999,115.68
08/12/1999,115.25
8/13/1999,115.58
8/16/1999,114.49
8/17/1999,113.98
8/18/1999,112.1
8/19/1999,111.59
8/20/1999,111.38
8/23/1999,111.61
8/24/1999,110.75
8/25/1999,111.12
8/26/1999,111.88
8/27/1999,111.56
8/30/1999,110.64
8/31/1999,109.74
09/01/1999,109.12
09/02/1999,109.32
09/03/1999,110.01
09/06/1999,109.55
09/07/1999,110.72
09/08/1999,110.88
09/09/1999,108.0
09/10/1999,108.68
9/13/1999,106.62
9/14/1999,105.84
9/15/1999,104.94
9/16/1999,104.94
9/17/1999,107.13
9/20/1999,106.24
9/21/1999,104.75
9/22/1999,104.16
9/23/1999,103.87
9/24/1999,104.15
9/27/1999,104.9
9/28/1999,106.2
9/29/1999,107.12
9/30/1999,106.15
10/01/1999,105.12
10/04/1999,106.14
10/05/1999,106.28
10/06/1999,107.32
10/07/1999,107.2
10/08/1999,107.52
10/11/1999,106.76
10/12/1999,106.31
10/13/1999,106.55
10/14/1999,107.52
10/15/1999,105.66
10/18/1999,105.5
10/19/1999,105.4
10/20/1999,106.29
10/21/1999,106.13
10/22/1999,105.86
10/25/1999,105.25
10/26/1999,104.71
10/27/1999,104.31
10/28/1999,105.23
10/29/1999,104.0
11/01/1999,104.04
11/02/1999,104.02
11/03/1999,104.84
11/04/1999,104.8
11/05/1999,105.91
11/08/1999,105.22
11/09/1999,104.9
11/10/1999,104.53
11/11/1999,104.89
11/12/1999,105.4
11/15/1999,104.8
11/16/1999,105.82
11/17/1999,105.55
11/18/1999,105.9
11/19/1999,106.38
11/22/1999,104.68
11/23/1999,104.26
11/24/1999,104.71
11/25/1999,104.31
11/26/1999,101.8
11/29/1999,102.67
11/30/1999,101.97
12/01/1999,102.61
12/02/1999,102.74
12/03/1999,102.7
12/06/1999,102.87
12/07/1999,102.38
12/08/1999,102.88
12/09/1999,102.48
12/10/1999,102.17
12/13/1999,103.08
12/14/1999,103.5
12/15/1999,103.65
12/16/1999,102.96
12/17/1999,103.18
12/20/1999,102.56
12/21/1999,102.17
12/22/1999,101.57
12/23/1999,102.05
12/24/1999,102.82
12/27/1999,102.23
12/28/1999,102.32
12/29/1999,102.0
12/30/1999,102.5
12/31/1999,102.18
01/03/2000,101.69
01/04/2000,103.14
01/05/2000,104.09
01/06/2000,105.23
01/07/2000,105.33
01/10/2000,105.16
01/11/2000,106.02
01/12/2000,105.71
1/13/2000,106.02
1/14/2000,105.88
1/17/2000,104.89
1/18/2000,105.66
1/19/2000,105.26
1/20/2000,105.31
1/21/2000,104.72
1/24/2000,105.65
1/25/2000,105.87
1/26/2000,105.58
1/27/2000,104.99
1/28/2000,107.06
1/31/2000,107.2
02/01/2000,107.74
02/02/2000,108.1
02/03/2000,107.45
02/04/2000,107.18
02/07/2000,108.91
02/08/2000,109.4
02/09/2000,108.76
02/10/2000,109.11
02/11/2000,108.8
2/14/2000,108.83
2/15/2000,109.07
2/16/2000,109.35
2/17/2000,110.41
2/18/2000,110.85
2/21/2000,111.25
2/22/2000,110.68
2/23/2000,111.25
2/24/2000,111.3
2/25/2000,110.15
2/28/2000,109.7
2/29/2000,110.19
03/01/2000,106.94
03/02/2000,107.8
03/03/2000,107.68
03/06/2000,107.42
03/07/2000,106.18
03/08/2000,107.17
03/09/2000,106.51
03/10/2000,106.22
3/13/2000,105.69
3/14/2000,105.11
3/15/2000,105.62
3/16/2000,105.64
3/17/2000,106.66
3/20/2000,106.36
3/21/2000,106.7
3/22/2000,107.07
3/23/2000,107.28
3/24/2000,106.99
3/27/2000,106.7
3/28/2000,105.82
3/29/2000,105.71
3/30/2000,105.64
3/31/2000,102.96
04/03/2000,104.99
04/04/2000,105.21
04/05/2000,104.82
04/06/2000,104.69
04/07/2000,105.45
04/10/2000,106.46
04/11/2000,106.8
04/12/2000,105.75
4/13/2000,105.79
4/14/2000,104.76
4/17/2000,104.59
4/18/2000,104.66
4/19/2000,104.85
4/20/2000,105.71
4/21/2000,105.8
4/24/2000,105.69
4/25/2000,106.13
4/26/2000,106.14
4/27/2000,106.38
4/28/2000,108.15
05/01/2000,108.63
05/02/2000,108.45
05/03/2000,108.97
05/04/2000,108.0
05/05/2000,108.58
05/08/2000,109.15
05/09/2000,109.11
05/10/2000,109.35
05/11/2000,108.38
05/12/2000,108.32
5/15/2000,109.16
5/16/2000,109.73
5/17/2000,108.91
5/18/2000,108.45
5/19/2000,106.91
5/22/2000,107.18
5/23/2000,106.46
5/24/2000,107.66
5/25/2000,107.38
5/26/2000,107.11
5/29/2000,106.91
5/30/2000,106.48
5/31/2000,107.63
06/01/2000,108.5
06/02/2000,107.95
06/05/2000,107.41
06/06/2000,105.85
06/07/2000,105.58
06/08/2000,105.9
06/09/2000,106.85
06/12/2000,106.9
6/13/2000,106.8
6/14/2000,106.57
6/15/2000,106.41
6/16/2000,106.35
6/19/2000,105.85
6/20/2000,105.4
6/21/2000,105.57
6/22/2000,104.53
6/23/2000,104.61
6/26/2000,105.55
6/27/2000,105.37
6/28/2000,105.38
6/29/2000,105.21
6/30/2000,106.01
07/03/2000,105.78
07/04/2000,106.1
07/05/2000,106.93
07/06/2000,107.33
07/07/2000,107.88
07/10/2000,106.92
07/11/2000,107.07
07/12/2000,108.13
7/13/2000,108.05
7/14/2000,107.81
7/17/2000,107.96
7/18/2000,108.22
7/19/2000,108.15
7/20/2000,107.5
7/21/2000,108.97
7/24/2000,108.57
7/25/2000,109.12
7/26/2000,109.11
7/27/2000,109.2
7/28/2000,109.63
7/31/2000,109.33
08/01/2000,109.23
08/02/2000,108.68
08/03/2000,108.33
08/04/2000,108.58
08/07/2000,109.01
08/08/2000,108.57
08/09/2000,107.92
08/10/2000,107.7
08/11/2000,108.46
8/14/2000,109.43
8/15/2000,109.03
8/16/2000,108.4
8/17/2000,108.54
8/18/2000,108.27
8/21/2000,108.64
8/22/2000,108.3
8/23/2000,106.98
8/24/2000,106.99
8/25/2000,106.8
8/28/2000,106.59
8/29/2000,106.13
8/30/2000,106.61
8/31/2000,106.67
09/01/2000,105.95
09/04/2000,106.21
09/05/2000,105.86
09/06/2000,105.93
09/07/2000,105.14
09/08/2000,106.11
09/11/2000,106.09
09/12/2000,106.92
9/13/2000,107.06
9/14/2000,107.41
9/15/2000,107.26
9/18/2000,106.89
9/19/2000,106.95
9/20/2000,106.6
9/21/2000,106.64
9/22/2000,108.0
9/25/2000,107.65
9/26/2000,107.47
9/27/2000,107.23
9/28/2000,107.65
9/29/2000,108.13
10/02/2000,108.73
10/03/2000,108.89
10/04/2000,109.19
10/05/2000,109.08
10/06/2000,108.73
10/09/2000,108.76
10/10/2000,107.72
10/11/2000,107.74
10/12/2000,107.75
10/13/2000,107.7
10/16/2000,108.06
10/17/2000,107.91
10/18/2000,107.66
10/19/2000,108.33
10/20/2000,108.83
10/23/2000,108.31
10/24/2000,107.94
10/25/2000,108.21
10/26/2000,108.24
10/27/2000,108.53
10/30/2000,108.96
10/31/2000,108.79
11/01/2000,108.25
11/02/2000,108.15
11/03/2000,106.95
11/06/2000,107.36
11/07/2000,107.06
11/08/2000,107.23
11/09/2000,107.58
11/10/2000,107.83
11/13/2000,107.54
11/14/2000,108.16
11/15/2000,108.76
11/16/2000,108.84
11/17/2000,108.78
11/20/2000,109.69
11/21/2000,109.92
11/22/2000,110.16
11/23/2000,110.35
11/24/2000,111.23
11/27/2000,110.57
11/28/2000,110.17
11/29/2000,111.32
11/30/2000,110.37
12/01/2000,111.19
12/04/2000,111.06
12/05/2000,110.74
12/06/2000,110.16
12/07/2000,110.54
12/08/2000,110.9
12/11/2000,110.72
12/12/2000,111.57
12/13/2000,112.36
12/14/2000,112.13
12/15/2000,112.42
12/18/2000,112.12
12/19/2000,112.65
12/20/2000,112.89
12/21/2000,112.11
12/22/2000,112.8
12/25/2000,113.02
12/26/2000,113.73
12/27/2000,114.26
12/28/2000,114.59
12/29/2000,114.38
01/01/2001,114.57
01/02/2001,114.4
01/03/2001,113.84
01/04/2001,116.09
01/05/2001,116.45
01/08/2001,116.1
01/09/2001,117.07
01/10/2001,116.45
01/11/2001,117.91
01/12/2001,118.47
1/15/2001,119.11
1/16/2001,117.71
1/17/2001,119.17
1/18/2001,117.9
1/19/2001,117.13
1/22/2001,116.46
1/23/2001,116.61
1/24/2001,117.9
1/25/2001,116.62
1/26/2001,117.32
1/29/2001,116.74
1/30/2001,115.65
1/31/2001,116.68
02/01/2001,115.42
02/02/2001,115.63
02/05/2001,114.71
02/06/2001,114.74
02/07/2001,116.16
02/08/2001,116.71
02/09/2001,117.5
02/12/2001,117.31
2/13/2001,116.6
2/14/2001,116.19
2/15/2001,115.62
2/16/2001,115.72
2/19/2001,116.08
2/20/2001,115.64
2/21/2001,116.37
2/22/2001,117.01
2/23/2001,115.75
2/26/2001,116.48
2/27/2001,116.36
2/28/2001,117.39
03/01/2001,117.5
03/02/2001,119.05
03/05/2001,118.92
03/06/2001,118.7
03/07/2001,119.52
03/08/2001,119.82
03/09/2001,119.54
03/12/2001,120.47
3/13/2001,119.61
3/14/2001,120.82
3/15/2001,121.99
3/16/2001,122.92
3/19/2001,122.8
3/20/2001,122.2
3/21/2001,123.02
3/22/2001,123.76
3/23/2001,122.83
3/26/2001,122.66
3/27/2001,122.16
3/28/2001,122.27
3/29/2001,123.68
3/30/2001,126.23
04/02/2001,126.64
04/03/2001,125.53
04/04/2001,125.47
04/05/2001,124.26
04/06/2001,123.73
04/09/2001,125.28
04/10/2001,124.42
04/11/2001,124.74
04/12/2001,123.5
4/13/2001,123.5
4/16/2001,124.6
4/17/2001,123.38
4/18/2001,122.0
4/19/2001,121.24
4/20/2001,122.33
4/23/2001,121.18
4/24/2001,122.3
4/25/2001,122.09
4/26/2001,123.17
4/27/2001,124.02
4/30/2001,123.38
05/01/2001,122.11
05/02/2001,121.53
05/03/2001,121.33
05/04/2001,121.28
05/07/2001,120.87
05/08/2001,121.28
05/09/2001,122.31
05/10/2001,122.52
05/11/2001,122.37
5/14/2001,123.2
5/15/2001,123.2
5/16/2001,123.23
5/17/2001,122.6
5/18/2001,123.51
5/21/2001,122.67
5/22/2001,122.72
5/23/2001,120.2
5/24/2001,119.97
5/25/2001,120.59
5/28/2001,121.26
5/29/2001,120.06
5/30/2001,120.44
5/31/2001,119.23
06/01/2001,119.21
06/04/2001,119.2
06/05/2001,120.18
06/06/2001,120.0
06/07/2001,120.33
06/08/2001,120.85
06/11/2001,121.83
06/12/2001,121.58
6/13/2001,122.02
6/14/2001,121.3
6/15/2001,122.87
6/18/2001,123.42
6/19/2001,122.8
6/20/2001,123.87
6/21/2001,124.57
6/22/2001,124.46
6/25/2001,123.9
6/26/2001,123.78
6/27/2001,124.22
6/28/2001,124.85
6/29/2001,124.5
07/02/2001,123.97
07/03/2001,124.35
07/04/2001,124.43
07/05/2001,125.56
07/06/2001,125.82
07/09/2001,125.26
07/10/2001,125.27
07/11/2001,124.27
07/12/2001,123.93
7/13/2001,124.86
7/16/2001,125.5
7/17/2001,124.8
7/18/2001,124.08
7/19/2001,123.38
7/20/2001,122.86
7/23/2001,124.38
7/24/2001,124.2
7/25/2001,123.57
7/26/2001,123.72
7/27/2001,123.46
7/30/2001,125.17
7/31/2001,125.01
08/01/2001,124.39
08/02/2001,123.72
08/03/2001,123.6
08/06/2001,123.8
08/07/2001,123.56
08/08/2001,123.56
08/09/2001,121.96
08/10/2001,121.95
8/13/2001,122.38
8/14/2001,121.83
8/15/2001,119.89
8/16/2001,120.25
8/17/2001,120.19
8/20/2001,120.74
8/21/2001,119.77
8/22/2001,120.42
8/23/2001,119.89
8/24/2001,119.98
8/27/2001,119.89
8/28/2001,120.02
8/29/2001,120.16
8/30/2001,119.43
8/31/2001,118.75
09/03/2001,118.71
09/04/2001,119.4
09/05/2001,120.74
09/06/2001,120.94
09/07/2001,120.0
09/10/2001,121.1
09/11/2001,119.58
09/12/2001,119.61
9/13/2001,118.81
9/14/2001,117.32
9/17/2001,117.86
9/18/2001,117.26
9/19/2001,117.5
9/20/2001,116.43
9/21/2001,116.59
9/24/2001,117.55
9/25/2001,117.51
9/26/2001,117.88
9/27/2001,119.66
9/28/2001,119.48
10/01/2001,120.3
10/02/2001,120.61
10/03/2001,120.58
10/04/2001,120.47
10/05/2001,120.47
10/08/2001,119.72
10/09/2001,120.2
10/10/2001,120.26
10/11/2001,121.4
10/12/2001,121.22
10/15/2001,120.8
10/16/2001,121.27
10/17/2001,121.22
10/18/2001,121.14
10/19/2001,121.17
10/22/2001,122.38
10/23/2001,122.51
10/24/2001,122.81
10/25/2001,122.88
10/26/2001,122.65
10/29/2001,121.89
10/30/2001,122.12
10/31/2001,122.4
11/01/2001,121.97
11/02/2001,121.62
11/05/2001,121.56
11/06/2001,121.17
11/07/2001,121.16
11/08/2001,120.12
11/09/2001,120.22
11/12/2001,120.57
11/13/2001,121.42
11/14/2001,121.53
11/15/2001,122.45
11/16/2001,122.87
11/19/2001,123.08
11/20/2001,122.57
11/21/2001,123.15
11/22/2001,123.95
11/23/2001,124.28
11/26/2001,124.05
11/27/2001,123.97
11/28/2001,123.15
11/29/2001,123.94
11/30/2001,123.45
12/03/2001,124.28
12/04/2001,124.14
12/05/2001,124.16
12/06/2001,124.55
12/07/2001,125.49
12/10/2001,125.95
12/11/2001,125.83
12/12/2001,125.91
12/13/2001,126.12
12/14/2001,127.37
12/17/2001,127.64
12/18/2001,128.26
12/19/2001,128.37
12/20/2001,129.2
12/21/2001,129.5
12/24/2001,129.85
12/25/2001,130.85
12/26/2001,131.28
12/27/2001,131.81
12/28/2001,131.05
12/31/2001,131.67
01/01/2002,131.93
01/02/2002,132.14
01/03/2002,131.7
01/04/2002,131.02
01/07/2002,131.25
01/08/2002,132.92
01/09/2002,132.94
01/10/2002,132.13
01/11/2002,132.15
1/14/2002,131.63
1/15/2002,131.22
1/16/2002,132.19
1/17/2002,132.45
1/18/2002,132.62
1/21/2002,132.95
1/22/2002,133.66
1/23/2002,134.53
1/24/2002,134.85
1/25/2002,134.55
1/28/2002,133.56
1/29/2002,133.44
1/30/2002,132.87
1/31/2002,134.87
02/01/2002,133.1
02/04/2002,132.03
02/05/2002,133.8
02/06/2002,133.64
02/07/2002,133.95
02/08/2002,134.67
02/11/2002,133.37
02/12/2002,132.72
2/13/2002,133.0
2/14/2002,132.05
2/15/2002,132.59
2/18/2002,132.66
2/19/2002,133.42
2/20/2002,133.77
2/21/2002,134.2
2/22/2002,134.11
2/25/2002,133.84
2/26/2002,134.52
2/27/2002,134.22
2/28/2002,133.46
03/01/2002,133.32
03/04/2002,131.95
03/05/2002,132.22
03/06/2002,130.74
03/07/2002,127.62
03/08/2002,128.62
03/11/2002,128.02
03/12/2002,129.03
3/13/2002,129.36
3/14/2002,129.25
3/15/2002,129.01
3/18/2002,131.16
3/19/2002,132.2
3/20/2002,131.35
3/21/2002,132.11
3/22/2002,132.9
3/25/2002,133.3
3/26/2002,133.08
3/27/2002,132.73
3/28/2002,132.75
3/29/2002,132.7
04/01/2002,133.31
04/02/2002,133.13
04/03/2002,132.71
04/04/2002,132.33
04/05/2002,131.55
04/08/2002,131.52
04/09/2002,130.65
04/10/2002,130.74
04/11/2002,131.53
04/12/2002,131.92
4/15/2002,132.06
4/16/2002,131.17
4/17/2002,130.7
4/18/2002,129.97
4/19/2002,130.31
4/22/2002,130.11
4/23/2002,130.23
4/24/2002,129.62
4/25/2002,128.68
4/26/2002,127.82
4/29/2002,128.12
4/30/2002,128.53
05/01/2002,127.24
05/02/2002,127.81
05/03/2002,126.9
05/06/2002,127.15
05/07/2002,128.15
05/08/2002,128.82
05/09/2002,128.42
05/10/2002,127.57
5/13/2002,127.77
5/14/2002,128.51
5/15/2002,127.65
5/16/2002,128.03
5/17/2002,125.93
5/20/2002,125.39
5/21/2002,124.3
5/22/2002,124.35
5/23/2002,125.03
5/24/2002,124.7
5/27/2002,124.75
5/28/2002,124.49
5/29/2002,124.35
5/30/2002,123.42
5/31/2002,124.06
06/03/2002,123.62
06/04/2002,124.17
06/05/2002,124.13
06/06/2002,124.12
06/07/2002,124.31
06/10/2002,124.74
06/11/2002,125.28
06/12/2002,125.58
6/13/2002,124.99
6/14/2002,124.13
6/17/2002,124.26
6/18/2002,124.26
6/19/2002,123.86
6/20/2002,123.45
6/21/2002,121.09
6/24/2002,121.6
6/25/2002,121.15
6/26/2002,119.92
6/27/2002,119.54
6/28/2002,119.52
07/01/2002,119.77
07/02/2002,120.0
07/03/2002,119.9
07/04/2002,120.17
07/05/2002,120.4
07/08/2002,118.57
07/09/2002,118.06
07/10/2002,117.76
07/11/2002,117.03
07/12/2002,116.85
7/15/2002,116.22
7/16/2002,115.97
7/17/2002,116.33
7/18/2002,116.53
7/19/2002,115.9
7/22/2002,116.37
7/23/2002,117.37
7/24/2002,116.68
7/25/2002,116.63
7/26/2002,118.77
7/29/2002,119.65
7/30/2002,120.22
7/31/2002,119.78
08/01/2002,119.21
08/02/2002,118.77
08/05/2002,119.61
08/06/2002,120.96
08/07/2002,120.26
08/08/2002,121.1
08/09/2002,120.45
08/12/2002,119.01
8/13/2002,118.23
8/14/2002,117.19
8/15/2002,117.34
8/16/2002,117.56
8/19/2002,118.44
8/20/2002,118.63
8/21/2002,118.46
8/22/2002,119.79
8/23/2002,119.59
8/26/2002,119.71
8/27/2002,118.15
8/28/2002,118.95
8/29/2002,118.19
8/30/2002,118.43
09/02/2002,117.99
09/03/2002,117.15
09/04/2002,117.87
09/05/2002,118.36
09/06/2002,118.41
09/09/2002,118.87
09/10/2002,119.01
09/11/2002,120.27
09/12/2002,120.08
9/13/2002,121.63
9/16/2002,122.3
9/17/2002,122.08
9/18/2002,121.45
9/19/2002,121.46
9/20/2002,123.3
9/23/2002,123.89
9/24/2002,123.37
9/25/2002,122.7
9/26/2002,122.12
9/27/2002,122.53
9/30/2002,121.83
10/01/2002,122.6
10/02/2002,122.76
10/03/2002,122.4
10/04/2002,123.2
10/07/2002,124.3
10/08/2002,124.08
10/09/2002,123.01
10/10/2002,123.59
10/11/2002,124.02
10/14/2002,124.34
10/15/2002,124.63
10/16/2002,124.51
10/17/2002,125.1
10/18/2002,125.45
10/21/2002,124.86
10/22/2002,125.14
10/23/2002,124.52
10/24/2002,124.64
10/25/2002,124.17
10/28/2002,123.45
10/29/2002,122.93
10/30/2002,122.89
10/31/2002,122.45
11/01/2002,122.15
11/04/2002,122.21
11/05/2002,122.11
11/06/2002,121.65
11/07/2002,121.15
11/08/2002,119.78
11/11/2002,119.7
11/12/2002,119.64
11/13/2002,120.08
11/14/2002,120.59
11/15/2002,120.46
11/18/2002,120.94
11/19/2002,122.17
11/20/2002,122.73
11/21/2002,122.65
11/22/2002,122.95
11/25/2002,122.06
11/26/2002,121.52
11/27/2002,122.36
11/28/2002,122.18
11/29/2002,122.47
12/02/2002,124.37
12/03/2002,124.19
12/04/2002,124.45
12/05/2002,124.71
12/06/2002,123.52
12/09/2002,123.36
12/10/2002,123.92
12/11/2002,123.72
12/12/2002,122.48
12/13/2002,120.43
12/16/2002,121.33
12/17/2002,121.62
12/18/2002,120.69
12/19/2002,120.53
12/20/2002,120.36
12/23/2002,120.39
12/24/2002,120.26
12/25/2002,120.33
12/26/2002,120.03
12/27/2002,119.86
12/30/2002,118.5
12/31/2002,118.7
01/01/2003,118.71
01/02/2003,120.21
01/03/2003,119.67
01/06/2003,119.36
01/07/2003,120.22
01/08/2003,119.11
01/09/2003,119.38
01/10/2003,119.3
1/13/2003,119.24
1/14/2003,118.0
1/15/2003,118.11
1/16/2003,117.82
1/17/2003,117.78
1/20/2003,118.01
1/21/2003,118.16
1/22/2003,118.34
1/23/2003,118.12
1/24/2003,117.81
1/27/2003,118.55
1/28/2003,118.68
1/29/2003,118.63
1/30/2003,119.04
1/31/2003,119.91
02/03/2003,120.3
02/04/2003,119.84
02/05/2003,120.14
02/06/2003,119.89
02/07/2003,120.22
02/10/2003,121.21
02/11/2003,120.95
02/12/2003,121.32
2/13/2003,120.33
2/14/2003,120.3
2/17/2003,120.21
2/18/2003,119.04
2/19/2003,118.68
2/20/2003,118.3
2/21/2003,118.61
2/24/2003,118.15
2/25/2003,117.46
2/26/2003,117.09
2/27/2003,117.71
2/28/2003,118.09
03/03/2003,117.65
03/04/2003,117.14
03/05/2003,117.29
03/06/2003,117.3
03/07/2003,117.05
03/10/2003,116.85
03/11/2003,117.12
03/12/2003,117.49
3/13/2003,118.66
3/14/2003,118.3
3/17/2003,118.81
3/18/2003,118.6
3/19/2003,120.06
3/20/2003,120.3
3/21/2003,121.46
3/24/2003,120.68
3/25/2003,119.91
3/26/2003,119.98
3/27/2003,119.97
3/28/2003,119.72
3/31/2003,118.01
04/01/2003,117.79
04/02/2003,119.14
04/03/2003,118.73
04/04/2003,119.95
04/07/2003,119.89
04/08/2003,119.71
04/09/2003,120.08
04/10/2003,119.54
04/11/2003,120.52
4/14/2003,120.29
4/15/2003,120.31
4/16/2003,119.56
4/17/2003,119.65
4/18/2003,119.81
4/21/2003,120.53
4/22/2003,119.87
4/23/2003,120.47
4/24/2003,119.76
4/25/2003,120.16
4/28/2003,120.48
4/29/2003,119.86
4/30/2003,118.82
05/01/2003,118.45
05/02/2003,119.03
05/05/2003,118.45
05/06/2003,117.59
05/07/2003,116.42
05/08/2003,117.08
05/09/2003,117.35
05/12/2003,117.0
5/13/2003,116.77
5/14/2003,116.21
5/15/2003,116.43
5/16/2003,116.01
5/19/2003,117.08
5/20/2003,116.64
5/21/2003,117.6
5/22/2003,117.25
5/23/2003,116.95
5/26/2003,116.86
5/27/2003,117.27
5/28/2003,118.55
5/29/2003,118.17
5/30/2003,119.3
06/02/2003,118.65
06/03/2003,119.14
06/04/2003,118.83
06/05/2003,117.72
06/06/2003,118.63
06/09/2003,118.18
06/10/2003,117.67
06/11/2003,117.69
06/12/2003,117.62
6/13/2003,117.39
6/16/2003,117.64
6/17/2003,118.09
6/18/2003,117.94
6/19/2003,118.45
6/20/2003,118.33
6/23/2003,117.71
6/24/2003,117.92
6/25/2003,117.93
6/26/2003,119.26
6/27/2003,119.53
6/30/2003,119.67
07/01/2003,119.24
07/02/2003,118.15
07/03/2003,118.17
07/04/2003,118.33
07/07/2003,118.09
07/08/2003,118.25
07/09/2003,117.81
07/10/2003,117.67
07/11/2003,117.91
7/14/2003,117.72
7/15/2003,117.86
7/16/2003,118.02
7/17/2003,118.82
7/18/2003,118.42
7/21/2003,118.55
7/22/2003,119.02
7/23/2003,118.72
7/24/2003,118.95
7/25/2003,118.76
7/28/2003,119.41
7/29/2003,119.82
7/30/2003,120.28
7/31/2003,120.56
08/01/2003,120.13
08/04/2003,120.31
08/05/2003,119.9
08/06/2003,120.2
08/07/2003,119.11
08/08/2003,119.03
08/11/2003,118.5
08/12/2003,118.6
8/13/2003,119.2
8/14/2003,118.97
8/15/2003,119.13
8/18/2003,119.4
8/19/2003,118.57
8/20/2003,118.06
8/21/2003,117.83
8/22/2003,117.49
8/25/2003,117.23
8/26/2003,117.3
8/27/2003,117.48
8/28/2003,117.32
8/29/2003,116.89
09/01/2003,116.5
09/02/2003,116.44
09/03/2003,115.91
09/04/2003,116.85
09/05/2003,116.79
09/08/2003,116.61
09/09/2003,116.81
09/10/2003,117.07
09/11/2003,117.08
09/12/2003,117.27
9/15/2003,117.41
9/16/2003,116.19
9/17/2003,116.11
9/18/2003,115.23
9/19/2003,113.91
9/22/2003,112.07
9/23/2003,112.27
9/24/2003,111.89
9/25/2003,112.1
9/26/2003,111.69
9/29/2003,110.82
9/30/2003,111.29
10/01/2003,111.23
10/02/2003,110.87
10/03/2003,110.81
10/06/2003,110.93
10/07/2003,109.91
10/08/2003,109.52
10/09/2003,109.1
10/10/2003,108.56
10/13/2003,108.98
10/14/2003,108.79
10/15/2003,109.51
10/16/2003,109.77
10/17/2003,109.3
10/20/2003,110.18
10/21/2003,109.56
10/22/2003,108.96
10/23/2003,109.42
10/24/2003,109.23
10/27/2003,108.43
10/28/2003,108.15
10/29/2003,108.22
10/30/2003,108.6
10/31/2003,110.0
11/03/2003,110.8
11/04/2003,109.55
11/05/2003,109.86
11/06/2003,110.17
11/07/2003,109.33
11/10/2003,108.73
11/11/2003,108.77
11/12/2003,108.68
11/13/2003,108.03
11/14/2003,108.3
11/17/2003,109.01
11/18/2003,108.06
11/19/2003,109.11
11/20/2003,109.0
11/21/2003,108.75
11/24/2003,109.38
11/25/2003,109.4
11/26/2003,109.05
11/27/2003,109.28
11/28/2003,109.62
12/01/2003,109.17
12/02/2003,108.73
12/03/2003,108.3
12/04/2003,108.27
12/05/2003,107.62
12/08/2003,107.41
12/09/2003,107.09
12/10/2003,108.38
12/11/2003,107.98
12/12/2003,107.68
12/15/2003,107.74
12/16/2003,107.51
12/17/2003,107.38
12/18/2003,107.65
12/19/2003,107.71
12/22/2003,107.49
12/23/2003,107.43
12/24/2003,107.26
12/25/2003,107.24
12/26/2003,107.45
12/29/2003,107.05
12/30/2003,106.96
12/31/2003,107.4
01/01/2004,107.3
01/02/2004,106.91
01/05/2004,106.24
01/06/2004,106.23
01/07/2004,106.18
01/08/2004,106.17
01/09/2004,106.58
01/12/2004,106.6
1/13/2004,106.24
1/14/2004,106.24
1/15/2004,106.27
1/16/2004,106.75
1/19/2004,107.23
1/20/2004,107.0
1/21/2004,106.81
1/22/2004,106.13
1/23/2004,106.75
1/26/2004,106.35
1/27/2004,105.63
1/28/2004,106.13
1/29/2004,105.91
1/30/2004,105.72
02/02/2004,105.52
02/03/2004,105.47
02/04/2004,105.45
02/05/2004,105.64
02/06/2004,105.45
02/09/2004,105.82
02/10/2004,105.58
02/11/2004,105.34
02/12/2004,105.3
2/13/2004,105.2
2/16/2004,105.45
2/17/2004,105.61
2/18/2004,106.34
2/19/2004,106.91
2/20/2004,108.95
2/23/2004,108.3
2/24/2004,108.2
2/25/2004,108.97
2/26/2004,109.48
2/27/2004,109.25
03/01/2004,108.91
03/02/2004,110.15
03/03/2004,110.11
03/04/2004,111.25
03/05/2004,112.0
03/08/2004,111.29
03/09/2004,111.46
03/10/2004,110.89
03/11/2004,110.83
03/12/2004,110.65
3/15/2004,110.31
3/16/2004,108.71
3/17/2004,108.26
3/18/2004,106.79
3/19/2004,106.66
3/22/2004,106.76
3/23/2004,106.76
3/24/2004,106.4
3/25/2004,106.13
3/26/2004,106.18
3/29/2004,105.46
3/30/2004,105.84
3/31/2004,104.21
04/01/2004,103.74
04/02/2004,104.61
04/05/2004,105.09
04/06/2004,105.76
04/07/2004,105.22
04/08/2004,106.42
04/09/2004,106.4
04/12/2004,105.35
4/13/2004,106.82
4/14/2004,108.67
4/15/2004,108.21
4/16/2004,107.8
4/19/2004,108.39
4/20/2004,108.96
4/21/2004,109.35
4/22/2004,109.38
4/23/2004,109.16
4/26/2004,108.63
4/27/2004,109.52
4/28/2004,110.02
4/29/2004,109.93
4/30/2004,110.37
05/03/2004,110.16
05/04/2004,109.55
05/05/2004,108.82
05/06/2004,109.74
05/07/2004,112.31
05/10/2004,113.73
05/11/2004,112.94
05/12/2004,112.97
5/13/2004,114.59
5/14/2004,114.11
5/17/2004,114.43
5/18/2004,114.09
5/19/2004,112.85
5/20/2004,112.73
5/21/2004,112.34
5/24/2004,113.12
5/25/2004,111.81
5/26/2004,111.86
5/27/2004,111.07
5/28/2004,109.97
5/31/2004,109.52
06/01/2004,110.42
06/02/2004,109.85
06/03/2004,111.16
06/04/2004,111.26
06/07/2004,109.62
06/08/2004,109.53
06/09/2004,110.39
06/10/2004,109.27
06/11/2004,110.13
6/14/2004,110.99
6/15/2004,109.41
6/16/2004,110.09
6/17/2004,109.58
6/18/2004,108.72
6/21/2004,108.68
6/22/2004,109.19
6/23/2004,108.21
6/24/2004,107.19
6/25/2004,107.6
6/28/2004,107.99
6/29/2004,108.19
6/30/2004,108.87
07/01/2004,108.47
07/02/2004,108.26
07/05/2004,109.01
07/06/2004,109.41
07/07/2004,108.52
07/08/2004,108.85
07/09/2004,108.18
07/12/2004,108.31
7/13/2004,108.42
7/14/2004,109.15
7/15/2004,109.76
7/16/2004,108.73
7/19/2004,108.27
7/20/2004,108.49
7/21/2004,109.87
7/22/2004,109.76
7/23/2004,110.15
7/26/2004,109.87
7/27/2004,110.88
7/28/2004,111.75
7/29/2004,112.11
7/30/2004,111.36
08/02/2004,110.85
08/03/2004,110.65
08/04/2004,111.0
08/05/2004,111.75
08/06/2004,110.51
08/09/2004,110.65
08/10/2004,111.22
08/11/2004,110.76
08/12/2004,110.88
8/13/2004,110.7
8/16/2004,110.39
8/17/2004,109.95
8/18/2004,109.43
8/19/2004,109.36
8/20/2004,109.11
8/23/2004,109.74
8/24/2004,109.69
8/25/2004,110.1
8/26/2004,109.62
8/27/2004,109.66
8/30/2004,109.92
8/31/2004,109.17
09/01/2004,109.36
09/02/2004,109.5
09/03/2004,110.41
09/06/2004,110.15
09/07/2004,109.37
09/08/2004,109.21
09/09/2004,109.39
09/10/2004,109.58
9/13/2004,110.05
9/14/2004,109.54
9/15/2004,110.02
9/16/2004,109.61
9/17/2004,109.7
9/20/2004,109.91
9/21/2004,109.78
9/22/2004,110.6
9/23/2004,110.74
9/24/2004,110.54
9/27/2004,111.17
9/28/2004,111.31
9/29/2004,111.02
9/30/2004,110.08
10/01/2004,110.48
10/04/2004,110.85
10/05/2004,111.06
10/06/2004,111.34
10/07/2004,111.11
10/08/2004,109.5
10/11/2004,109.37
10/12/2004,109.67
10/13/2004,109.67
10/14/2004,109.65
10/15/2004,109.37
10/18/2004,109.35
10/19/2004,108.35
10/20/2004,108.3
10/21/2004,107.41
10/22/2004,107.52
10/25/2004,106.6
10/26/2004,106.68
10/27/2004,106.65
10/29/2004,105.72
11/01/2004,106.45
11/02/2004,106.07
11/03/2004,106.12
11/04/2004,106.08
11/05/2004,105.49
11/08/2004,105.62
11/09/2004,105.75
11/10/2004,106.97
11/11/2004,106.68
11/12/2004,105.65
11/15/2004,105.41
11/16/2004,105.42
11/17/2004,104.05
11/18/2004,104.3
11/19/2004,103.08
11/22/2004,103.16
11/23/2004,103.33
11/24/2004,102.84
11/25/2004,102.52
11/26/2004,102.53
11/29/2004,103.03
11/30/2004,102.9
12/01/2004,102.51
12/02/2004,103.1
12/03/2004,102.09
12/06/2004,103.13
12/07/2004,102.86
12/08/2004,104.03
12/09/2004,104.68
12/10/2004,105.02
12/13/2004,104.69
12/14/2004,105.2
12/15/2004,104.25
12/16/2004,104.58
12/17/2004,104.15
12/20/2004,104.15
12/21/2004,104.3
12/22/2004,104.16
12/23/2004,103.55
12/24/2004,103.65
12/27/2004,102.89
12/28/2004,103.19
12/29/2004,103.94
12/30/2004,102.91
12/31/2004,102.51
01/03/2005,102.74
01/04/2005,104.34
01/05/2005,103.93
01/06/2005,104.89
01/07/2005,104.89
01/10/2005,104.17
01/11/2005,103.42
01/12/2005,102.44
1/13/2005,102.46
1/14/2005,101.98
1/17/2005,102.26
1/18/2005,102.26
1/19/2005,102.91
1/20/2005,103.37
1/21/2005,102.61
1/24/2005,102.58
1/25/2005,104.02
1/26/2005,103.07
1/27/2005,102.85
1/28/2005,102.73
1/31/2005,103.6
02/01/2005,103.64
02/02/2005,103.66
02/03/2005,104.46
02/04/2005,104.04
02/07/2005,104.82
02/08/2005,105.71
02/09/2005,105.59
02/10/2005,105.82
02/11/2005,105.75
2/14/2005,105.1
2/15/2005,104.55
2/16/2005,105.48
2/17/2005,105.48
2/18/2005,105.63
2/21/2005,105.44
2/22/2005,104.23
2/23/2005,105.05
2/24/2005,105.5
2/25/2005,105.24
2/28/2005,104.53
03/01/2005,104.45
03/02/2005,104.77
03/03/2005,105.29
03/04/2005,104.79
03/07/2005,105.09
03/08/2005,104.57
03/09/2005,104.01
03/10/2005,103.93
03/11/2005,104.08
3/14/2005,104.93
3/15/2005,104.54
3/16/2005,104.19
3/17/2005,104.53
3/18/2005,104.71
3/21/2005,105.21
3/22/2005,105.6
3/23/2005,105.91
3/24/2005,106.42
3/25/2005,106.36
3/28/2005,107.24
3/29/2005,107.33
3/30/2005,107.53
3/31/2005,107.14
04/01/2005,107.66
04/04/2005,108.28
04/05/2005,108.27
04/06/2005,108.68
04/07/2005,108.59
04/08/2005,108.16
04/11/2005,107.73
04/12/2005,107.8
4/13/2005,107.32
4/14/2005,108.3
4/15/2005,107.71
4/18/2005,107.43
4/19/2005,106.86
4/20/2005,106.85
4/21/2005,106.77
4/22/2005,105.95
4/25/2005,105.71
4/26/2005,106.12
4/27/2005,105.93
4/28/2005,106.04
4/29/2005,104.65
05/02/2005,105.1
05/03/2005,104.87
05/04/2005,104.52
05/05/2005,104.51
05/06/2005,105.07
05/09/2005,105.71
05/10/2005,105.46
05/11/2005,105.75
05/12/2005,106.82
5/13/2005,107.31
5/16/2005,106.85
5/17/2005,107.43
5/18/2005,107.01
5/19/2005,107.6
5/20/2005,108.15
5/23/2005,107.76
5/24/2005,107.59
5/25/2005,107.68
5/26/2005,108.03
5/27/2005,107.98
5/30/2005,107.96
5/31/2005,108.4
06/01/2005,108.66
06/02/2005,108.21
06/03/2005,107.64
06/06/2005,106.87
06/07/2005,106.63
06/08/2005,107.22
06/09/2005,107.48
06/10/2005,108.65
6/13/2005,109.45
6/14/2005,109.4
6/15/2005,109.17
6/16/2005,108.96
6/17/2005,108.53
6/20/2005,109.35
6/21/2005,108.41
6/22/2005,108.76
6/23/2005,108.92
6/24/2005,108.97
6/27/2005,109.28
6/28/2005,109.77
6/29/2005,110.44
6/30/2005,110.86
07/01/2005,111.74
07/04/2005,111.56
07/05/2005,111.55
07/06/2005,112.25
07/07/2005,112.0
07/08/2005,112.26
07/11/2005,111.7
07/12/2005,110.96
7/13/2005,112.01
7/14/2005,112.28
7/15/2005,112.21
7/18/2005,111.89
7/19/2005,112.9
7/20/2005,112.73
7/21/2005,110.43
7/22/2005,111.3
7/25/2005,111.64
7/26/2005,112.51
7/27/2005,112.45
7/28/2005,112.27
7/29/2005,112.44
08/01/2005,112.22
08/02/2005,111.39
08/03/2005,111.1
08/04/2005,111.23
08/05/2005,111.8
08/08/2005,112.08
08/09/2005,111.78
08/10/2005,110.65
08/11/2005,109.7
08/12/2005,109.34
8/15/2005,109.33
8/16/2005,109.6
8/17/2005,109.85
8/18/2005,110.46
8/19/2005,110.44
8/22/2005,109.69
8/23/2005,109.86
8/24/2005,110.23
8/25/2005,110.07
8/26/2005,110.16
8/29/2005,110.67
8/30/2005,111.35
8/31/2005,110.65
09/01/2005,109.89
09/02/2005,109.8
09/05/2005,109.32
09/06/2005,109.61
09/07/2005,110.03
09/08/2005,110.51
09/09/2005,109.62
09/12/2005,110.25
9/13/2005,110.71
9/14/2005,110.47
9/15/2005,110.6
9/16/2005,111.32
9/19/2005,111.47
9/20/2005,111.96
9/22/2005,111.63
9/23/2005,112.48
9/26/2005,112.32
9/27/2005,113.25
9/28/2005,112.91
9/29/2005,113.2
9/30/2005,113.46
10/03/2005,114.25
10/04/2005,114.35
10/05/2005,114.1
10/06/2005,113.34
10/07/2005,113.78
10/10/2005,114.22
10/11/2005,114.55
10/12/2005,114.37
10/13/2005,114.48
10/14/2005,114.05
10/17/2005,115.1
10/18/2005,115.79
10/19/2005,115.52
10/20/2005,115.31
10/21/2005,115.9
10/24/2005,115.47
10/25/2005,115.11
10/26/2005,115.91
10/27/2005,115.36
10/28/2005,115.57
10/31/2005,116.44
11/01/2005,116.76
11/02/2005,116.8
11/03/2005,117.22
11/04/2005,118.31
11/07/2005,117.62
11/08/2005,117.4
11/09/2005,117.74
11/10/2005,117.96
11/11/2005,118.04
11/14/2005,118.79
11/15/2005,118.85
11/16/2005,119.1
11/17/2005,118.81
11/18/2005,119.09
11/21/2005,119.08
11/22/2005,118.86
11/23/2005,118.76
11/24/2005,119.11
11/25/2005,119.64
11/28/2005,118.9
11/29/2005,119.75
11/30/2005,119.72
12/01/2005,120.41
12/02/2005,120.45
12/05/2005,120.84
12/06/2005,120.68
12/07/2005,121.03
12/08/2005,120.39
12/09/2005,120.64
12/12/2005,119.9
12/13/2005,120.04
12/14/2005,117.55
12/15/2005,116.32
12/16/2005,115.64
12/19/2005,116.05
12/20/2005,117.24
12/21/2005,117.48
12/22/2005,116.67
12/23/2005,116.36
12/26/2005,116.6
12/27/2005,117.32
12/28/2005,117.72
12/29/2005,117.81
12/30/2005,117.98
01/02/2006,117.8
01/03/2006,115.98
01/04/2006,116.22
01/05/2006,116.0
01/06/2006,114.39
01/09/2006,114.54
01/10/2006,114.45
01/11/2006,114.28
01/12/2006,114.63
1/13/2006,114.22
1/16/2006,115.12
1/17/2006,115.585
1/18/2006,115.26
1/19/2006,115.5
1/20/2006,115.27
1/23/2006,114.47
1/24/2006,115.04
1/25/2006,115.77
1/26/2006,116.29
1/27/2006,117.4
1/30/2006,117.62
1/31/2006,117.31
02/01/2006,117.97
02/02/2006,118.515
02/03/2006,118.89
02/06/2006,119.07
02/07/2006,117.73
02/08/2006,118.49
02/09/2006,118.71
02/10/2006,117.83
2/13/2006,117.53
2/14/2006,117.6
2/15/2006,117.94
2/16/2006,117.46
2/17/2006,118.14
2/20/2006,118.36
2/21/2006,118.785
2/22/2006,118.41
2/23/2006,117.07
2/24/2006,116.84
2/27/2006,116.21
2/28/2006,115.79
03/01/2006,116.06
03/02/2006,115.84
03/03/2006,116.41
03/06/2006,117.59
03/07/2006,117.77
03/08/2006,117.82
03/09/2006,118.2
03/10/2006,119.0
3/13/2006,118.66
3/14/2006,117.68
3/15/2006,117.52
3/16/2006,116.88
3/17/2006,115.91
3/20/2006,116.37
3/21/2006,117.22
3/22/2006,116.87
3/23/2006,117.83
3/24/2006,117.45
3/27/2006,116.73
3/28/2006,117.76
3/29/2006,117.77
3/30/2006,117.31
3/31/2006,117.76
04/03/2006,117.8
04/04/2006,117.44
04/05/2006,117.44
04/06/2006,117.78
04/07/2006,118.24
04/10/2006,118.41
04/11/2006,118.21
04/12/2006,118.41
4/13/2006,118.54
4/14/2006,118.68
4/17/2006,117.81
4/18/2006,116.88
4/19/2006,117.36
4/20/2006,117.41
4/21/2006,116.58
4/24/2006,114.6
4/25/2006,114.91
4/26/2006,114.76
4/27/2006,114.18
4/28/2006,113.82
05/01/2006,113.55
05/02/2006,113.36
05/03/2006,113.79
05/04/2006,113.585
05/05/2006,112.56
05/08/2006,111.68
05/09/2006,111.01
05/10/2006,110.83
05/11/2006,110.42
05/12/2006,109.97
5/15/2006,110.7
5/16/2006,109.76
5/17/2006,110.91
5/18/2006,110.9
5/19/2006,111.66
5/22/2006,111.46
5/23/2006,112.14
5/24/2006,112.74
5/25/2006,111.76
5/26/2006,112.65
5/29/2006,112.56
5/30/2006,112.15
5/31/2006,112.53
06/01/2006,112.48
06/02/2006,111.73
06/05/2006,112.34
06/06/2006,113.215
06/07/2006,113.43
06/08/2006,113.935
06/09/2006,113.96
06/12/2006,114.38
6/13/2006,115.24
6/14/2006,114.86
6/15/2006,114.715
6/16/2006,115.14
6/19/2006,115.38
6/20/2006,114.9
6/21/2006,114.835
6/22/2006,116.08
6/23/2006,116.54
6/26/2006,116.22
6/27/2006,116.32
6/28/2006,116.4
6/29/2006,115.15
6/30/2006,114.49
07/03/2006,114.75
07/04/2006,115.095
07/05/2006,115.57
07/06/2006,115.26
07/07/2006,113.96
07/10/2006,114.3
07/11/2006,114.3
07/12/2006,115.31
7/13/2006,115.34
7/14/2006,116.08
7/17/2006,117.08
7/18/2006,117.33
7/19/2006,116.83
7/20/2006,116.96
7/21/2006,116.12
7/24/2006,116.75
7/25/2006,117.15
7/26/2006,116.35
7/27/2006,115.75
7/28/2006,114.74
7/31/2006,114.51
08/01/2006,114.56
08/02/2006,114.56
08/03/2006,115.04
08/04/2006,114.48
08/07/2006,115.11
08/08/2006,115.69
08/09/2006,115.36
08/10/2006,115.16
08/11/2006,116.28
8/14/2006,116.6
8/15/2006,115.94
8/16/2006,115.875
8/17/2006,115.9
8/18/2006,115.77
8/21/2006,115.97
8/22/2006,116.47
8/23/2006,116.39
8/24/2006,116.46
8/25/2006,117.26
8/28/2006,117.17
8/29/2006,116.705
8/30/2006,117.02
8/31/2006,117.36
09/01/2006,117.06
09/04/2006,116.17
09/05/2006,116.17
09/06/2006,116.56
09/07/2006,116.44
09/08/2006,116.95
09/11/2006,117.55
09/12/2006,117.82
9/13/2006,117.45
9/14/2006,117.57
9/15/2006,117.47
9/18/2006,117.89
9/19/2006,117.6
9/20/2006,117.46
9/21/2006,116.36
9/22/2006,116.7
9/25/2006,116.475
9/26/2006,117.14
9/27/2006,117.44
9/28/2006,117.73
9/29/2006,117.96
10/02/2006,117.66
10/03/2006,118.05
10/04/2006,117.82
10/05/2006,117.85
10/06/2006,119.01
10/09/2006,118.99
10/10/2006,119.67
10/11/2006,119.74
10/12/2006,119.38
10/13/2006,119.6
10/16/2006,118.96
10/17/2006,118.59
10/18/2006,118.92
10/19/2006,118.28
10/20/2006,118.72
10/23/2006,119.3
10/24/2006,119.34
10/25/2006,118.94
10/26/2006,118.38
10/27/2006,117.58
10/30/2006,117.61
10/31/2006,116.79
11/01/2006,117.22
11/02/2006,117.1
11/03/2006,117.98
11/06/2006,118.17
11/07/2006,117.59
11/08/2006,117.83
11/09/2006,117.79
11/10/2006,117.52
11/13/2006,117.63
11/14/2006,117.63
11/15/2006,117.88
11/16/2006,118.22
11/17/2006,117.54
11/20/2006,118.04
11/21/2006,117.86
11/22/2006,116.76
11/23/2006,116.28
11/24/2006,115.89
11/27/2006,116.11
11/28/2006,116.05
11/29/2006,116.43
11/30/2006,115.68
12/01/2006,115.23
12/04/2006,115.37
12/05/2006,114.95
12/06/2006,115.32
12/07/2006,115.14
12/08/2006,116.29
12/11/2006,116.76
12/12/2006,116.7
12/13/2006,117.4
12/14/2006,117.76
12/15/2006,118.15
12/18/2006,118.05
12/19/2006,118.01
12/20/2006,118.34
12/21/2006,118.29
12/22/2006,118.99
12/25/2006,118.84
12/26/2006,119.12
12/27/2006,118.77
12/28/2006,118.895
12/29/2006,118.98
01/01/2007,118.88
01/02/2007,118.83
01/03/2007,119.34
01/04/2007,118.83
01/05/2007,118.69
01/08/2007,118.69
01/09/2007,119.3
01/10/2007,119.51
01/11/2007,120.3
01/12/2007,120.3
1/15/2007,120.42
1/16/2007,120.79
1/17/2007,120.62
1/18/2007,121.26
1/19/2007,121.21
1/22/2007,121.62
1/23/2007,121.68
1/24/2007,120.88
1/25/2007,121.62
1/26/2007,121.41
1/29/2007,121.73
1/30/2007,121.68
1/31/2007,120.74
02/01/2007,120.8
02/02/2007,121.13
02/05/2007,120.19
02/06/2007,120.05
02/07/2007,120.585
02/08/2007,121.13
02/09/2007,121.71
02/12/2007,121.77
2/13/2007,121.27
2/14/2007,120.31
2/15/2007,119.39
2/16/2007,119.41
2/19/2007,119.69
2/20/2007,120.015
2/21/2007,120.94
2/22/2007,121.49
2/23/2007,121.09
2/26/2007,120.64
2/27/2007,118.09
2/28/2007,118.73
03/01/2007,117.72
03/02/2007,117.19
03/05/2007,115.59
03/06/2007,116.78
03/07/2007,115.69
03/08/2007,117.15
03/09/2007,118.32
03/12/2007,117.57
3/13/2007,116.02
3/14/2007,117.26
3/15/2007,117.15
3/16/2007,116.74
3/19/2007,117.61
3/20/2007,117.25
3/21/2007,117.41
3/22/2007,118.09
3/23/2007,118.05
3/26/2007,118.12
3/27/2007,117.75
3/28/2007,116.87
3/29/2007,117.98
3/30/2007,117.81
04/02/2007,117.76
04/03/2007,118.87
04/04/2007,118.77
04/05/2007,118.692
04/06/2007,119.07
04/09/2007,119.22
04/10/2007,119.12
04/11/2007,119.29
04/12/2007,119.0
4/13/2007,119.23
4/16/2007,119.76
4/17/2007,118.95
4/18/2007,118.45
4/19/2007,118.25
4/20/2007,118.66
4/23/2007,118.57
4/24/2007,118.48
4/25/2007,118.68
4/26/2007,119.53
4/27/2007,119.48
4/30/2007,119.36
05/01/2007,119.8
05/02/2007,120.16
05/03/2007,120.36
05/04/2007,120.27
05/07/2007,120.05
05/08/2007,119.99
05/09/2007,120.11
05/10/2007,119.84
05/11/2007,120.19
5/14/2007,120.32
5/15/2007,120.22
5/16/2007,120.72
5/17/2007,121.291
5/18/2007,121.06
5/21/2007,121.47
5/22/2007,121.64
5/23/2007,121.52
5/24/2007,121.358
5/25/2007,121.76
5/28/2007,121.7
5/29/2007,121.59
5/30/2007,121.59
5/31/2007,121.75
06/01/2007,122.13
06/04/2007,121.72
06/05/2007,121.34
06/06/2007,121.01
06/07/2007,120.88
06/08/2007,121.71
06/11/2007,121.76
06/12/2007,121.62
6/13/2007,122.57
6/14/2007,122.955
6/15/2007,123.4
6/18/2007,123.68
6/19/2007,123.42
6/20/2007,123.47
6/21/2007,123.74
6/22/2007,123.69
6/25/2007,123.58
6/26/2007,123.04
6/27/2007,123.15
6/28/2007,123.16
6/29/2007,123.16
07/02/2007,122.23
07/03/2007,122.47
07/04/2007,122.66
07/05/2007,122.95
07/06/2007,123.36
07/09/2007,123.37
07/10/2007,121.29
07/11/2007,122.27
07/12/2007,122.4
7/13/2007,121.9
7/16/2007,121.8
7/17/2007,122.0
7/18/2007,121.9
7/19/2007,122.109
7/20/2007,121.27
7/23/2007,121.05
7/24/2007,120.11
7/25/2007,120.46
7/26/2007,118.46
7/27/2007,118.96
7/30/2007,119.15
7/31/2007,118.42
08/01/2007,118.98
08/02/2007,119.14
08/03/2007,118.04
08/06/2007,118.82
08/07/2007,118.8
08/08/2007,119.69
08/09/2007,118.29
08/10/2007,118.51
8/13/2007,118.21
8/14/2007,117.42
8/15/2007,116.32
8/16/2007,114.06
8/17/2007,114.25
8/20/2007,114.84
8/21/2007,114.15
8/22/2007,115.62
8/23/2007,116.02
8/24/2007,116.38
8/27/2007,115.55
8/28/2007,114.34
8/29/2007,115.84
8/30/2007,115.94
8/31/2007,115.77
09/03/2007,115.78
09/04/2007,116.24
09/05/2007,115.12
09/06/2007,115.39
09/07/2007,113.39
09/11/2007,114.26
09/12/2007,114.12
9/13/2007,114.59
9/14/2007,115.26
9/17/2007,115.03
9/18/2007,115.91
9/19/2007,116.01
9/20/2007,114.64
9/21/2007,115.48
9/24/2007,114.86
9/25/2007,114.66
9/26/2007,115.44
9/27/2007,115.55
9/28/2007,114.74
10/01/2007,115.8
10/02/2007,115.71
10/03/2007,116.56
10/04/2007,116.41
10/05/2007,116.88
10/08/2007,117.32
10/09/2007,117.19
10/10/2007,117.148
10/11/2007,117.37
10/12/2007,117.59
10/15/2007,117.32
10/16/2007,116.94
10/17/2007,116.49
10/18/2007,115.46
10/19/2007,114.56
10/22/2007,114.442
10/23/2007,114.86
10/24/2007,114.18
10/25/2007,113.963
10/26/2007,114.21
10/29/2007,114.7
10/30/2007,114.78
10/31/2007,115.39
11/01/2007,114.46
11/02/2007,114.72
11/05/2007,114.3
11/06/2007,114.71
11/07/2007,112.61
11/08/2007,112.71
11/09/2007,110.66
11/12/2007,109.62
11/13/2007,111.14
11/14/2007,111.27
11/15/2007,110.48
11/16/2007,110.98
11/19/2007,109.77
11/20/2007,109.72
11/21/2007,108.35
11/22/2007,108.49
11/23/2007,108.12
11/27/2007,108.8
11/28/2007,109.96
11/29/2007,109.76
11/30/2007,111.76
12/03/2007,110.44
12/04/2007,109.86
12/05/2007,110.91
12/06/2007,111.36
12/07/2007,111.66
12/10/2007,111.79
12/11/2007,110.88
12/12/2007,111.99
12/13/2007,112.31
12/14/2007,113.26
12/17/2007,112.85
12/18/2007,113.31
12/19/2007,113.29
12/20/2007,113.16
12/21/2007,114.05
12/24/2007,114.16
12/25/2007,114.2
12/26/2007,114.22
12/27/2007,113.84
12/28/2007,112.37
12/31/2007,111.65
01/01/2008,111.82
01/02/2008,109.263
01/03/2008,109.51
01/04/2008,108.63
01/07/2008,109.23
01/08/2008,108.97
01/09/2008,109.88
01/10/2008,109.62
01/11/2008,108.96
1/14/2008,108.25
1/15/2008,106.77
1/16/2008,107.345
1/17/2008,106.4
1/18/2008,106.83
1/21/2008,105.62
1/22/2008,107.06
1/23/2008,106.75
1/24/2008,107.15
1/25/2008,106.8
1/28/2008,106.97
1/29/2008,107.04
1/30/2008,106.23
1/31/2008,106.251
02/01/2008,106.51
02/04/2008,106.69
02/05/2008,106.531
02/06/2008,106.38
02/07/2008,107.31
02/08/2008,107.33
02/11/2008,106.83
02/12/2008,107.34
2/13/2008,108.282
2/14/2008,107.79
2/15/2008,107.8
2/18/2008,108.16
2/19/2008,107.92
2/20/2008,108.05
2/21/2008,107.41
2/22/2008,107.19
2/25/2008,108.03
2/26/2008,107.35
2/27/2008,106.37
2/28/2008,104.95
2/29/2008,103.77
03/03/2008,103.52
03/04/2008,103.37
03/05/2008,103.91
03/06/2008,102.58
03/07/2008,102.7
03/10/2008,101.42
03/11/2008,103.27
03/12/2008,101.48
3/13/2008,100.68
3/14/2008,99.03
3/17/2008,97.1
3/18/2008,99.82
3/19/2008,98.62
3/20/2008,99.38
3/21/2008,99.57
3/24/2008,100.74
3/25/2008,100.08
3/26/2008,99.16
3/27/2008,99.53
3/28/2008,99.12
3/31/2008,99.85
04/02/2008,102.29
04/03/2008,102.29
04/04/2008,101.52
04/07/2008,102.44
04/08/2008,102.81
04/09/2008,101.822
04/10/2008,102.06
04/11/2008,100.95
4/14/2008,101.16
4/15/2008,101.82
4/16/2008,101.8
4/17/2008,102.48
4/18/2008,103.75
4/21/2008,103.303
4/22/2008,102.87
4/23/2008,103.452
4/24/2008,104.247
4/25/2008,104.4
4/28/2008,104.21
4/29/2008,104.0
4/30/2008,103.943
05/02/2008,105.3
05/05/2008,104.91
05/06/2008,104.684
05/07/2008,104.779
05/08/2008,103.874
05/09/2008,102.8
05/12/2008,103.77
5/13/2008,104.62
5/14/2008,105.05
5/15/2008,104.8
5/16/2008,104.02
5/19/2008,104.391
5/20/2008,103.57
5/21/2008,103.04
5/22/2008,104.04
5/23/2008,103.3
5/26/2008,103.34
5/27/2008,104.191
5/28/2008,104.65
5/29/2008,105.49
5/30/2008,105.5
06/02/2008,104.48
06/03/2008,105.13
06/04/2008,105.24
06/05/2008,105.92
06/06/2008,104.9
06/09/2008,106.32
06/10/2008,107.34
06/11/2008,106.96
06/12/2008,107.8
6/13/2008,108.15
6/16/2008,108.14
6/17/2008,107.97
6/18/2008,107.82
6/19/2008,107.92
6/20/2008,107.31
6/23/2008,107.83
6/24/2008,107.78
6/25/2008,107.8
6/26/2008,106.947
6/27/2008,106.12
6/30/2008,106.12
07/02/2008,105.94
07/03/2008,106.74
07/04/2008,106.81
07/07/2008,107.16
07/08/2008,107.42
07/09/2008,106.871
07/10/2008,107.066
07/11/2008,106.21
7/14/2008,106.22
7/15/2008,104.81
7/16/2008,105.18
7/17/2008,106.228
7/18/2008,106.95
7/21/2008,106.496
7/22/2008,107.23
7/23/2008,107.89
7/24/2008,107.38
7/25/2008,107.85
7/28/2008,107.46
7/29/2008,108.08
7/30/2008,108.15
7/31/2008,107.81
08/01/2008,107.66
08/02/2008,107.74
08/03/2008,107.54
08/04/2008,108.21
08/05/2008,108.33
08/06/2008,109.48
08/07/2008,109.32
08/08/2008,110.07
08/09/2008,110.07
08/10/2008,109.687
08/11/2008,110.09
08/12/2008,109.28
8/13/2008,109.23
8/14/2008,109.78
8/15/2008,110.51
8/16/2008,110.46
8/17/2008,110.33
8/18/2008,110.1
8/19/2008,109.65
8/20/2008,109.69
8/21/2008,108.428
8/22/2008,110.01
8/23/2008,109.84
8/24/2008,109.91
8/25/2008,109.33
8/26/2008,109.61
8/27/2008,109.54
8/28/2008,109.42
8/29/2008,108.79
09/01/2008,108.056
09/02/2008,108.65
09/03/2008,108.35
09/04/2008,106.73
09/05/2008,107.68
09/08/2008,108.11
09/09/2008,107.28
09/10/2008,107.72
09/11/2008,106.98
09/12/2008,107.94
9/15/2008,104.251
9/16/2008,105.52
9/17/2008,104.319
9/18/2008,105.5
9/19/2008,107.42
9/22/2008,105.56
9/23/2008,105.719
9/24/2008,106.08
9/25/2008,106.32
9/26/2008,106.05
9/29/2008,103.843
9/30/2008,106.07
10/01/2008,105.94
10/02/2008,105.21
10/03/2008,105.3
10/06/2008,101.88
10/07/2008,101.46
10/08/2008,99.478
10/09/2008,99.51
10/10/2008,101.1
10/13/2008,102.28
10/14/2008,101.96
10/15/2008,99.72
10/16/2008,101.24
10/17/2008,101.65
10/20/2008,101.97
10/21/2008,100.327
10/22/2008,97.86
10/23/2008,97.478
10/24/2008,94.27
10/27/2008,93.194
10/28/2008,98.2
10/29/2008,97.52
10/30/2008,98.79
10/31/2008,98.44
11/03/2008,99.0
11/04/2008,99.733
11/05/2008,98.22
11/06/2008,97.276
11/07/2008,98.09
11/10/2008,97.97
11/11/2008,97.291
11/12/2008,94.8
11/13/2008,97.57
11/14/2008,97.02
11/17/2008,96.41
11/18/2008,96.746
11/19/2008,96.003
11/20/2008,94.05
11/21/2008,95.91
11/24/2008,96.87
11/25/2008,95.447
11/26/2008,95.607
11/27/2008,95.429
11/28/2008,95.5
12/01/2008,93.14
12/02/2008,93.151
12/03/2008,93.14
12/04/2008,92.45
12/05/2008,92.82
12/08/2008,92.978
12/09/2008,92.303
12/10/2008,92.84
12/11/2008,91.53
12/12/2008,91.07
12/15/2008,90.5
12/16/2008,88.738
12/17/2008,87.32
12/18/2008,89.505
12/19/2008,89.27
12/22/2008,90.16
12/23/2008,90.84
12/24/2008,90.5
12/25/2008,90.514
12/26/2008,90.77
12/29/2008,90.652
12/30/2008,90.29
12/31/2008,90.65
01/01/2009,90.667
01/02/2009,91.79
01/05/2009,93.217
01/06/2009,93.38
01/07/2009,92.68
01/08/2009,91.36
01/09/2009,90.37
01/12/2009,89.43
1/13/2009,89.341
1/14/2009,89.16
1/15/2009,89.94
1/16/2009,90.9
1/19/2009,90.62
1/20/2009,89.81
1/21/2009,89.05
1/22/2009,89.126
1/23/2009,88.76
1/26/2009,89.24
1/27/2009,89.33
1/28/2009,90.462
1/29/2009,89.91
1/30/2009,89.9
02/02/2009,89.36
02/03/2009,89.37
02/04/2009,89.42
02/05/2009,91.15
02/06/2009,91.92
02/09/2009,91.31
02/10/2009,90.444
02/11/2009,90.29
02/12/2009,90.67
2/13/2009,91.86
2/16/2009,91.71
2/17/2009,92.276
2/18/2009,93.63
2/19/2009,94.011
2/20/2009,93.34
2/23/2009,94.4
2/24/2009,96.55
2/25/2009,97.39
2/26/2009,98.334
2/27/2009,97.62
03/02/2009,97.054
03/03/2009,98.535
03/04/2009,98.992
03/05/2009,98.13
03/06/2009,98.34
03/09/2009,98.92
03/10/2009,98.78
03/11/2009,97.25
03/12/2009,97.32
3/13/2009,97.94
3/16/2009,98.2
3/17/2009,98.781
3/18/2009,96.401
3/19/2009,94.45
3/20/2009,95.93
3/23/2009,97.092
3/24/2009,98.34
3/25/2009,97.73
3/26/2009,98.7
3/27/2009,97.85
3/30/2009,97.432
3/31/2009,98.97
04/01/2009,98.66
04/02/2009,99.56
04/03/2009,100.3
04/06/2009,100.76
04/07/2009,100.69
04/08/2009,99.74
04/09/2009,100.44
04/10/2009,100.26
4/13/2009,100.02
4/14/2009,98.97
4/15/2009,99.23
4/16/2009,99.33
4/17/2009,99.08
4/20/2009,98.066
4/21/2009,98.64
4/22/2009,98.13
4/23/2009,97.92
4/24/2009,97.21
4/27/2009,96.53
4/28/2009,96.53
4/29/2009,97.47
4/30/2009,98.69
05/01/2009,99.19
05/04/2009,98.83
05/05/2009,98.92
05/06/2009,98.41
05/07/2009,99.128
05/08/2009,98.45
05/11/2009,97.5
05/12/2009,96.46
5/13/2009,95.37
5/14/2009,96.0
5/15/2009,95.11
5/18/2009,96.373
5/19/2009,96.117
5/20/2009,94.911
5/21/2009,94.13
5/22/2009,94.74
5/25/2009,94.82
5/26/2009,95.05
5/27/2009,95.38
5/28/2009,96.798
5/29/2009,95.43
06/01/2009,96.522
06/02/2009,95.601
06/03/2009,96.07
06/04/2009,96.643
06/05/2009,98.81
06/08/2009,98.457
06/09/2009,97.477
06/10/2009,98.149
06/11/2009,97.63
06/12/2009,98.37
6/15/2009,97.819
6/16/2009,96.5
6/17/2009,95.74
6/18/2009,96.57
6/19/2009,96.76
6/22/2009,95.85
6/23/2009,95.119
6/24/2009,95.848
6/25/2009,95.943
6/26/2009,95.21
6/29/2009,96.092
6/30/2009,96.331
07/01/2009,96.5
07/02/2009,95.82
07/03/2009,96.14
07/04/2009,95.99
07/05/2009,95.88
07/06/2009,95.207
07/07/2009,94.62
07/08/2009,92.7
07/09/2009,93.14
07/10/2009,92.58
07/11/2009,92.56
07/12/2009,92.45
7/13/2009,93.08
7/14/2009,93.63
7/15/2009,94.3
7/16/2009,93.708
7/17/2009,94.21
7/18/2009,94.17
7/19/2009,94.36
7/20/2009,94.15
7/21/2009,93.52
7/22/2009,93.57
7/23/2009,94.951
7/24/2009,94.89
7/25/2009,94.78
7/26/2009,94.71
7/27/2009,95.16
7/28/2009,94.418
7/29/2009,95.09
7/30/2009,95.55
7/31/2009,94.65
08/02/2009,94.63
08/03/2009,95.17
08/04/2009,95.3
08/05/2009,94.79
08/06/2009,95.47
08/07/2009,97.43
08/08/2009,97.43
08/09/2009,97.344
08/10/2009,97.01
08/11/2009,95.929
08/12/2009,96.189
8/13/2009,95.286
8/14/2009,94.91
8/16/2009,94.71
8/17/2009,94.44
8/18/2009,94.85
8/19/2009,94.108
8/20/2009,94.25
8/21/2009,94.39
8/23/2009,94.56
8/24/2009,94.383
8/25/2009,93.92
8/26/2009,94.09
8/27/2009,93.64
8/28/2009,93.58
8/29/2009,93.52
8/30/2009,93.364
8/31/2009,92.874
09/01/2009,92.694
09/02/2009,92.21
09/03/2009,92.69
09/04/2009,93.04
09/06/2009,93.16
09/07/2009,92.924
09/08/2009,92.313
09/09/2009,92.14
09/10/2009,91.69
09/11/2009,90.66
9/13/2009,90.4
9/14/2009,90.861
9/15/2009,90.898
9/16/2009,91.04
9/17/2009,91.2
9/18/2009,91.31
9/20/2009,91.365
9/21/2009,92.037
9/22/2009,90.71
9/23/2009,91.32
9/24/2009,90.83
9/25/2009,89.62
9/27/2009,88.69
9/28/2009,89.892
9/29/2009,90.238
9/30/2009,89.89
10/01/2009,89.529
10/02/2009,89.78
10/03/2009,89.73
10/04/2009,89.692
10/05/2009,89.62
10/06/2009,88.819
10/07/2009,88.53
10/08/2009,88.74
10/09/2009,89.77
10/11/2009,89.93
10/12/2009,89.68
10/13/2009,89.82
10/14/2009,89.393
10/15/2009,90.8
10/16/2009,90.88
10/18/2009,90.89
10/19/2009,90.742
10/20/2009,90.79
10/21/2009,90.85
10/22/2009,91.41
10/23/2009,92.05
10/25/2009,92.11
10/26/2009,92.202
10/27/2009,91.649
10/28/2009,90.599
10/29/2009,91.496
10/30/2009,90.07
11/02/2009,90.39
11/03/2009,90.39
11/04/2009,90.698
11/05/2009,90.77
11/06/2009,89.88
11/09/2009,89.829
11/10/2009,89.71
11/11/2009,89.91
11/12/2009,90.28
11/13/2009,89.66
11/16/2009,89.01
11/17/2009,89.23
11/18/2009,89.398
11/19/2009,88.9
11/20/2009,88.83
11/23/2009,88.9
11/24/2009,88.593
11/25/2009,87.36
11/26/2009,85.14
11/27/2009,86.48
11/30/2009,86.25
12/01/2009,86.65
12/02/2009,87.56
12/03/2009,88.259
12/04/2009,90.52
12/07/2009,89.29
12/08/2009,88.38
12/09/2009,88.09
12/10/2009,88.23
12/11/2009,89.09
12/14/2009,88.69
12/15/2009,89.511
12/16/2009,89.85
12/17/2009,89.64
12/18/2009,90.44
12/21/2009,91.057
12/22/2009,91.805
12/23/2009,91.64
12/24/2009,91.444
12/25/2009,91.11
12/28/2009,91.69
12/29/2009,91.97
12/30/2009,92.42
12/31/2009,92.91
01/01/2010,92.92
01/02/2010,92.92
01/03/2010,92.71
01/04/2010,92.495
01/05/2010,91.585
01/06/2010,92.356
01/07/2010,93.39
01/08/2010,92.66
01/09/2010,92.68
01/10/2010,92.29
01/11/2010,92.092
01/12/2010,91.08
1/13/2010,91.433
1/14/2010,91.267
1/15/2010,90.75
1/16/2010,90.78
1/17/2010,90.86
1/18/2010,90.705
1/19/2010,91.199
1/20/2010,91.192
1/21/2010,90.393
1/22/2010,89.81
1/23/2010,90.07
1/24/2010,89.97
1/25/2010,90.415
1/26/2010,89.63
1/27/2010,89.95
1/28/2010,89.778
1/29/2010,90.27
1/30/2010,90.26
1/31/2010,90.234
02/01/2010,90.76
02/02/2010,90.428
02/03/2010,90.84
02/04/2010,89.41
02/05/2010,89.22
02/06/2010,89.24
02/07/2010,89.24
02/08/2010,89.22
02/09/2010,89.768
02/10/2010,89.93
02/11/2010,89.81
02/12/2010,89.95
2/13/2010,89.977
2/14/2010,90.078
2/15/2010,90.05
2/16/2010,90.244
2/17/2010,91.05
2/18/2010,91.977
2/19/2010,91.54
2/20/2010,91.94
2/21/2010,91.61
2/22/2010,91.235
2/23/2010,90.16
2/24/2010,90.279
2/25/2010,89.27
2/26/2010,88.921
2/27/2010,88.82
2/28/2010,88.87
03/01/2010,89.15
03/02/2010,88.74
03/03/2010,88.57
03/04/2010,89.16
03/05/2010,90.22
03/06/2010,90.29
03/07/2010,90.555
03/08/2010,90.286
03/09/2010,89.989
03/10/2010,90.47
03/11/2010,90.648
03/12/2010,90.54
3/14/2010,90.7
3/15/2010,90.32
3/16/2010,90.29
3/17/2010,90.403
3/18/2010,90.48
3/19/2010,90.52
3/21/2010,90.437
3/22/2010,90.34
3/23/2010,90.366
3/24/2010,92.014
3/25/2010,92.513
3/26/2010,92.507
3/27/2010,92.4
3/28/2010,92.43
3/29/2010,92.49
3/30/2010,92.82
3/31/2010,93.52
04/01/2010,93.85
04/02/2010,94.53
04/04/2010,94.559
04/05/2010,94.33
04/06/2010,93.794
04/07/2010,93.309
04/08/2010,93.42
04/09/2010,93.16
04/11/2010,93.168
04/12/2010,93.183
4/13/2010,93.18
4/14/2010,93.318
4/15/2010,93.04
4/16/2010,92.15
4/17/2010,92.02
4/18/2010,91.9
4/19/2010,92.46
4/20/2010,93.171
4/21/2010,93.054
4/22/2010,93.398
4/23/2010,93.95
4/25/2010,94.08
4/26/2010,93.9
4/27/2010,93.144
4/28/2010,93.96
4/29/2010,94.013
4/30/2010,93.83
05/01/2010,94.23
05/02/2010,94.01
05/03/2010,94.692
05/04/2010,94.71
05/05/2010,93.781
05/06/2010,90.83
05/07/2010,91.58
05/08/2010,91.68
05/09/2010,92.112
05/10/2010,93.18
05/11/2010,92.49
05/12/2010,93.169
5/13/2010,92.777
5/14/2010,92.46
5/16/2010,92.35
5/17/2010,92.55
5/18/2010,91.901
5/19/2010,91.54
5/20/2010,89.37
5/21/2010,89.986
5/23/2010,90.165
5/24/2010,90.19
5/25/2010,90.332
5/26/2010,89.97
5/27/2010,90.879
5/28/2010,91.052
5/29/2010,90.77
5/30/2010,90.98
5/31/2010,91.19
06/01/2010,91.1
06/02/2010,92.19
06/03/2010,92.623
06/04/2010,91.88
06/05/2010,91.83
06/06/2010,91.56
06/07/2010,91.516
06/08/2010,91.41
06/09/2010,91.365
06/10/2010,91.309
06/11/2010,91.62
06/12/2010,91.68
6/13/2010,91.71
6/14/2010,91.62
6/15/2010,91.474
6/16/2010,91.396
6/17/2010,90.84
6/18/2010,90.7
6/19/2010,90.736
6/20/2010,90.369
6/21/2010,90.995
6/22/2010,90.54
6/23/2010,89.91
6/24/2010,89.63
6/25/2010,89.15
6/27/2010,89.366
6/28/2010,89.313
6/29/2010,88.649
6/30/2010,88.43
07/01/2010,87.6
07/02/2010,87.79
07/03/2010,87.79
07/04/2010,87.74
07/05/2010,87.625
07/06/2010,87.48
07/07/2010,87.68
07/08/2010,88.41
07/09/2010,88.57
07/10/2010,88.57
07/11/2010,88.66
07/12/2010,88.639
7/13/2010,88.793
7/14/2010,88.27
7/15/2010,87.34
7/16/2010,86.56
7/17/2010,86.65
7/18/2010,86.527
7/19/2010,86.76
7/20/2010,87.242
7/21/2010,86.861
7/22/2010,87.124
7/23/2010,87.52
7/24/2010,87.49
7/25/2010,87.5385
7/26/2010,86.998
7/27/2010,87.816
7/28/2010,87.452
7/29/2010,86.683
7/30/2010,86.44
7/31/2010,86.4
08/01/2010,86.4
08/02/2010,86.598
08/03/2010,85.78
08/04/2010,86.29
08/05/2010,85.81
08/06/2010,85.48
08/07/2010,85.39
08/08/2010,85.35
08/09/2010,85.9
08/10/2010,85.36
08/11/2010,85.132
08/12/2010,86.062
8/13/2010,86.28
8/14/2010,86.26
8/15/2010,86.13
8/16/2010,85.309
8/17/2010,85.59
8/18/2010,85.42
8/19/2010,85.348
8/20/2010,85.64
8/21/2010,85.59
8/22/2010,85.569
8/23/2010,85.144
8/24/2010,84.21
8/25/2010,84.663
8/26/2010,84.34
8/27/2010,85.33
8/28/2010,85.344
8/29/2010,85.52
8/30/2010,84.53
8/31/2010,84.15
09/01/2010,84.396
09/02/2010,84.25
09/03/2010,84.41
09/04/2010,84.45
09/05/2010,84.42
09/06/2010,84.131
09/07/2010,83.729
09/08/2010,83.96
09/09/2010,83.92
09/10/2010,84.18
09/11/2010,84.12
09/12/2010,84.302
9/13/2010,83.68
9/14/2010,83.06
9/15/2010,85.692
9/16/2010,85.84
9/17/2010,85.8
9/18/2010,85.83
9/19/2010,85.69
9/20/2010,85.71
9/21/2010,85.08
9/22/2010,84.49
9/23/2010,84.51
9/24/2010,84.26
9/25/2010,84.19
9/26/2010,84.3
9/27/2010,84.28
9/28/2010,83.898
9/29/2010,83.77
9/30/2010,83.57
10/01/2010,83.3
10/02/2010,83.2
10/03/2010,83.343
10/04/2010,83.503
10/05/2010,83.218
10/06/2010,82.98
10/07/2010,82.38
10/08/2010,82.07
10/09/2010,81.91
10/10/2010,81.81
10/11/2010,82.076
10/12/2010,81.78
10/13/2010,81.796
10/14/2010,81.473
10/15/2010,81.41
10/16/2010,81.45
10/17/2010,81.38
10/18/2010,81.21
10/19/2010,81.547
10/20/2010,81.037
10/21/2010,81.315
10/22/2010,81.36
10/23/2010,81.39
10/24/2010,81.303
10/25/2010,80.79
10/26/2010,81.338
10/27/2010,81.66
10/28/2010,81.01
10/29/2010,80.43
10/31/2010,80.34
11/01/2010,80.57
11/02/2010,80.66
11/03/2010,81.047
11/04/2010,80.78
11/05/2010,81.26
11/06/2010,81.255
11/07/2010,81.15
11/08/2010,81.09
11/09/2010,81.572
11/10/2010,82.228
11/11/2010,82.415
11/12/2010,82.42
11/13/2010,82.51
11/14/2010,82.458
11/15/2010,83.17
11/16/2010,83.37
11/17/2010,83.13
11/18/2010,83.54
11/19/2010,83.46
11/20/2010,83.465
11/21/2010,83.47
11/22/2010,83.328
11/23/2010,83.25
11/24/2010,83.53
11/25/2010,83.64
11/26/2010,84.09
11/27/2010,84.04
11/28/2010,84.159
11/29/2010,84.25
11/30/2010,83.67
12/01/2010,84.141
12/02/2010,83.74
12/03/2010,82.71
12/04/2010,82.54
12/05/2010,82.76
12/06/2010,82.679
12/07/2010,83.47
12/08/2010,84.1
12/09/2010,83.824
12/10/2010,83.94
12/11/2010,83.93
12/12/2010,83.97
12/13/2010,83.423
12/14/2010,83.81
12/15/2010,84.27
12/16/2010,84.04
12/17/2010,83.86
12/18/2010,83.92
12/19/2010,84.016
12/20/2010,83.75
12/21/2010,83.79
12/22/2010,83.558
12/23/2010,83.026
12/24/2010,82.88
12/25/2010,82.86
12/26/2010,82.94
12/27/2010,82.751
12/28/2010,82.364
12/29/2010,81.646
12/30/2010,81.506
12/31/2010,81.09
01/01/2011,81.11
01/02/2011,81.107
01/03/2011,81.66
01/04/2011,82.045
01/05/2011,83.16
01/06/2011,83.32
01/07/2011,83.03
01/08/2011,83.16
01/09/2011,83.062
01/10/2011,82.715
01/11/2011,83.36
01/12/2011,83.071
1/13/2011,82.775
1/14/2011,82.99
1/15/2011,82.97
1/16/2011,82.89
1/17/2011,82.664
1/18/2011,82.615
1/19/2011,82.14
1/20/2011,82.931
1/21/2011,82.57
1/22/2011,82.57
1/23/2011,82.58
1/24/2011,82.535
1/25/2011,82.25
1/26/2011,82.177
1/27/2011,82.88
1/28/2011,82.12
1/29/2011,82.11
1/30/2011,82.09
1/31/2011,82.08
02/01/2011,81.416
02/02/2011,81.493
02/03/2011,81.674
02/04/2011,82.19
02/05/2011,82.17
02/06/2011,82.22
02/07/2011,82.302
02/08/2011,82.26
02/09/2011,82.41
02/10/2011,83.345
02/11/2011,83.44
02/12/2011,83.43
2/13/2011,83.44
2/14/2011,83.39
2/15/2011,83.701
2/16/2011,83.59
2/17/2011,83.29
2/18/2011,83.09
2/19/2011,83.07
2/20/2011,83.104
2/21/2011,83.06
2/22/2011,82.75
2/23/2011,82.44
2/24/2011,82.027
2/25/2011,81.65
2/26/2011,81.68
2/27/2011,81.63
2/28/2011,81.88
03/01/2011,81.91
03/02/2011,81.833
03/03/2011,82.372
03/04/2011,82.31
03/05/2011,82.27
03/06/2011,82.34
03/07/2011,82.274
03/08/2011,82.787
03/09/2011,82.82
03/10/2011,82.908
03/11/2011,81.88
03/12/2011,81.89
3/13/2011,81.342
3/14/2011,81.79
3/15/2011,81.057
3/16/2011,79.168
3/17/2011,79.489
3/18/2011,80.58
3/19/2011,80.57
3/20/2011,80.96
3/21/2011,81.25
3/22/2011,81.06
3/23/2011,80.86
3/24/2011,81.0
3/25/2011,81.33
3/26/2011,81.44
3/27/2011,81.47
3/28/2011,81.771
3/29/2011,82.414
3/30/2011,83.14
3/31/2011,83.35
04/01/2011,84.05
04/02/2011,84.07
04/03/2011,84.207
04/04/2011,84.13
04/05/2011,85.17
04/06/2011,85.312
04/07/2011,84.953
04/08/2011,84.73
04/09/2011,84.7
04/10/2011,85.04
04/11/2011,84.62
04/12/2011,83.571
4/13/2011,83.83
4/14/2011,83.569
4/15/2011,83.11
4/16/2011,83.1
4/17/2011,83.17
4/18/2011,82.366
4/19/2011,82.59
4/20/2011,82.43
4/21/2011,81.89
4/22/2011,81.85
4/23/2011,81.82
4/24/2011,81.876
4/25/2011,81.852
4/26/2011,81.451
4/27/2011,82.19
4/28/2011,81.53
4/29/2011,81.19
4/30/2011,81.1
05/01/2011,81.25
05/02/2011,81.181
05/03/2011,80.97
05/04/2011,80.66
05/05/2011,80.347
05/06/2011,80.61
05/07/2011,80.58
05/08/2011,80.74
05/09/2011,80.27
05/10/2011,81.02
05/11/2011,81.02
05/12/2011,81.05
5/13/2011,80.77
5/14/2011,80.88
5/15/2011,80.81
5/16/2011,80.77
5/17/2011,81.4
5/18/2011,81.64
5/19/2011,81.725
5/20/2011,81.69
5/21/2011,81.69
5/22/2011,81.723
5/23/2011,81.969
5/24/2011,82.06
5/25/2011,82.02
5/26/2011,81.239
5/27/2011,80.79
5/28/2011,80.82
5/29/2011,80.814
5/30/2011,80.861
5/31/2011,81.44
06/01/2011,80.899
06/02/2011,80.96
06/03/2011,80.27
06/04/2011,80.19
06/05/2011,80.22
06/06/2011,80.14
06/07/2011,80.18
06/08/2011,79.908
06/09/2011,80.31
06/10/2011,80.31
06/11/2011,80.24
06/12/2011,80.322
6/13/2011,80.18
6/14/2011,80.56
6/15/2011,80.88
6/16/2011,80.58
6/17/2011,80.03
6/18/2011,80.01
6/19/2011,80.09
6/20/2011,80.234
6/21/2011,80.208
6/22/2011,80.39
6/23/2011,80.45
6/24/2011,80.48
6/25/2011,80.4
6/26/2011,80.46
6/27/2011,80.84
6/28/2011,81.08
6/29/2011,80.706
6/30/2011,80.592
07/01/2011,80.81
07/02/2011,80.8
07/03/2011,80.883
07/04/2011,80.741
07/05/2011,81.079
07/06/2011,80.951
07/07/2011,81.23
07/08/2011,80.56
07/09/2011,80.61
07/10/2011,80.66
07/11/2011,80.296
07/12/2011,79.329
7/13/2011,78.94
7/14/2011,79.18
7/15/2011,79.12
7/16/2011,79.11
7/17/2011,79.119
7/18/2011,79.05
7/19/2011,79.13
7/20/2011,78.814
7/21/2011,78.53
7/22/2011,78.52
7/23/2011,78.52
7/24/2011,78.36
7/25/2011,78.304
7/26/2011,77.93
7/27/2011,77.95
7/28/2011,77.728
7/29/2011,76.78
7/30/2011,76.73
7/31/2011,77.259
08/01/2011,77.48
08/02/2011,77.29
08/03/2011,77.121
08/04/2011,79.21
08/05/2011,78.42
08/06/2011,78.38
08/07/2011,78.318
08/08/2011,77.59
08/09/2011,77.07
08/10/2011,76.73
08/11/2011,76.874
8/15/2011,76.86
8/16/2011,76.75
8/17/2011,76.56
8/18/2011,76.58
8/19/2011,76.53
8/20/2011,76.44
8/21/2011,76.794
8/22/2011,76.83
8/23/2011,76.66
8/24/2011,77.063
8/25/2011,77.43
8/26/2011,76.43
8/27/2011,76.61
8/28/2011,76.68
8/29/2011,76.949
8/30/2011,76.712
8/31/2011,76.72
09/01/2011,76.857
09/02/2011,76.73
09/03/2011,76.73
09/04/2011,76.9
09/05/2011,76.903
09/06/2011,77.63
09/07/2011,77.3
09/08/2011,77.52
09/09/2011,77.59
09/10/2011,77.57
09/11/2011,77.464
09/12/2011,77.18
9/13/2011,76.94
9/14/2011,76.673
9/15/2011,76.71
9/16/2011,76.77
9/17/2011,76.77
9/18/2011,76.92
9/19/2011,76.591
9/20/2011,76.46
9/21/2011,76.55
9/22/2011,76.315
9/23/2011,76.59
9/24/2011,76.28
9/25/2011,76.53
9/26/2011,76.341
9/27/2011,76.803
9/28/2011,76.53
9/29/2011,76.75
9/30/2011,77.02
10/01/2011,77.04
10/02/2011,77.2
10/03/2011,76.595
10/04/2011,76.778
10/05/2011,76.782
10/06/2011,76.666
10/07/2011,76.71
10/08/2011,76.7
10/09/2011,76.76
10/10/2011,76.64
10/11/2011,76.68
10/12/2011,77.188
10/13/2011,76.87
10/14/2011,77.2
10/15/2011,77.33
10/16/2011,77.21
10/17/2011,76.83
10/18/2011,76.79
10/19/2011,76.8
10/20/2011,76.86
10/21/2011,76.25
10/22/2011,76.07
10/23/2011,76.232
10/24/2011,76.123
10/25/2011,76.081
10/26/2011,76.17
10/27/2011,75.95
10/28/2011,75.78
10/29/2011,75.78
10/30/2011,75.76
10/31/2011,78.354
11/01/2011,78.3
11/02/2011,78.13
11/03/2011,78.047
11/04/2011,78.19
11/05/2011,78.22
11/06/2011,78.134
11/07/2011,78.06
11/08/2011,77.704
11/09/2011,77.74
11/10/2011,77.66
11/11/2011,77.17
11/12/2011,77.14
11/13/2011,77.17
11/14/2011,77.08
11/15/2011,77.06
11/16/2011,77.06
11/17/2011,76.99
11/18/2011,76.87
11/19/2011,76.91
11/20/2011,76.88
11/21/2011,76.921
11/22/2011,76.97
11/23/2011,77.31
11/24/2011,77.17
11/25/2011,77.69
11/26/2011,77.63
11/27/2011,77.68
11/28/2011,78.1
11/29/2011,77.98
11/30/2011,77.6
12/01/2011,77.75
12/02/2011,77.95
12/03/2011,77.981
12/04/2011,78.055
12/05/2011,77.809
12/06/2011,77.75
12/07/2011,77.653
12/08/2011,77.65
12/09/2011,77.61
12/10/2011,77.57
12/11/2011,77.61
12/12/2011,77.9
12/13/2011,77.97
12/14/2011,78.12
12/15/2011,77.84
12/16/2011,77.74
12/17/2011,77.74
12/18/2011,77.81
12/19/2011,78.02
12/20/2011,77.84
12/21/2011,78.08
12/22/2011,78.17
12/23/2011,78.07
12/24/2011,78.06
12/25/2011,78.06
12/26/2011,78.0
12/27/2011,77.87
12/28/2011,77.93
12/29/2011,77.65
12/30/2011,76.9
12/31/2011,76.95
01/01/2012,77.03
01/02/2012,76.926
01/03/2012,76.74
01/04/2012,76.741
01/05/2012,77.15
01/06/2012,76.96
01/07/2012,77.05
01/08/2012,76.94
01/09/2012,76.86
01/10/2012,76.839
01/11/2012,76.87
01/12/2012,76.77
1/13/2012,76.95
1/14/2012,76.89
1/15/2012,76.89
1/16/2012,76.82
1/17/2012,76.827
1/18/2012,76.78
1/19/2012,77.069
1/20/2012,77.01
1/21/2012,76.97
1/22/2012,76.97
1/23/2012,76.97
1/24/2012,77.66
1/25/2012,77.739
1/26/2012,77.454
1/27/2012,76.75
1/28/2012,76.66
1/29/2012,76.74
1/30/2012,76.36
1/31/2012,76.27
02/01/2012,76.19
02/02/2012,76.17
02/03/2012,76.6
02/04/2012,76.6
02/05/2012,76.544
02/06/2012,76.58
02/07/2012,76.761
02/08/2012,77.02
02/09/2012,77.64
02/10/2012,77.63
02/11/2012,77.63
02/12/2012,77.69
2/13/2012,77.48
2/14/2012,78.387
2/15/2012,78.462
2/16/2012,78.788
2/17/2012,79.54
2/18/2012,79.53
2/19/2012,79.86
2/20/2012,79.56
2/21/2012,79.825
2/22/2012,80.24
2/23/2012,79.928
2/24/2012,81.18
2/25/2012,81.2
2/26/2012,81.45
2/27/2012,80.456
2/28/2012,80.524
2/29/2012,81.312
03/01/2012,81.087
03/02/2012,81.78
03/03/2012,81.77
03/04/2012,81.609
03/05/2012,81.51
03/06/2012,80.62
03/07/2012,81.29
03/08/2012,81.582
03/09/2012,82.44
03/10/2012,82.47
03/11/2012,82.374
03/12/2012,82.356
3/13/2012,82.951
3/14/2012,83.86
3/15/2012,83.512
3/16/2012,83.44
3/17/2012,83.44
3/18/2012,83.432
3/19/2012,83.35
3/20/2012,83.67
3/21/2012,83.222
3/22/2012,82.556
3/23/2012,82.33
3/24/2012,82.34
3/25/2012,82.52
3/26/2012,82.839
3/27/2012,83.13
3/28/2012,82.88
3/29/2012,82.48
3/30/2012,82.82
3/31/2012,82.86
04/01/2012,82.812
04/02/2012,82.103
04/03/2012,82.79
04/04/2012,82.37
04/05/2012,82.321
04/06/2012,81.63
04/07/2012,81.62
04/08/2012,81.222
04/09/2012,81.579
04/10/2012,80.664
04/11/2012,80.91
04/12/2012,80.916
4/13/2012,80.91
4/14/2012,80.92
4/15/2012,80.864
4/16/2012,80.39
4/17/2012,80.96
4/18/2012,81.31
4/19/2012,81.667
4/20/2012,81.51
4/21/2012,81.48
4/22/2012,81.62
4/23/2012,81.13
4/24/2012,81.34
4/25/2012,81.294
4/26/2012,81.063
4/27/2012,80.28
4/28/2012,80.25
4/29/2012,80.26
4/30/2012,80.31
05/01/2012,80.13
05/02/2012,80.12
05/03/2012,80.24
05/04/2012,79.85
05/05/2012,79.82
05/06/2012,79.79
05/07/2012,79.871
05/08/2012,79.873
05/09/2012,79.632
05/10/2012,79.86
05/11/2012,79.93
05/12/2012,79.91
5/13/2012,79.919
5/14/2012,79.85
5/15/2012,80.23
5/16/2012,80.372
5/17/2012,79.35
5/18/2012,79.0
5/19/2012,79.01
5/20/2012,79.15
5/21/2012,79.322
5/22/2012,79.964
5/23/2012,79.491
5/24/2012,79.54
5/25/2012,79.68
5/26/2012,79.65
5/27/2012,79.55
5/28/2012,79.53
5/29/2012,79.468
5/30/2012,79.089
5/31/2012,78.351
06/01/2012,78.01
06/02/2012,78.03
06/03/2012,78.15
06/04/2012,78.349
06/05/2012,78.757
06/06/2012,79.32
06/07/2012,79.644
06/08/2012,79.47
06/09/2012,79.45
06/10/2012,79.549
06/11/2012,79.27
06/12/2012,79.62
6/13/2012,79.44
6/14/2012,79.426
6/15/2012,78.69
6/16/2012,78.71
6/17/2012,79.06
6/18/2012,79.056
6/19/2012,79.011
6/20/2012,79.48
6/21/2012,80.203
6/22/2012,80.41
6/23/2012,80.4
6/24/2012,80.553
6/25/2012,79.62
6/26/2012,79.5
6/27/2012,79.71
6/28/2012,79.359
6/29/2012,79.78
6/30/2012,79.81
07/01/2012,79.876
07/02/2012,79.449
07/03/2012,79.813
07/04/2012,79.9
07/05/2012,79.91
07/06/2012,79.66
07/07/2012,79.67
07/08/2012,79.681
07/09/2012,79.573
07/10/2012,79.415
07/11/2012,79.63
07/12/2012,79.31
7/13/2012,79.18
7/14/2012,79.21
7/15/2012,79.15
7/16/2012,78.797
7/17/2012,79.11
7/18/2012,78.78
7/19/2012,78.65
7/20/2012,78.47
7/21/2012,78.49
7/22/2012,78.45
7/23/2012,78.3
7/24/2012,78.164
7/25/2012,78.13
7/26/2012,78.2
7/27/2012,78.45
7/28/2012,78.46
7/29/2012,78.448
7/30/2012,78.14
7/31/2012,78.088
08/01/2012,78.4
08/02/2012,78.21
08/03/2012,78.45
08/04/2012,78.43
08/05/2012,78.581
08/06/2012,78.22
08/07/2012,78.623
08/08/2012,78.41
08/09/2012,78.6
08/10/2012,78.27
08/11/2012,78.28
08/12/2012,78.273
8/13/2012,78.31
8/14/2012,78.75
8/15/2012,79.01
8/16/2012,79.327
8/17/2012,79.55
8/18/2012,79.54
8/19/2012,79.492
8/20/2012,79.399
8/21/2012,79.29
8/22/2012,78.58
8/23/2012,78.515
8/24/2012,78.62
8/25/2012,78.64
8/26/2012,78.66
8/27/2012,78.753
8/28/2012,78.55
8/29/2012,78.72
8/30/2012,78.58
8/31/2012,78.38
09/01/2012,78.38
09/02/2012,78.314
09/03/2012,78.3
09/04/2012,78.44
09/05/2012,78.396
09/06/2012,78.93
09/07/2012,78.24
09/08/2012,78.23
09/09/2012,78.25
09/10/2012,78.244
09/11/2012,77.756
09/12/2012,77.842
9/13/2012,77.59
9/14/2012,78.22
9/15/2012,78.4
9/16/2012,78.345
9/17/2012,78.69
9/18/2012,78.8
9/19/2012,78.374
9/20/2012,78.252
9/21/2012,78.17
9/22/2012,78.18
9/23/2012,78.11
9/24/2012,77.854
9/25/2012,77.806
9/26/2012,77.689
9/27/2012,77.58
9/28/2012,77.92
9/29/2012,77.99
9/30/2012,77.962
10/01/2012,78.011
10/02/2012,78.164
10/03/2012,78.479
10/04/2012,78.449
10/05/2012,78.67
10/06/2012,78.62
10/07/2012,78.693
10/08/2012,78.34
10/09/2012,78.243
10/10/2012,78.102
10/11/2012,78.38
10/12/2012,78.44
10/13/2012,78.35
10/14/2012,78.43
10/15/2012,78.717
10/16/2012,78.865
10/17/2012,79.104
10/18/2012,79.322
10/19/2012,79.33
10/20/2012,79.3
10/21/2012,79.22
10/22/2012,79.92
10/23/2012,79.86
10/24/2012,79.83
10/25/2012,80.3
10/26/2012,79.64
10/27/2012,79.64
10/28/2012,79.63
10/29/2012,79.77
10/30/2012,79.66
10/31/2012,79.851
11/01/2012,80.201
11/02/2012,80.44
11/03/2012,80.46
11/04/2012,80.5
11/05/2012,80.167
11/06/2012,80.3
11/07/2012,79.93
11/08/2012,79.48
11/09/2012,79.47
11/10/2012,79.49
11/11/2012,79.47
11/12/2012,79.6
11/13/2012,79.465
11/14/2012,80.206
11/15/2012,81.124
11/16/2012,81.3
11/17/2012,81.34
11/18/2012,81.412
11/19/2012,81.36
11/20/2012,81.713
11/21/2012,82.56
11/22/2012,82.37
11/23/2012,82.39
11/24/2012,82.39
11/25/2012,82.515
11/26/2012,81.877
11/27/2012,82.08
11/28/2012,82.16
11/29/2012,82.162
11/30/2012,82.46
12/01/2012,82.51
12/02/2012,82.433
12/03/2012,82.154
12/04/2012,81.838
12/05/2012,82.46
12/06/2012,82.42
12/07/2012,82.5
12/08/2012,82.48
12/09/2012,82.545
12/10/2012,82.358
12/11/2012,82.552
12/12/2012,83.225
12/13/2012,83.65
12/14/2012,83.51
12/15/2012,83.47
12/16/2012,84.169
12/17/2012,83.91
12/18/2012,84.34
12/19/2012,84.253
12/20/2012,84.411
12/21/2012,84.23
12/22/2012,84.23
12/23/2012,84.408
12/24/2012,84.83
12/25/2012,85.03
12/26/2012,85.612
12/27/2012,86.46
12/28/2012,85.95
12/29/2012,85.98
12/30/2012,85.944
12/31/2012,86.72
01/01/2013,86.634
01/02/2013,87.28
01/03/2013,87.712
01/04/2013,88.15
01/05/2013,88.14
01/06/2013,88.243
01/07/2013,87.27
01/08/2013,86.856
01/09/2013,88.145
01/10/2013,89.264
01/11/2013,89.19
01/12/2013,89.17
1/13/2013,89.516
1/14/2013,89.46
1/15/2013,88.772
1/16/2013,88.652
1/17/2013,89.909
1/18/2013,90.09
1/19/2013,90.11
1/20/2013,90.204
1/21/2013,89.611
1/22/2013,88.49
1/23/2013,88.58
1/24/2013,90.59
1/25/2013,90.86
1/26/2013,90.9
1/27/2013,91.187
1/28/2013,90.443
1/29/2013,90.814
1/30/2013,91.068
1/31/2013,91.72
02/01/2013,92.7
02/02/2013,92.7
02/03/2013,92.8
02/04/2013,92.17
02/05/2013,93.608
02/06/2013,93.46
02/07/2013,93.686
02/08/2013,92.69
02/09/2013,92.71
02/10/2013,92.52
02/11/2013,94.218
02/12/2013,93.355
2/13/2013,93.312
2/14/2013,92.971
2/15/2013,93.5
2/16/2013,93.49
2/17/2013,93.732
2/18/2013,93.698
2/19/2013,93.71
2/20/2013,93.66
2/21/2013,93.12
2/22/2013,93.4
2/23/2013,93.4
2/24/2013,94.182
2/25/2013,92.38
2/26/2013,92.16
2/27/2013,92.309
2/28/2013,92.615
03/01/2013,93.58
03/02/2013,93.58
03/03/2013,93.53
03/04/2013,93.41
03/05/2013,93.292
03/06/2013,93.969
03/07/2013,94.997
03/08/2013,96.0
03/09/2013,95.96
03/10/2013,96.19
03/11/2013,96.64
03/12/2013,95.789
3/13/2013,96.066
3/14/2013,96.0
3/15/2013,95.28
3/16/2013,95.27
3/17/2013,94.84
3/18/2013,95.344
3/19/2013,95.054
3/20/2013,95.986
3/21/2013,94.9
3/22/2013,94.53
3/23/2013,94.53
3/24/2013,94.83
3/25/2013,93.97
3/26/2013,94.626
3/27/2013,94.301
3/28/2013,94.153
3/29/2013,94.23
3/30/2013,94.21
3/31/2013,94.28
04/01/2013,93.2
04/02/2013,93.35
04/03/2013,93.02
04/04/2013,96.281
04/05/2013,97.53
04/06/2013,97.53
04/07/2013,98.429
04/08/2013,99.56
04/09/2013,99.123
04/10/2013,99.788
04/11/2013,99.715
04/12/2013,98.36
4/13/2013,98.36
4/14/2013,98.39
4/15/2013,96.971
4/16/2013,97.592
4/17/2013,98.075
4/18/2013,98.322
4/19/2013,99.5
4/20/2013,99.48
4/21/2013,99.842
4/22/2013,99.33
4/23/2013,99.404
4/24/2013,99.52
4/25/2013,99.36
4/26/2013,98.04
4/27/2013,98.06
4/28/2013,97.94
4/29/2013,97.872
4/30/2013,97.36
05/01/2013,97.29
05/02/2013,97.961
05/03/2013,98.99
05/04/2013,98.99
05/05/2013,99.151
05/06/2013,99.385
05/07/2013,98.789
05/08/2013,98.88
05/09/2013,100.692
05/10/2013,101.61
05/11/2013,101.59
05/12/2013,101.827
5/13/2013,101.774
5/14/2013,102.277
5/15/2013,102.24
5/16/2013,102.221
5/17/2013,103.24
5/18/2013,103.24
5/19/2013,102.814
5/20/2013,102.13
5/21/2013,102.395
5/22/2013,103.163
5/23/2013,102.034
5/24/2013,101.31
5/25/2013,101.31
5/26/2013,101.2
5/27/2013,101.139
5/28/2013,102.261
5/29/2013,101.12
5/30/2013,100.98
5/31/2013,100.47
06/01/2013,100.44
06/02/2013,100.61
06/03/2013,99.48
06/04/2013,100.19
06/05/2013,99.134
06/06/2013,97.25
06/07/2013,97.533
06/08/2013,97.53
06/09/2013,98.356
06/10/2013,98.893
06/11/2013,96.167
06/12/2013,95.945
6/13/2013,95.494
6/14/2013,94.07
6/15/2013,94.07
6/16/2013,94.227
6/17/2013,94.685
6/18/2013,95.514
6/19/2013,96.618
6/20/2013,97.211
6/21/2013,97.89
6/22/2013,97.89
6/23/2013,98.341
6/24/2013,97.567
6/25/2013,98.122
6/26/2013,97.73
6/27/2013,98.471
6/28/2013,99.124
6/29/2013,99.13
6/30/2013,99.38
07/01/2013,99.638
07/02/2013,100.724
07/03/2013,99.972
07/04/2013,100.223
07/05/2013,101.17
07/06/2013,101.17
07/07/2013,101.354
07/08/2013,100.831
07/09/2013,101.0987
07/10/2013,98.537
07/11/2013,99.05
07/12/2013,99.21
7/13/2013,99.21
7/14/2013,99.23
7/15/2013,99.9
7/16/2013,99.145
7/17/2013,99.656
7/18/2013,100.55
7/19/2013,100.62
7/20/2013,100.63
7/21/2013,100.372
7/22/2013,99.581
7/23/2013,99.486
7/24/2013,100.277
7/25/2013,99.17
7/26/2013,98.26
7/27/2013,98.28
7/28/2013,98.076
7/29/2013,97.933
7/30/2013,98.124
7/31/2013,97.866
08/01/2013,99.453
08/02/2013,98.91
08/03/2013,98.95
08/04/2013,98.897
08/05/2013,98.24
08/06/2013,97.722
08/07/2013,96.455
08/08/2013,96.644
08/09/2013,96.22
08/10/2013,96.24
08/11/2013,96.312
08/12/2013,97.237
8/13/2013,98.242
8/14/2013,97.997
8/15/2013,97.24
8/16/2013,97.499
8/17/2013,97.51
8/18/2013,97.72
8/19/2013,97.654
8/20/2013,97.367
8/21/2013,97.804
8/22/2013,98.743
8/23/2013,98.696
8/24/2013,98.73
8/25/2013,98.71
8/26/2013,98.385
8/27/2013,97.11
8/28/2013,97.686
8/29/2013,98.385
8/30/2013,98.15
8/31/2013,98.15
09/01/2013,98.381
09/02/2013,99.494
09/03/2013,99.627
09/04/2013,99.757
09/05/2013,100.16
09/06/2013,99.1
09/07/2013,99.1
09/08/2013,99.891
09/09/2013,99.66
09/10/2013,100.391
09/11/2013,99.94
09/12/2013,99.57
9/13/2013,99.35
9/14/2013,99.34
9/15/2013,98.957
9/16/2013,99.007
9/17/2013,99.15
9/18/2013,98.222
9/19/2013,99.4
9/20/2013,99.315
9/21/2013,99.32
9/22/2013,99.31
9/23/2013,98.756
9/24/2013,98.78
9/25/2013,98.467
9/26/2013,98.984
9/27/2013,98.211
9/28/2013,98.19
9/29/2013,97.903
9/30/2013,98.329
10/01/2013,98.051
10/02/2013,97.445
10/03/2013,97.24
10/04/2013,97.455
10/05/2013,97.48
10/06/2013,97.22
10/07/2013,96.69
10/08/2013,96.901
10/09/2013,97.43
10/10/2013,98.125
10/11/2013,98.558
10/12/2013,98.56
10/13/2013,98.272
10/14/2013,98.632
10/15/2013,98.264
10/16/2013,98.865
10/17/2013,98.03
10/18/2013,97.74
10/19/2013,97.74
10/20/2013,97.869
10/21/2013,98.17
10/22/2013,98.12
10/23/2013,97.37
10/24/2013,97.363
10/25/2013,97.397
10/26/2013,97.41
10/27/2013,97.613
10/28/2013,97.62
10/29/2013,98.169
10/30/2013,98.515
10/31/2013,98.326
11/01/2013,98.68
11/02/2013,98.68
11/03/2013,98.694
11/04/2013,98.629
11/05/2013,98.484
11/06/2013,98.641
11/07/2013,98.187
11/08/2013,99.047
11/09/2013,99.11
11/10/2013,99.168
11/11/2013,99.135
11/12/2013,99.62
11/13/2013,99.24
11/14/2013,100.209
11/15/2013,100.148
11/16/2013,100.18
11/17/2013,100.34
11/18/2013,99.835
11/19/2013,100.209
11/20/2013,100.185
11/21/2013,101.293
11/22/2013,101.244
11/23/2013,101.24
11/24/2013,101.3
11/25/2013,101.445
11/26/2013,101.225
11/27/2013,102.2
11/28/2013,102.305
11/29/2013,102.4
11/30/2013,102.43
12/01/2013,102.484
12/02/2013,102.936
12/03/2013,102.34
12/04/2013,102.391
12/05/2013,101.768
12/06/2013,102.885
12/07/2013,102.9
12/08/2013,103.187
12/09/2013,103.259
12/10/2013,102.848
12/11/2013,102.489
12/12/2013,103.563
12/13/2013,103.18
12/14/2013,103.18
12/15/2013,103.258
12/16/2013,103.03
12/17/2013,102.63
12/18/2013,104.261
12/19/2013,104.263
12/20/2013,104.06
12/21/2013,104.06
12/22/2013,104.024
12/23/2013,104.161
12/24/2013,104.282
12/25/2013,104.548
12/26/2013,104.882
12/27/2013,105.15
12/28/2013,105.15
12/29/2013,105.313
12/30/2013,104.935
12/31/2013,105.3
01/01/2014,105.327
01/02/2014,104.834
01/03/2014,104.84
01/04/2014,104.84
01/05/2014,104.873
01/06/2014,104.21
01/07/2014,104.668
01/08/2014,104.87
01/09/2014,104.84
01/10/2014,104.14
01/11/2014,104.14
01/12/2014,103.98
1/13/2014,103.138
1/14/2014,104.18
1/15/2014,104.58
1/16/2014,104.243
1/17/2014,104.31
1/18/2014,104.31
1/19/2014,104.242
1/20/2014,104.253
1/21/2014,104.209
1/22/2014,104.646
1/23/2014,103.35
1/24/2014,102.28
1/25/2014,102.28
1/26/2014,102.077
1/27/2014,102.629
1/28/2014,103.271
1/29/2014,102.291
1/30/2014,102.776
1/31/2014,102.007
02/01/2014,102.03
02/02/2014,102.17
02/03/2014,101.15
02/04/2014,101.684
02/05/2014,101.435
02/06/2014,102.017
02/07/2014,102.353
02/08/2014,102.34
02/09/2014,102.54
02/10/2014,102.14
02/11/2014,102.526
02/12/2014,102.454
2/13/2014,102.174
2/14/2014,101.79
2/15/2014,101.79
2/16/2014,101.633
2/17/2014,102.073
2/18/2014,102.356
2/19/2014,102.301
2/20/2014,102.33
2/21/2014,102.478
2/22/2014,102.5
2/23/2014,102.54
2/24/2014,102.491
2/25/2014,102.13
2/26/2014,102.335
2/27/2014,102.094
2/28/2014,101.79
03/01/2014,101.79
03/02/2014,101.303
03/03/2014,101.436
03/04/2014,102.188
03/05/2014,102.353
03/06/2014,103.05
03/07/2014,103.26
03/08/2014,103.26
03/09/2014,103.232
03/10/2014,103.241
03/11/2014,102.83
03/12/2014,102.813
3/13/2014,101.768
3/14/2014,101.333
3/15/2014,101.34
3/16/2014,101.34
3/17/2014,101.854
3/18/2014,101.415
3/19/2014,102.453
3/20/2014,102.43
3/21/2014,102.25
3/22/2014,102.25
3/23/2014,102.194
3/24/2014,102.19
3/25/2014,102.296
3/26/2014,101.894
3/27/2014,102.147
3/28/2014,102.808
3/29/2014,102.8
3/30/2014,102.905
3/31/2014,103.221
04/01/2014,103.613
04/02/2014,103.845
04/03/2014,103.916
04/04/2014,103.27
04/05/2014,103.27
04/06/2014,103.343
04/07/2014,103.091
04/08/2014,101.858
04/09/2014,102.03
04/10/2014,101.444
04/11/2014,101.603
04/12/2014,101.63
4/13/2014,101.454
4/14/2014,101.866
4/15/2014,101.859
4/16/2014,102.213
4/17/2014,102.413
4/18/2014,102.38
4/19/2014,102.38
4/20/2014,102.424
4/21/2014,102.609
4/22/2014,102.596
4/23/2014,102.46
4/24/2014,102.257
4/25/2014,102.166
4/26/2014,102.14
4/27/2014,102.168
4/28/2014,102.477
4/29/2014,102.628
4/30/2014,102.25
05/01/2014,102.311
05/02/2014,102.181
05/03/2014,102.19
05/04/2014,102.219
05/05/2014,102.14
05/06/2014,101.687
05/07/2014,101.837
05/08/2014,101.611
05/09/2014,101.85
05/10/2014,101.85
05/11/2014,101.834
05/12/2014,102.208
5/13/2014,102.236
5/14/2014,101.822
5/15/2014,101.523
5/16/2014,101.52
5/17/2014,101.52
5/18/2014,101.499
5/19/2014,101.485
5/20/2014,101.309
5/21/2014,101.438
5/22/2014,101.772
5/23/2014,101.95
5/24/2014,101.9
5/25/2014,101.96
5/26/2014,101.933
5/27/2014,101.98
5/28/2014,101.773
5/29/2014,101.73
5/30/2014,101.77
5/31/2014,101.76
06/01/2014,101.787
06/02/2014,102.39
06/03/2014,102.51
06/04/2014,102.68
06/05/2014,102.415
06/06/2014,102.49
06/07/2014,102.48
06/08/2014,102.48
06/09/2014,102.54
06/10/2014,102.309
06/11/2014,101.978
06/12/2014,101.697
6/13/2014,102.03
6/14/2014,102.03
6/15/2014,102.007
6/16/2014,101.82
6/17/2014,102.16
6/18/2014,101.91
6/19/2014,101.936
6/20/2014,102.052
6/21/2014,102.06
6/22/2014,102.094
6/23/2014,101.891
6/24/2014,101.94
6/25/2014,101.8
6/26/2014,101.65
6/27/2014,101.396
6/28/2014,101.37
6/29/2014,101.427
6/30/2014,101.303
07/01/2014,101.54
07/02/2014,101.767
07/03/2014,102.21
07/04/2014,102.07
07/05/2014,102.09
07/06/2014,102.12
07/07/2014,101.85
07/08/2014,101.52
07/09/2014,101.6
07/10/2014,101.252
07/11/2014,101.29
07/12/2014,101.32
7/13/2014,101.352
7/14/2014,101.537
7/15/2014,101.66
7/16/2014,101.642
7/17/2014,101.11
7/18/2014,101.32
7/19/2014,101.32
7/20/2014,101.349
7/21/2014,101.388
7/22/2014,101.46
7/23/2014,101.53
7/24/2014,101.78
7/25/2014,101.822
7/26/2014,101.83
7/27/2014,101.774
7/28/2014,101.839
7/29/2014,102.06
7/30/2014,102.84
7/31/2014,102.81
08/01/2014,102.57
08/02/2014,102.61
08/03/2014,102.571
08/04/2014,102.561
08/05/2014,102.61
08/06/2014,102.12
08/07/2014,102.054
08/08/2014,102.006
08/09/2014,102.04
08/10/2014,102.123
08/11/2014,102.24
08/12/2014,102.27
8/13/2014,102.41
8/14/2014,102.46
8/15/2014,102.36
8/16/2014,102.29
8/17/2014,102.397
8/18/2014,102.59
8/19/2014,102.9
8/20/2014,103.721
8/21/2014,103.86
8/22/2014,103.922
8/23/2014,103.93
8/24/2014,104.235
8/25/2014,104.03
8/26/2014,104.07
8/27/2014,103.893
8/28/2014,103.7
8/29/2014,104.07
8/30/2014,104.0
8/31/2014,104.118
09/01/2014,104.32
09/02/2014,105.088
09/03/2014,104.85
09/04/2014,105.368
09/05/2014,105.079
09/06/2014,105.04
09/07/2014,105.186
09/08/2014,105.998
09/09/2014,106.18
09/10/2014,106.826
09/11/2014,107.04
09/12/2014,107.332
9/13/2014,107.32
9/14/2014,107.312
9/15/2014,107.161
9/16/2014,107.14
9/17/2014,108.55
9/18/2014,108.74
9/19/2014,109.03
9/20/2014,109.03
9/21/2014,108.936
9/22/2014,108.791
9/23/2014,108.79
9/24/2014,109.15
9/25/2014,108.651
9/26/2014,109.269
9/27/2014,109.28
9/28/2014,109.473
9/29/2014,109.42
9/30/2014,109.603
10/01/2014,109.053
10/02/2014,108.379
10/03/2014,109.75
10/04/2014,109.76
10/05/2014,109.84
10/06/2014,108.78
10/07/2014,108.073
10/08/2014,108.18
10/09/2014,107.91
10/10/2014,107.63
10/11/2014,107.63
10/12/2014,107.263
10/13/2014,107.0
10/14/2014,107.254
10/15/2014,106.002
10/16/2014,106.36
10/17/2014,106.87
10/18/2014,106.87
10/19/2014,107.131
10/20/2014,106.92
10/21/2014,107.028
10/22/2014,107.173
10/23/2014,108.19
10/24/2014,108.134
10/25/2014,108.16
10/26/2014,108.216
10/27/2014,107.872
10/28/2014,108.118
10/29/2014,108.852
10/30/2014,109.237
10/31/2014,112.31
11/01/2014,112.27
11/02/2014,112.834
11/03/2014,113.657
11/04/2014,113.444
11/05/2014,114.664
11/06/2014,115.142
11/07/2014,114.53
11/08/2014,114.56
11/09/2014,114.539
11/10/2014,114.726
11/11/2014,115.759
11/12/2014,115.634
11/13/2014,115.842
11/14/2014,116.264
11/15/2014,116.28
11/16/2014,116.931
11/17/2014,116.694
11/18/2014,116.879
11/19/2014,118.215
11/20/2014,118.259
11/21/2014,117.827
11/22/2014,117.82
11/23/2014,117.75
11/24/2014,118.431
11/25/2014,117.841
11/26/2014,117.624
11/27/2014,117.868
11/28/2014,118.63
11/29/2014,118.66
11/30/2014,118.826
12/01/2014,118.315
12/02/2014,119.176
12/03/2014,119.86
12/04/2014,119.805
12/05/2014,121.41
12/06/2014,121.41
12/07/2014,121.637
12/08/2014,120.7
12/09/2014,119.252
12/10/2014,117.806
12/11/2014,119.067
12/12/2014,118.8
12/13/2014,118.79
12/14/2014,118.155
12/15/2014,117.78
12/16/2014,116.652
12/17/2014,118.75
12/18/2014,118.989
12/19/2014,119.49
12/20/2014,119.53
12/21/2014,119.485
12/22/2014,120.171
12/23/2014,120.702
12/24/2014,120.459
12/25/2014,120.37
12/26/2014,120.49
12/27/2014,120.45
12/28/2014,120.43
12/29/2014,120.65
12/30/2014,119.413
12/31/2014,119.673
01/01/2015,119.87
01/02/2015,120.49
01/03/2015,120.35
01/04/2015,120.434
01/05/2015,119.425
01/06/2015,118.673
01/07/2015,119.289
01/08/2015,119.792
01/09/2015,118.532
01/10/2015,118.43
01/11/2015,118.212
01/12/2015,118.328
1/13/2015,117.795
1/14/2015,117.39
1/15/2015,116.13
1/16/2015,117.62
1/17/2015,117.54
1/18/2015,117.56
1/19/2015,117.712
1/20/2015,118.649
1/21/2015,117.86
1/22/2015,118.751
1/23/2015,117.78
1/24/2015,117.7
1/25/2015,117.361
1/26/2015,118.52
1/27/2015,117.775
1/28/2015,117.592
1/29/2015,118.248
1/30/2015,117.45
1/31/2015,117.45
02/01/2015,117.184
02/02/2015,117.575
02/03/2015,117.646
02/04/2015,117.288
02/05/2015,117.535
02/06/2015,119.123
02/07/2015,119.06
02/08/2015,118.97
02/09/2015,118.563
02/10/2015,119.358
02/11/2015,120.17
02/12/2015,118.916
2/13/2015,118.73
2/14/2015,118.73
2/15/2015,118.57
2/16/2015,118.492
2/17/2015,119.208
2/18/2015,118.689
2/19/2015,118.988
2/20/2015,119.01
2/21/2015,119.01
2/22/2015,119.076
2/23/2015,118.903
2/24/2015,118.892
2/25/2015,118.822
2/26/2015,119.377
2/27/2015,119.56
2/28/2015,119.57
03/01/2015,119.826
03/02/2015,120.204
03/03/2015,119.637
03/04/2015,119.651
03/05/2015,120.045
03/06/2015,120.798
03/07/2015,120.783
03/08/2015,120.739
03/09/2015,121.408
03/10/2015,121.038
03/11/2015,121.411
03/12/2015,121.318
3/13/2015,121.38
3/14/2015,121.38
3/15/2015,121.343
3/16/2015,121.367
3/17/2015,121.28
3/18/2015,120.064
3/19/2015,120.762
3/20/2015,120.02
3/21/2015,119.929
3/22/2015,120.027
3/23/2015,119.75
3/24/2015,119.791
3/25/2015,119.518
3/26/2015,119.183
3/27/2015,119.13
3/28/2015,119.1
3/29/2015,119.25
3/30/2015,120.013
3/31/2015,120.022
04/01/2015,119.574
04/02/2015,119.697
04/03/2015,119.7
04/04/2015,118.95
04/05/2015,118.823
04/06/2015,119.477
04/07/2015,120.29
04/08/2015,120.094
04/09/2015,120.55
04/10/2015,120.2
04/11/2015,120.11
04/12/2015,120.209
4/13/2015,120.059
4/14/2015,119.457
4/15/2015,119.143
4/16/2015,119.044
4/17/2015,118.9
4/18/2015,118.834
4/19/2015,118.818
4/20/2015,119.195
4/21/2015,119.633
4/22/2015,119.95
4/23/2015,119.571
4/24/2015,118.953
4/25/2015,118.91
4/26/2015,118.927
4/27/2015,119.126
4/28/2015,118.823
4/29/2015,118.97
4/30/2015,119.452
05/01/2015,119.36
05/02/2015,120.15
05/03/2015,120.136
05/04/2015,120.1
05/05/2015,119.922
05/06/2015,119.397
05/07/2015,119.709
05/08/2015,119.79
05/09/2015,119.75
05/10/2015,119.78
05/11/2015,120.131
05/12/2015,119.835
5/13/2015,119.16
5/14/2015,119.191
5/15/2015,119.31
5/16/2015,119.26
5/17/2015,119.33
5/18/2015,119.9
5/19/2015,120.652
5/20/2015,121.212
5/21/2015,121.039
5/22/2015,121.55
5/23/2015,121.51
5/25/2015,121.6
5/26/2015,122.986
5/27/2015,123.74
5/28/2015,123.82
5/29/2015,124.13
5/30/2015,124.129
06/01/2015,124.847
06/02/2015,124.036
06/03/2015,124.304
06/04/2015,124.38
06/05/2015,125.62
06/06/2015,125.57
06/08/2015,124.563
06/09/2015,124.339
06/10/2015,122.866
06/11/2015,123.581
06/12/2015,123.37
6/15/2015,123.42
6/16/2015,123.439
6/17/2015,123.53
6/18/2015,123.002
6/19/2015,122.66
6/22/2015,123.379
6/23/2015,123.86
6/24/2015,123.851
6/25/2015,123.598
6/26/2015,123.86
6/29/2015,122.67
6/30/2015,122.386
07/01/2015,123.32
07/02/2015,123.059
07/03/2015,122.8
07/06/2015,122.611
07/07/2015,122.49
07/08/2015,120.862
07/09/2015,121.7
07/10/2015,122.74
7/13/2015,123.57
7/14/2015,123.32
7/15/2015,123.87
7/16/2015,124.149
7/17/2015,124.05
7/18/2015,124.047
7/20/2015,124.294
7/21/2015,123.86
7/22/2015,124.068
7/23/2015,123.876
7/24/2015,123.79
7/25/2015,123.799
7/27/2015,123.24
7/28/2015,123.576
7/29/2015,123.94
7/30/2015,124.071
7/31/2015,123.91
08/01/2015,123.88
08/03/2015,123.945
08/04/2015,124.274
08/05/2015,124.73
08/06/2015,124.734
08/07/2015,124.22
08/08/2015,124.19
08/10/2015,124.613
08/11/2015,125.07
08/12/2015,124.255
8/13/2015,124.363
8/14/2015,124.29
8/17/2015,124.438
8/18/2015,124.371
8/19/2015,123.897
8/20/2015,123.42
8/21/2015,122.03
8/22/2015,121.985
8/24/2015,118.884
8/25/2015,118.54
8/26/2015,120.058
8/27/2015,121.003
8/28/2015,121.7
8/29/2015,121.71
8/31/2015,121.089
09/01/2015,119.715
09/02/2015,120.58
09/03/2015,120.056
09/04/2015,119.01
09/05/2015,118.893
09/07/2015,119.403
09/08/2015,120.089
09/09/2015,120.278
09/10/2015,120.619
09/11/2015,120.578
9/14/2015,120.36
9/15/2015,120.434
9/16/2015,120.523
9/17/2015,120.046
9/18/2015,119.98
9/19/2015,119.88
9/21/2015,120.498
9/22/2015,120.08
9/23/2015,120.2
9/24/2015,120.24
9/25/2015,120.587
9/26/2015,120.598
9/28/2015,119.84
9/29/2015,119.86
9/30/2015,119.859
10/01/2015,119.81
10/02/2015,119.883
10/03/2015,119.92
10/05/2015,120.461
10/06/2015,120.24
10/07/2015,119.915
10/08/2015,119.929
10/09/2015,120.25
10/12/2015,120.011
10/13/2015,119.72
10/14/2015,118.83
10/15/2015,119.05
10/16/2015,119.436
10/19/2015,119.503
10/20/2015,119.78
10/21/2015,119.842
10/22/2015,120.86
10/23/2015,121.45
10/26/2015,120.949
10/27/2015,120.477
10/28/2015,120.86
10/29/2015,121.0
10/30/2015,120.6
10/31/2015,120.558
11/02/2015,120.788
11/03/2015,121.095
11/04/2015,121.49
11/05/2015,121.67
11/06/2015,123.14
11/07/2015,123.14
11/09/2015,123.077
11/10/2015,123.084
11/11/2015,122.757
11/12/2015,122.56
11/13/2015,122.591
11/16/2015,123.266
11/17/2015,123.445
11/18/2015,123.525
11/19/2015,122.912
11/20/2015,122.77
11/21/2015,122.76
11/22/2015,122.923
11/23/2015,122.915
11/24/2015,122.505
11/25/2015,122.68
11/26/2015,122.634
11/27/2015,122.83
11/28/2015,122.83
11/30/2015,123.21
12/01/2015,122.915
12/02/2015,123.226
12/03/2015,122.653
12/04/2015,123.16
12/07/2015,123.28
12/08/2015,122.912
12/09/2015,121.7
12/10/2015,121.71
12/11/2015,120.85
12/12/2015,120.94
12/14/2015,121.09
12/15/2015,121.675
12/16/2015,122.463
12/17/2015,122.45
12/18/2015,121.133
12/19/2015,121.23
12/21/2015,121.206
12/22/2015,121.03
12/23/2015,120.935
12/24/2015,120.17
12/25/2015,120.42
12/26/2015,120.073
12/28/2015,120.35
12/29/2015,120.529
12/30/2015,120.45
12/31/2015,120.288
01/01/2016,120.25
01/02/2016,120.281
01/03/2016,120.311
01/04/2016,119.467
01/05/2016,119.102
01/06/2016,118.61
01/07/2016,117.54
01/08/2016,117.23
01/09/2016,117.22
01/10/2016,117.08
01/11/2016,117.65
01/12/2016,117.83
1/13/2016,117.425
1/14/2016,118.203
1/15/2016,116.979
1/16/2016,116.846
1/17/2016,116.99
1/18/2016,117.384
1/19/2016,117.565
1/20/2016,117.134
1/21/2016,117.924
1/22/2016,118.767
1/23/2016,118.76
1/24/2016,118.572
1/25/2016,118.228
1/26/2016,118.38
1/27/2016,118.467
1/28/2016,118.93
1/29/2016,121.114
1/31/2016,121.34
02/01/2016,120.84
02/02/2016,119.856
02/03/2016,118.12
02/04/2016,116.866
02/05/2016,116.815
02/06/2016,116.88
02/07/2016,116.95
02/08/2016,115.668
02/09/2016,115.191
02/10/2016,113.252
02/11/2016,112.497
02/12/2016,113.21
2/14/2016,113.67
2/15/2016,114.322
2/16/2016,114.08
2/17/2016,114.28
2/18/2016,113.25
2/19/2016,112.561
2/20/2016,112.55
2/21/2016,112.489
2/22/2016,112.971
2/23/2016,111.88
2/24/2016,112.101
2/25/2016,113.118
2/26/2016,113.971
2/28/2016,113.66
2/29/2016,112.43
03/01/2016,113.93
03/02/2016,113.466
03/03/2016,113.67
03/04/2016,113.774
03/06/2016,113.803
03/07/2016,113.452
03/08/2016,112.66
03/09/2016,113.253
03/10/2016,112.86
03/11/2016,113.797
3/13/2016,113.778
3/14/2016,113.83
3/15/2016,113.105
3/16/2016,112.752
3/17/2016,111.35
3/18/2016,111.56
3/19/2016,111.56
3/20/2016,111.445
3/21/2016,112.139
3/22/2016,112.252
3/23/2016,112.4
3/24/2016,112.83
3/25/2016,113.059
3/27/2016,113.45
3/28/2016,113.364
3/29/2016,112.68
3/30/2016,112.366
3/31/2016,112.48
04/01/2016,111.596
04/02/2016,111.64
04/03/2016,111.722
04/04/2016,111.25
04/05/2016,110.378
04/06/2016,109.699
04/07/2016,108.427
04/08/2016,108.057
04/09/2016,108.04
04/10/2016,108.311
04/11/2016,107.93
04/12/2016,108.64
4/13/2016,109.42
4/14/2016,109.316
4/15/2016,108.746
4/17/2016,108.017
4/18/2016,109.073
4/19/2016,109.24
4/20/2016,109.838
4/21/2016,109.437
4/22/2016,111.784
4/24/2016,111.436
4/25/2016,111.136
4/26/2016,111.23
4/27/2016,111.52
4/28/2016,108.076
4/29/2016,106.33
4/30/2016,106.35
05/01/2016,106.453
05/02/2016,106.396
05/03/2016,106.68
05/04/2016,106.92
05/05/2016,107.275
05/06/2016,107.096
05/08/2016,107.36
05/09/2016,108.331
05/10/2016,109.194
05/11/2016,108.415
05/12/2016,109.1
5/13/2016,108.632
5/15/2016,108.661
5/16/2016,109.08
5/17/2016,108.95
5/18/2016,110.14
5/19/2016,109.881
5/20/2016,110.094
5/22/2016,110.05
5/23/2016,109.374
5/24/2016,110.17
5/25/2016,110.111
5/26/2016,109.713
5/27/2016,110.226
5/29/2016,110.77
5/30/2016,110.841
5/31/2016,110.67
06/01/2016,109.477
06/02/2016,108.86
06/03/2016,106.539
06/05/2016,106.721
06/06/2016,107.438
06/07/2016,107.254
06/08/2016,106.78
06/09/2016,107.09
06/10/2016,106.922
06/12/2016,106.504
6/13/2016,106.226
6/14/2016,106.087
6/15/2016,105.85
6/16/2016,104.743
6/17/2016,104.11
6/19/2016,104.648
6/20/2016,103.824
6/21/2016,104.67
6/22/2016,104.65
6/23/2016,104.896
6/24/2016,102.21
6/26/2016,102.127
6/27/2016,101.812
6/28/2016,102.701
6/29/2016,102.778
6/30/2016,103.073
07/01/2016,102.517
07/02/2016,102.53
07/03/2016,102.488
07/04/2016,102.518
07/05/2016,101.141
07/06/2016,101.15
07/07/2016,100.79
07/08/2016,100.562
07/09/2016,100.57
07/10/2016,100.692
07/11/2016,102.524
07/12/2016,104.756
7/13/2016,104.076
7/14/2016,105.191
7/15/2016,104.84
7/16/2016,104.83
7/17/2016,105.459
7/18/2016,106.146
7/19/2016,106.137
7/20/2016,107.204
7/21/2016,105.811
7/22/2016,106.06
7/24/2016,106.326
7/25/2016,105.578
7/26/2016,104.849
7/27/2016,104.951
7/28/2016,104.745
7/29/2016,102.07
7/30/2016,102.04
7/31/2016,102.332
08/01/2016,102.359
08/02/2016,101.068
08/03/2016,101.337
08/04/2016,101.199
08/05/2016,101.803
08/07/2016,102.145
08/08/2016,102.288
08/09/2016,101.915
08/10/2016,101.133
08/11/2016,101.808
08/12/2016,101.29
8/14/2016,101.283
8/15/2016,101.24
8/16/2016,100.2
8/17/2016,99.906
8/18/2016,100.112
8/19/2016,100.181
8/21/2016,100.554
8/22/2016,100.251
8/23/2016,100.311
8/24/2016,100.552
8/25/2016,100.555
8/26/2016,101.81
8/27/2016,101.81
8/28/2016,101.92
8/29/2016,101.809
8/30/2016,102.868
8/31/2016,103.302
09/01/2016,103.258
09/02/2016,103.97
09/03/2016,103.965
09/04/2016,103.934
09/05/2016,103.51
09/06/2016,101.525
09/07/2016,101.829
09/08/2016,102.306
09/09/2016,102.69
09/10/2016,102.685
09/11/2016,102.438
09/12/2016,101.751
9/13/2016,102.504
9/14/2016,102.548
9/15/2016,102.008
9/16/2016,102.262
9/17/2016,102.27
9/18/2016,102.307
9/19/2016,101.846
9/20/2016,101.547
9/21/2016,100.393
9/22/2016,100.831
9/23/2016,101.0
9/24/2016,101.03
9/25/2016,100.889
9/26/2016,100.359
9/27/2016,100.468
9/28/2016,100.935
9/29/2016,101.199
9/30/2016,101.32
10/01/2016,101.33
10/02/2016,101.563
10/03/2016,101.817
10/04/2016,102.88
10/05/2016,103.46
10/06/2016,103.765
10/07/2016,102.921
10/09/2016,103.018
10/10/2016,103.697
10/11/2016,103.342
10/12/2016,104.304
10/13/2016,103.722
10/14/2016,104.186
10/15/2016,104.185
10/16/2016,104.039
10/17/2016,103.851
10/18/2016,103.865
10/19/2016,103.391
10/20/2016,104.109
10/21/2016,103.829
10/22/2016,103.79
10/23/2016,103.917
10/24/2016,104.321
10/25/2016,104.154
10/26/2016,104.563
10/27/2016,105.209
10/28/2016,104.703
10/29/2016,104.723
10/30/2016,104.565
10/31/2016,104.82
11/01/2016,104.092
11/02/2016,103.378
11/03/2016,103.052
11/04/2016,103.091
11/05/2016,103.103
11/06/2016,104.195
11/07/2016,104.438
11/08/2016,105.03
11/09/2016,105.853
11/10/2016,106.856
11/11/2016,106.65
11/12/2016,106.65
11/13/2016,106.871
11/14/2016,108.202
11/15/2016,109.038
11/16/2016,108.785
11/17/2016,110.256
11/18/2016,110.899
11/19/2016,110.92
11/20/2016,110.973
11/21/2016,110.65
11/22/2016,111.006
11/23/2016,112.582
11/24/2016,113.292
11/25/2016,113.23
11/26/2016,113.07
11/27/2016,112.652
11/28/2016,111.69
11/29/2016,112.47
11/30/2016,114.694
12/01/2016,113.909
12/02/2016,113.483
12/03/2016,113.5
12/04/2016,113.505
12/05/2016,113.863
12/06/2016,114.052
12/07/2016,113.713
12/08/2016,114.075
12/09/2016,115.38
12/10/2016,115.38
12/11/2016,115.412
12/12/2016,115.002
12/13/2016,115.224
12/14/2016,117.211
12/15/2016,118.241
12/16/2016,117.888
12/17/2016,117.905
12/18/2016,117.791
12/19/2016,117.037
12/20/2016,117.875
12/21/2016,117.604
12/22/2016,117.542
12/23/2016,117.261
12/24/2016,117.267
12/25/2016,117.31
12/26/2016,117.192
12/27/2016,117.48
12/28/2016,117.087
12/29/2016,116.267
12/30/2016,116.88
12/31/2016,116.89
01/01/2017,116.795
01/02/2017,117.495
01/03/2017,117.659
01/04/2017,117.113
01/05/2017,115.265
01/06/2017,116.91
01/07/2017,116.92
01/08/2017,117.15
01/09/2017,115.985
01/10/2017,115.872
01/11/2017,115.098
01/12/2017,114.664
1/13/2017,114.51
1/14/2017,114.571
1/15/2017,114.227
1/16/2017,114.152
1/17/2017,112.878
1/18/2017,114.762
1/19/2017,114.98
1/20/2017,114.523
1/21/2017,114.529
1/22/2017,113.81
1/23/2017,112.78
1/24/2017,113.84
1/25/2017,113.293
1/26/2017,114.455
1/27/2017,115.067
1/28/2017,115.06
1/29/2017,114.668
1/30/2017,113.65
1/31/2017,112.743
02/01/2017,113.311
02/02/2017,112.789
02/03/2017,112.565
02/04/2017,112.69
02/05/2017,112.639
02/06/2017,111.827
02/07/2017,112.387
02/08/2017,111.952
02/09/2017,113.434
02/10/2017,113.208
02/11/2017,113.18
02/12/2017,113.914
2/13/2017,113.705
2/14/2017,114.301
2/15/2017,114.112
2/16/2017,113.305
2/17/2017,112.825
2/18/2017,112.86
2/19/2017,112.911
2/20/2017,113.28
2/21/2017,113.669
2/22/2017,113.417
2/23/2017,112.682
2/24/2017,112.139
2/25/2017,112.185
2/26/2017,112.188
2/27/2017,112.745
2/28/2017,113.077
03/01/2017,114.121
03/02/2017,114.342
03/03/2017,114.015
03/04/2017,114.0
03/05/2017,113.847
03/06/2017,113.917
03/07/2017,113.926
03/08/2017,114.411
03/09/2017,115.149
03/10/2017,114.74
03/12/2017,114.732
3/13/2017,114.915
3/14/2017,114.659
3/15/2017,113.402
3/16/2017,113.34
3/17/2017,112.69
3/18/2017,112.71
3/19/2017,112.674
3/20/2017,112.573
3/21/2017,111.532
3/22/2017,111.369
3/23/2017,111.004
3/24/2017,111.318
3/25/2017,111.338
3/26/2017,110.552
3/27/2017,110.771
3/28/2017,111.226
3/29/2017,111.154
3/30/2017,111.776
3/31/2017,111.395
04/01/2017,111.367
04/02/2017,111.265
04/03/2017,110.709
04/04/2017,110.854
04/05/2017,110.381
04/06/2017,110.897
04/07/2017,111.075
04/08/2017,111.06
04/09/2017,111.225
04/10/2017,110.717
04/11/2017,109.587
04/12/2017,108.902
4/13/2017,109.101
4/14/2017,108.627
4/15/2017,108.635
4/16/2017,108.323
4/17/2017,109.112
4/18/2017,108.535
4/19/2017,108.834
4/20/2017,109.375
4/21/2017,109.07
4/22/2017,109.07
4/23/2017,109.978
4/24/2017,109.641
4/25/2017,111.046
4/26/2017,111.191
4/27/2017,111.226
4/28/2017,111.518
4/29/2017,111.53
4/30/2017,111.302
05/01/2017,111.812
05/02/2017,111.969
05/03/2017,112.783
05/04/2017,112.537
05/05/2017,112.71
05/06/2017,112.68
05/07/2017,112.684
05/08/2017,113.23
05/09/2017,113.698
05/10/2017,114.328
05/11/2017,113.809
05/12/2017,113.345
5/13/2017,113.36
5/14/2017,113.271
5/15/2017,113.642
5/16/2017,112.646
5/17/2017,111.126
5/18/2017,111.401
5/19/2017,111.252
5/20/2017,111.25
5/21/2017,111.284
5/22/2017,110.891
5/23/2017,111.957
5/24/2017,111.524
5/25/2017,111.73
5/26/2017,111.317
5/27/2017,111.316
5/28/2017,111.256
5/29/2017,111.174
5/30/2017,110.839
5/31/2017,110.796
06/01/2017,111.437
06/02/2017,110.42
06/03/2017,110.39
06/04/2017,110.463
06/05/2017,110.381
06/06/2017,109.509
06/07/2017,109.9
06/08/2017,109.859
06/09/2017,110.328
06/10/2017,110.31
06/11/2017,110.288
06/12/2017,109.921
6/13/2017,110.055
6/14/2017,109.446
6/15/2017,110.952
6/16/2017,110.869
6/17/2017,110.87
6/18/2017,110.954
6/19/2017,111.673
6/20/2017,111.334
6/21/2017,111.31
6/22/2017,111.29
6/23/2017,111.283
6/24/2017,111.28
6/25/2017,111.239
6/26/2017,111.858
6/27/2017,112.188
6/28/2017,112.354
6/29/2017,112.009
6/30/2017,112.38
07/01/2017,112.4
07/02/2017,112.262
07/03/2017,113.386
07/04/2017,112.962
07/05/2017,113.187
07/06/2017,113.149
07/07/2017,113.909
07/08/2017,113.9
07/09/2017,113.985
07/10/2017,114.071
07/11/2017,113.748
07/12/2017,113.335
7/13/2017,113.418
7/14/2017,112.53
7/15/2017,112.49
7/16/2017,112.397
7/17/2017,112.581
7/18/2017,111.995
7/19/2017,111.877
7/20/2017,111.885
7/21/2017,111.134
7/22/2017,111.12
7/23/2017,110.945
7/24/2017,111.232
7/25/2017,112.003
7/26/2017,111.128
7/27/2017,111.097
7/28/2017,110.679
7/29/2017,110.66
7/30/2017,110.51
7/31/2017,110.359
08/01/2017,110.432
08/02/2017,110.757
08/03/2017,109.9
08/04/2017,110.671
08/05/2017,110.67
08/06/2017,110.786
08/07/2017,110.75
08/08/2017,110.102
08/09/2017,110.049
08/10/2017,109.106
08/11/2017,109.187
08/12/2017,109.18
8/13/2017,109.23
8/14/2017,109.932
8/15/2017,110.596
8/16/2017,109.999
8/17/2017,109.328
8/18/2017,109.2
8/19/2017,109.21
8/20/2017,109.32
8/21/2017,108.944
8/22/2017,109.731
8/23/2017,108.91
8/24/2017,109.514
8/25/2017,109.338
8/26/2017,109.44
8/27/2017,109.346
8/28/2017,108.737
8/29/2017,109.79
8/30/2017,110.46
8/31/2017,110.129
09/01/2017,110.25
09/02/2017,110.25
09/03/2017,109.795
09/04/2017,109.81
09/05/2017,108.602
09/06/2017,109.134
09/07/2017,108.27
09/08/2017,107.837
09/09/2017,107.82
09/10/2017,108.231
09/11/2017,109.395
09/12/2017,110.226
9/13/2017,110.515
9/14/2017,109.919
9/15/2017,110.84
9/16/2017,110.81
9/17/2017,111.197
9/18/2017,111.496
9/19/2017,111.578
9/20/2017,112.546
9/21/2017,112.452
9/22/2017,111.989
9/23/2017,111.982
9/24/2017,112.444
9/25/2017,111.761
9/26/2017,112.377
9/27/2017,112.86
9/28/2017,112.467
9/29/2017,112.936
9/30/2017,112.447
10/01/2017,112.638
10/02/2017,112.77
10/03/2017,112.848
10/04/2017,112.823
10/05/2017,112.774
10/06/2017,112.64
10/07/2017,112.64
10/08/2017,112.551
10/09/2017,112.658
10/10/2017,112.345
10/11/2017,112.434
10/12/2017,112.239
10/13/2017,111.82
10/14/2017,111.82
10/15/2017,111.882
10/16/2017,112.195
10/17/2017,112.213
10/18/2017,113.013
10/19/2017,112.68
10/20/2017,113.49
10/21/2017,113.52
10/22/2017,114.048
10/23/2017,113.34
10/24/2017,113.946
10/25/2017,113.558
10/26/2017,114.124
10/27/2017,113.66
10/28/2017,113.69
10/29/2017,113.739
10/30/2017,112.996
10/31/2017,113.65
11/01/2017,114.152
11/02/2017,114.016
11/03/2017,114.06
11/04/2017,114.07
11/05/2017,114.178
11/06/2017,113.771
11/07/2017,113.761
11/08/2017,113.927
11/09/2017,113.375
11/10/2017,113.52
11/11/2017,113.52
11/12/2017,113.686
11/13/2017,113.585
11/14/2017,113.402
11/15/2017,112.785
11/16/2017,113.028
11/17/2017,112.07
11/18/2017,112.07
11/19/2017,112.038
11/20/2017,112.551
11/21/2017,112.341
11/22/2017,111.313
11/23/2017,111.254
11/24/2017,111.508
11/25/2017,111.54
11/26/2017,111.671
11/27/2017,111.17
11/28/2017,111.648
11/29/2017,112.002
11/30/2017,112.556
12/01/2017,112.1
12/02/2017,112.1
12/03/2017,112.864
12/04/2017,112.499
12/05/2017,112.464
12/06/2017,112.291
12/07/2017,113.173
12/08/2017,113.47
12/09/2017,113.48
12/10/2017,113.543
12/11/2017,113.54
12/12/2017,113.545
12/13/2017,112.782
12/14/2017,112.396
12/15/2017,112.57
12/16/2017,112.602
12/17/2017,112.716
12/18/2017,112.568
12/19/2017,112.983
12/20/2017,113.241
12/21/2017,113.323
12/22/2017,113.26
12/23/2017,113.265
12/24/2017,113.308
12/25/2017,113.303
12/26/2017,113.203
12/27/2017,113.217
12/28/2017,112.875
12/29/2017,112.67
12/30/2017,112.68
12/31/2017,112.666
01/01/2018,112.77
01/02/2018,112.244
01/03/2018,112.607
01/04/2018,112.783
01/05/2018,113.06
01/06/2018,113.03
01/07/2018,113.154
01/08/2018,113.141
01/09/2018,112.755
01/10/2018,111.444
01/11/2018,111.294
01/12/2018,111.03
1/13/2018,111.035
1/14/2018,111.1
1/15/2018,110.581
1/16/2018,110.388
1/17/2018,111.376
1/18/2018,111.026
1/19/2018,110.76
1/20/2018,110.76
1/21/2018,110.684
1/22/2018,110.966
1/23/2018,110.107
1/24/2018,109.326
1/25/2018,109.704
1/26/2018,108.7
1/27/2018,108.54
1/28/2018,108.639
1/29/2018,108.926
1/30/2018,108.732
1/31/2018,109.201
02/01/2018,109.406
02/02/2018,110.09
02/03/2018,110.1
02/04/2018,110.035
02/05/2018,109.095
02/06/2018,109.627
02/07/2018,109.196
02/08/2018,108.529
02/09/2018,108.785
02/10/2018,108.792
02/11/2018,108.8
02/12/2018,108.69
2/13/2018,107.764
2/14/2018,106.587
2/15/2018,106.111
2/16/2018,106.31
2/17/2018,106.31
2/18/2018,106.261
2/19/2018,106.709
2/20/2018,107.381
2/21/2018,107.555
2/22/2018,106.814
2/23/2018,106.88
2/24/2018,106.87
2/25/2018,107.074
2/26/2018,107.069
2/27/2018,107.426
2/28/2018,106.64
03/01/2018,106.163
03/02/2018,105.745
03/03/2018,105.745
03/04/2018,105.556
03/05/2018,106.25
03/06/2018,105.537
03/07/2018,106.186
03/08/2018,106.406
03/09/2018,106.77
03/10/2018,106.79
03/11/2018,106.891
03/12/2018,106.26
3/13/2018,106.508
3/14/2018,106.155
3/15/2018,106.309
3/16/2018,106.01
3/17/2018,106.01
3/18/2018,105.969
3/19/2018,105.996
3/20/2018,106.469
3/21/2018,105.929
3/22/2018,104.968
3/23/2018,104.73
3/24/2018,104.73
3/25/2018,104.859
3/26/2018,105.5
3/27/2018,105.493
3/28/2018,106.812
3/29/2018,106.479
3/30/2018,106.27
3/31/2018,106.27
04/01/2018,106.312
04/02/2018,105.799
04/03/2018,106.436
04/04/2018,106.774
04/05/2018,107.052
04/06/2018,106.925
04/07/2018,106.925
04/08/2018,106.968
04/09/2018,106.749
04/10/2018,107.113
04/11/2018,106.829
04/12/2018,107.222
4/13/2018,107.34
4/14/2018,107.34
4/15/2018,107.498
4/16/2018,107.046
4/17/2018,107.016
4/18/2018,107.346
4/19/2018,107.432
4/20/2018,107.68
4/21/2018,107.62
4/22/2018,107.869
4/23/2018,108.761
4/24/2018,108.803
4/25/2018,109.364
4/26/2018,109.3
4/27/2018,109.01
4/28/2018,109.01
4/29/2018,109.098
4/30/2018,109.323
05/01/2018,109.872
05/02/2018,109.827
05/03/2018,109.096
05/04/2018,109.11
05/05/2018,109.1
05/06/2018,109.146
05/07/2018,108.943
05/08/2018,109.024
05/09/2018,109.847
05/10/2018,109.436
05/11/2018,109.4
05/12/2018,109.4
5/13/2018,109.338
5/14/2018,109.731
5/15/2018,110.297
5/16/2018,110.359
5/17/2018,110.828
5/18/2018,110.75
5/19/2018,110.75
5/20/2018,110.88
5/21/2018,110.978
5/22/2018,110.726
5/23/2018,109.869
5/24/2018,109.312
5/25/2018,109.39
5/26/2018,109.39
5/27/2018,109.623
5/28/2018,109.389
5/29/2018,108.394
5/30/2018,108.712
5/31/2018,108.749
06/01/2018,109.54
06/02/2018,109.53
06/03/2018,109.598
06/04/2018,109.963
06/05/2018,109.859
06/06/2018,110.125
06/07/2018,109.694
06/08/2018,109.545
06/09/2018,109.54
06/10/2018,109.443
06/11/2018,110.386
06/12/2018,110.452
6/13/2018,110.242
6/14/2018,110.645
6/15/2018,110.67
6/16/2018,110.67
6/17/2018,110.617
6/18/2018,110.138
6/19/2018,110.071
6/20/2018,110.352
6/21/2018,109.952
6/22/2018,109.955
6/23/2018,109.96
6/24/2018,109.937
6/25/2018,109.643
6/26/2018,110.097
6/27/2018,110.215
6/28/2018,110.486
6/29/2018,110.737
6/30/2018,110.737
07/01/2018,110.71
07/02/2018,110.871
07/03/2018,110.408
07/04/2018,110.502
07/05/2018,110.579
07/06/2018,110.47
07/07/2018,110.45
07/08/2018,110.422
07/09/2018,110.953
07/10/2018,110.831
07/11/2018,111.958
07/12/2018,112.665
7/13/2018,112.38
7/14/2018,112.38
7/15/2018,112.399
7/16/2018,112.374
7/17/2018,113.012
7/18/2018,112.791
7/19/2018,112.363
7/20/2018,111.41
7/21/2018,111.43
7/22/2018,111.053
7/23/2018,111.46
7/24/2018,111.241
7/25/2018,110.845
7/26/2018,111.146
7/27/2018,111.04
7/28/2018,111.04
7/29/2018,110.934
7/30/2018,110.994
7/31/2018,111.808
08/01/2018,111.62
08/02/2018,111.69
08/03/2018,111.26
08/04/2018,111.26
08/05/2018,111.234
08/06/2018,111.34
08/07/2018,111.345
08/08/2018,110.892
08/09/2018,111.091
08/10/2018,110.87
08/11/2018,110.87
08/12/2018,110.629
8/13/2018,110.661
8/14/2018,111.246
8/15/2018,110.576
8/16/2018,111.004
8/17/2018,110.49
8/18/2018,110.5
8/19/2018,110.475
8/20/2018,109.948
8/21/2018,110.134
8/22/2018,110.588
8/23/2018,111.367
8/24/2018,111.23
8/25/2018,111.23
8/26/2018,111.282
8/27/2018,111.137
8/28/2018,111.162
8/29/2018,111.712
8/30/2018,110.999
8/31/2018,111.035
09/01/2018,111.035
09/02/2018,111.144
09/03/2018,111.088
09/04/2018,111.461
09/05/2018,111.449
09/06/2018,110.495
09/07/2018,111.0
09/08/2018,111.0
09/09/2018,110.92
09/10/2018,111.148
09/11/2018,111.607
09/12/2018,111.22
9/13/2018,112.012
9/14/2018,112.05
9/15/2018,112.05
9/16/2018,111.953
9/17/2018,111.69
9/18/2018,112.277
9/19/2018,112.317
9/20/2018,112.495
9/21/2018,112.56
9/22/2018,112.56
9/23/2018,112.524
9/24/2018,112.786
9/25/2018,112.969
9/26/2018,112.704
9/27/2018,113.357
9/28/2018,113.683
9/29/2018,113.683
9/30/2018,113.796
10/01/2018,113.946
10/02/2018,113.577
10/03/2018,114.486
10/04/2018,113.894
10/05/2018,113.72
10/06/2018,113.69
10/07/2018,113.715
10/08/2018,113.097
10/09/2018,112.998
10/10/2018,112.092
10/11/2018,112.08
10/12/2018,112.208
10/13/2018,112.208
10/14/2018,112.192
10/15/2018,111.841
10/16/2018,112.342
10/17/2018,112.628
10/18/2018,112.185
10/19/2018,112.545
10/20/2018,112.545
10/21/2018,112.48
10/22/2018,112.757
10/23/2018,112.444
10/24/2018,112.012
10/25/2018,112.35
10/26/2018,111.892
10/27/2018,111.892
10/28/2018,111.908
10/29/2018,112.324
10/30/2018,113.052
10/31/2018,112.851
11/01/2018,112.715
11/02/2018,113.2
11/03/2018,113.199
11/04/2018,113.139
11/05/2018,113.246
11/06/2018,113.363
11/07/2018,113.547
11/08/2018,113.953
11/09/2018,113.825
11/10/2018,113.825
11/11/2018,113.846
11/12/2018,113.696
11/13/2018,113.789
11/14/2018,113.564
11/15/2018,113.555
11/16/2018,112.83
11/17/2018,112.81
11/18/2018,112.73
11/19/2018,112.443
11/20/2018,112.703
11/21/2018,113.021
11/22/2018,112.978
11/23/2018,112.945
11/24/2018,112.96
11/25/2018,112.919
11/26/2018,113.504
11/27/2018,113.767
11/28/2018,113.555
11/29/2018,113.411
11/30/2018,113.503
12/01/2018,113.45
12/02/2018,113.763
12/03/2018,113.587
12/04/2018,112.699
12/05/2018,113.051
12/06/2018,112.689
12/07/2018,112.728
12/08/2018,112.728
12/09/2018,112.502
12/10/2018,113.181
12/11/2018,113.384
12/12/2018,113.285
12/13/2018,113.56
12/14/2018,113.431
12/15/2018,113.38
12/16/2018,113.39
12/17/2018,112.829
12/18/2018,112.524
12/19/2018,112.41
12/20/2018,111.171
12/21/2018,111.21
12/22/2018,111.067
12/23/2018,111.054
12/24/2018,110.311
12/25/2018,110.402
12/26/2018,111.206
12/27/2018,110.855
12/28/2018,110.27
12/29/2018,110.27
12/30/2018,110.33
12/31/2018,109.63
01/01/2019,109.668
01/02/2019,107.441
01/03/2019,107.808
01/04/2019,108.525
01/05/2019,108.525
01/06/2019,108.522
01/07/2019,108.616
01/08/2019,108.776
01/09/2019,108.189
01/10/2019,108.298
01/11/2019,108.545
01/12/2019,108.545
1/13/2019,108.458
1/14/2019,108.25
1/15/2019,108.644
1/16/2019,109.037
1/17/2019,109.153
1/18/2019,109.77
1/19/2019,109.77
1/20/2019,109.661
1/21/2019,109.67
1/22/2019,109.355
1/23/2019,109.492
1/24/2019,109.597
1/25/2019,109.54
1/26/2019,109.54
1/27/2019,109.4
1/28/2019,109.254
1/29/2019,109.417
1/30/2019,108.981
1/31/2019,108.844
02/01/2019,109.48
02/02/2019,109.48
02/03/2019,109.438
02/04/2019,109.961
02/05/2019,109.941
02/06/2019,109.974
02/07/2019,109.756
02/08/2019,109.732
02/09/2019,109.72
02/10/2019,109.81
02/11/2019,110.4
02/12/2019,110.515
2/13/2019,110.923
2/14/2019,110.538
2/15/2019,110.49
2/16/2019,110.49
2/17/2019,110.564
2/18/2019,110.591
2/19/2019,110.572
2/20/2019,110.765
2/21/2019,110.708
2/22/2019,110.674
2/23/2019,110.69
2/24/2019,110.772
2/25/2019,111.046
2/26/2019,110.556
2/27/2019,110.862
2/28/2019,111.357
03/01/2019,111.91
03/02/2019,111.91
03/03/2019,111.938
03/04/2019,111.777
03/05/2019,111.866
03/06/2019,111.623
03/07/2019,111.634
03/08/2019,111.16
03/09/2019,111.16
03/10/2019,111.08
03/11/2019,111.342
03/12/2019,111.306
3/13/2019,111.196
3/14/2019,111.753
3/15/2019,111.42
3/16/2019,111.451
3/17/2019,111.561
3/18/2019,111.373
3/19/2019,111.401
3/20/2019,110.66
3/21/2019,110.806
3/22/2019,109.92
3/23/2019,109.91
3/24/2019,110.081
3/25/2019,110.068
3/26/2019,110.554
3/27/2019,110.49
3/28/2019,110.637
3/29/2019,110.87
3/30/2019,110.87
3/31/2019,110.995
04/01/2019,111.451
04/02/2019,111.305
04/03/2019,111.395
04/04/2019,111.658
04/05/2019,111.72
04/06/2019,111.72
04/07/2019,111.711
04/08/2019,111.456
04/09/2019,111.105
04/10/2019,110.985
04/11/2019,111.621
04/12/2019,112.02
4/13/2019,112.02
4/14/2019,112.028
4/15/2019,111.943
4/16/2019,111.993
4/17/2019,112.036
4/18/2019,111.989
4/19/2019,111.915
4/20/2019,111.915
4/21/2019,111.91
4/22/2019,111.929
4/23/2019,111.877
4/24/2019,112.13
4/25/2019,111.539
4/26/2019,111.58
4/27/2019,111.56
4/28/2019,111.593
4/29/2019,111.677
4/30/2019,111.395
05/01/2019,111.452
05/02/2019,111.495
05/03/2019,111.1
05/04/2019,111.1
05/05/2019,110.623
05/06/2019,110.805
05/07/2019,110.257
05/08/2019,110.028
05/09/2019,109.807
05/10/2019,109.94
05/11/2019,109.941
05/12/2019,109.654
5/13/2019,109.154
5/14/2019,109.671
5/15/2019,109.475
5/16/2019,109.871
5/17/2019,110.07
5/18/2019,110.07
5/19/2019,110.16
5/20/2019,110.07
5/21/2019,110.562
5/22/2019,110.221
5/23/2019,109.558
5/24/2019,109.3
5/25/2019,109.28
5/26/2019,109.401
5/27/2019,109.509
5/28/2019,109.346
5/29/2019,109.542
5/30/2019,109.357
5/31/2019,108.27
06/01/2019,108.27
06/02/2019,108.212
06/03/2019,108.027
06/04/2019,108.254
06/05/2019,108.328
06/06/2019,108.454
06/07/2019,108.18
06/08/2019,108.18
06/09/2019,108.449
06/10/2019,108.359
06/11/2019,108.474
06/12/2019,108.488
6/13/2019,108.321
6/14/2019,108.56
6/15/2019,108.55
6/16/2019,108.576
6/17/2019,108.539
6/18/2019,108.573
6/19/2019,108.115
6/20/2019,107.277
6/21/2019,107.31
6/22/2019,107.31
6/23/2019,107.312
6/24/2019,107.327
6/25/2019,107.166
6/26/2019,107.738
6/27/2019,107.747
6/28/2019,107.89
6/29/2019,107.89
6/30/2019,108.382
07/01/2019,108.366
07/02/2019,107.805
07/03/2019,107.779
07/04/2019,107.808
07/05/2019,108.46
07/06/2019,108.46
07/07/2019,108.474
07/08/2019,108.721
07/09/2019,108.924
07/10/2019,108.334
07/11/2019,108.588
07/12/2019,107.91
7/13/2019,107.91
7/14/2019,107.832
7/15/2019,107.889
7/16/2019,108.201
7/17/2019,107.937
7/18/2019,107.401
7/19/2019,107.71
7/20/2019,107.71
7/21/2019,107.81
7/22/2019,107.904
7/23/2019,108.232
7/24/2019,108.189
7/25/2019,108.666
7/26/2019,108.67
7/27/2019,108.67
7/28/2019,108.633
7/29/2019,108.866
7/30/2019,108.562
7/31/2019,108.82
08/01/2019,107.431
08/02/2019,106.58
08/03/2019,106.58
08/04/2019,106.577
08/05/2019,105.593
08/06/2019,106.337
08/07/2019,106.121
08/08/2019,105.874
08/09/2019,105.67
08/10/2019,105.67
08/11/2019,105.382
08/12/2019,105.358
8/13/2019,106.59
8/14/2019,105.916
8/15/2019,106.083
8/16/2019,106.37
8/17/2019,106.37
8/18/2019,106.43
8/19/2019,106.574
8/20/2019,106.274
8/21/2019,106.597
8/22/2019,106.468
8/23/2019,105.4
8/24/2019,105.39
8/25/2019,104.852
8/26/2019,105.978
8/27/2019,105.738
8/28/2019,106.07
8/29/2019,106.438
8/30/2019,106.29
8/31/2019,106.29
09/01/2019,106.128
09/02/2019,106.193
09/03/2019,105.861
09/04/2019,106.325
09/05/2019,107.072
09/06/2019,106.91
09/07/2019,106.91
09/08/2019,106.945
09/09/2019,107.337
09/10/2019,107.6
09/11/2019,108.021
09/12/2019,108.176
9/13/2019,108.08
9/14/2019,108.08
9/15/2019,107.765
9/16/2019,108.161
9/17/2019,108.087
9/18/2019,108.425
9/19/2019,108.041
9/20/2019,107.551
9/21/2019,107.505
9/22/2019,107.652
9/23/2019,107.614
9/24/2019,107.163
9/25/2019,107.692
9/26/2019,107.756
9/27/2019,107.937
9/28/2019,107.92
9/29/2019,107.944
9/30/2019,108.069
10/01/2019,107.737
10/02/2019,107.163
10/03/2019,106.826
10/04/2019,106.922
10/05/2019,106.93
10/06/2019,106.764
10/07/2019,107.251
10/08/2019,106.961
10/09/2019,107.178
10/10/2019,107.88
10/11/2019,108.373
10/12/2019,108.383
10/13/2019,108.459
10/14/2019,108.388
10/15/2019,108.817
10/16/2019,108.677
10/17/2019,108.581
10/18/2019,108.402
10/19/2019,108.34
10/20/2019,108.408
10/21/2019,108.601
10/22/2019,108.483
10/23/2019,108.642
10/24/2019,108.606
10/25/2019,108.66
10/26/2019,108.66
10/27/2019,108.734
10/28/2019,108.964
10/29/2019,108.874
10/30/2019,108.789
10/31/2019,107.996
11/01/2019,108.2
11/02/2019,108.18
11/03/2019,108.22
11/04/2019,108.694
11/05/2019,109.146
11/06/2019,108.913
11/07/2019,109.274
11/08/2019,109.248
11/09/2019,109.058
11/10/2019,109.226
11/11/2019,109.042
11/12/2019,108.993
11/13/2019,108.798
11/14/2019,108.492
11/15/2019,108.676
11/16/2019,108.686
11/17/2019,108.699
11/18/2019,108.662
11/19/2019,108.445
11/20/2019,108.478
11/21/2019,108.585
11/22/2019,108.622
11/23/2019,108.622
11/24/2019,108.73
11/25/2019,108.992
11/26/2019,109.097
11/27/2019,109.367
11/28/2019,109.512
11/29/2019,109.445
11/30/2019,109.45
12/01/2019,109.535
12/02/2019,109.022
12/03/2019,108.653
12/04/2019,108.832
12/05/2019,108.738
12/06/2019,108.575
12/07/2019,108.575
12/08/2019,108.627
12/09/2019,108.582
12/10/2019,108.764
12/11/2019,108.549
12/12/2019,109.413
12/13/2019,109.31
12/14/2019,109.31
12/15/2019,109.4
12/16/2019,109.576
12/17/2019,109.516
12/18/2019,109.551
12/19/2019,109.383
12/20/2019,109.42
12/21/2019,109.42
12/22/2019,109.499
12/23/2019,109.382
12/24/2019,109.383
12/25/2019,109.369
12/26/2019,109.542
12/27/2019,109.48
12/28/2019,109.48
12/29/2019,109.428
12/30/2019,108.873
12/31/2019,108.681
01/01/2020,108.713
01/02/2020,108.543
01/03/2020,108.02
01/04/2020,108.02
01/05/2020,107.964
01/06/2020,108.406
01/07/2020,108.016
01/08/2020,109.031
01/09/2020,109.507
01/10/2020,109.433
01/11/2020,109.473
01/12/2020,109.566
1/13/2020,109.992
1/14/2020,109.854
1/15/2020,109.883
1/16/2020,110.175
1/17/2020,110.087
1/18/2020,110.087
1/19/2020,110.18
1/20/2020,110.173
1/21/2020,109.908
1/22/2020,109.728
1/23/2020,109.552
1/24/2020,109.28
1/25/2020,109.28
1/26/2020,108.802
1/27/2020,108.92
1/28/2020,109.132
1/29/2020,108.987
1/30/2020,108.877
1/31/2020,108.32
02/01/2020,108.32
02/02/2020,108.372
02/03/2020,108.612
02/04/2020,109.447
02/05/2020,109.814
02/06/2020,109.968
02/07/2020,109.698
02/08/2020,109.698
02/09/2020,109.645
02/10/2020,109.766
02/11/2020,109.843
02/12/2020,109.846
2/13/2020,109.758
2/14/2020,109.783
2/15/2020,109.783
2/16/2020,109.791
2/17/2020,109.83
2/18/2020,109.919
2/19/2020,111.21
2/20/2020,111.954
2/21/2020,111.55
2/22/2020,111.55
2/23/2020,111.557
2/24/2020,110.857
2/25/2020,110.286
2/26/2020,110.363
2/27/2020,109.66
2/28/2020,108.136
2/29/2020,108.136
03/01/2020,107.697
03/02/2020,108.487
03/03/2020,107.037
03/04/2020,107.677
03/05/2020,106.248
03/06/2020,105.3
03/07/2020,105.31
03/08/2020,103.938
03/09/2020,103.112
03/10/2020,105.026
03/11/2020,104.55
03/12/2020,104.61
3/13/2020,107.93
3/14/2020,107.93
3/15/2020,106.688
3/16/2020,106.175
3/17/2020,107.377
3/18/2020,108.36
3/19/2020,111.291
3/20/2020,110.991
3/21/2020,110.991
3/22/2020,110.462
3/23/2020,110.827
3/24/2020,111.12
3/25/2020,110.876
3/26/2020,109.109
3/27/2020,107.91
3/28/2020,107.91
3/29/2020,107.413
3/30/2020,108.035
3/31/2020,107.508
04/01/2020,107.257
04/02/2020,108.001
04/03/2020,108.4
04/04/2020,108.4
04/05/2020,108.693
04/06/2020,109.115
04/07/2020,108.651
04/08/2020,108.922
04/09/2020,108.561
04/10/2020,108.366
04/11/2020,108.366
04/12/2020,108.336
4/13/2020,107.623
4/14/2020,107.104
4/15/2020,107.609
4/16/2020,107.945
4/17/2020,107.55
4/18/2020,107.55
4/19/2020,107.67
4/20/2020,107.669
4/21/2020,107.721
4/22/2020,107.813
4/23/2020,107.667
4/24/2020,107.44
4/25/2020,107.45
4/26/2020,107.495
4/27/2020,107.283
4/28/2020,106.741
4/29/2020,106.61
4/30/2020,107.285
05/01/2020,106.925
05/02/2020,106.925
05/03/2020,106.738
05/04/2020,106.697
05/05/2020,106.452
05/06/2020,106.191
05/07/2020,106.359
05/08/2020,106.671
05/09/2020,106.671
05/10/2020,106.919
05/11/2020,107.566
05/12/2020,107.138
5/13/2020,106.933
5/14/2020,107.365
5/15/2020,107.084
5/16/2020,107.084
5/17/2020,107.208
5/18/2020,107.381
5/19/2020,107.81
5/20/2020,107.591
5/21/2020,107.631
5/22/2020,107.591
5/23/2020,107.591
5/24/2020,107.735
5/25/2020,107.687
5/26/2020,107.491
5/27/2020,107.798
5/28/2020,107.643
5/29/2020,107.76
5/30/2020,107.76
5/31/2020,107.708
06/01/2020,107.548
06/02/2020,108.809
06/03/2020,108.999
06/04/2020,109.15
06/05/2020,109.553
06/06/2020,109.553
06/07/2020,109.634
06/08/2020,108.409
06/09/2020,107.797
06/10/2020,106.981
06/11/2020,106.803
06/12/2020,107.356
6/13/2020,107.356
6/14/2020,107.311
6/15/2020,107.464
6/16/2020,107.41
6/17/2020,106.894
6/18/2020,107.006
6/19/2020,106.863
6/20/2020,106.863
6/21/2020,106.831
6/22/2020,106.903
6/23/2020,106.432
6/24/2020,107.044
6/25/2020,107.155
6/26/2020,107.17
6/27/2020,107.17
6/28/2020,107.218
6/29/2020,107.59
6/30/2020,107.989
07/01/2020,107.366
07/02/2020,107.497
07/03/2020,107.411
07/04/2020,107.411
07/05/2020,107.579
07/06/2020,107.359
07/07/2020,107.578
07/08/2020,107.283
07/09/2020,107.236
07/10/2020,106.891
07/11/2020,106.89
07/12/2020,106.91
7/13/2020,107.276
7/14/2020,107.245
7/15/2020,106.917
7/16/2020,107.278
7/17/2020,107.03
7/18/2020,107.03
7/19/2020,107.09
7/20/2020,107.196
7/21/2020,106.832
7/22/2020,107.175
7/23/2020,106.838
7/24/2020,106.101
7/25/2020,106.101
7/26/2020,105.993
7/27/2020,105.261
7/28/2020,105.107
7/29/2020,105.032
7/30/2020,104.683
7/31/2020,105.834
08/01/2020,105.834
08/02/2020,105.866
08/03/2020,106.03
08/04/2020,105.614
08/05/2020,105.553
08/06/2020,105.581
08/07/2020,105.838
08/08/2020,105.898
08/09/2020,105.85
08/10/2020,105.992
08/11/2020,106.521
08/12/2020,106.822
8/13/2020,106.986
8/14/2020,106.58
8/15/2020,106.58
8/16/2020,106.554
8/17/2020,105.995
8/18/2020,105.224
8/19/2020,106.079
8/20/2020,105.665
8/21/2020,105.717
8/22/2020,105.717
8/23/2020,105.877
8/24/2020,105.993
8/25/2020,106.405
8/26/2020,105.856
8/27/2020,106.637
8/28/2020,105.35
8/29/2020,105.35
8/30/2020,105.535
8/31/2020,106.004
09/01/2020,105.896
09/02/2020,106.208
09/03/2020,106.086
09/04/2020,106.234
09/05/2020,106.234
09/06/2020,106.311
09/07/2020,106.305
09/08/2020,105.968
09/09/2020,106.231
09/10/2020,106.143
09/11/2020,106.13
09/12/2020,106.13
9/13/2020,106.145
9/14/2020,105.715
9/15/2020,105.381
9/16/2020,105.062
9/17/2020,104.698
9/18/2020,104.556
9/19/2020,104.556
9/20/2020,104.537
9/21/2020,104.69
9/22/2020,105.034
9/23/2020,105.304
9/24/2020,105.435
9/25/2020,105.581
9/26/2020,105.581
9/27/2020,105.574
9/28/2020,105.433
9/29/2020,105.664
9/30/2020,105.451
10/01/2020,105.543
10/02/2020,105.32
10/03/2020,105.32
10/04/2020,105.51
10/05/2020,105.707
10/06/2020,105.64
10/07/2020,105.965
10/08/2020,106.018
10/09/2020,105.62
10/10/2020,105.62
10/11/2020,105.632
10/12/2020,105.339
10/13/2020,105.47
10/14/2020,105.139
10/15/2020,105.36
10/16/2020,105.38
10/17/2020,105.38
10/18/2020,105.427
10/19/2020,105.47
10/20/2020,105.477
10/21/2020,104.676
10/22/2020,104.921
10/23/2020,104.727
10/24/2020,104.727
10/25/2020,104.683
10/26/2020,104.832
10/27/2020,104.545
10/28/2020,104.315
10/29/2020,104.554
10/30/2020,104.64
11/01/2020,104.58
11/02/2020,104.725
11/03/2020,104.546
11/04/2020,104.438
11/05/2020,103.603
11/06/2020,103.326
11/07/2020,103.326
11/08/2020,103.253
11/09/2020,105.137
11/10/2020,105.26
11/11/2020,105.415
11/12/2020,105.09
11/13/2020,104.644
11/14/2020,104.644
11/15/2020,104.676
11/16/2020,104.541
11/17/2020,104.181
11/18/2020,103.894
11/19/2020,103.825
11/20/2020,103.83
11/22/2020,103.817
11/23/2020,104.525
11/24/2020,104.513
11/25/2020,104.4
11/26/2020,104.242
11/27/2020,104.001
11/28/2020,104.001
11/29/2020,104.082
11/30/2020,104.299
12/01/2020,104.309
12/02/2020,104.458
12/03/2020,103.823
12/04/2020,104.124
12/05/2020,104.124
12/06/2020,104.198
12/07/2020,103.998
12/08/2020,104.135
12/09/2020,104.272
12/10/2020,104.182
12/11/2020,104.009
12/12/2020,104.009
12/13/2020,103.939
12/14/2020,104.01
12/15/2020,103.634
12/16/2020,103.475
12/17/2020,103.131
12/18/2020,103.297
12/19/2020,103.297
12/20/2020,103.457
12/21/2020,103.34
12/22/2020,103.534
12/23/2020,103.552
12/24/2020,103.653
12/25/2020,103.262
12/26/2020,103.262
12/27/2020,103.533
12/28/2020,103.689
12/29/2020,103.559
12/30/2020,103.121
12/31/2020,103.226
01/01/2021,103.235
01/02/2021,103.235
01/03/2021,103.239
01/04/2021,103.125
01/05/2021,102.678
01/06/2021,103.024
01/07/2021,103.79
01/08/2021,103.866
01/09/2021,103.926
01/10/2021,104.091
01/11/2021,104.128
01/12/2021,103.752
1/13/2021,103.837
1/14/2021,103.828
1/15/2021,103.899
1/16/2021,103.79
1/17/2021,103.908
1/18/2021,103.703
1/19/2021,103.897
1/20/2021,103.555
1/21/2021,103.506
1/22/2021,103.75
1/23/2021,103.75
1/24/2021,103.777
1/25/2021,103.76
1/26/2021,103.603
1/27/2021,104.143
1/28/2021,104.291
1/29/2021,104.69
1/30/2021,104.68
1/31/2021,104.686
02/01/2021,104.881
02/02/2021,105.028
02/03/2021,104.995
02/04/2021,105.572
02/05/2021,105.305
02/06/2021,105.305
02/07/2021,105.4
02/08/2021,105.21
02/09/2021,104.575
02/10/2021,104.615
02/11/2021,104.741
02/12/2021,104.93
2/13/2021,104.951
2/14/2021,105.059
2/15/2021,105.387
2/16/2021,106.103
2/17/2021,105.861
2/18/2021,105.652
2/19/2021,105.548
2/20/2021,105.4
2/21/2021,105.514
2/22/2021,104.984
2/23/2021,105.283
2/24/2021,105.944
2/25/2021,106.379
2/26/2021,106.53
2/27/2021,106.53
2/28/2021,106.503
03/01/2021,106.851
03/02/2021,106.758
03/03/2021,107.058
03/04/2021,107.955
03/05/2021,108.39
03/06/2021,108.39
03/07/2021,108.419
03/08/2021,108.939
03/09/2021,108.577
03/10/2021,108.432
03/11/2021,108.555
03/12/2021,108.93
3/13/2021,108.93
3/14/2021,109.117
3/15/2021,109.134
3/16/2021,109.029
3/17/2021,108.891
3/18/2021,108.931
3/19/2021,108.919
3/20/2021,108.919
3/21/2021,108.871
3/22/2021,108.776
3/23/2021,108.52
3/24/2021,108.79
3/25/2021,109.179
3/26/2021,109.599
3/27/2021,109.599
3/28/2021,109.791
3/29/2021,109.836
3/30/2021,110.305
3/31/2021,110.75
04/01/2021,110.613
04/02/2021,110.69
04/03/2021,110.69
04/04/2021,110.677
04/05/2021,110.193
04/06/2021,109.793
04/07/2021,109.852
04/08/2021,109.33
04/09/2021,109.659
04/10/2021,109.65
04/11/2021,109.694
04/12/2021,109.374
4/13/2021,108.924
4/14/2021,108.894
4/15/2021,108.689
4/16/2021,108.788
4/17/2021,108.77
4/18/2021,108.719
4/19/2021,108.098
4/20/2021,108.133
4/21/2021,108.039
4/22/2021,107.978
4/23/2021,107.86
4/24/2021,107.89
4/25/2021,107.874
4/26/2021,108.202
4/27/2021,108.75
4/28/2021,108.505
4/29/2021,108.904
4/30/2021,109.171
05/01/2021,109.211
05/02/2021,109.283
05/03/2021,109.087
05/04/2021,109.329
05/05/2021,109.219
05/06/2021,109.05
05/07/2021,108.585
05/08/2021,108.57
05/09/2021,108.572
05/10/2021,108.844
05/11/2021,108.715
05/12/2021,109.664
5/13/2021,109.516
5/14/2021,109.35
5/15/2021,109.35
5/16/2021,109.412
5/17/2021,109.242
5/18/2021,108.868
5/19/2021,109.273
5/20/2021,108.86
5/21/2021,108.89
5/22/2021,108.89
5/23/2021,108.919
5/24/2021,108.851
5/25/2021,108.802
5/26/2021,109.17
5/27/2021,109.809
5/28/2021,109.839
5/29/2021,109.839
5/30/2021,109.907
5/31/2021,109.493
06/01/2021,109.493
06/02/2021,109.595
06/03/2021,110.266
06/04/2021,109.52
06/05/2021,109.52
06/06/2021,109.617
06/07/2021,109.274
06/08/2021,109.469
06/09/2021,109.61
06/10/2021,109.409
06/11/2021,109.646
06/12/2021,109.646
6/13/2021,109.709
6/14/2021,110.041
6/15/2021,110.084
6/16/2021,110.77
6/17/2021,110.325
6/18/2021,110.22
6/19/2021,110.22
6/20/2021,110.201
6/21/2021,110.374
6/22/2021,110.654
6/23/2021,111.012
6/24/2021,110.921
6/25/2021,110.76
6/26/2021,110.76
6/27/2021,110.822
6/28/2021,110.603
6/29/2021,110.535
6/30/2021,111.124
07/01/2021,111.572
07/02/2021,111.017
07/03/2021,111.02
07/04/2021,111.135
07/05/2021,110.916
07/06/2021,110.602
07/07/2021,110.635
07/08/2021,109.801
07/09/2021,110.07
07/10/2021,110.09
07/11/2021,110.215
07/12/2021,110.325
7/13/2021,110.595
7/14/2021,109.984
7/15/2021,109.778
7/16/2021,110.075
7/17/2021,110.03
7/18/2021,109.874
7/19/2021,109.534
7/20/2021,109.92
7/21/2021,110.255
7/22/2021,110.14
7/23/2021,110.485
7/24/2021,110.525
7/25/2021,110.544
7/26/2021,110.302
7/27/2021,109.806
7/28/2021,109.891
7/29/2021,109.409
7/30/2021,109.67
7/31/2021,109.67
08/01/2021,109.706
08/02/2021,109.269
08/03/2021,108.991
08/04/2021,109.529
08/05/2021,109.752
08/06/2021,110.216
08/07/2021,110.2
08/08/2021,110.259
08/09/2021,110.306
08/10/2021,110.598
08/11/2021,110.374
08/12/2021,110.403
8/13/2021,109.57
8/14/2021,109.57
8/15/2021,109.624
8/16/2021,109.297
8/17/2021,109.537
8/18/2021,109.842
8/19/2021,109.768
8/20/2021,109.77
8/21/2021,109.78
8/22/2021,109.84
8/23/2021,109.678
8/24/2021,109.73
8/25/2021,109.976
8/26/2021,110.048
8/27/2021,109.774
8/28/2021,109.774
8/29/2021,109.865
8/30/2021,109.944
8/31/2021,110.056
09/01/2021,110.096
09/02/2021,109.945
09/03/2021,109.689
09/04/2021,109.689
09/05/2021,109.764
09/06/2021,109.82
09/07/2021,110.296
09/08/2021,110.218
09/09/2021,109.781
09/10/2021,109.89
09/11/2021,109.89
09/12/2021,109.915
9/13/2021,109.994
9/14/2021,109.719
9/15/2021,109.383
9/16/2021,109.699
9/17/2021,109.818
9/18/2021,109.818
9/19/2021,109.971
9/20/2021,109.437
9/21/2021,109.149
9/22/2021,109.822
9/23/2021,110.326
9/24/2021,110.743
9/26/2021,110.764
9/27/2021,110.964
9/28/2021,111.528
9/29/2021,111.936
9/30/2021,111.461
10/01/2021,111.041
10/02/2021,111.041
10/03/2021,110.947
10/04/2021,110.968
10/05/2021,111.487
10/06/2021,111.413
10/07/2021,111.662
10/08/2021,112.238
10/09/2021,112.19
10/10/2021,112.27
10/11/2021,113.388
10/12/2021,113.519
10/13/2021,113.301
10/14/2021,113.834
10/15/2021,114.258
10/16/2021,114.258
10/17/2021,114.324
10/18/2021,114.285
10/19/2021,114.543
10/20/2021,114.389
10/21/2021,113.85
10/22/2021,113.236
10/23/2021,113.336
10/24/2021,113.664
10/25/2021,113.765
10/26/2021,114.188
10/27/2021,113.776
10/28/2021,113.616
10/29/2021,113.835
10/30/2021,113.835
10/31/2021,114.236
11/01/2021,114.094
11/02/2021,113.962
11/03/2021,114.07
11/04/2021,113.837
11/05/2021,113.41
11/06/2021,113.41
11/07/2021,113.475
11/08/2021,113.254
11/09/2021,112.912
11/10/2021,113.905
11/11/2021,114.043
11/12/2021,113.829
11/13/2021,113.929
11/14/2021,113.981
11/15/2021,114.132
11/16/2021,114.904
11/17/2021,114.19
11/18/2021,114.282
11/19/2021,113.753
11/20/2021,113.753
11/21/2021,114.138
11/22/2021,114.79
11/23/2021,115.141
11/24/2021,115.408
11/25/2021,115.069
11/26/2021,113.35
11/28/2021,113.725
11/29/2021,113.804
11/30/2021,113.299
12/01/2021,112.882
12/02/2021,113.022
12/03/2021,112.793
12/04/2021,112.79
12/05/2021,113.042
12/06/2021,113.458
12/07/2021,113.525
12/08/2021,113.684
12/09/2021,113.448
12/10/2021,113.37
12/11/2021,113.38
12/12/2021,113.501
12/13/2021,113.577
12/14/2021,113.743
12/15/2021,114.136
12/16/2021,113.663
12/17/2021,113.706
12/18/2021,113.7
12/19/2021,113.518
12/20/2021,113.662
12/21/2021,113.994
12/22/2021,114.121
12/23/2021,114.458
12/24/2021,114.4
12/25/2021,114.4
12/26/2021,114.333
12/27/2021,114.792
12/28/2021,114.773
12/29/2021,114.948
12/30/2021,115.063
12/31/2021,115.103
01/01/2022,115.103
01/02/2022,115.142
01/03/2022,115.328
01/04/2022,116.174
01/05/2022,116.128
01/06/2022,115.865
01/07/2022,115.528
01/08/2022,115.51
01/09/2022,115.618
01/10/2022,115.278
01/11/2022,115.331
01/12/2022,114.675
1/13/2022,114.118
1/14/2022,114.22
1/15/2022,114.22
1/16/2022,114.306
1/17/2022,114.571
1/18/2022,114.554
1/19/2022,114.347
1/20/2022,113.993
1/21/2022,113.657
1/22/2022,113.657
1/23/2022,113.785
1/24/2022,114.011
1/25/2022,113.875
1/26/2022,114.721
1/27/2022,115.352
1/28/2022,115.2
1/29/2022,115.2
1/30/2022,115.262
1/31/2022,115.121
02/01/2022,114.736
02/02/2022,114.382
02/03/2022,114.957
02/04/2022,115.21
02/05/2022,115.21
02/06/2022,115.224
02/07/2022,115.063
02/08/2022,115.531
02/09/2022,115.602
02/10/2022,116.047
02/11/2022,115.0
02/12/2022,115.66
2/13/2022,115.584
2/14/2022,115.536
2/15/2022,115.635
2/16/2022,115.387
2/17/2022,114.866
2/18/2022,114.974
2/19/2022,114.974
2/20/2022,114.961
2/21/2022,114.609
2/22/2022,115.096
2/23/2022,114.898
2/24/2022,115.571
2/25/2022,115.531
2/26/2022,115.53
2/27/2022,115.585
2/28/2022,115.078
03/01/2022,114.833
03/02/2022,115.519
03/03/2022,115.474
03/04/2022,114.8
03/05/2022,114.8
03/06/2022,114.95
03/07/2022,115.373
03/08/2022,115.722
03/09/2022,115.909
03/10/2022,116.179
03/11/2022,117.339
03/12/2022,117.339
3/13/2022,117.529
3/14/2022,118.218
3/15/2022,118.292
3/16/2022,118.87
3/17/2022,118.486
3/18/2022,119.208
3/19/2022,119.208
3/20/2022,119.263
3/21/2022,119.594
3/22/2022,121.34
3/23/2022,121.127
3/24/2022,122.346
3/25/2022,122.07
3/26/2022,122.08
3/27/2022,122.27
3/28/2022,123.66
3/29/2022,123.125
3/30/2022,122.021
3/31/2022,121.756
04/01/2022,122.362
04/02/2022,122.402
04/03/2022,122.61
04/04/2022,122.809
04/05/2022,123.656
04/06/2022,123.723
04/07/2022,124.096
04/08/2022,124.285
04/09/2022,124.285
04/10/2022,124.385
04/11/2022,125.472
04/12/2022,125.416
4/13/2022,125.377
4/14/2022,126.179
4/15/2022,126.41
4/16/2022,126.41
4/17/2022,126.618
4/18/2022,127.098
4/19/2022,129.333
4/20/2022,128.013
4/21/2022,128.408
4/22/2022,128.281
4/23/2022,128.321
4/24/2022,128.605
4/25/2022,127.744
4/26/2022,127.266
4/27/2022,128.394
4/28/2022,130.811
4/29/2022,129.682
4/30/2022,129.682
05/01/2022,130.011
05/02/2022,130.112
05/03/2022,130.116
05/04/2022,129.223
05/05/2022,130.33
05/06/2022,130.463
05/07/2022,130.463
05/08/2022,130.749
05/09/2022,130.377
05/10/2022,130.351
05/11/2022,129.835
05/12/2022,128.588
5/13/2022,129.25
5/14/2022,129.25
5/15/2022,129.432
5/16/2022,128.923
5/17/2022,129.454
5/18/2022,127.914
5/19/2022,127.832
5/20/2022,127.92
5/21/2022,127.92
5/22/2022,127.903
5/23/2022,127.846
5/24/2022,126.769
5/25/2022,127.152
5/26/2022,127.045
5/27/2022,127.08
5/28/2022,127.08
5/29/2022,127.285
5/30/2022,127.784
5/31/2022,128.736
06/01/2022,130.122
06/02/2022,129.918
06/03/2022,130.817
06/04/2022,130.83
06/05/2022,130.707
06/06/2022,132.176
06/07/2022,132.847
06/08/2022,134.43
06/09/2022,134.418
06/10/2022,134.37
06/11/2022,134.4
06/12/2022,134.814
6/13/2022,134.225
6/14/2022,135.294
6/15/2022,134.115
6/16/2022,132.421
6/17/2022,134.945
6/18/2022,134.955
6/19/2022,135.276
6/20/2022,135.087
6/21/2022,136.269
6/22/2022,136.024
6/23/2022,134.84
6/24/2022,135.161
6/25/2022,135.161
6/26/2022,135.062
6/27/2022,135.435
6/28/2022,136.047
6/29/2022,136.589
6/30/2022,135.786
07/01/2022,135.08
07/02/2022,135.08
07/03/2022,135.043
07/04/2022,135.84
07/05/2022,135.521
07/06/2022,135.966
07/07/2022,135.913
07/08/2022,136.1
07/09/2022,136.06
07/10/2022,136.301
07/11/2022,137.388
07/12/2022,136.726
7/13/2022,137.628
7/14/2022,138.967
7/15/2022,138.346
7/16/2022,138.446
7/17/2022,138.314
7/18/2022,138.229
7/19/2022,138.191
7/20/2022,138.395
7/21/2022,137.098
7/22/2022,136.08
7/23/2022,136.08
7/24/2022,136.312
7/25/2022,136.431
7/26/2022,136.97
7/27/2022,136.111
7/28/2022,134.397
7/29/2022,133.23
7/30/2022,133.23
7/31/2022,133.407
08/01/2022,131.572
08/02/2022,133.379
08/03/2022,133.962
08/04/2022,132.621
08/05/2022,134.805
08/06/2022,134.98
08/07/2022,135.057
08/08/2022,134.84
08/09/2022,135.187
08/10/2022,132.83
08/11/2022,132.994
08/12/2022,133.433
8/13/2022,133.433
8/14/2022,133.288
8/15/2022,133.143
8/16/2022,134.277
8/17/2022,134.944
8/18/2022,135.795
8/19/2022,136.857
8/20/2022,136.897
8/21/2022,137.041
8/22/2022,137.546
8/23/2022,136.733
8/24/2022,137.081
8/25/2022,136.563
8/26/2022,137.49
8/27/2022,137.55
8/28/2022,138.157
8/29/2022,138.596
8/30/2022,138.734
8/31/2022,139.296
09/01/2022,140.081
09/02/2022,140.202
09/03/2022,140.202
09/04/2022,140.487
09/05/2022,140.43
09/06/2022,143.151
09/07/2022,144.128
09/08/2022,143.856
09/09/2022,142.5
09/10/2022,142.5
09/11/2022,142.596
09/12/2022,142.585
9/13/2022,144.404
9/14/2022,142.923
9/15/2022,143.365
9/16/2022,142.686
9/17/2022,142.786
9/18/2022,142.765
9/19/2022,143.223
9/20/2022,143.602
9/21/2022,144.316
9/22/2022,142.28
9/23/2022,143.273
9/24/2022,143.373
9/25/2022,143.511
9/26/2022,144.459
9/27/2022,144.691
9/28/2022,144.398
9/29/2022,144.431
9/30/2022,144.684
10/01/2022,144.684
10/02/2022,144.816
10/03/2022,144.519
10/04/2022,143.787
10/05/2022,144.449
10/06/2022,145.039
10/07/2022,145.38
10/08/2022,145.35
10/09/2022,145.482
10/10/2022,145.674
10/11/2022,145.87
10/12/2022,146.737
10/13/2022,147.293
10/14/2022,148.77
10/15/2022,148.77
10/16/2022,148.632
10/17/2022,148.971
10/18/2022,149.209
10/19/2022,149.821
10/20/2022,150.176
10/21/2022,147.65
10/22/2022,147.68
10/23/2022,147.819
10/24/2022,148.887
10/25/2022,147.98
10/26/2022,146.134
10/27/2022,146.274
10/28/2022,147.43
10/29/2022,147.43
10/30/2022,147.812
10/31/2022,148.737
11/01/2022,147.915
11/02/2022,147.892
11/03/2022,148.393
11/04/2022,146.6
11/05/2022,146.62
11/06/2022,146.841
11/07/2022,146.624
11/08/2022,145.295
11/09/2022,146.209
11/10/2022,141.734
11/11/2022,138.795
11/12/2022,138.8
11/13/2022,139.553
11/14/2022,140.115
11/15/2022,138.965
11/16/2022,139.322
11/17/2022,140.412
11/18/2022,140.34
11/19/2022,140.34
11/20/2022,140.253
11/21/2022,142.098
11/22/2022,141.155
11/23/2022,139.278
11/24/2022,138.603
11/25/2022,139.12
11/26/2022,139.12
11/27/2022,139.373
11/28/2022,138.719
11/29/2022,138.745
11/30/2022,137.359
12/01/2022,135.15
12/02/2022,134.31
12/03/2022,134.31
12/04/2022,134.475
12/05/2022,136.652
12/06/2022,136.886
12/07/2022,136.381
12/08/2022,136.614
12/09/2022,136.56
12/10/2022,136.58
12/11/2022,136.712
12/12/2022,137.504
12/13/2022,135.584
12/14/2022,135.348
12/15/2022,137.751
12/16/2022,136.7
12/17/2022,136.7
12/18/2022,136.568
12/19/2022,136.995
12/20/2022,131.892
12/21/2022,132.37
12/22/2022,132.357
12/23/2022,132.76
12/24/2022,132.76
12/25/2022,132.736
12/26/2022,132.764
12/27/2022,133.486
12/28/2022,134.034
12/29/2022,132.916
12/30/2022,131.11
12/31/2022,131.11
01/01/2023,130.845
01/02/2023,130.794
01/03/2023,131.248
01/04/2023,132.246
01/05/2023,133.307
01/06/2023,132.08
01/07/2023,132.08
01/08/2023,131.862
01/09/2023,131.729
01/10/2023,132.101
01/11/2023,131.902
01/12/2023,129.172
1/13/2023,127.89
1/14/2023,127.87
1/15/2023,128.026
1/16/2023,128.321
1/17/2023,128.281
1/18/2023,128.539
1/19/2023,128.37
1/20/2023,129.55
1/21/2023,129.55
1/22/2023,129.354
1/23/2023,130.597
1/24/2023,130.239
1/25/2023,129.237
1/26/2023,129.8
1/27/2023,129.88
1/28/2023,129.87
1/29/2023,129.854
1/30/2023,130.479
1/31/2023,130.11
02/01/2023,128.622
02/02/2023,128.746
02/03/2023,131.19
02/04/2023,131.18
02/05/2023,132.009
02/06/2023,132.623
02/07/2023,131.042
02/08/2023,131.387
02/09/2023,131.519
02/10/2023,131.42
02/11/2023,131.41
02/12/2023,131.551
2/13/2023,132.337
2/14/2023,132.991
2/15/2023,133.903
2/16/2023,134.074
2/17/2023,134.1
2/18/2023,134.11
2/19/2023,134.307
2/20/2023,134.336
2/21/2023,134.976
2/22/2023,134.932
2/23/2023,134.628
2/24/2023,136.47
2/25/2023,136.47
2/26/2023,136.395
2/27/2023,136.317
2/28/2023,136.348
03/01/2023,136.194
03/02/2023,136.705
03/03/2023,135.84
03/04/2023,135.84
03/05/2023,136.017
03/06/2023,135.999
03/07/2023,137.391
03/08/2023,137.226
03/09/2023,136.395
03/10/2023,134.99
03/11/2023,135.0
03/12/2023,134.973
3/13/2023,133.114
3/14/2023,134.397
3/15/2023,132.929
3/16/2023,133.368
3/17/2023,131.84
3/18/2023,131.83
3/19/2023,132.284
3/20/2023,131.392
3/21/2023,132.348
3/22/2023,131.179
3/23/2023,130.865
3/24/2023,130.745
3/25/2023,130.745
3/26/2023,130.846
3/27/2023,131.233
3/28/2023,131.046
3/29/2023,132.576
3/30/2023,133.201
3/31/2023,132.77
04/01/2023,132.77
04/02/2023,133.347
04/03/2023,132.299
04/04/2023,131.485
04/05/2023,130.934
04/06/2023,131.669
04/07/2023,132.15
04/08/2023,132.14
04/09/2023,132.097
04/10/2023,133.469
04/11/2023,133.594
04/12/2023,133.085
4/13/2023,132.487
4/14/2023,133.82
4/15/2023,133.8
4/16/2023,133.971
4/17/2023,134.425
4/18/2023,134.044
4/19/2023,134.704
4/20/2023,133.996
4/21/2023,134.16
4/22/2023,134.16
4/23/2023,133.961
4/24/2023,134.084
4/25/2023,133.711
4/26/2023,133.465
4/27/2023,133.802
4/28/2023,136.304
4/29/2023,136.32
4/30/2023,136.386
05/01/2023,137.521
05/02/2023,136.466
05/03/2023,134.544
05/04/2023,134.179
05/05/2023,134.83
05/06/2023,134.83
05/07/2023,135.199
05/08/2023,135.073
05/09/2023,135.288
05/10/2023,134.087
05/11/2023,134.498
05/12/2023,135.74
5/13/2023,135.73
5/14/2023,135.822
5/15/2023,136.045
5/16/2023,136.43
5/17/2023,137.614
5/18/2023,138.62
5/19/2023,137.96
5/20/2023,137.96
5/21/2023,137.692
5/22/2023,138.672
5/23/2023,138.598
5/24/2023,139.283
5/25/2023,140.017
5/26/2023,140.65
5/27/2023,140.65
5/28/2023,140.871
5/29/2023,140.441
5/30/2023,139.792
5/31/2023,139.127
06/01/2023,138.748
06/02/2023,139.94
06/03/2023,139.97
06/04/2023,140.207
06/05/2023,139.383
06/06/2023,139.527
06/07/2023,139.899
06/08/2023,138.863
06/09/2023,139.4
06/10/2023,139.39
06/11/2023,139.371
06/12/2023,139.46
6/13/2023,140.177
6/14/2023,139.977
6/15/2023,140.268
6/16/2023,141.84
6/17/2023,141.84
6/18/2023,141.867
6/19/2023,141.899
6/20/2023,141.335
6/21/2023,141.688
6/22/2023,143.03
6/23/2023,143.69
6/24/2023,143.71
6/25/2023,143.541
6/26/2023,143.46
6/27/2023,143.882
6/28/2023,144.389
6/29/2023,144.78
6/30/2023,144.29
07/01/2023,144.29
07/02/2023,144.398
07/03/2023,144.584
07/04/2023,144.406
07/05/2023,144.489
07/06/2023,143.951
07/07/2023,142.09
07/08/2023,142.1
07/09/2023,142.209
07/10/2023,141.297
07/11/2023,140.118
07/12/2023,138.315
7/13/2023,138.075
7/14/2023,138.69
7/15/2023,138.7
7/16/2023,138.682
7/17/2023,138.729
7/18/2023,139.027
7/19/2023,139.598
7/20/2023,139.864
7/21/2023,141.775
7/22/2023,141.785
7/23/2023,141.75
7/24/2023,141.522
7/25/2023,140.913
7/26/2023,140.367
7/27/2023,138.864
7/28/2023,141.14
7/29/2023,141.14
7/30/2023,140.758
7/31/2023,142.323
08/01/2023,142.97
08/02/2023,143.344
08/03/2023,142.598
08/04/2023,141.75
08/05/2023,141.75
08/06/2023,141.876
08/07/2023,142.524
08/08/2023,143.278
08/09/2023,143.727
08/10/2023,144.854
08/11/2023,144.9
08/12/2023,144.9
8/13/2023,144.817
8/14/2023,145.437
8/15/2023,145.608
8/16/2023,146.333
8/17/2023,145.714
8/18/2023,145.41
8/19/2023,145.41
8/20/2023,145.305
8/21/2023,146.238
8/22/2023,145.763
8/23/2023,144.673
8/24/2023,146.067
8/25/2023,146.43
8/26/2023,146.43
8/27/2023,146.531
8/28/2023,146.464
8/29/2023,145.988
8/30/2023,146.099
8/31/2023,145.473
09/01/2023,146.199
09/02/2023,146.199
09/03/2023,146.057
09/04/2023,146.543
09/05/2023,147.471
09/06/2023,147.709
09/07/2023,147.331
09/08/2023,147.78
09/09/2023,147.78
09/10/2023,147.113
09/11/2023,146.678
09/12/2023,147.158
9/13/2023,147.346
9/14/2023,147.482
9/15/2023,147.77
9/16/2023,147.77
9/17/2023,147.868
9/18/2023,147.605
9/19/2023,147.742
9/20/2023,148.321
9/21/2023,147.644
9/22/2023,148.28
9/23/2023,148.28
9/24/2023,148.434
9/25/2023,148.811
9/26/2023,149.045
9/27/2023,149.498
9/28/2023,149.337
9/29/2023,149.37
9/30/2023,149.37
10/01/2023,149.54
10/02/2023,149.851
10/03/2023,149.192
10/04/2023,148.966
10/05/2023,148.463
10/06/2023,149.22
10/07/2023,149.22
10/08/2023,149.16
10/09/2023,148.327
10/10/2023,148.628
10/11/2023,149.036
10/12/2023,149.79
10/13/2023,149.555
10/14/2023,149.555
10/15/2023,149.566
10/16/2023,149.578
10/17/2023,149.759
10/18/2023,149.742
10/19/2023,149.802
10/20/2023,149.85
10/21/2023,149.85
10/22/2023,149.88
10/23/2023,149.769
10/24/2023,149.854
10/25/2023,150.098
10/26/2023,150.366
10/27/2023,149.657
10/28/2023,149.657
10/29/2023,149.733
10/30/2023,149.111
10/31/2023,151.294
11/01/2023,150.575
11/02/2023,150.497
11/03/2023,149.365
11/04/2023,149.365
11/05/2023,149.449
11/06/2023,149.989
11/07/2023,150.396
11/08/2023,150.864
11/09/2023,151.349
11/10/2023,151.52
11/11/2023,151.52
11/12/2023,151.469
11/13/2023,151.646
11/14/2023,150.485
11/15/2023,151.215
11/16/2023,150.705
11/17/2023,149.53
11/18/2023,149.53
11/19/2023,149.942
11/20/2023,148.362
11/21/2023,148.152
11/22/2023,149.46
11/23/2023,149.635
11/24/2023,149.46
11/25/2023,149.46
11/26/2023,149.571
11/27/2023,148.452
11/28/2023,147.063
11/29/2023,147.039
11/30/2023,147.999
12/01/2023,146.81
12/02/2023,146.82
12/03/2023,146.393
12/04/2023,147.327
12/05/2023,147.185
12/06/2023,147.184
12/07/2023,144.278
12/08/2023,144.859
12/09/2023,144.859
12/10/2023,144.983
12/11/2023,146.085
12/12/2023,145.28
12/13/2023,142.773
12/14/2023,142.279
12/15/2023,142.12
12/16/2023,142.11
12/17/2023,142.313
12/18/2023,142.722
12/19/2023,143.889
12/20/2023,143.523
12/21/2023,142.07
12/22/2023,142.39
12/23/2023,142.41
12/24/2023,142.342
12/25/2023,142.23
12/26/2023,142.461
12/27/2023,141.399
12/28/2023,141.43
12/29/2023,141.02
12/30/2023,141.02
12/31/2023,140.952
01/01/2024,141.126
01/02/2024,142.155
01/03/2024,142.999
01/04/2024,144.765
01/05/2024,144.63
01/06/2024,144.63
01/07/2024,144.716
01/08/2024,144.23
01/09/2024,144.428
01/10/2024,145.734
01/11/2024,145.046
01/12/2024,144.86
1/13/2024,144.86
1/14/2024,145.149
1/15/2024,145.794
1/16/2024,147.246
1/17/2024,148.118
1/18/2024,148.128
1/19/2024,148.135
1/20/2024,148.135
1/21/2024,148.121
1/22/2024,148.142
1/23/2024,148.251
1/24/2024,147.591
1/25/2024,147.723
1/26/2024,148.18
1/27/2024,148.18
1/28/2024,148.14
1/29/2024,147.468
1/30/2024,147.369
1/31/2024,146.996
02/01/2024,146.451
02/02/2024,148.37
02/03/2024,148.37
02/04/2024,148.501
02/05/2024,148.64
02/06/2024,147.818
02/07/2024,148.086
02/08/2024,149.259
02/09/2024,149.3
02/10/2024,149.33
02/11/2024,149.167
02/12/2024,149.405
2/13/2024,150.724
2/14/2024,150.544
2/15/2024,149.946
2/16/2024,150.22
2/17/2024,150.22
2/18/2024,150.091
2/19/2024,150.27
2/20/2024,149.939
2/21/2024,150.355
2/22/2024,150.483
2/23/2024,150.48
2/24/2024,150.48
2/25/2024,150.497
2/26/2024,150.566
2/27/2024,150.495
2/28/2024,150.656
2/29/2024,150.095
03/01/2024,150.09
03/02/2024,150.09
03/03/2024,150.105
03/04/2024,150.466
03/05/2024,150.049
03/06/2024,149.269
03/07/2024,147.868
03/08/2024,147.06
03/09/2024,147.06
03/10/2024,146.774
03/11/2024,146.732
03/12/2024,147.619
3/13/2024,147.621
3/14/2024,148.296
3/15/2024,149.041
3/16/2024,149.041
3/17/2024,148.955
3/18/2024,149.144
3/19/2024,151.035
3/20/2024,150.76
3/21/2024,151.633
3/22/2024,151.413
3/23/2024,151.413
3/24/2024,151.305
3/25/2024,151.373
3/26/2024,151.53
3/27/2024,151.287
3/28/2024,151.44
3/29/2024,151.34
3/30/2024,151.34
3/31/2024,151.398
04/01/2024,151.581
04/02/2024,151.54
04/03/2024,151.581
04/04/2024,151.292
04/05/2024,151.6
04/06/2024,151.6
04/07/2024,151.69
04/08/2024,151.843
04/09/2024,151.777
04/10/2024,152.964
04/11/2024,153.192
04/12/2024,153.27
4/13/2024,153.27
4/14/2024,153.283
4/15/2024,154.206
4/16/2024,154.698
4/17/2024,154.342
4/18/2024,154.61
4/19/2024,154.62
4/20/2024,154.62
4/21/2024,154.64
4/22/2024,154.813
4/23/2024,154.744
4/24/2024,155.259
4/25/2024,155.597
4/26/2024,158.09
4/27/2024,158.09
4/28/2024,158.224
4/29/2024,156.314
4/30/2024,157.722
05/01/2024,155.704
05/02/2024,153.045
05/03/2024,153.04
05/04/2024,153.04
05/05/2024,153.566
05/06/2024,154.237
05/07/2024,154.748
05/08/2024,155.419
05/09/2024,155.389
05/10/2024,155.78
05/11/2024,155.76
05/12/2024,155.818
5/13/2024,156.233
5/14/2024,156.498
5/15/2024,154.282
5/16/2024,155.379
5/17/2024,155.67
5/18/2024,155.66
5/19/2024,155.754
5/20/2024,156.37
5/21/2024,156.251
5/22/2024,156.704
5/23/2024,156.973
5/24/2024,156.96
5/25/2024,156.95
5/26/2024,156.87
5/27/2024,156.845
5/28/2024,157.262
5/29/2024,157.608
5/30/2024,156.953
5/31/2024,157.245
06/01/2024,157.26
06/02/2024,157.18
06/03/2024,156.076
06/04/2024,155.124
06/05/2024,155.929
06/06/2024,155.697
06/07/2024,156.685
06/08/2024,156.71
06/09/2024,156.833
06/10/2024,157.04
06/11/2024,157.105
06/12/2024,156.8
6/13/2024,157.128
6/14/2024,157.42
6/15/2024,157.41
6/16/2024,157.546
6/17/2024,157.7
6/18/2024,157.871
6/19/2024,157.958
6/20/2024,158.931
6/21/2024,159.67
6/22/2024,159.77
6/23/2024,159.861
6/24/2024,159.686
6/26/2024,160.621
6/27/2024,160.687
6/28/2024,160.88
6/29/2024,160.88
6/30/2024,160.907
07/01/2024,161.512
07/02/2024,161.504
07/03/2024,161.621
07/04/2024,161.358
07/05/2024,160.75
07/06/2024,160.72
07/07/2024,160.638
07/08/2024,160.857
07/09/2024,161.331
07/10/2024,161.607
07/11/2024,158.201
07/12/2024,157.84
7/13/2024,157.83
7/14/2024,158.313
7/15/2024,158.141
7/16/2024,158.35
7/17/2024,155.686
7/18/2024,157.15
7/19/2024,157.49
7/20/2024,157.48
7/21/2024,157.422
7/22/2024,156.891
7/23/2024,155.768
7/24/2024,153.891
7/25/2024,153.697
7/26/2024,153.74
7/27/2024,153.73
7/28/2024,154.139
7/29/2024,153.833
7/30/2024,152.67
7/31/2024,149.744
08/01/2024,149.201
08/02/2024,146.58
08/03/2024,146.58
08/04/2024,145.584
08/05/2024,145.79
08/06/2024,144.732
08/07/2024,146.124
08/08/2024,147.669
08/09/2024,146.669
08/10/2024,146.659
08/11/2024,147.042
08/12/2024,146.982
8/13/2024,146.971
8/14/2024,147.253
8/15/2024,149.222
8/16/2024,147.64
8/17/2024,147.64
8/18/2024,147.956
8/19/2024,146.699
8/20/2024,145.347
8/21/2024,145.118
8/22/2024,146.202
8/23/2024,144.36
8/24/2024,144.35
8/25/2024,144.0
8/26/2024,144.516
8/27/2024,143.975
8/28/2024,144.433
8/29/2024,144.89
8/30/2024,146.15
8/31/2024,146.17
09/01/2024,146.381
09/02/2024,146.722
09/03/2024,145.353
09/04/2024,143.324
09/05/2024,143.393
09/06/2024,142.32
09/07/2024,142.33
09/08/2024,142.486
09/09/2024,143.177
09/10/2024,142.234
09/11/2024,142.59
09/12/2024,141.499
9/13/2024,140.84
9/14/2024,140.83
9/15/2024,140.79
9/16/2024,140.79
9/17/2024,142.015
9/18/2024,142.71
9/19/2024,142.858
9/20/2024,143.8
9/21/2024,143.81
9/22/2024,144.004
9/23/2024,143.638
9/24/2024,142.963
9/25/2024,144.683
9/26/2024,145.076
9/27/2024,142.151
9/28/2024,142.151
9/29/2024,142.783
9/30/2024,143.71
10/01/2024,143.736
10/02/2024,146.582
10/03/2024,146.84
10/04/2024,148.72
10/05/2024,148.72
10/06/2024,148.82
10/07/2024,148.146
10/08/2024,148.159
10/09/2024,149.16
10/10/2024,148.704
10/11/2024,149.13
10/12/2024,149.14
10/13/2024,149.334
10/14/2024,149.67
10/15/2024,149.099
10/16/2024,149.576
10/17/2024,150.1
10/18/2024,149.545
10/19/2024,149.52
10/20/2024,149.6
10/21/2024,150.605
10/22/2024,151.138
10/23/2024,152.769
10/24/2024,151.783
10/25/2024,152.28
10/26/2024,152.28
10/27/2024,152.952
10/28/2024,153.179
10/29/2024,153.274
10/30/2024,153.204
10/31/2024,151.98
11/01/2024,153.02
11/02/2024,153.01
11/03/2024,152.287
11/04/2024,152.276
11/05/2024,151.435
11/06/2024,154.32
11/07/2024,153.18
11/08/2024,152.63
11/09/2024,152.64
11/10/2024,152.904
11/11/2024,153.48
11/12/2024,154.655
11/13/2024,155.429
11/14/2024,156.468
11/15/2024,154.33
11/16/2024,154.32
11/17/2024,154.664
11/18/2024,154.617
11/19/2024,154.718
11/20/2024,155.295
11/21/2024,154.218
11/22/2024,154.78
11/23/2024,154.77
11/24/2024,154.146
11/25/2024,154.378
11/26/2024,153.009
11/27/2024,151.336
11/28/2024,151.174
11/29/2024,149.746
11/30/2024,149.75
12/01/2024,149.898
12/02/2024,149.508
12/03/2024,149.647
12/04/2024,150.567
12/05/2024,150.207
12/06/2024,149.97
12/07/2024,149.98
12/08/2024,149.931
12/09/2024,151.408
12/10/2024,151.807
12/11/2024,152.245
12/12/2024,152.587
12/13/2024,153.74
12/14/2024,153.73
12/15/2024,153.453
12/16/2024,154.086
12/17/2024,153.572
12/18/2024,154.673
12/19/2024,157.644
12/20/2024,156.45
12/21/2024,156.44
12/22/2024,156.533
12/23/2024,157.165
12/24/2024,157.107
12/25/2024,157.133
12/26/2024,157.748
12/27/2024,157.87
12/28/2024,157.86
12/29/2024,157.873
12/30/2024,156.995
12/31/2024,157.353
01/01/2025,157.719
01/02/2025,157.362
01/03/2025,157.19
01/04/2025,157.2
01/05/2025,157.481
01/06/2025,157.743
01/07/2025,158.236
01/08/2025,158.192
01/09/2025,158.048
01/10/2025,157.69
01/11/2025,157.69
01/12/2025,157.887
1/13/2025,157.364
1/14/2025,158.05
1/15/2025,156.255
1/16/2025,155.356
1/17/2025,156.29
1/18/2025,156.27
1/19/2025,156.306
1/20/2025,155.249
1/21/2025,155.774
1/22/2025,156.44
1/23/2025,156.155
1/24/2025,156.018
1/25/2025,155.98
1/26/2025,155.744
1/27/2025,154.909
1/28/2025,155.559
1/29/2025,155.17
1/30/2025,154.097
1/31/2025,155.2
02/01/2025,155.19
02/02/2025,155.363
02/03/2025,155.277
02/04/2025,154.133
02/05/2025,152.606
02/06/2025,151.193
02/07/2025,151.373
02/08/2025,151.4
02/09/2025,151.846
02/10/2025,151.759
02/11/2025,152.739
02/12/2025,154.255
2/13/2025,152.989
2/14/2025,152.324
2/15/2025,152.33
2/16/2025,152.023
2/17/2025,151.444
2/18/2025,151.931
2/19/2025,151.22
2/20/2025,149.408
2/21/2025,149.22
2/22/2025,149.23
2/23/2025,149.387
2/24/2025,149.864
2/25/2025,149.078
2/26/2025,148.838
2/27/2025,150.012
2/28/2025,150.614
03/01/2025,150.614
03/02/2025,150.771
03/03/2025,149.305
03/04/2025,149.799
03/05/2025,148.898
03/06/2025,148.108
03/07/2025,148.0
03/08/2025,148.03
03/09/2025,147.608
03/10/2025,147.069
03/11/2025,148.042
03/12/2025,148.279
3/13/2025,147.949
3/14/2025,148.644
3/15/2025,148.62
3/16/2025,148.598
3/17/2025,149.379
3/18/2025,149.452
3/19/2025,148.49
3/20/2025,148.596
3/21/2025,149.321
3/22/2025,149.33
3/23/2025,149.677
3/24/2025,150.774
3/25/2025,149.95
3/26/2025,150.473
3/27/2025,150.847
3/28/2025,149.845
3/29/2025,149.83
3/30/2025,149.617
3/31/2025,149.913
04/01/2025,149.783
04/02/2025,147.872
04/03/2025,146.231
04/04/2025,146.97
04/05/2025,146.93
04/06/2025,145.433
04/07/2025,147.789
04/08/2025,145.845
04/09/2025,147.399
04/10/2025,143.747
04/11/2025,143.505
04/12/2025,143.515
4/13/2025,143.696
4/14/2025,143.221
4/15/2025,143.181
4/16/2025,141.928
4/17/2025,142.382
4/21/2025,140.876
4/22/2025,142.688
4/23/2025,143.223
4/24/2025,142.879
4/25/2025,143.67
4/26/2025,143.67
4/27/2025,143.841
4/28/2025,142.178
4/29/2025,142.299
4/30/2025,143.009
05/01/2025,145.448
05/02/2025,144.911
05/03/2025,144.94
05/04/2025,144.624
05/05/2025,143.654
05/06/2025,143.035
05/07/2025,143.848
05/08/2025,146.015
05/09/2025,145.429
05/10/2025,145.429
05/11/2025,145.812
05/12/2025,148.31
5/13/2025,147.528
5/14/2025,146.65
5/15/2025,145.613
5/16/2025,145.63
5/17/2025,145.63
5/18/2025,145.298
5/19/2025,144.975
5/20/2025,144.328
5/21/2025,143.755
5/22/2025,143.858
5/23/2025,142.55
5/24/2025,142.55
5/25/2025,142.867
5/26/2025,142.655
5/27/2025,144.177
5/28/2025,145.697
5/29/2025,143.779
5/30/2025,144.04
5/31/2025,144.04
06/01/2025,143.815
06/02/2025,142.452
06/03/2025,143.837
06/04/2025,142.732
06/05/2025,143.542
06/06/2025,144.859
06/07/2025,144.849
06/08/2025,144.691
06/09/2025,144.54
06/10/2025,144.838
06/11/2025,144.203
06/12/2025,143.194
6/13/2025,144.091
6/14/2025,144.091
6/16/2025,144.729
6/17/2025,145.376
6/18/2025,144.955
6/19/2025,145.218
6/20/2025,146.054
6/21/2025,146.064
6/22/2025,146.224
6/23/2025,145.928
6/24/2025,144.957
6/25/2025,144.904
6/26/2025,144.694
6/27/2025,144.653
6/28/2025,144.63
6/29/2025,144.517
6/30/2025,143.8
07/01/2025,143.402
07/02/2025,143.526
07/03/2025,144.682
07/04/2025,144.459
07/05/2025,144.469
07/06/2025,144.498
07/07/2025,145.892
07/08/2025,146.849
07/09/2025,146.114
07/10/2025,146.288
07/11/2025,147.411
07/12/2025,146.54
7/13/2025,147.295
7/14/2025,147.792
7/15/2025,148.761
7/16/2025,148.003
7/17/2025,148.442
7/18/2025,148.799
7/19/2025,148.789
7/20/2025,148.431
7/21/2025,147.409
7/22/2025,146.785
7/23/2025,146.349
7/24/2025,147.005
7/25/2025,147.651
7/26/2025,147.651
7/27/2025,147.813
7/28/2025,148.479
7/29/2025,148.442
7/30/2025,149.226
7/31/2025,150.772
08/01/2025,147.379
08/02/2025,147.39
08/03/2025,147.343
08/04/2025,146.793
08/05/2025,147.56
08/06/2025,147.193
08/07/2025,146.837
08/08/2025,147.653
08/09/2025,147.643
08/10/2025,147.664
08/11/2025,148.125
08/12/2025,147.758
8/13/2025,147.12
8/14/2025,147.691
8/15/2025,147.12
8/16/2025,147.12
8/17/2025,147.264
8/18/2025,147.916
8/19/2025,147.731
8/20/2025,147.318
8/21/2025,148.386
8/22/2025,146.964
8/23/2025,146.954
8/24/2025,147.215
8/25/2025,147.822
8/26/2025,147.462
8/27/2025,147.316
8/28/2025,146.79
8/29/2025,147.049
8/30/2025,147.02
8/31/2025,147.097
09/01/2025,147.084
09/02/2025,148.548
09/03/2025,147.98
09/04/2025,148.375
09/05/2025,147.396
09/06/2025,147.39
09/07/2025,148.344
09/08/2025,147.364
09/09/2025,147.392
09/10/2025,147.332
09/11/2025,147.224
09/12/2025,147.708
9/13/2025,147.698
9/14/2025,147.666
9/15/2025,147.405
9/16/2025,146.413
9/17/2025,146.891
9/18/2025,147.947
9/19/2025,147.931
9/20/2025,147.91
9/21/2025,148.095
9/22/2025,147.725
9/23/2025,147.613
9/24/2025,148.751
9/25/2025,149.861
9/26/2025,149.566
9/27/2025,149.556
9/28/2025,149.405
9/29/2025,148.595
9/30/2025,147.997
10/01/2025,147.083
10/02/2025,147.15
10/03/2025,147.44
10/04/2025,147.43
10/05/2025,149.606
10/06/2025,150.331
10/07/2025,152.051
10/08/2025,152.68
10/09/2025,152.965
10/10/2025,151.2
10/11/2025,151.18
10/12/2025,152.056
10/13/2025,152.434
10/14/2025,151.731
10/15/2025,150.974
10/16/2025,150.12
10/17/2025,150.61
10/18/2025,150.59
10/19/2025,150.9
10/20/2025,150.774
10/21/2025,151.893
10/22/2025,151.954
10/23/2025,152.602
10/24/2025,152.801
10/25/2025,152.801
10/26/2025,153.061
10/27/2025,152.692
10/28/2025,151.731
10/29/2025,152.722
10/30/2025,153.9
10/31/2025,153.984
11/01/2025,153.994
11/02/2025,154.195
11/03/2025,154.204
11/04/2025,153.557
11/05/2025,154.073
11/06/2025,152.948
11/07/2025,153.42
11/08/2025,153.42
11/09/2025,153.817
11/10/2025,154.146
11/11/2025,154.075
11/12/2025,154.713
11/13/2025,154.633
11/14/2025,154.54
11/15/2025,154.02
11/16/2025,154.585
11/17/2025,155.273
11/18/2025,155.548
11/19/2025,156.992
11/20/2025,157.369
11/21/2025,156.38
11/22/2025,156.41
11/23/2025,156.688
11/24/2025,156.939
11/25/2025,156.23
11/26/2025,156.239
11/27/2025,156.284
11/28/2025,156.15
11/29/2025,156.15
11/30/2025,155.928
12/01/2025,155.557
12/02/2025,155.807
12/03/2025,155.107
12/04/2025,155.142
12/05/2025,155.365
12/06/2025,155.355
12/07/2025,155.34
12/08/2025,155.844
12/09/2025,156.838
12/10/2025,155.79
12/11/2025,155.567
12/12/2025,155.751
12/13/2025,155.75
12/14/2025,155.888
12/15/2025,155.015
12/16/2025,154.778
12/17/2025,155.495
12/18/2025,155.586
12/19/2025,157.753
12/20/2025,157.743
12/21/2025,157.676
12/22/2025,156.877
12/23/2025,156.176
12/24/2025,156.011
12/25/2025,156.09
12/26/2025,156.57
12/27/2025,156.56
12/28/2025,156.463
12/29/2025,156.013
12/30/2025,156.413
12/31/2025,156.874
01/01/2026,156.731
01/02/2026,156.78
01/03/2026,156.79
01/04/2026,156.989
01/05/2026,156.626
01/06/2026,156.68
01/07/2026,156.731
01/08/2026,156.88
01/09/2026,157.879
01/10/2026,157.879
01/11/2026,158.149
01/12/2026,157.986
1/13/2026,159.179
1/14/2026,158.402
1/15/2026,158.596
1/16/2026,158.201
1/17/2026,158.18
1/18/2026,157.535
1/19/2026,158.177
1/20/2026,158.162
1/21/2026,158.456
1/22/2026,158.501
1/23/2026,155.7
1/24/2026,155.71
1/25/2026,155.166
1/26/2026,154.336
1/27/2026,152.453
1/28/2026,153.096
1/29/2026,153.162
1/30/2026,154.74
1/31/2026,154.74
02/01/2026,155.202
02/02/2026,155.443
02/03/2026,155.799
02/04/2026,156.917
02/05/2026,156.784
02/06/2026,157.2
02/07/2026,157.2
02/08/2026,157.244
02/09/2026,156.132
02/10/2026,154.482
02/11/2026,153.269
02/12/2026,152.821
2/13/2026,152.701
2/14/2026,152.68
2/15/2026,152.779
2/16/2026,153.609
2/17/2026,153.149
2/18/2026,154.693
2/19/2026,155.16
2/20/2026,155.0
2/21/2026,155.03
2/22/2026,154.339
2/23/2026,154.635
2/24/2026,155.88
2/25/2026,156.2
2/26/2026,155.859
2/27/2026,156.05
2/28/2026,156.03
03/01/2026,156.633
03/02/2026,157.257
03/03/2026,157.773
03/04/2026,156.983
03/05/2026,157.534
03/06/2026,157.8
03/07/2026,157.77
03/08/2026,158.427
03/09/2026,157.848
03/10/2026,158.114
03/11/2026,159.075
03/12/2026,159.206
3/13/2026,159.74
3/14/2026,159.73
3/15/2026,159.568
3/16/2026,159.105
3/17/2026,158.889
3/18/2026,159.795
3/19/2026,157.924
3/20/2026,159.234
3/21/2026,159.24
3/22/2026,159.234
3/23/2026,158.479
3/24/2026,158.718
3/25/2026,159.384
3/26/2026,159.704
3/27/2026,160.294
3/28/2026,160.284
3/29/2026,160.234
3/30/2026,159.841
3/31/2026,158.579
04/01/2026,158.688
04/02/2026,159.491
04/03/2026,159.649
04/04/2026,159.649
04/05/2026,159.78
04/06/2026,159.683
04/07/2026,158.716
04/08/2026,158.642
04/09/2026,159.112
04/10/2026,159.25
04/11/2026,159.26
04/12/2026,159.68
4/13/2026,159.214
4/14/2026,158.792
4/15/2026,158.809
4/16/2026,159.195
4/17/2026,158.641
4/18/2026,158.61
4/19/2026,159.161
4/20/2026,158.844
4/21/2026,159.373
4/22/2026,159.488
4/23/2026,159.747
4/24/2026,159.361
4/25/2026,159.36
4/26/2026,159.576
4/27/2026,159.357
4/28/2026,159.552
4/29/2026,160.184
4/30/2026,156.978
05/01/2026,157.068
05/02/2026,157.068
05/03/2026,156.846
05/04/2026,157.194
05/05/2026,157.677
05/06/2026,156.508
05/07/2026,156.829
05/08/2026,156.657
05/09/2026,156.68
05/10/2026,156.858
05/11/2026,157.231
05/12/2026,157.671
5/13/2026,157.851
5/14/2026,158.382
5/15/2026,158.711
5/16/2026,158.681
5/17/2026,158.844
5/18/2026,158.861
5/19/2026,159.035
5/20/2026,158.888
5/21/2026,159.018
5/22/2026,159.202
5/23/2026,159.19
5/24/2026,158.946
5/25/2026,158.954
5/26/2026,159.243
5/27/2026,159.568
5/28/2026,159.27
5/29/2026,159.314
5/30/2026,159.304
5/31/2026,159.353
06/01/2026,159.636
06/02/2026,159.968
06/03/2026,159.94
06/04/2026,159.99
06/05/2026,160.301
06/06/2026,160.291
06/07/2026,160.327
06/08/2026,160.174
06/09/2026,160.384
06/10/2026,160.527
06/11/2026,160.13
06/12/2026,160.238
6/13/2026,160.228
6/14/2026,159.955
6/15/2026,160.229
6/16/2026,160.419
6/17/2026,160.6
6/18/2026,161.289
6/19/2026,161.3
6/20/2026,161.29
6/21/2026,161.433
6/22/2026,161.57
6/23/2026,161.599
6/24/2026,161.763
6/25/2026,161.805
6/26/2026,161.732
6/27/2026,161.74
6/28/2026,161.787
6/29/2026,161.923
6/30/2026,162.628
07/01/2026,162.539
07/02/2026,161.449
07/03/2026,161.375
07/04/2026,161.35
07/05/2026,161.452
07/06/2026,162.088
07/07/2026,162.363
07/08/2026,162.539
07/09/2026,162.363
07/10/2026,161.671
07/11/2026,161.65
07/12/2026,161.878
7/13/2026,162.429
7/14/2026,162.187
7/15/2026,162.072
7/16/2026,162.376
7/17/2026,162.451
7/18/2026,162.441
7/19/2026,162.512
7/20/2026,162.487
7/21/2026,163.186
7/22/2026,163.081
7/23/2026,163.832
7/24/2026,163.839
7/25/2026,163.84
7/26/2026,163.611
7/27/2026,163.771
7/28/2026,163.864
7/29/2026,163.3
7/30/2026,160.183
7/31/2026,157.42
08/01/2026,157.43
08/02/2026,157.582
08/03/2026,157.529
08/04/2026,157.692
08/05/2026,157.6
08/06/2026,158.409
08/07/2026,157.806
